datayear,buildingtype,primarypropertytype,councildistrictcode,neighborhood,latitude,longitude,yearbuilt,numberofbuildings,numberoffloors,propertygfatotal,propertygfaparking,propertygfabuilding(s),listofallpropertyusetypes,largestpropertyusetype,largestpropertyusetypegfa,secondlargestpropertyusetype,secondlargestpropertyusetypegfa,thirdlargestpropertyusetype,thirdlargestpropertyusetypegfa,energystarscore,siteenergyuse(kbtu),defaultdata,totalghgemissions,ghgemissionsintensity,usage_type,BuildingAge,ParkingRatio,BuildingRatio,IsMultiUse,NumberPropertyUses
2016,NonResidential,Hotel,7,DOWNTOWN,47.6122,-122.33799,1927,1.0,12,88434,0,88434,Hotel,Hotel,88434.0,,,,,60.0,7226362.5,False,249.98,2.83,Mono-usage,89,0.0,1.0,0,1
2016,NonResidential,Hotel,7,DOWNTOWN,47.61317,-122.33393,1996,1.0,11,103566,15064,88502,"Hotel, Parking, Restaurant",Hotel,83880.0,Parking,15064.0,Restaurant,4622.0,61.0,8387933.0,False,295.86,2.86,Multi-usages,20,0.1454531409922175,0.8545468590077825,1,3
2016,NonResidential,Hotel,7,DOWNTOWN,47.61393,-122.3381,1969,1.0,41,956110,196718,759392,Hotel,Hotel,756493.0,,,,,43.0,72587024.0,False,2089.28,2.19,Mono-usage,47,0.2057482925604794,0.7942517074395206,0,1
2016,NonResidential,Hotel,7,DOWNTOWN,47.61412,-122.33664,1926,1.0,10,61320,0,61320,Hotel,Hotel,61320.0,,,,,56.0,6794584.0,False,286.43,4.67,Mono-usage,90,0.0,1.0,0,1
2016,NonResidential,Hotel,7,DOWNTOWN,47.61375,-122.34047,1980,1.0,18,175580,62000,113580,"Hotel, Parking, Swimming Pool",Hotel,123445.0,Parking,68009.0,Swimming Pool,0.0,75.0,14172606.0,False,505.01,2.88,Multi-usages,36,0.3531153889964688,0.6468846110035311,1,3
2016,Nonresidential COS,Other,7,DOWNTOWN,47.61623,-122.33657,1999,1.0,2,97288,37198,60090,Police Station,Police Station,88830.0,,,,,,12086616.0,False,301.81,3.1,Mono-usage,17,0.382349313378834,0.6176506866211661,0,1
2016,NonResidential,Hotel,7,DOWNTOWN,47.6139,-122.33283,1926,1.0,11,83008,0,83008,Hotel,Hotel,81352.0,,,,,27.0,5758795.0,False,176.14,2.12,Mono-usage,90,0.0,1.0,0,1
2016,NonResidential,Other,7,DOWNTOWN,47.61327,-122.33136,1926,1.0,8,102761,0,102761,Other - Entertainment/Public Assembly,Other - Entertainment/Public Assembly,102761.0,,,,,,6298131.5,False,221.51,2.16,Mono-usage,90,0.0,1.0,0,1
2016,NonResidential,Hotel,7,DOWNTOWN,47.60294,-122.33263,1904,1.0,15,163984,0,163984,Hotel,Hotel,163984.0,,,,,43.0,13723820.0,False,392.16,2.39,Mono-usage,112,0.0,1.0,0,1
2016,Multifamily MR (5-9),Mid-Rise Multifamily,7,DOWNTOWN,47.60284,-122.33184,1910,1.0,6,63712,1496,62216,Multifamily Housing,Multifamily Housing,56132.0,,,,,1.0,4573777.0,False,151.12,2.37,Mono-usage,106,0.0234806629834254,0.9765193370165746,0,1
2016,NonResidential,Hotel,7,DOWNTOWN,47.60695,-122.33414,1969,1.0,11,153163,19279,133884,Hotel,Hotel,133884.0,,,,,30.0,16016644.0,False,691.26,4.51,Mono-usage,47,0.1258724365545203,0.8741275634454797,0,1
2016,NonResidential,Hotel,7,DOWNTOWN,47.60713,-122.33323,1998,1.0,25,333176,61161,272015,Hotel,Hotel,336640.0,,,,,36.0,26941110.0,False,740.97,2.22,Mono-usage,18,0.1835696448723797,0.8164303551276202,0,1
2016,NonResidential,Hotel,7,DOWNTOWN,47.60699,-122.33346,1928,1.0,9,65009,0,65009,Hotel,Hotel,65009.0,,,,,48.0,6596057.5,False,328.23,5.05,Mono-usage,88,0.0,1.0,0,1
2016,NonResidential,Hotel,7,DOWNTOWN,47.60809,-122.33212,1980,1.0,33,315952,57600,258352,"Hotel, Parking",Hotel,295511.0,Parking,57600.0,,,58.0,22325364.0,False,648.62,2.05,Multi-usages,36,0.1823061730895832,0.8176938269104168,1,2
2016,NonResidential,Hotel,7,DOWNTOWN,47.60755,-122.33244,1922,1.0,11,92190,25200,66990,"Hotel, Parking",Hotel,67390.0,Parking,25200.0,,,35.0,10750010.0,False,511.39,5.55,Multi-usages,94,0.2733485193621868,0.7266514806378133,1,2
2016,Nonresidential COS,Other,7,DOWNTOWN,47.60649,-122.33297,2004,1.0,11,412000,57000,355000,"Data Center, Library, Parking",Library,364913.0,Parking,49000.0,Data Center,1074.0,,18588860.0,False,181.38,0.44,Multi-usages,12,0.1383495145631068,0.8616504854368932,1,3
2016,NonResidential,Other,7,DOWNTOWN,47.60546,-122.33279,1930,1.0,6,103911,0,103911,"Fitness Center/Health Club/Gym, Office, Swimming Pool",Fitness Center/Health Club/Gym,90000.0,Office,40000.0,Swimming Pool,0.0,,9956396.0,False,433.86,4.18,Multi-usages,86,0.0,1.0,1,3
2016,NonResidential,Hotel,7,DOWNTOWN,47.60681,-122.33078,1983,1.0,28,416281,85000,331281,"Hotel, Parking",Hotel,348329.0,Parking,85000.0,,,31.0,33556756.0,False,802.89,1.93,Multi-usages,33,0.2041889973359341,0.7958110026640659,1,2
2016,NonResidential,Mixed Use Property,7,DOWNTOWN,47.60515,-122.33159,1907,1.0,5,57452,0,57452,"Office, Other, Other - Lodging/Residential, Restaurant, Social/Meeting Hall",Social/Meeting Hall,16442.0,Restaurant,15505.0,Office,9741.0,,7606084.5,False,273.02,4.75,Multi-usages,109,0.0,1.0,1,5
2016,NonResidential,Hotel,7,DOWNTOWN,47.60376,-122.33194,1916,1.0,10,104352,0,104352,Hotel,Hotel,104352.0,,,,,39.0,10154608.0,False,349.32,3.35,Mono-usage,100,0.0,1.0,0,1
2016,NonResidential,Other,7,DOWNTOWN,47.60265,-122.33051,1916,1.0,10,540360,0,540360,Courthouse,Courthouse,537150.0,,,,,76.0,44984468.0,False,1265.29,2.34,Mono-usage,100,0.0,1.0,0,1
2016,NonResidential,Other,3,DOWNTOWN,47.60378,-122.32842,1985,1.0,19,385274,0,385274,Other,Other,385274.0,,,,,,47859812.0,False,1699.45,4.41,Mono-usage,31,0.0,1.0,0,1
2016,SPS-District K-12,K-12 School,2,SOUTHEAST,47.54576,-122.26853,1961,1.0,2,56228,0,56228,K-12 School,K-12 School,58916.0,,,,,95.0,1539478.5,True,38.53,0.69,Mono-usage,55,0.0,1.0,0,1
2016,NonResidential,Hotel,4,NORTHEAST,47.65959,-122.31755,2001,1.0,6,88592,30586,58006,"Hotel, Parking",Hotel,58006.0,Parking,30586.0,,,84.0,3663534.5,False,90.01,1.02,Multi-usages,15,0.3452456203720426,0.6547543796279574,1,2
2016,NonResidential,University,7,DOWNTOWN,47.61816,-122.33629,1928,1.0,7,126593,0,126593,College/University,College/University,125000.0,,,,,,11343686.0,False,388.04,3.07,Mono-usage,88,0.0,1.0,0,1
2016,NonResidential,Other,7,DOWNTOWN,47.615,-122.33081,1930,1.0,2,67224,0,67224,Automobile Dealership,Automobile Dealership,67224.0,,,,,,1310236.625,False,9.13,0.14,Mono-usage,86,0.0,1.0,0,1
2016,NonResidential,Hotel,7,EAST,47.61301,-122.32929,1991,1.0,8,158676,30301,128375,"Hotel, Parking, Retail Store, Swimming Pool",Hotel,112676.0,Parking,42000.0,Retail Store,4500.0,,5328051.5,False,256.57,1.62,Multi-usages,25,0.1909614560488038,0.8090385439511961,1,4
2016,NonResidential,Hotel,7,DOWNTOWN,47.61784,-122.32966,2001,1.0,10,171866,38281,133585,Hotel,Hotel,128909.0,,,,,57.0,11061916.0,False,328.63,1.91,Mono-usage,15,0.2227374815263053,0.7772625184736947,0,1
2016,NonResidential,Hotel,7,DOWNTOWN,47.61558,-122.34186,1978,1.0,5,68410,16200,52210,Hotel,Hotel,47994.0,,,,,57.0,4456714.5,False,128.44,1.88,Mono-usage,38,0.2368074842859231,0.7631925157140769,0,1
2016,SPS-District K-12,K-12 School,5,NORTH,47.70994,-122.29301,1949,1.0,2,160645,0,160645,K-12 School,K-12 School,164229.0,,,,,75.0,6779173.0,True,270.18,1.68,Mono-usage,67,0.0,1.0,0,1
2016,NonResidential,Small- and Mid-Sized Office,4,LAKE UNION,47.6641,-122.33118,1906,1.0,3,87262,0,87262,"K-12 School, Multifamily Housing, Office, Other - Entertainment/Public Assembly",Office,40943.0,K-12 School,18153.0,Other - Entertainment/Public Assembly,4307.0,,4145920.5,False,157.77,1.81,Multi-usages,110,0.0,1.0,1,4
2016,NonResidential,Hotel,4,NORTHEAST,47.66583,-122.29965,1994,1.0,4,81871,0,81871,Hotel,Hotel,81871.0,,,,,29.0,6668568.5,False,215.0,2.63,Mono-usage,22,0.0,1.0,0,1
2016,NonResidential,Self-Storage Facility,4,NORTHEAST,47.66172,-122.29598,1955,1.0,2,110356,0,110356,Self-Storage Facility,Self-Storage Facility,26225.0,,,,,,318364.8125,False,3.93,0.04,Mono-usage,61,0.0,1.0,0,1
2016,Campus,Mixed Use Property,2,GREATER DUWAMISH,47.53493,-122.31788,1992,1.0,3,494835,0,494835,"Energy/Power Station, Laboratory, Manufacturing/Industrial Plant, Non-Refrigerated Warehouse, Office",Office,757027.0,Laboratory,639931.0,Non-Refrigerated Warehouse,459748.0,8.0,448385312.0,False,16870.98,34.09,Multi-usages,24,0.0,1.0,1,5
2016,NonResidential,Warehouse,2,GREATER DUWAMISH,47.51138,-122.28875,1961,3.0,2,714095,0,714095,"Non-Refrigerated Warehouse, Office, Refrigerated Warehouse",Non-Refrigerated Warehouse,616000.0,Refrigerated Warehouse,276000.0,Office,71000.0,,44731160.0,False,311.84,0.44,Multi-usages,55,0.0,1.0,1,3
2016,SPS-District K-12,K-12 School,7,MAGNOLIA / QUEEN ANNE,47.65671,-122.39047,1990,1.0,2,54986,0,54986,K-12 School,K-12 School,54986.0,,,,,97.0,1650279.25,False,31.47,0.57,Mono-usage,26,0.0,1.0,0,1
2016,SPS-District K-12,K-12 School,4,NORTHEAST,47.68252,-122.29498,1950,1.0,2,175565,0,175565,K-12 School,K-12 School,182861.0,,,,,88.0,6399127.5,True,266.05,1.52,Mono-usage,66,0.0,1.0,0,1
2016,NonResidential,Small- and Mid-Sized Office,6,BALLARD,47.66587,-122.38476,1961,1.0,2,94900,0,94900,"Non-Refrigerated Warehouse, Office",Office,55586.0,Non-Refrigerated Warehouse,39314.0,,,57.0,6186461.5,False,130.56,1.38,Multi-usages,55,0.0,1.0,1,2
2016,NonResidential,Small- and Mid-Sized Office,2,GREATER DUWAMISH,47.58034,-122.31132,1900,1.0,2,52554,0,52554,"Office, Other - Education",Office,51029.0,Other - Education,7849.0,,,83.0,2951331.25,False,83.86,1.6,Multi-usages,116,0.0,1.0,1,2
2016,NonResidential,K-12 School,6,NORTHWEST,47.68891,-122.33553,1954,1.0,3,175015,0,175015,K-12 School,K-12 School,175015.0,,,,,95.0,6994740.5,False,247.85,1.42,Mono-usage,62,0.0,1.0,0,1
2016,NonResidential,Self-Storage Facility,7,DOWNTOWN,47.61351,-122.35129,1911,1.0,3,70586,0,70586,"Office, Self-Storage Facility, Vocational School",Self-Storage Facility,38439.0,Vocational School,28197.0,Office,3859.0,,2158629.0,False,45.43,0.64,Multi-usages,105,0.0,1.0,1,3
2016,NonResidential,Hotel,7,DOWNTOWN,47.60946,-122.33337,1969,1.0,24,332210,205970,126240,Hotel,Hotel,348630.0,,,,,67.0,16163194.0,False,295.33,0.89,Mono-usage,47,0.6199993979711628,0.3800006020288372,0,1
2016,NonResidential,Large Office,7,DOWNTOWN,47.6113,-122.33659,1973,1.0,5,168115,0,168115,"Data Center, Office, Retail Store",Office,103362.0,Retail Store,65676.0,Data Center,493.0,78.0,9536161.0,False,66.48,0.4,Multi-usages,43,0.0,1.0,1,3
2016,NonResidential,Other,7,DOWNTOWN,47.61076,-122.33765,1920,1.0,2,57428,0,57428,"Other - Mall, Personal Services (Health/Beauty, Dry Cleaning, etc)",Other - Mall,51747.0,"Personal Services (Health/Beauty, Dry Cleaning, etc)",5681.0,,,,1247362.0,False,33.26,0.58,Multi-usages,96,0.0,1.0,1,4
2016,NonResidential,Small- and Mid-Sized Office,7,DOWNTOWN,47.61048,-122.33794,1910,1.0,8,59400,0,59400,"Office, Retail Store",Office,34947.0,Retail Store,4993.0,,,14.0,5071974.0,False,35.36,0.6,Multi-usages,106,0.0,1.0,1,2
2016,NonResidential,Mixed Use Property,7,DOWNTOWN,47.60886,-122.33744,1926,1.0,2,52549,0,52549,"Office, Other - Entertainment/Public Assembly, Restaurant",Other - Entertainment/Public Assembly,23500.0,Restaurant,23500.0,Office,5459.0,,15026196.0,False,584.31,11.12,Multi-usages,90,0.0,1.0,1,3
2016,NonResidential,Hotel,7,DOWNTOWN,47.61233,-122.33432,1930,1.0,20,98634,10043,88591,"Hotel, Parking, Restaurant",Hotel,83591.0,Parking,10043.0,Restaurant,5000.0,71.0,4841347.5,False,59.19,0.6,Multi-usages,86,0.1018208731269136,0.8981791268730863,1,3
2016,NonResidential,Hotel,7,DOWNTOWN,47.61087,-122.33339,1982,1.0,34,994212,146694,847518,"Hotel, Parking, Swimming Pool",Hotel,994212.0,Parking,117668.0,Swimming Pool,0.0,63.0,80469216.0,False,2451.58,2.47,Multi-usages,34,0.1475480078695489,0.8524519921304511,1,3
2016,NonResidential,Hotel,7,DOWNTOWN,47.60997,-122.34138,1985,1.0,7,71150,0,71150,"Hotel, Parking, Restaurant, Retail Store",Hotel,41340.0,Parking,13730.0,Retail Store,9604.0,98.0,5348309.0,False,134.38,1.89,Multi-usages,31,0.0,1.0,1,4
2016,NonResidential,Hotel,7,DOWNTOWN,47.61155,-122.34114,1908,1.0,7,122810,0,122810,"Hotel, Other - Entertainment/Public Assembly, Retail Store",Hotel,88360.0,Other - Entertainment/Public Assembly,26450.0,Retail Store,8000.0,99.0,5401277.5,False,227.18,1.85,Multi-usages,108,0.0,1.0,1,3
2016,NonResidential,Hotel,7,LAKE UNION,47.61986,-122.34413,1959,1.0,5,113173,42546,70627,"Hotel, Parking",Hotel,70627.0,Parking,42546.0,,,86.0,5284343.5,False,144.79,1.28,Multi-usages,57,0.3759377236620042,0.6240622763379958,1,2
2016,NonResidential,Hotel,7,LAKE UNION,47.62001,-122.34274,2000,1.0,7,150453,34735,115718,Hotel,Hotel,107547.0,Restaurant,3000.0,,,84.0,6715187.0,False,199.95,1.33,Multi-usages,16,0.2308694409549826,0.7691305590450174,0,1
2016,NonResidential,Hotel,7,LAKE UNION,47.62025,-122.34314,1997,1.0,6,116300,28200,88100,Hotel,Hotel,88490.0,Parking,28300.0,,,80.0,5827595.5,False,162.39,1.4,Multi-usages,19,0.2424763542562338,0.7575236457437661,0,1
2016,NonResidential,Hotel,7,MAGNOLIA / QUEEN ANNE,47.62023,-122.35951,1998,1.0,6,155602,36744,118858,Hotel,Hotel,155602.0,,,,,81.0,6836900.0,False,152.76,0.98,Mono-usage,18,0.2361409236385136,0.7638590763614863,0,1
2016,NonResidential,K-12 School,3,EAST,47.63442,-122.30793,1911,1.0,3,56072,0,56072,K-12 School,K-12 School,56072.0,,,,,76.0,3234787.75,False,146.34,2.61,Mono-usage,105,0.0,1.0,0,1
2016,NonResidential,Hotel,7,MAGNOLIA / QUEEN ANNE,47.62519,-122.34456,1999,1.0,4,122942,44891,78051,"Hotel, Parking",Hotel,78051.0,Parking,44891.0,,,94.0,5337334.0,False,171.64,1.4,Multi-usages,17,0.3651396593515641,0.6348603406484359,1,2
2016,NonResidential,Small- and Mid-Sized Office,3,CENTRAL,47.60823,-122.30956,1962,1.0,2,54984,0,54984,Office,Office,54984.0,,,,,71.0,3375211.0,False,87.98,1.6,Mono-usage,54,0.0,1.0,0,1
2016,NonResidential,Senior Care Community,1,SOUTHWEST,47.55837,-122.37751,1922,1.0,5,217603,0,217603,"Parking, Senior Care Community",Senior Care Community,296313.0,Parking,0.0,,,54.0,42792072.0,False,1727.11,7.94,Multi-usages,94,0.0,1.0,1,2
2016,NonResidential,Senior Care Community,5,NORTHWEST,47.72426,-122.35599,1970,1.0,2,93397,0,93397,Senior Care Community,Senior Care Community,93397.0,,,,,1.0,16402563.0,False,609.1,6.52,Mono-usage,46,0.0,1.0,0,1
2016,NonResidential,Hotel,7,LAKE UNION,47.61988,-122.33211,2008,1.0,6,84103,20732,63371,"Hotel, Parking",Hotel,63371.0,Parking,20732.0,,,74.0,3706100.25,False,67.06,0.8,Multi-usages,8,0.2465072589562798,0.7534927410437202,1,2
2016,NonResidential,Medical Office,3,EAST,47.61244,-122.3214,1965,0.0,3,179014,0,179014,Medical Office,Medical Office,179014.0,,,,,48.0,16701055.0,False,430.84,2.41,Mono-usage,51,0.0,1.0,0,1
2016,NonResidential,Hotel,3,EAST,47.60898,-122.32693,1908,1.0,7,76631,0,76631,Hotel,Hotel,76631.0,,,,,71.0,7258758.5,False,262.75,3.43,Mono-usage,108,0.0,1.0,0,1
2016,NonResidential,Mixed Use Property,3,EAST,47.60845,-122.32637,1983,1.0,6,99780,9341,90439,"Data Center, Medical Office, Non-Refrigerated Warehouse, Office, Other, Parking",Medical Office,40174.0,Parking,20868.0,Office,17020.0,,15473117.0,False,481.97,4.83,Multi-usages,33,0.0936159551012226,0.9063840448987772,1,6
2016,NonResidential,Retail Store,7,LAKE UNION,47.62237,-122.33805,1929,1.0,2,58320,0,58320,Retail Store,Retail Store,72072.0,,,,,96.0,1049748.625,False,39.06,0.67,Mono-usage,87,0.0,1.0,0,1
2016,NonResidential,Large Office,7,LAKE UNION,47.62424,-122.33646,2010,1.0,5,316306,0,316306,"Office, Other, Parking, Retail Store",Office,261826.0,Parking,150726.0,Other,15139.0,96.0,13795954.0,False,138.85,0.44,Multi-usages,6,0.0,1.0,1,4
2016,NonResidential,Hotel,3,LAKE UNION,47.62642,-122.33325,1990,1.0,7,282863,44766,238097,"Hotel, Parking",Hotel,235788.0,Parking,51537.0,,,37.0,19459304.0,False,526.85,1.86,Multi-usages,26,0.1582603592551871,0.8417396407448129,1,2
2016,Nonresidential COS,Other,7,MAGNOLIA / QUEEN ANNE,47.62208,-122.35398,1962,1.0,1,389000,0,389000,Other,Other,368000.0,,,,,,23658978.0,False,607.41,1.56,Mono-usage,54,0.0,1.0,0,1
2016,Nonresidential COS,Other,7,MAGNOLIA / QUEEN ANNE,47.62208,-122.35398,1962,1.0,1,91213,0,91213,Other,Other,65000.0,,,,,,8141155.5,False,344.2,3.77,Mono-usage,54,0.0,1.0,0,1
2016,Nonresidential COS,Other,7,MAGNOLIA / QUEEN ANNE,47.62208,-122.35398,1938,1.0,5,396085,0,396085,Other,Other,278500.0,,,,,,20955026.0,False,804.2,2.03,Mono-usage,78,0.0,1.0,0,1
2016,NonResidential,Large Office,7,LAKE UNION,47.62112,-122.33629,2010,1.0,12,571329,0,571329,"Office, Other, Parking",Office,598801.0,Parking,310699.0,Other,26203.0,91.0,39605888.0,False,617.52,1.08,Multi-usages,6,0.0,1.0,1,3
2016,Nonresidential COS,Other,7,MAGNOLIA / QUEEN ANNE,47.62395,-122.35077,1962,1.0,2,52000,0,52000,Other,Other,52000.0,,,,,,2726369.0,False,101.83,1.96,Mono-usage,54,0.0,1.0,0,1
2016,Nonresidential COS,Other,7,MAGNOLIA / QUEEN ANNE,47.62395,-122.35077,1928,1.0,1,60696,0,60696,Other,Other,108000.0,,,,,,875943.3125,False,6.11,0.1,Mono-usage,88,0.0,1.0,0,1
2016,Nonresidential COS,Other,7,MAGNOLIA / QUEEN ANNE,47.62395,-122.35143,1928,1.0,2,262048,0,262048,Other,Other,296000.0,,,,,,20723248.0,False,490.73,1.87,Mono-usage,88,0.0,1.0,0,1
2016,NonResidential,Small- and Mid-Sized Office,7,MAGNOLIA / QUEEN ANNE,47.62391,-122.34837,1986,0.0,2,66240,2352,63888,"Data Center, Distribution Center, Office, Parking, Retail Store",Office,45900.0,Data Center,5181.0,Distribution Center,4551.0,,4166306.25,False,29.04,0.44,Multi-usages,30,0.0355072463768115,0.9644927536231884,1,5
2016,NonResidential,Large Office,7,MAGNOLIA / QUEEN ANNE,47.62419,-122.34443,2010,1.0,6,920598,303707,616891,"Office, Other, Parking",Office,729584.0,Parking,185014.0,Other,6000.0,93.0,36667044.0,False,674.09,0.73,Multi-usages,6,0.3299018681335393,0.6700981318664607,1,3
2016,NonResidential,Small- and Mid-Sized Office,7,MAGNOLIA / QUEEN ANNE,47.62053,-122.35842,1970,1.0,4,76213,25930,50283,"Office, Other, Parking",Office,48546.0,Parking,21454.0,Other,2406.0,68.0,3476212.5,False,48.76,0.64,Multi-usages,46,0.3402306693083857,0.6597693306916143,1,3
2016,NonResidential,Hotel,7,MAGNOLIA / QUEEN ANNE,47.62291,-122.35708,2002,1.0,6,96910,36934,59976,"Hotel, Parking",Hotel,59976.0,Parking,36934.0,,,56.0,5155568.5,False,152.14,1.57,Multi-usages,14,0.3811164998452172,0.6188835001547828,1,2
2016,NonResidential,Hotel,4,NORTHEAST,47.65772,-122.31756,1962,2.0,4,50017,0,50017,"Hotel, Swimming Pool",Hotel,50017.0,Swimming Pool,0.0,,,53.0,5448975.0,False,191.2,3.82,Multi-usages,54,0.0,1.0,1,2
2016,NonResidential,K-12 School,3,EAST,47.62548,-122.30828,1923,1.0,3,67743,0,67743,K-12 School,K-12 School,67743.0,,,,,34.0,2646879.0,False,78.85,1.16,Mono-usage,93,0.0,1.0,0,1
2016,NonResidential,K-12 School,3,EAST,47.62644,-122.30429,1908,1.0,6,194104,0,194104,K-12 School,K-12 School,194104.0,,,,,100.0,6219841.5,False,243.23,1.25,Mono-usage,108,0.0,1.0,0,1
2016,NonResidential,Small- and Mid-Sized Office,3,SOUTHEAST,47.58408,-122.30125,2003,1.0,3,99433,35752,63681,"Office, Parking",Office,63681.0,Parking,35752.0,,,63.0,4897760.0,False,34.14,0.34,Multi-usages,13,0.3595586978166202,0.6404413021833798,1,2
2016,SPS-District K-12,K-12 School,2,GREATER DUWAMISH,47.56413,-122.31208,1957,1.0,1,130862,0,130862,K-12 School,K-12 School,134446.0,,,,,61.0,6456026.0,True,238.48,1.82,Mono-usage,59,0.0,1.0,0,1
2016,SPS-District K-12,K-12 School,2,SOUTHEAST,47.55478,-122.27596,1989,1.0,3,59955,0,59955,K-12 School,K-12 School,59955.0,,,,,93.0,1633399.375,True,20.48,0.34,Mono-usage,27,0.0,1.0,0,1
2016,SPS-District K-12,K-12 School,7,MAGNOLIA / QUEEN ANNE,47.63683,-122.35896,1964,1.0,2,93218,0,93218,K-12 School,K-12 School,93218.0,,,,,86.0,2887392.0,True,84.75,0.91,Mono-usage,52,0.0,1.0,0,1
2016,NonResidential,Other,4,NORTHEAST,47.67524,-122.31534,1941,1.0,4,56521,0,56521,Other,Other,49000.0,,,,,,6357632.0,False,44.32,0.78,Mono-usage,75,0.0,1.0,0,1
2016,NonResidential,Other,4,NORTHEAST,47.67559,-122.31769,1929,1.0,2,206934,0,206934,"Other, Parking",Other,119146.0,Parking,0.0,,,,4253577.5,False,133.58,0.65,Multi-usages,87,0.0,1.0,1,2
2016,NonResidential,Hotel,5,NORTHWEST,47.73141,-122.3458,2001,1.0,4,51390,0,51390,"Hotel, Parking",Hotel,51390.0,Parking,0.0,,,89.0,3611538.0,False,127.29,2.48,Multi-usages,15,0.0,1.0,1,2
2016,SPS-District K-12,K-12 School,5,NORTHWEST,47.72463,-122.35315,1963,1.0,2,131013,0,131013,K-12 School,K-12 School,131909.0,,,,,88.0,3894584.5,True,124.92,0.95,Mono-usage,53,0.0,1.0,0,1
2016,SPS-District K-12,K-12 School,5,NORTHWEST,47.7257,-122.33684,1959,1.0,1,245587,0,245587,K-12 School,K-12 School,245587.0,,,,,92.0,11765682.0,False,443.73,1.81,Mono-usage,57,0.0,1.0,0,1
2016,NonResidential,Hotel,5,NORTHWEST,47.72551,-122.3423,2002,1.0,3,69138,0,69138,Hotel,Hotel,70609.0,,,,,78.0,3242458.0,False,89.02,1.29,Mono-usage,14,0.0,1.0,0,1
2016,NonResidential,Hotel,7,DOWNTOWN,47.6048,-122.3368,1904,1.0,5,190980,0,190980,"Hotel, Parking",Hotel,190980.0,Parking,19051.0,,,98.0,6505995.0,False,142.39,0.75,Multi-usages,112,0.0,1.0,1,2
2016,Nonresidential COS,Other,7,DOWNTOWN,47.60804,-122.3367,1998,1.0,6,284100,0,284100,Other - Entertainment/Public Assembly,Other - Entertainment/Public Assembly,189750.0,,,,,,14641502.0,False,429.12,1.51,Mono-usage,18,0.0,1.0,0,1
2016,NonResidential,Hospital,6,BALLARD,47.66737,-122.37956,1954,4.0,5,285333,0,285333,"Hospital (General Medical & Surgical), Parking",Hospital (General Medical & Surgical),302661.0,Parking,148865.0,,,14.0,68090728.0,False,1990.5,6.98,Multi-usages,62,0.0,1.0,1,2
2016,SPS-District K-12,K-12 School,6,Ballard,47.6706,-122.36225,1991,1.0,2,55513,0,55513,K-12 School,K-12 School,59097.0,,,,,93.0,1513570.75,True,10.55,0.19,Mono-usage,25,0.0,1.0,0,1
2016,Nonresidential COS,Other,2,DOWNTOWN,47.60112,-122.32785,2006,1.0,4,61156,0,61156,"Office, Other",Other,42755.0,Office,29219.0,,,,9363374.0,False,176.75,2.89,Multi-usages,10,0.0,1.0,1,2
2016,NonResidential,Other,2,DOWNTOWN,47.59809,-122.32283,1910,1.0,4,72820,13820,59000,Museum,Museum,58000.0,,,,,,2010454.625,False,46.26,0.64,Mono-usage,106,0.1897830266410327,0.8102169733589674,0,1
2016,NonResidential,Hotel,7,MAGNOLIA / QUEEN ANNE,47.62614,-122.3467,1996,1.0,4,162222,14200,148022,"Hotel, Parking",Hotel,113702.0,Parking,32692.0,,,76.0,7946961.0,False,228.4,1.41,Multi-usages,20,0.0875343664854335,0.9124656335145664,1,2
2016,SPS-District K-12,K-12 School,2,SOUTHEAST,47.57589,-122.29365,1990,1.0,4,289588,0,289588,K-12 School,K-12 School,289588.0,,,,,90.0,8819852.0,True,170.84,0.59,Mono-usage,26,0.0,1.0,0,1
2016,NonResidential,University,3,EAST,47.61495,-122.32177,1915,1.0,3,63330,0,63330,College/University,College/University,64820.0,,,,,,3059758.0,False,74.33,1.17,Mono-usage,101,0.0,1.0,0,1
2016,Campus,University,1,DELRIDGE,47.547,-122.35307,1970,27.0,2,441071,0,441071,College/University,College/University,483000.0,,,,,,38301744.0,False,866.23,1.96,Mono-usage,46,0.0,1.0,0,1
2016,NonResidential,Small- and Mid-Sized Office,4,NORTHEAST,47.67828,-122.26456,2002,1.0,2,96300,0,96300,"Data Center, Office",Office,92300.0,Data Center,4944.0,,,,16319835.0,False,222.02,2.31,Multi-usages,14,0.0,1.0,1,2
2016,Nonresidential COS,Other,2,GREATER DUWAMISH,47.59545,-122.32146,1950,1.0,1,67356,0,67356,"Repair Services (Vehicle, Shoe, Locksmith, etc)","Repair Services (Vehicle, Shoe, Locksmith, etc)",68359.0,,,,,,7475577.5,False,204.08,3.03,Mono-usage,66,0.0,1.0,1,4
2016,SPS-District K-12,K-12 School,3,CENTRAL,47.60598,-122.30156,2008,1.0,3,254523,0,254523,K-12 School,K-12 School,254523.0,,,,,60.0,13567774.0,True,359.09,1.41,Mono-usage,8,0.0,1.0,0,1
2016,SPS-District K-12,K-12 School,2,SOUTHEAST,47.51482,-122.25864,2001,1.0,3,78804,0,78804,K-12 School,K-12 School,78804.0,,,,,92.0,2499140.0,True,56.82,0.72,Mono-usage,15,0.0,1.0,0,1
2016,SPS-District K-12,K-12 School,3,CENTRAL,47.61224,-122.29087,2002,1.0,3,66994,0,66994,K-12 School,K-12 School,66994.0,,,,,79.0,2371304.5,True,41.74,0.62,Mono-usage,14,0.0,1.0,0,1
2016,SPS-District K-12,K-12 School,2,GREATER DUWAMISH,47.52915,-122.28904,2000,1.0,3,98357,0,98357,K-12 School,K-12 School,98357.0,,,,,88.0,3456131.5,True,94.64,0.96,Mono-usage,16,0.0,1.0,0,1
2016,NonResidential,Small- and Mid-Sized Office,2,GREATER DUWAMISH,47.53827,-122.28406,1958,1.0,1,54765,0,54765,"Office, Other",Office,25765.0,Other,25000.0,,,,4253369.5,False,61.21,1.12,Multi-usages,58,0.0,1.0,1,2
2016,NonResidential,Other,2,GREATER DUWAMISH,47.53722,-122.284,2009,1.0,5,89821,0,89821,"Food Service, Office, Other - Lodging/Residential",Other - Lodging/Residential,46483.0,Office,37938.0,Food Service,4579.0,,1950092.5,False,100.46,1.12,Multi-usages,7,0.0,1.0,1,3
2016,NonResidential,University,7,MAGNOLIA / QUEEN ANNE,47.65147,-122.36122,1980,1.0,2,52611,0,52611,College/University,College/University,52611.0,,,,,,4116871.5,False,104.26,1.98,Mono-usage,36,0.0,1.0,0,1
2016,NonResidential,Residence Hall,7,MAGNOLIA / QUEEN ANNE,47.65068,-122.36331,2001,1.0,4,139600,37500,102100,Residence Hall/Dormitory,Residence Hall/Dormitory,135520.0,,,,,89.0,4448582.5,False,129.39,0.93,Mono-usage,15,0.2686246418338109,0.7313753581661891,0,1
2016,SPS-District K-12,K-12 School,5,NORTH,47.70763,-122.29453,2011,1.0,2,236758,0,236758,"K-12 School, Parking",K-12 School,238550.0,Parking,0.0,,,96.0,8355988.5,False,222.78,0.94,Multi-usages,5,0.0,1.0,1,2
2016,NonResidential,Other,3,CENTRAL,47.60462,-122.31549,1971,3.0,6,250981,0,250981,"Courthouse, Other",Other,137565.0,Courthouse,78357.0,,,,13071700.0,False,422.39,1.68,Multi-usages,45,0.0,1.0,1,2
2016,SPS-District K-12,K-12 School,6,NORTHWEST,47.68725,-122.35996,2002,1.0,3,62526,0,62526,K-12 School,K-12 School,62526.0,,,,,96.0,1986094.875,True,54.07,0.86,Mono-usage,14,0.0,1.0,0,1
2016,NonResidential,Other,7,DOWNTOWN,47.61598,-122.33448,2004,1.0,11,299070,68432,230638,Other,Other,250000.0,,,,,,65336980.0,False,2055.82,6.87,Mono-usage,12,0.2288159962550573,0.7711840037449427,0,1
2016,NonResidential,Small- and Mid-Sized Office,2,GREATER DUWAMISH,47.536,-122.31768,2007,1.0,3,64015,0,64015,"Non-Refrigerated Warehouse, Office, Other - Services",Office,30000.0,Non-Refrigerated Warehouse,15000.0,Other - Services,9015.0,21.0,3242077.75,False,49.58,0.77,Multi-usages,9,0.0,1.0,1,3
2016,NonResidential,Retail Store,5,NORTH,47.70759,-122.3255,1951,1.0,1,530039,0,530039,"Restaurant, Retail Store",Retail Store,505103.0,Restaurant,24936.0,,,98.0,27717034.0,False,723.47,1.36,Multi-usages,65,0.0,1.0,1,2
2016,NonResidential,Other,5,NORTH,47.7066,-122.321,1964,1.0,3,54224,0,54224,Other/Specialty Hospital,Other/Specialty Hospital,47012.0,,,,,,7265178.0,False,231.53,4.27,Mono-usage,52,0.0,1.0,0,1
2016,NonResidential,Retail Store,5,NORTH,47.70619,-122.32586,1965,1.0,4,124342,0,124342,Retail Store,Retail Store,122000.0,,,,,76.0,8765978.0,False,66.3,0.53,Mono-usage,51,0.0,1.0,0,1
2016,NonResidential,Hospital,4,NORTHEAST,47.66231,-122.28146,1953,6.0,10,879000,0,879000,Hospital (General Medical & Surgical),Hospital (General Medical & Surgical),879000.0,,,,,10.0,253832464.0,False,8145.52,9.27,Mono-usage,63,0.0,1.0,0,1
2016,NonResidential,Other,5,NORTHWEST,47.70956,-122.3345,1996,1.0,3,55442,0,55442,"Financial Office, Medical Office, Parking",Financial Office,28636.0,Parking,15385.0,Medical Office,8644.0,72.0,3191228.25,False,83.7,1.51,Multi-usages,20,0.0,1.0,1,3
2016,SPS-District K-12,K-12 School,6,BALLARD,47.67661,-122.37489,1999,1.0,2,242795,0,242795,K-12 School,K-12 School,242795.0,,,,,80.0,9157150.0,True,123.71,0.51,Mono-usage,17,0.0,1.0,0,1
2016,NonResidential,Self-Storage Facility,3,EAST,47.61233,-122.3171,1910,1.0,5,84870,0,84870,Self-Storage Facility,Self-Storage Facility,85521.0,,,,,,1381590.125,False,51.11,0.6,Mono-usage,106,0.0,1.0,0,1
2016,Campus,University,5,NORTHWEST,47.69936,-122.33401,1970,11.0,2,694072,111625,582447,College/University,College/University,667335.0,,,,,,35891484.0,False,362.82,0.52,Mono-usage,46,0.1608262543367258,0.8391737456632741,0,1
2016,SPS-District K-12,K-12 School,2,SOUTHEAST,47.54632,-122.28198,1952,1.0,2,173185,0,173185,K-12 School,K-12 School,173185.0,,,,,79.0,6127771.5,True,242.36,1.4,Mono-usage,64,0.0,1.0,0,1
2016,SPS-District K-12,K-12 School,1,DELRIDGE,47.54862,-122.36214,1963,1.0,1,145341,0,145341,K-12 School,K-12 School,139069.0,,,,,75.0,5499097.0,True,206.01,1.42,Mono-usage,53,0.0,1.0,0,1
2016,NonResidential,Warehouse,2,GREATER DUWAMISH,47.55152,-122.31869,1904,1.0,4,114297,0,114297,Non-Refrigerated Warehouse,Non-Refrigerated Warehouse,114297.0,,,,,61.0,2100097.75,False,69.44,0.61,Mono-usage,112,0.0,1.0,0,1
2016,SPS-District K-12,K-12 School,2,SOUTHEAST,47.52407,-122.26586,1960,1.0,2,184125,0,184125,K-12 School,K-12 School,184125.0,,,,,86.0,8800292.0,True,328.97,1.79,Mono-usage,56,0.0,1.0,0,1
2016,NonResidential,Warehouse,2,GREATER DUWAMISH,47.55901,-122.33328,1937,1.0,1,234144,0,234144,Non-Refrigerated Warehouse,Non-Refrigerated Warehouse,234144.0,,,,,87.0,6744317.0,False,297.43,1.27,Mono-usage,79,0.0,1.0,0,1
2016,NonResidential,Retail Store,1,DELRIDGE,47.52254,-122.36627,1966,1.0,1,64984,0,64984,Retail Store,Retail Store,65425.0,,,,,72.0,2944296.25,False,35.78,0.55,Mono-usage,50,0.0,1.0,0,1
2016,NonResidential,Retail Store,1,DELRIDGE,47.52254,-122.36627,1965,1.0,1,67745,0,67745,Retail Store,Retail Store,67782.0,,,,,37.0,9230223.0,False,369.14,5.45,Mono-usage,51,0.0,1.0,0,1
2016,SPS-District K-12,K-12 School,1,DELRIDGE,47.52915,-122.36511,2010,1.0,2,367884,0,367884,K-12 School,K-12 School,367884.0,,,,,97.0,12265516.0,False,272.85,0.74,Mono-usage,6,0.0,1.0,0,1
2016,SPS-District K-12,K-12 School,1,DELRIDGE,47.51778,-122.37074,1958,1.0,1,46797,0,46797,K-12 School,K-12 School,46797.0,,,,,86.0,2075891.0,True,73.47,1.57,Mono-usage,58,0.0,1.0,0,1
2016,NonResidential,Other,6,BALLARD,47.67767,-122.39631,1973,1.0,3,56000,0,56000,Other,Other,56000.0,,,,,,1851260.5,False,59.34,1.06,Mono-usage,43,0.0,1.0,0,1
2016,SPS-District K-12,K-12 School,2,SOUTHEAST,47.54174,-122.27691,2004,1.0,2,67371,0,67371,K-12 School,K-12 School,67371.0,,,,,92.0,2128459.0,True,46.36,0.69,Mono-usage,12,0.0,1.0,0,1
2016,NonResidential,Self-Storage Facility,1,SOUTHWEST,47.54508,-122.37737,1969,1.0,2,52088,0,52088,Self-Storage Facility,Self-Storage Facility,52088.0,,,,,,1377519.5,False,48.99,0.94,Mono-usage,47,0.0,1.0,0,1
2016,SPS-District K-12,K-12 School,4,LAKE UNION,47.65708,-122.33803,2010,1.0,3,127776,0,127776,K-12 School,K-12 School,127776.0,,,,,75.0,4748137.0,True,80.08,0.63,Mono-usage,6,0.0,1.0,0,1
2016,NonResidential,Hotel,3,LAKE UNION,47.62972,-122.32906,1998,1.0,5,123920,30000,93920,"Hotel, Parking, Swimming Pool",Hotel,123920.0,Parking,30000.0,Swimming Pool,0.0,79.0,9373179.0,False,309.6,2.5,Multi-usages,18,0.2420916720464816,0.7579083279535184,1,3
2016,Nonresidential COS,Other,3,LAKE UNION,47.62759,-122.33661,1900,1.0,1,50000,0,50000,Museum,Museum,43000.0,,,,,,7548807.0,False,225.69,4.51,Mono-usage,116,0.0,1.0,0,1
2016,Nonresidential COS,Warehouse,7,MAGNOLIA / QUEEN ANNE,47.62591,-122.34084,1926,1.0,2,50292,0,50292,"Non-Refrigerated Warehouse, Office, Other - Services, Residence Hall/Dormitory",Non-Refrigerated Warehouse,42345.0,Residence Hall/Dormitory,5000.0,Office,4730.0,,430473.6875,False,3.0,0.06,Multi-usages,90,0.0,1.0,1,4
2016,NonResidential,Hotel,7,MAGNOLIA / QUEEN ANNE,47.62782,-122.34045,1998,1.0,7,207656,54341,153315,Hotel,Hotel,141591.0,,,,,76.0,11171988.0,False,338.16,1.63,Mono-usage,18,0.2616875987209616,0.7383124012790384,0,1
2016,SPS-District K-12,K-12 School,6,BALLARD,47.68359,-122.37308,1999,1.0,2,67235,0,67235,K-12 School,K-12 School,67235.0,,,,,89.0,2284133.75,True,49.12,0.73,Mono-usage,17,0.0,1.0,0,1
2016,Nonresidential COS,Small- and Mid-Sized Office,5,NORTHWEST,47.70044,-122.34136,1957,1.0,2,91130,0,91130,"Data Center, Distribution Center, Office, Other, Parking",Office,57968.0,Distribution Center,32881.0,Parking,11850.0,,9472358.0,False,175.77,1.93,Multi-usages,59,0.0,1.0,1,5
2016,SPS-District K-12,K-12 School,1,SOUTHWEST,47.54025,-122.3885,1991,1.0,3,58118,0,58118,K-12 School,K-12 School,59014.0,,,,,97.0,1407277.25,True,21.29,0.37,Mono-usage,25,0.0,1.0,0,1
2016,NonResidential,Hotel,5,NORTHWEST,47.70916,-122.33216,1968,1.0,4,64893,0,64893,Hotel,Hotel,64893.0,,,,,70.0,6197825.0,False,208.26,3.21,Mono-usage,48,0.0,1.0,0,1
2016,SPS-District K-12,K-12 School,2,GREATER DUWAMISH,47.53809,-122.29591,1925,1.0,1,70762,0,70762,K-12 School,K-12 School,70762.0,,,,,87.0,3606416.0,True,168.88,2.39,Mono-usage,91,0.0,1.0,0,1
2016,NonResidential,Small- and Mid-Sized Office,7,DOWNTOWN,47.60105,-122.33518,1900,1.0,3,44558,0,44558,"Office, Restaurant, Self-Storage Facility",Office,34416.0,Self-Storage Facility,7672.0,Restaurant,2470.0,78.0,1677002.25,False,28.27,0.63,Multi-usages,116,0.0,1.0,1,3
2016,NonResidential,Other,2,GREATER DUWAMISH,47.59544,-122.33159,1999,1.0,6,1585960,327680,1258280,"Other - Entertainment/Public Assembly, Parking",Other - Entertainment/Public Assembly,1585960.0,Parking,0.0,,,,59757440.0,False,892.63,0.56,Multi-usages,17,0.2066130293323917,0.7933869706676082,1,2
2016,Nonresidential COS,Distribution Center,2,GREATER DUWAMISH,47.57199,-122.32811,1924,1.0,2,179161,0,179161,"Data Center, Distribution Center, Office, Other",Distribution Center,117476.0,Office,37321.0,Other,25543.0,,9436408.0,False,96.43,0.54,Multi-usages,92,0.0,1.0,1,4
2016,Nonresidential COS,Warehouse,2,GREATER DUWAMISH,47.57199,-122.32811,1965,1.0,2,58640,0,58640,"Non-Refrigerated Warehouse, Office, Other, Other - Services",Non-Refrigerated Warehouse,40831.0,Other - Services,16735.0,Office,11533.0,,3928695.25,False,27.39,0.47,Multi-usages,51,0.0,1.0,1,4
2016,NonResidential,Other,2,GREATER DUWAMISH,47.59085,-122.33354,1999,1.0,3,1172127,0,1172127,Other - Entertainment/Public Assembly,Other - Entertainment/Public Assembly,1172127.0,,,,,,58761304.0,False,1246.55,1.06,Mono-usage,17,0.0,1.0,0,1
2016,NonResidential,Hotel,2,GREATER DUWAMISH,47.59269,-122.33372,2005,1.0,9,168449,14567,153882,"Food Service, Hotel, Parking",Hotel,135006.0,Parking,20600.0,Food Service,9216.0,64.0,12726789.0,False,388.37,2.31,Multi-usages,11,0.0864772126875196,0.9135227873124804,1,3
2016,NonResidential,Warehouse,1,GREATER DUWAMISH,47.57507,-122.35747,1916,0.0,4,79600,0,79600,Non-Refrigerated Warehouse,Non-Refrigerated Warehouse,79600.0,,,,,34.0,2411402.25,False,16.81,0.21,Mono-usage,100,0.0,1.0,0,1
2016,SPS-District K-12,K-12 School,4,LAKE UNION,47.65996,-122.33962,1997,1.0,4,241066,0,241066,K-12 School,K-12 School,241066.0,,,,,79.0,7791957.0,True,270.97,1.12,Mono-usage,19,0.0,1.0,0,1
2016,Campus,Large Office,1,GREATER DUWAMISH,47.52429,-122.31234,1980,14.0,2,334368,31874,302494,"Laboratory, Non-Refrigerated Warehouse, Office, Other - Utility",Office,240984.0,Laboratory,72963.0,Other - Utility,16766.0,,53466684.0,False,748.55,2.24,Multi-usages,36,0.0953261077615082,0.9046738922384916,1,4
2016,NonResidential,Other,5,NORTH,47.70281,-122.32532,2008,1.0,6,419848,335109,84739,"Fast Food Restaurant, Medical Office, Movie Theater, Parking, Retail Store",Parking,335109.0,Movie Theater,65000.0,Medical Office,13567.0,,9134963.0,False,162.41,0.39,Multi-usages,8,0.7981674320230179,0.2018325679769821,1,5
2016,NonResidential,Mixed Use Property,7,MAGNOLIA / QUEEN ANNE,47.6239,-122.35756,2002,1.0,4,110785,0,110785,"Financial Office, Multifamily Housing, Parking, Retail Store, Supermarket/Grocery Store",Multifamily Housing,58563.0,Supermarket/Grocery Store,48520.0,Parking,29839.0,,10557910.0,False,92.91,0.84,Multi-usages,14,0.0,1.0,1,5
2016,Multifamily MR (5-9),Mid-Rise Multifamily,7,DOWNTOWN,47.61316,-122.34153,2003,1.0,7,116947,0,116947,"Multifamily Housing, Office, Other - Lodging/Residential, Retail Store",Multifamily Housing,81740.0,Office,27403.0,Other - Lodging/Residential,12851.0,,10040121.0,False,279.35,2.39,Multi-usages,13,0.0,1.0,1,4
2016,NonResidential,Hotel,7,DOWNTOWN,47.61275,-122.3333,1999,1.0,0,934292,0,934292,"Hotel, Other, Parking, Restaurant, Retail Store",Hotel,495536.0,Parking,438756.0,Restaurant,49700.0,,65047284.0,False,1638.46,1.75,Multi-usages,17,0.0,1.0,1,5
2016,NonResidential,Hospital,3,CENTRAL,47.60705,-122.30966,1990,6.0,5,597519,0,597519,"Hospital (General Medical & Surgical), Parking",Hospital (General Medical & Surgical),601615.0,Parking,48607.0,,,34.0,143423024.0,False,4906.33,8.21,Multi-usages,26,0.0,1.0,1,2
2016,SPS-District K-12,K-12 School,1,DELRIDGE,47.52518,-122.34828,1999,1.0,1,71714,0,71714,K-12 School,K-12 School,71714.0,,,,,87.0,2371358.0,True,36.24,0.51,Mono-usage,17,0.0,1.0,0,1
2016,NonResidential,Warehouse,4,LAKE UNION,47.65097,-122.34227,1991,1.0,3,75397,8161,67236,"Non-Refrigerated Warehouse, Parking",Non-Refrigerated Warehouse,67236.0,Parking,8161.0,,,91.0,549181.375,False,9.63,0.13,Multi-usages,25,0.1082403809170126,0.8917596190829874,1,2
2016,NonResidential,Hospital,3,EAST,47.60399,-122.32377,2000,9.0,8,1158691,0,1158691,"Hospital (General Medical & Surgical), Parking",Hospital (General Medical & Surgical),1350182.0,Parking,387651.0,,,29.0,293090784.0,False,10734.57,9.26,Multi-usages,16,0.0,1.0,1,2
2016,NonResidential,Senior Care Community,2,DOWNTOWN,47.59626,-122.3218,1999,1.0,5,102796,12611,90185,"K-12 School, Medical Office, Office, Restaurant, Retail Store, Senior Care Community",Senior Care Community,55259.0,Medical Office,40091.0,K-12 School,3231.0,,10105379.0,False,193.94,1.89,Multi-usages,17,0.1226798708120938,0.8773201291879061,1,6
2016,SPS-District K-12,K-12 School,1,SOUTHWEST,47.57678,-122.38459,2002,1.0,2,208981,0,208981,K-12 School,K-12 School,208981.0,,,,,80.0,8164853.0,True,207.79,0.99,Mono-usage,14,0.0,1.0,0,1
2016,Multifamily MR (5-9),Mid-Rise Multifamily,7,EAST,47.6136,-122.32785,1909,1.0,6,51976,0,51976,Multifamily Housing,Multifamily Housing,50350.0,,,,,34.0,4189569.25,False,145.31,2.8,Mono-usage,107,0.0,1.0,0,1
2016,NonResidential,K-12 School,4,NORTHEAST,47.66568,-122.31368,1928,1.0,2,55653,0,55653,K-12 School,K-12 School,55500.0,,,,,98.0,1377627.0,False,72.88,1.31,Mono-usage,88,0.0,1.0,0,1
2016,NonResidential,Hotel,4,NORTHEAST,47.66151,-122.31457,1931,1.0,16,106860,0,106860,Hotel,Hotel,106860.0,,,,,49.0,11935719.0,False,469.57,4.39,Mono-usage,85,0.0,1.0,0,1
2016,NonResidential,Small- and Mid-Sized Office,5,NORTH,47.71895,-122.29475,1972,1.0,5,50759,0,50759,"Office, Restaurant",Office,47079.0,Restaurant,3680.0,,,62.0,3147042.0,False,49.09,0.97,Multi-usages,44,0.0,1.0,1,2
2016,NonResidential,Worship Facility,4,NORTHEAST,47.66182,-122.31113,1952,1.0,2,56772,0,56772,Worship Facility,Worship Facility,56772.0,,,,,46.0,2439484.75,False,84.57,1.49,Mono-usage,64,0.0,1.0,0,1
2016,NonResidential,Worship Facility,4,NORTHEAST,47.6626,-122.31164,1952,1.0,3,103000,0,103000,Worship Facility,Worship Facility,103000.0,,,,,42.0,4854429.5,False,149.93,1.46,Mono-usage,64,0.0,1.0,0,1
2016,SPS-District K-12,K-12 School,4,NORTHEAST,47.67723,-122.31281,2006,1.0,3,269297,0,269297,K-12 School,K-12 School,269297.0,,,,,80.0,10498344.0,True,225.19,0.84,Mono-usage,10,0.0,1.0,0,1
2016,SPS-District K-12,K-12 School,4,NORTHEAST,47.67184,-122.29221,2001,1.0,3,75174,0,75174,K-12 School,K-12 School,75174.0,,,,,77.0,2733846.0,True,71.86,0.96,Mono-usage,15,0.0,1.0,0,1
2016,SPS-District K-12,K-12 School,7,MAGNOLIA / QUEEN ANNE,47.64052,-122.3656,2003,1.0,3,75214,0,75214,K-12 School,K-12 School,75214.0,,,,,88.0,2334260.0,True,43.98,0.58,Mono-usage,13,0.0,1.0,0,1
2016,SPS-District K-12,K-12 School,1,SOUTHWEST,47.57298,-122.39028,2005,1.0,3,134918,0,134918,K-12 School,K-12 School,134918.0,,,,,91.0,3822102.5,True,69.42,0.51,Mono-usage,11,0.0,1.0,0,1
2016,SPS-District K-12,K-12 School,3,CENTRAL,47.59096,-122.29985,1991,1.0,2,64414,0,64414,K-12 School,K-12 School,65310.0,,,,,67.0,2295176.5,True,16.0,0.25,Mono-usage,25,0.0,1.0,0,1
2016,SPS-District K-12,K-12 School,6,NORTHWEST,47.67725,-122.32232,1927,1.0,3,92437,0,92437,K-12 School,K-12 School,92437.0,,,,,78.0,4626443.0,True,201.05,2.17,Mono-usage,89,0.0,1.0,0,1
2016,NonResidential,Other,7,DOWNTOWN,47.61103,-122.33238,1914,1.0,7,128766,0,128766,"Office, Other, Other - Entertainment/Public Assembly",Other - Entertainment/Public Assembly,109754.0,Other,12876.0,Office,6136.0,,6057410.0,False,57.21,0.44,Multi-usages,102,0.0,1.0,1,3
2016,NonResidential,Residence Hall,7,DOWNTOWN,47.6079,-122.33266,1913,1.0,9,107572,0,107572,"Office, Residence Hall/Dormitory, Retail Store",Residence Hall/Dormitory,63934.0,Office,27143.0,Retail Store,10568.0,76.0,5572503.0,False,254.87,2.37,Multi-usages,103,0.0,1.0,1,3
2016,NonResidential,Other,7,DOWNTOWN,47.60699,-122.33481,1955,1.0,15,230880,0,230880,Other,Other,203000.0,,,,,,62197176.0,False,433.6,1.88,Mono-usage,61,0.0,1.0,0,1
2016,Multifamily LR (1-4),Low-Rise Multifamily,1,DELRIDGE,47.56379,-122.36301,1917,1.0,4,56617,0,56617,Multifamily Housing,Multifamily Housing,56617.0,,,,,15.0,1986611.375,False,50.52,0.89,Mono-usage,99,0.0,1.0,0,1
2016,Multifamily MR (5-9),Mid-Rise Multifamily,5,NORTH,47.72232,-122.29181,2009,1.0,6,56745,0,56745,Multifamily Housing,Multifamily Housing,43673.0,,,,,54.0,2473962.5,False,59.63,1.05,Mono-usage,7,0.0,1.0,0,1
2016,Multifamily LR (1-4),Low-Rise Multifamily,2,GREATER DUWAMISH,47.53685,-122.28406,2003,1.0,4,67920,0,67920,"Medical Office, Multifamily Housing, Office, Retail Store",Multifamily Housing,24600.0,Medical Office,12917.0,Office,4150.0,,2772124.75,False,23.8,0.35,Multi-usages,13,0.0,1.0,1,4
2016,SPS-District K-12,K-12 School,2,GREATER DUWAMISH,47.55237,-122.31391,2007,1.0,3,204961,0,204961,K-12 School,K-12 School,204961.0,,,,,94.0,8190809.0,True,226.06,1.1,Mono-usage,9,0.0,1.0,0,1
2016,NonResidential,Other,7,MAGNOLIA / QUEEN ANNE,47.63965,-122.3783,1973,1.0,1,76086,0,76086,Other,Other,77810.0,,,,,,3267564.0,False,101.41,1.33,Mono-usage,43,0.0,1.0,0,1
2016,NonResidential,Medical Office,7,MAGNOLIA / QUEEN ANNE,47.61972,-122.36033,1927,1.0,5,190000,39000,151000,"Medical Office, Office",Medical Office,146741.0,Office,9805.0,,,1.0,28731502.0,False,661.04,3.48,Multi-usages,89,0.2052631578947368,0.7947368421052632,1,2
2016,NonResidential,Hotel,7,DOWNTOWN,47.6124,-122.35075,1961,1.0,4,122309,0,122309,Hotel,Hotel,122309.0,,,,,8.0,25453690.0,False,1060.13,8.67,Mono-usage,55,0.0,1.0,0,1
2016,Campus,Other,7,DOWNTOWN,47.61137,-122.34947,1995,4.0,3,215476,0,215476,Other,Other,217088.0,,,,,,24017770.0,False,639.39,2.97,Mono-usage,21,0.0,1.0,0,1
2016,NonResidential,Hotel,7,DOWNTOWN,47.61069,-122.34653,2003,1.0,8,254273,38800,215473,Hotel,Hotel,277000.0,,,,,29.0,26659244.0,False,780.84,3.07,Mono-usage,13,0.1525918992578842,0.8474081007421158,0,1
2016,Nonresidential COS,Other,7,DOWNTOWN,47.60729,-122.34211,1980,1.0,2,69400,0,69400,Other - Entertainment/Public Assembly,Other - Entertainment/Public Assembly,69400.0,,,,,,14833476.0,False,301.76,4.35,Mono-usage,36,0.0,1.0,0,1
2016,NonResidential,Mixed Use Property,7,DOWNTOWN,47.6041,-122.33958,1900,1.0,1,62900,0,62900,"Other, Restaurant, Retail Store",Restaurant,32494.0,Other,29793.0,Retail Store,3384.300049,,10394330.0,False,377.27,6.0,Multi-usages,116,0.0,1.0,1,3
2016,NonResidential,Small- and Mid-Sized Office,7,DOWNTOWN,47.60271,-122.33557,1914,1.0,4,56500,0,56500,"Office, Retail Store",Office,33000.0,Retail Store,7000.0,,,98.0,1380293.625,False,44.22,0.78,Multi-usages,102,0.0,1.0,1,2
2016,NonResidential,Warehouse,2,GREATER DUWAMISH,47.59486,-122.32455,2008,1.0,4,203504,0,203504,"Non-Refrigerated Warehouse, Other - Services",Non-Refrigerated Warehouse,159372.0,Other - Services,44132.0,,,72.0,3785282.5,False,26.39,0.13,Multi-usages,8,0.0,1.0,1,2
2016,NonResidential,Large Office,7,DOWNTOWN,47.61757,-122.35122,1968,0.0,3,100734,26731,74003,Office,Office,100734.0,,,,,20.0,9788717.0,False,68.24,0.68,Mono-usage,48,0.2653622411499593,0.7346377588500407,0,1
2016,NonResidential,Small- and Mid-Sized Office,7,DOWNTOWN,47.61703,-122.35012,1981,1.0,4,77662,18504,59158,"Office, Parking",Office,62108.0,Parking,17570.0,,,57.0,5007401.0,False,68.19,0.88,Multi-usages,35,0.2382632432850042,0.7617367567149957,1,2
2016,NonResidential,Large Office,7,DOWNTOWN,47.61619,-122.34599,1978,1.0,12,234000,21790,212210,"Financial Office, Laboratory, Office, Parking",Office,173786.0,Laboratory,29865.0,Parking,25373.0,39.0,18661606.0,False,149.27,0.64,Multi-usages,38,0.0931196581196581,0.9068803418803418,1,4
2016,NonResidential,Large Office,7,DOWNTOWN,47.61217,-122.33694,1989,1.0,25,369996,0,369996,"Office, Parking",Office,383942.0,Parking,127192.0,,,74.0,24755086.0,False,172.58,0.47,Multi-usages,27,0.0,1.0,1,2
2016,NonResidential,Retail Store,7,DOWNTOWN,47.61229,-122.33629,1925,1.0,10,693450,0,693450,"Office, Retail Store",Retail Store,361107.0,Office,332343.0,,,93.0,40062888.0,False,398.19,0.57,Multi-usages,91,0.0,1.0,1,2
2016,NonResidential,Large Office,7,DOWNTOWN,47.61316,-122.3343,1976,1.0,33,791396,0,791396,"Lifestyle Center, Office, Other, Parking, Restaurant",Office,622034.0,Parking,132465.0,Other,33110.0,89.0,40847752.0,False,313.3,0.4,Multi-usages,40,0.0,1.0,1,5
2016,NonResidential,Large Office,7,DOWNTOWN,47.61399,-122.33523,2000,1.0,23,747747,205076,542671,"Office, Parking, Restaurant",Office,542461.0,Parking,219045.0,Restaurant,9337.0,90.0,30985420.0,False,359.11,0.48,Multi-usages,16,0.2742585393187803,0.7257414606812197,1,3
2016,NonResidential,Small- and Mid-Sized Office,7,DOWNTOWN,47.61356,-122.33665,1926,1.0,10,63409,7757,55652,"Office, Retail Store",Office,45260.0,Retail Store,6187.0,,,90.0,3444270.0,False,170.51,2.69,Multi-usages,90,0.1223327918749704,0.8776672081250295,1,2
2016,NonResidential,Large Office,7,DOWNTOWN,47.61375,-122.33566,1930,1.0,17,204790,30000,174790,"Office, Other - Recreation, Parking, Retail Store",Office,142034.0,Other - Recreation,17070.0,Retail Store,14666.0,91.0,7739699.0,False,100.26,0.49,Multi-usages,86,0.146491527906636,0.8535084720933639,1,4
2016,NonResidential,Small- and Mid-Sized Office,7,DOWNTOWN,47.61256,-122.33808,1916,1.0,5,73399,0,73399,"Office, Retail Store",Office,51557.0,Retail Store,9976.0,,,61.0,3757006.0,False,26.19,0.36,Multi-usages,100,0.0,1.0,1,2
2016,NonResidential,Large Office,7,DOWNTOWN,47.61391,-122.33725,1969,1.0,20,265851,32334,233517,"Office, Parking",Office,226454.0,Parking,29214.0,,,90.0,14633233.0,False,563.25,2.12,Multi-usages,47,0.1216245189974835,0.8783754810025165,1,2
2016,NonResidential,Large Office,7,DOWNTOWN,47.61578,-122.33726,2009,1.0,25,758043,228668,529375,"Office, Parking",Office,582725.0,Parking,191082.0,,,95.0,27018020.0,False,229.25,0.3,Multi-usages,7,0.3016557108237923,0.6983442891762077,1,2
2016,NonResidential,Large Office,7,DOWNTOWN,47.61641,-122.34112,1968,1.0,12,206000,0,206000,"Office, Parking",Office,161000.0,Parking,51250.0,,,91.0,8580279.0,False,222.19,1.08,Multi-usages,48,0.0,1.0,1,2
2016,NonResidential,Large Office,7,DOWNTOWN,47.61555,-122.33582,2009,1.0,36,824887,154972,669915,"Office, Parking",Office,743562.0,Parking,161119.0,,,97.0,39523852.0,False,275.54,0.33,Multi-usages,7,0.187870581061406,0.812129418938594,1,2
2016,NonResidential,Large Office,7,DOWNTOWN,47.61516,-122.33303,1990,1.0,16,480840,141600,339240,"Fitness Center/Health Club/Gym, Office, Other, Parking, Restaurant",Office,311736.0,Parking,123356.0,Fitness Center/Health Club/Gym,18239.0,94.0,17867002.0,False,130.73,0.27,Multi-usages,26,0.2944846518592463,0.7055153481407537,1,5
2016,NonResidential,Small- and Mid-Sized Office,7,DOWNTOWN,47.60266,-122.33332,1900,1.0,7,89550,0,89550,"Office, Retail Store, Social/Meeting Hall",Office,64712.0,Retail Store,10058.0,Social/Meeting Hall,7030.0,85.0,3903259.75,False,51.67,0.58,Multi-usages,116,0.0,1.0,1,3
2016,NonResidential,Small- and Mid-Sized Office,7,DOWNTOWN,47.60219,-122.33347,1900,1.0,6,89355,0,89355,"Office, Retail Store",Office,82355.0,Retail Store,7000.0,,,66.0,4178233.5,False,31.97,0.36,Multi-usages,116,0.0,1.0,1,2
2016,NonResidential,Large Office,7,DOWNTOWN,47.6036,-122.33288,1922,1.0,15,388934,0,388934,Office,Office,388934.0,,,,,89.0,18576900.0,False,213.23,0.55,Mono-usage,94,0.0,1.0,0,1
2016,NonResidential,Large Office,7,DOWNTOWN,47.60403,-122.33497,1929,1.0,22,384302,0,384302,"Convenience Store without Gas Station, Food Service, Office",Office,348969.0,Convenience Store without Gas Station,3291.899902,Food Service,1437.0,98.0,10062436.0,False,70.15,0.18,Multi-usages,87,0.0,1.0,1,3
2016,NonResidential,Large Office,7,DOWNTOWN,47.6037,-122.33447,1958,1.0,17,378525,84600,293925,"Office, Parking",Office,236827.0,Parking,83311.0,Restaurant,14679.0,69.0,24906132.0,False,940.47,2.48,Multi-usages,58,0.2234991083812165,0.7765008916187834,1,2
2016,NonResidential,Large Office,7,DOWNTOWN,47.60505,-122.33427,1983,1.0,47,1323055,0,1323055,"Office, Parking, Restaurant",Office,1011135.0,Parking,272682.0,Restaurant,37595.0,94.0,44683660.0,False,318.97,0.24,Multi-usages,33,0.0,1.0,1,3
2016,NonResidential,Large Office,7,DOWNTOWN,47.60567,-122.33511,1986,1.0,41,589921,129432,460489,"Office, Parking, Pre-school/Daycare",Office,470416.0,Parking,107667.0,Pre-school/Daycare,10290.0,84.0,24603420.0,False,171.52,0.29,Multi-usages,30,0.2194056492309987,0.7805943507690013,1,3
2016,NonResidential,Small- and Mid-Sized Office,7,DOWNTOWN,47.60542,-122.33588,1950,1.0,6,91091,1392,89699,"Office, Parking",Office,89699.0,Parking,1392.0,,,,1835804.875,False,46.56,0.51,Multi-usages,66,0.0152814218748284,0.9847185781251716,1,2
2016,NonResidential,Large Office,7,DOWNTOWN,47.60581,-122.33664,1968,1.0,8,157941,62993,94948,"Office, Parking",Office,84838.0,Parking,15401.0,,,81.0,3743228.5,False,26.1,0.17,Multi-usages,48,0.398838806896246,0.6011611931037539,1,2
2016,NonResidential,Large Office,7,DOWNTOWN,47.60614,-122.33674,1991,1.0,29,635303,197231,438072,"Office, Parking",Office,522667.0,Parking,194435.0,Convenience Store without Gas Station,6122.0,95.0,18221224.0,False,139.72,0.22,Multi-usages,25,0.3104518631267285,0.6895481368732715,1,2
2016,NonResidential,Large Office,7,DOWNTOWN,47.60642,-122.33581,1958,1.0,6,172842,25920,146922,"Data Center, Office, Parking",Office,99890.0,Data Center,39336.0,Parking,25000.0,,41399504.0,False,362.66,2.1,Multi-usages,58,0.1499635505259138,0.8500364494740862,1,3
2016,NonResidential,Large Office,7,DOWNTOWN,47.60655,-122.33533,1980,1.0,34,776762,162604,614158,"Office, Parking",Office,606050.0,Parking,154947.0,,,81.0,32552428.0,False,231.32,0.3,Multi-usages,36,0.2093356781098972,0.7906643218901027,1,2
2016,NonResidential,Large Office,7,DOWNTOWN,47.60671,-122.33456,1972,1.0,14,186768,23775,162993,"Data Center, Office, Parking",Office,182540.0,Parking,33671.0,Data Center,240.0,95.0,9641043.0,False,218.53,1.17,Multi-usages,44,0.1272969673605757,0.8727030326394243,1,3
2016,NonResidential,Large Office,7,DOWNTOWN,47.60615,-122.33388,1969,1.0,49,1123435,368980,754455,"Financial Office, Food Sales, Office, Other, Parking",Office,808980.0,Parking,232248.0,Other,30329.0,89.0,45163308.0,False,627.87,0.56,Multi-usages,47,0.3284391175279388,0.6715608824720611,1,5
2016,NonResidential,Large Office,7,DOWNTOWN,47.60549,-122.33319,2002,1.0,37,1052469,164420,888049,"Convenience Store without Gas Station, Data Center, Financial Office, Fitness Center/Health Club/Gym, Office, Other, Parking, Personal Services (Health/Beauty, Dry Cleaning, etc), Restaurant",Office,765351.0,Parking,185581.0,Financial Office,103478.0,93.0,41213584.0,False,287.32,0.27,Multi-usages,14,0.1562231286622218,0.8437768713377781,1,11
2016,NonResidential,Large Office,7,DOWNTOWN,47.60616,-122.33165,1973,1.0,42,617684,171500,446184,"Financial Office, Office, Parking, Retail Store",Office,581558.0,Parking,189600.0,Retail Store,18026.0,28.0,69519808.0,False,546.65,0.88,Multi-usages,43,0.2776500605487595,0.7223499394512405,1,4
2016,NonResidential,Large Office,7,DOWNTOWN,47.60471,-122.33261,1907,1.0,8,201480,0,201480,"Non-Refrigerated Warehouse, Office, Retail Store",Office,161762.0,Retail Store,29094.0,Non-Refrigerated Warehouse,10624.0,91.0,8921778.0,False,175.95,0.87,Multi-usages,109,0.0,1.0,1,3
2016,Nonresidential COS,Large Office,3,DOWNTOWN,47.60501,-122.32988,1990,1.0,63,1354987,159600,1195387,"Office, Parking",Office,1191115.0,Parking,159599.0,Other,18656.0,89.0,61576184.0,False,429.27,0.32,Multi-usages,26,0.1177871079205925,0.8822128920794075,1,2
2016,Nonresidential COS,Large Office,3,DOWNTOWN,47.60421,-122.32919,2001,1.0,14,310490,0,310490,"Data Center, Office, Other",Office,269284.0,Other,28394.0,Data Center,600.0,,21169502.0,False,380.37,1.23,Multi-usages,15,0.0,1.0,1,3
2016,Nonresidential COS,Large Office,7,DOWNTOWN,47.60377,-122.32971,2003,1.0,8,199530,30660,168870,"Office, Other, Parking, Restaurant",Office,160418.0,Parking,18590.0,Other,17480.0,69.0,13214416.0,False,298.61,1.5,Multi-usages,13,0.1536611035934446,0.8463388964065554,1,4
2016,NonResidential,Large Office,7,DOWNTOWN,47.60249,-122.32854,2006,1.0,13,372242,52703,319539,"Office, Parking",Office,319539.0,Parking,52703.0,,,98.0,13843866.0,False,216.24,0.58,Multi-usages,10,0.1415826263559727,0.8584173736440273,1,2
2016,NonResidential,Large Office,7,DOWNTOWN,47.60193,-122.32812,1909,1.0,7,114395,8296,106099,Office,Office,96582.0,,,,,99.0,2746560.75,False,70.17,0.61,Mono-usage,107,0.0725206521264041,0.927479347873596,0,1
2016,NonResidential,Retail Store,4,NORTHEAST,47.66024,-122.31278,1978,1.0,2,89200,0,89200,Retail Store,Retail Store,89200.0,,,,,83.0,6461937.0,False,89.47,1.0,Mono-usage,38,0.0,1.0,0,1
2016,NonResidential,Large Office,4,NORTHEAST,47.66072,-122.31466,1971,1.0,23,474546,0,474546,Office,Office,474546.0,,,,,77.0,28450436.0,False,198.34,0.42,Mono-usage,45,0.0,1.0,0,1
2016,NonResidential,Other,4,NORTHEAST,47.6606,-122.31512,1969,1.0,5,36000,0,36000,Data Center,Data Center,36000.0,,,,,96.0,30038490.0,False,209.41,5.82,Mono-usage,47,0.0,1.0,0,1
2016,NonResidential,Small- and Mid-Sized Office,4,NORTHEAST,47.661,-122.31626,1961,0.0,5,99005,0,99005,Office,Office,79555.0,,,,,70.0,4728488.5,False,119.03,1.2,Mono-usage,55,0.0,1.0,0,1
2016,NonResidential,Large Office,4,NORTHEAST,47.66065,-122.31689,2002,1.0,6,135051,44248,90803,"Office, Parking",Office,95943.0,Parking,42500.0,,,88.0,4426136.0,False,30.86,0.23,Multi-usages,14,0.3276391881585475,0.6723608118414525,1,2
2016,NonResidential,Large Office,4,NORTHEAST,47.65999,-122.31741,2002,1.0,5,220649,82720,137929,"Office, Parking",Office,145754.0,Parking,90000.0,,,93.0,7046345.5,False,49.12,0.22,Multi-usages,14,0.374894062515579,0.625105937484421,1,2
2016,NonResidential,Self-Storage Facility,7,DOWNTOWN,47.61591,-122.33238,1964,1.0,5,93660,0,93660,Self-Storage Facility,Self-Storage Facility,93660.0,,,,,,873221.875,False,6.09,0.07,Mono-usage,52,0.0,1.0,0,1
2016,NonResidential,Large Office,7,DOWNTOWN,47.61597,-122.33086,1980,1.0,18,413715,64660,349055,"Office, Parking",Office,348270.0,Parking,69634.0,,,79.0,24224888.0,False,168.88,0.41,Multi-usages,36,0.156291166624367,0.843708833375633,1,2
2016,NonResidential,Mixed Use Property,7,DOWNTOWN,47.6177,-122.3306,2000,1.0,11,381381,195621,185760,"Fitness Center/Health Club/Gym, Office, Parking",Parking,182820.0,Office,164192.0,Fitness Center/Health Club/Gym,37782.0,94.0,9765777.0,False,72.42,0.19,Multi-usages,16,0.5129280168650248,0.4870719831349752,1,3
2016,NonResidential,Large Office,7,DOWNTOWN,47.61695,-122.32965,1988,1.0,20,497513,118744,378769,"Office, Parking",Office,367623.0,Parking,114510.0,,,65.0,26823218.0,False,197.19,0.4,Multi-usages,28,0.2386751702970575,0.7613248297029425,1,2
2016,NonResidential,Large Office,7,DOWNTOWN,47.61431,-122.34244,1979,1.0,24,543876,116721,427155,"Office, Parking",Office,424044.0,Parking,107300.0,,,79.0,25307744.0,False,176.43,0.32,Multi-usages,37,0.2146095801248814,0.7853904198751186,1,2
2016,NonResidential,Mixed Use Property,7,DOWNTOWN,47.6177,-122.3545,1980,1.0,4,109347,38700,70647,"Laboratory, Office, Parking",Laboratory,42389.0,Parking,38700.0,Office,28258.0,,8218155.5,False,91.13,0.83,Multi-usages,36,0.3539191747373041,0.6460808252626958,1,3
2016,NonResidential,Large Office,7,DOWNTOWN,47.6182,-122.352,1982,1.0,6,396626,124216,272410,"Office, Parking",Office,274002.0,Parking,122624.0,,,64.0,20361158.0,False,141.95,0.36,Multi-usages,34,0.3131816875343522,0.6868183124656477,1,2
2016,NonResidential,Large Office,7,DOWNTOWN,47.61598,-122.34369,2002,1.0,6,287471,83591,203880,"Office, Other, Other - Restaurant/Bar, Parking",Office,191814.0,Parking,72178.0,Other - Restaurant/Bar,5322.0,74.0,14913424.0,False,103.97,0.36,Multi-usages,14,0.2907806352640788,0.7092193647359212,1,4
2016,NonResidential,Large Office,7,DOWNTOWN,47.61734,-122.34434,1947,1.0,3,192630,48512,144118,"Office, Parking",Office,146157.0,Parking,48199.0,,,94.0,5357833.0,False,46.03,0.24,Multi-usages,69,0.2518403156310024,0.7481596843689976,1,2
2016,NonResidential,Large Office,7,DOWNTOWN,47.6176,-122.35686,1984,1.0,8,253103,61986,191117,"Laboratory, Office, Other, Parking",Office,158681.0,Parking,70190.0,Other,21782.0,3.0,29949248.0,False,208.79,0.82,Multi-usages,32,0.244904248468015,0.755095751531985,1,4
2016,NonResidential,Supermarket / Grocery Store,6,NORTHWEST,47.7019,-122.36374,1956,1.0,1,60880,0,60880,Supermarket/Grocery Store,Supermarket/Grocery Store,61666.0,,,,,54.0,14293972.0,False,384.27,6.31,Mono-usage,60,0.0,1.0,0,1
2016,NonResidential,Small- and Mid-Sized Office,7,DOWNTOWN,47.60227,-122.33202,1900,1.0,5,50176,0,50176,"Office, Other, Restaurant",Office,50328.0,Other,8329.0,Restaurant,4253.0,77.0,2933288.75,False,24.91,0.5,Multi-usages,116,0.0,1.0,1,3
2016,NonResidential,Large Office,7,DOWNTOWN,47.60198,-122.33174,1912,1.0,42,304346,0,304346,"Office, Other - Restaurant/Bar, Retail Store, Single Family Home",Office,245028.0,Retail Store,8429.0,Other - Restaurant/Bar,7518.0,72.0,23262244.0,False,741.3,2.44,Multi-usages,104,0.0,1.0,1,4
2016,NonResidential,Warehouse,2,GREATER DUWAMISH,47.54066,-122.33023,1977,1.0,1,128800,0,128800,"Non-Refrigerated Warehouse, Other",Non-Refrigerated Warehouse,119200.0,Other,9600.0,,,97.0,1809101.5,False,78.92,0.61,Multi-usages,39,0.0,1.0,1,2
2016,NonResidential,Large Office,7,DOWNTOWN,47.60932,-122.33388,1927,1.0,8,321945,0,321945,"Office, Performing Arts, Retail Store",Office,166919.0,Performing Arts,39355.0,Retail Store,19787.0,76.0,13656587.0,False,355.05,1.1,Multi-usages,89,0.0,1.0,1,3
2016,NonResidential,Large Office,7,DOWNTOWN,47.60842,-122.33305,1964,1.0,22,336330,0,336330,"Office, Other - Restaurant/Bar, Parking",Office,256299.0,Parking,66430.0,Other - Restaurant/Bar,7438.0,77.0,18967014.0,False,530.66,1.58,Multi-usages,52,0.0,1.0,1,3
2016,NonResidential,Large Office,7,DOWNTOWN,47.60869,-122.33588,1960,1.0,21,298426,0,298426,"Office, Other - Education, Parking",Office,286538.0,Parking,197750.0,Other - Education,11888.0,79.0,27076922.0,False,1084.79,3.64,Multi-usages,56,0.0,1.0,1,3
2016,NonResidential,Large Office,7,DOWNTOWN,47.60896,-122.33481,1976,1.0,42,635824,0,635824,"Financial Office, Office, Other, Parking, Restaurant",Office,718473.0,Parking,40000.0,Restaurant,19671.0,69.0,48479988.0,False,337.97,0.53,Multi-usages,40,0.0,1.0,1,5
2016,NonResidential,Hotel,7,DOWNTOWN,47.60804,-122.33391,1923,1.0,12,542305,0,542305,"Hotel, Swimming Pool",Hotel,542305.0,Swimming Pool,0.0,,,45.0,56485204.0,False,2573.75,4.75,Multi-usages,93,0.0,1.0,1,2
2016,NonResidential,Retail Store,2,SOUTHEAST,47.57936,-122.29744,1980,1.0,2,291940,0,291940,"Office, Retail Store",Retail Store,191940.0,Office,100000.0,,,80.0,11688601.0,False,162.45,0.56,Multi-usages,36,0.0,1.0,1,2
2016,NonResidential,Mixed Use Property,2,GREATER DUWAMISH,47.52871,-122.29443,1970,0.0,1,88400,0,88400,"Distribution Center, Non-Refrigerated Warehouse, Office",Non-Refrigerated Warehouse,33450.0,Office,29620.0,Distribution Center,27715.0,42.0,4383100.5,False,116.03,1.31,Multi-usages,46,0.0,1.0,1,3
2016,NonResidential,Warehouse,5,NORTHWEST,47.72912,-122.34677,1960,1.0,1,52311,0,52311,Non-Refrigerated Warehouse,Non-Refrigerated Warehouse,51116.0,,,,,96.0,930611.875,False,48.65,0.93,Mono-usage,56,0.0,1.0,0,1
2016,NonResidential,Other,7,LAKE UNION,47.62323,-122.33028,2009,1.0,5,141131,69710,71421,"Office, Parking, Personal Services (Health/Beauty, Dry Cleaning, etc)",Parking,74831.0,Office,71643.0,,,,3085814.0,False,21.51,0.15,Multi-usages,7,0.4939382559466028,0.5060617440533972,1,5
2016,NonResidential,Large Office,7,LAKE UNION,47.62333,-122.3296,2001,1.0,5,176532,70067,106465,"Office, Parking",Office,103494.0,Parking,70067.0,,,60.0,5803409.0,False,40.46,0.23,Multi-usages,15,0.3969082092765051,0.6030917907234948,1,2
2016,NonResidential,Warehouse,6,BALLARD,47.65825,-122.3683,1973,1.0,1,52500,0,52500,"Non-Refrigerated Warehouse, Office",Non-Refrigerated Warehouse,49395.0,Office,5853.0,,,2.0,3989399.0,False,70.47,1.34,Multi-usages,43,0.0,1.0,1,2
2016,NonResidential,Warehouse,6,BALLARD,47.66587,-122.38476,1959,1.0,2,57300,0,57300,"Non-Refrigerated Warehouse, Office",Non-Refrigerated Warehouse,29001.0,Office,28299.0,,,55.0,4560492.0,False,156.67,2.73,Multi-usages,57,0.0,1.0,1,2
2016,NonResidential,Large Office,7,DOWNTOWN,47.61429,-122.35263,1916,1.0,6,350310,0,350310,"College/University, Office, Restaurant",Office,305233.0,College/University,26900.0,Restaurant,7666.0,90.0,18102026.0,False,224.36,0.64,Multi-usages,100,0.0,1.0,1,3
2016,NonResidential,Large Office,7,DOWNTOWN,47.60723,-122.33611,1988,1.0,55,1400000,285000,1115000,"Office, Other, Parking, Restaurant",Office,994116.0,Parking,264481.0,Other,133598.0,92.0,53079164.0,False,588.9,0.42,Multi-usages,28,0.2035714285714285,0.7964285714285714,1,4
2016,NonResidential,Hotel,7,DOWNTOWN,47.60968,-122.33379,1930,1.0,21,305548,0,305548,Hotel,Hotel,310000.0,,,,,58.0,33729336.0,False,1510.85,4.94,Mono-usage,86,0.0,1.0,0,1
2016,NonResidential,Large Office,7,DOWNTOWN,47.61054,-122.33466,1989,1.0,46,1536606,512608,1023998,"Financial Office, Office, Other, Parking, Restaurant, Retail Store",Office,1002403.0,Parking,377046.0,Other,53116.0,89.0,56606136.0,False,530.18,0.35,Multi-usages,27,0.3335975520074762,0.6664024479925238,1,6
2016,NonResidential,Large Office,7,DOWNTOWN,47.61003,-122.33452,1958,1.0,10,135918,0,135918,Office,Office,144570.0,,,,,91.0,6423556.5,False,193.72,1.43,Mono-usage,58,0.0,1.0,0,1
2016,NonResidential,Retail Store,7,DOWNTOWN,47.61159,-122.33601,1914,1.0,4,79957,0,79957,"Office, Retail Store",Retail Store,35694.0,Office,29723.0,,,25.0,5252131.0,False,36.61,0.46,Multi-usages,102,0.0,1.0,1,2
2016,NonResidential,Large Office,7,DOWNTOWN,47.61166,-122.33528,1921,1.0,4,127268,0,127268,"Non-Refrigerated Warehouse, Office, Retail Store",Office,62512.0,Retail Store,53971.0,Non-Refrigerated Warehouse,5000.0,71.0,7711757.5,True,148.11,1.16,Multi-usages,95,0.0,1.0,1,3
2016,NonResidential,Large Office,7,DOWNTOWN,47.61125,-122.33494,1983,1.0,29,500000,0,500000,"Office, Parking, Retail Store",Office,411301.0,Parking,80005.0,Retail Store,14528.0,93.0,18848780.0,False,131.4,0.26,Multi-usages,33,0.0,1.0,1,3
2016,NonResidential,Large Office,7,DOWNTOWN,47.61005,-122.3361,1926,0.0,10,132326,0,132326,"Office, Other, Retail Store",Office,92006.0,Other,12610.0,Retail Store,9835.0,72.0,6029020.0,False,65.2,0.49,Multi-usages,90,0.0,1.0,1,3
2016,NonResidential,Large Office,7,DOWNTOWN,47.61033,-122.3357,1984,1.0,6,109830,13200,96630,"Office, Other, Parking, Retail Store",Office,83485.0,Parking,13200.0,Retail Store,5000.0,45.0,7335905.5,False,51.14,0.47,Multi-usages,32,0.1201857416006555,0.8798142583993445,1,4
2016,NonResidential,Hotel,7,DOWNTOWN,47.60996,-122.33572,1973,0.0,19,332067,59280,272787,Hotel,Hotel,332067.0,,,,,6.0,37785552.0,False,1468.5,4.42,Mono-usage,43,0.1785181906061126,0.8214818093938874,0,1
2016,NonResidential,Large Office,7,DOWNTOWN,47.60991,-122.33687,1910,1.0,10,130513,0,130513,"Office, Restaurant, Retail Store",Office,87391.0,Retail Store,32264.0,Restaurant,10858.0,49.0,11651200.0,False,318.08,2.44,Multi-usages,106,0.0,1.0,1,3
2016,NonResidential,Small- and Mid-Sized Office,7,DOWNTOWN,47.60953,-122.33647,1920,1.0,8,60660,0,60660,"Office, Retail Store",Office,41958.0,Retail Store,4800.0,,,,2586116.0,False,18.03,0.3,Multi-usages,96,0.0,1.0,1,2
2016,NonResidential,Large Office,7,DOWNTOWN,47.60902,-122.33674,1929,1.0,14,137350,0,137350,Office,Office,124508.0,,,,,89.0,6366084.5,False,202.99,1.48,Mono-usage,87,0.0,1.0,0,1
2016,NonResidential,Large Office,7,DOWNTOWN,47.60923,-122.33625,1929,1.0,15,151039,0,151039,Office,Office,125473.0,,,,,84.0,5446624.0,False,238.09,1.58,Mono-usage,87,0.0,1.0,0,1
2016,NonResidential,Large Office,7,DOWNTOWN,47.61022,-122.33745,1985,1.0,30,755000,134662,620338,"Bank Branch, Office, Other, Parking, Restaurant",Office,643083.0,Parking,126891.0,Restaurant,13422.0,72.0,52226204.0,False,793.05,1.05,Multi-usages,31,0.1783602649006622,0.8216397350993377,1,5
2016,NonResidential,Small- and Mid-Sized Office,7,DOWNTOWN,47.60995,-122.33904,1906,1.0,4,63540,0,63540,Office,Office,56747.0,,,,,72.0,3518459.5,False,74.83,1.18,Mono-usage,110,0.0,1.0,0,1
2016,NonResidential,Large Office,7,DOWNTOWN,47.60987,-122.33824,1927,1.0,10,130893,0,130893,"Medical Office, Office, Supermarket/Grocery Store",Office,87925.0,Supermarket/Grocery Store,27177.0,Medical Office,6644.0,80.0,6962073.0,False,48.54,0.37,Multi-usages,89,0.0,1.0,1,3
2016,NonResidential,Mixed Use Property,7,DOWNTOWN,47.60821,-122.33899,1910,1.0,5,79920,0,79920,"Office, Other, Retail Store",Office,39960.0,Retail Store,26640.0,Other,13320.0,,3009463.75,False,20.98,0.26,Multi-usages,106,0.0,1.0,1,3
2016,Campus,Mixed Use Property,7,DOWNTOWN,47.60881,-122.34119,1908,1.0,4,137400,0,137400,"Food Sales, Multifamily Housing, Office, Other - Education, Other - Restaurant/Bar, Pre-school/Daycare, Restaurant, Retail Store, Supermarket/Grocery Store",Retail Store,44078.0,Other - Restaurant/Bar,19182.0,Multifamily Housing,14380.0,,14940504.0,False,316.2,2.3,Multi-usages,108,0.0,1.0,1,9
2016,NonResidential,Other,7,DOWNTOWN,47.61164,-122.33446,1996,1.0,6,147852,86429,61423,"Office, Other - Restaurant/Bar, Parking, Retail Store",Parking,64821.0,Retail Store,40629.0,Other - Restaurant/Bar,13039.0,,9671619.0,False,185.03,1.25,Multi-usages,20,0.5845642940237534,0.4154357059762465,1,4
2016,NonResidential,Other,7,DOWNTOWN,47.61185,-122.33421,1996,0.0,4,267335,166960,100375,"Movie Theater, Other - Restaurant/Bar, Parking",Parking,166960.0,Movie Theater,69947.0,Other - Restaurant/Bar,27400.0,,7273155.5,False,147.75,0.55,Multi-usages,20,0.6245347597583556,0.3754652402416444,1,3
2016,NonResidential,Large Office,7,DOWNTOWN,47.61043,-122.33206,1989,1.0,56,1605578,389860,1215718,"Office, Other, Parking",Office,1314475.0,Parking,389860.0,Other,30744.0,97.0,49517704.0,False,525.78,0.33,Multi-usages,27,0.2428159827800331,0.7571840172199669,1,3
2016,NonResidential,Large Office,7,DOWNTOWN,47.60967,-122.33229,1980,1.0,36,794592,0,794592,"Office, Other, Parking",Office,748011.0,Parking,36606.0,Other,9975.0,96.0,26689658.0,False,216.43,0.27,Multi-usages,36,0.0,1.0,1,3
2016,NonResidential,Large Office,7,DOWNTOWN,47.60909,-122.33202,1971,1.0,21,456304,93204,363100,"Office, Parking",Office,342952.0,Parking,106466.0,,,74.0,19397324.0,False,135.23,0.3,Multi-usages,45,0.2042585644657947,0.7957414355342053,1,2
2016,NonResidential,Large Office,7,DOWNTOWN,47.61029,-122.34089,1986,1.0,12,115857,15140,100717,"Office, Parking, Restaurant",Office,104788.0,Parking,11844.0,Restaurant,528.0,89.0,4757299.5,False,33.17,0.29,Multi-usages,30,0.1306783362248288,0.8693216637751711,1,3
2016,NonResidential,Small- and Mid-Sized Office,7,DOWNTOWN,47.61116,-122.34748,1999,1.0,4,87500,17500,70000,"Office, Other",Office,70090.0,Other,1672.0,,,72.0,4549892.0,False,31.72,0.36,Multi-usages,17,0.2,0.8,1,2
2016,NonResidential,Large Office,7,DOWNTOWN,47.6117,-122.34778,1998,1.0,11,374405,184776,189629,"Laboratory, Office",Office,150969.0,Laboratory,41829.0,,,72.0,13329024.0,False,92.92,0.25,Multi-usages,18,0.4935190502263591,0.5064809497736409,1,2
2016,NonResidential,Other,7,DOWNTOWN,47.61252,-122.34351,1985,1.0,12,193500,38000,155500,Other,Other,146689.0,,,,,,14436982.0,False,100.65,0.52,Mono-usage,31,0.1963824289405684,0.8036175710594315,0,1
2016,NonResidential,Large Office,7,DOWNTOWN,47.61108,-122.34217,1923,1.0,11,102846,0,102846,"Office, Retail Store",Office,93879.0,Retail Store,7500.0,,,96.0,5327249.5,False,281.55,2.74,Multi-usages,93,0.0,1.0,1,2
2016,NonResidential,Small- and Mid-Sized Office,7,DOWNTOWN,47.61304,-122.34059,1925,1.0,4,52800,0,52800,"Office, Restaurant",Office,38880.0,Restaurant,12960.0,,,83.0,2429021.0,False,44.48,0.84,Multi-usages,91,0.0,1.0,1,2
2016,Campus,Mixed Use Property,7,DOWNTOWN,47.61229,-122.33903,1913,3.0,10,258497,0,258497,"Data Center, Office, Parking, Restaurant, Retail Store",Parking,155000.0,Office,145594.0,Retail Store,103200.0,,20779796.0,False,418.9,1.62,Multi-usages,103,0.0,1.0,1,5
2016,NonResidential,Retail Store,7,DOWNTOWN,47.61098,-122.33815,1929,1.0,8,861702,0,861702,"Other, Retail Store",Retail Store,509342.0,Other,380639.0,,,,17666646.0,False,328.83,0.38,Multi-usages,87,0.0,1.0,1,2
2016,NonResidential,Other,7,EAST,47.61,-122.32922,1999,1.0,5,206950,97400,109550,Other,Other,206950.0,,,,,,19295226.0,False,249.09,1.2,Mono-usage,17,0.470645083353467,0.529354916646533,0,1
2016,NonResidential,Other,3,EAST,47.61048,-122.32837,1988,1.0,9,46710,0,46710,Urgent Care/Clinic/Other Outpatient,Urgent Care/Clinic/Other Outpatient,46710.0,,,,,,4169431.5,False,130.69,2.8,Mono-usage,28,0.0,1.0,0,1
2016,NonResidential,Medical Office,3,EAST,47.61048,-122.32837,1945,1.0,3,266000,104000,162000,"Medical Office, Parking",Medical Office,162000.0,Parking,104000.0,,,65.0,13911761.0,False,201.15,0.76,Multi-usages,71,0.3909774436090225,0.6090225563909775,1,2
2016,NonResidential,Medical Office,3,EAST,47.60921,-122.32425,1992,1.0,14,690158,407795,282363,"Medical Office, Parking",Medical Office,270384.0,Parking,270383.0,,,58.0,21156670.0,False,147.49,0.21,Multi-usages,24,0.5908719452647075,0.4091280547352925,1,2
2016,NonResidential,Mixed Use Property,7,LAKE UNION,47.61915,-122.34857,2001,1.0,6,378443,177660,200783,"Data Center, Office, Parking, Performing Arts, Restaurant, Retail Store",Parking,164332.0,Office,108781.0,Data Center,54184.0,100.0,55073120.0,False,456.22,1.21,Multi-usages,15,0.4694498246763713,0.5305501753236287,1,6
2016,NonResidential,Mixed Use Property,7,LAKE UNION,47.61915,-122.34857,2001,1.0,6,213834,104922,108912,"Data Center, Financial Office, Office, Other, Parking, Restaurant",Parking,104922.0,Data Center,54385.0,Office,37721.0,100.0,75073888.0,False,530.59,2.48,Multi-usages,15,0.4906703330620949,0.5093296669379052,1,6
2016,NonResidential,Hotel,7,LAKE UNION,47.62036,-122.34588,1979,1.0,5,109017,29409,79608,Hotel,Hotel,109017.0,,,,,34.0,9474745.0,False,243.66,2.24,Mono-usage,37,0.2697652659676931,0.7302347340323069,0,1
2016,NonResidential,Large Office,7,MAGNOLIA / QUEEN ANNE,47.62177,-122.36158,1981,1.0,5,275734,38452,237282,"Office, Parking",Office,228504.0,Parking,47404.0,,,77.0,16373232.0,False,114.14,0.41,Multi-usages,35,0.1394532411672119,0.8605467588327881,1,2
2016,NonResidential,Warehouse,2,GREATER DUWAMISH,47.56064,-122.32522,2001,1.0,1,123061,0,123061,Non-Refrigerated Warehouse,Non-Refrigerated Warehouse,123061.0,,,,,59.0,1987934.625,False,13.86,0.11,Mono-usage,15,0.0,1.0,0,1
2016,NonResidential,Distribution Center,2,GREATER DUWAMISH,47.54868,-122.3255,1963,1.0,1,59090,0,59090,"Distribution Center, Office",Distribution Center,40272.0,Office,18818.0,,,45.0,2756214.75,False,117.11,1.98,Multi-usages,53,0.0,1.0,1,2
2016,NonResidential,Warehouse,2,GREATER DUWAMISH,47.5471,-122.32406,1963,1.0,1,106000,0,106000,Non-Refrigerated Warehouse,Non-Refrigerated Warehouse,106001.0,,,,,93.0,763364.5,False,5.32,0.05,Mono-usage,53,0.0,1.0,0,1
2016,NonResidential,Large Office,4,LAKE UNION,47.63349,-122.32634,1962,1.0,3,158600,38400,120200,"Laboratory, Office, Parking",Office,125779.0,Parking,32821.0,Laboratory,20000.0,19.0,18309150.0,False,236.9,1.49,Multi-usages,54,0.2421185372005044,0.7578814627994955,1,3
2016,NonResidential,Distribution Center,2,GREATER DUWAMISH,47.53764,-122.3232,1960,1.0,1,119661,0,119661,Distribution Center,Distribution Center,118733.0,,,,,97.0,775729.1875,False,5.44,0.05,Mono-usage,56,0.0,1.0,0,1
2016,NonResidential,Large Office,3,LAKE UNION,47.62958,-122.32826,2001,1.0,7,139200,44728,94472,Office,Office,82098.0,,,,,81.0,4342597.0,False,30.27,0.22,Mono-usage,15,0.3213218390804597,0.6786781609195403,0,1
2016,NonResidential,Small- and Mid-Sized Office,7,MAGNOLIA / QUEEN ANNE,47.62566,-122.34287,1984,1.0,6,95721,33921,61800,"Office, Parking",Office,95721.0,Parking,31746.0,,,95.0,3063504.5,False,21.36,0.22,Multi-usages,32,0.3543736484157082,0.6456263515842918,1,2
2016,NonResidential,Large Office,7,MAGNOLIA / QUEEN ANNE,47.62929,-122.34194,1996,2.0,5,213283,115228,98055,"Office, Parking",Office,105563.0,Parking,0.0,,,83.0,5661689.5,False,39.47,0.19,Multi-usages,20,0.5402587172911109,0.4597412827088891,1,2
2016,NonResidential,Large Office,4,LAKE UNION,47.64776,-122.33924,2001,1.0,3,103697,47656,56041,Office,Office,63199.0,,,,,7.0,11319836.0,False,374.92,3.62,Mono-usage,15,0.4595697078989749,0.5404302921010251,0,1
2016,NonResidential,Small- and Mid-Sized Office,5,NORTH,47.70105,-122.32659,1974,1.0,5,74880,0,74880,"Office, Parking",Office,71751.0,Parking,0.0,,,56.0,5134607.5,False,35.8,0.48,Multi-usages,42,0.0,1.0,1,2
2016,NonResidential,Small- and Mid-Sized Office,5,NORTH,47.69999,-122.32663,1979,1.0,6,88774,0,88774,"Office, Parking",Office,85339.0,Parking,0.0,,,53.0,6029121.5,False,42.03,0.47,Multi-usages,37,0.0,1.0,1,2
2016,NonResidential,Large Office,5,NORTH,47.69917,-122.3268,1983,1.0,5,122250,0,122250,"Adult Education, Bank Branch, Office, Parking",Office,91281.0,Adult Education,30177.0,Bank Branch,5931.0,93.0,5535626.0,False,38.59,0.32,Multi-usages,33,0.0,1.0,1,4
2016,NonResidential,Small- and Mid-Sized Office,5,NORTH,47.70063,-122.32487,1979,1.0,4,53730,0,53730,"Office, Parking",Office,53730.0,Parking,0.0,,,20.0,4742869.0,False,33.06,0.62,Multi-usages,37,0.0,1.0,1,2
2016,NonResidential,Small- and Mid-Sized Office,1,DELRIDGE,47.5671,-122.36416,1960,1.0,3,55593,0,55593,Office,Office,55593.0,,,,,55.0,4224872.5,False,93.23,1.68,Mono-usage,56,0.0,1.0,0,1
2016,NonResidential,Large Office,7,LAKE UNION,47.62269,-122.33224,1982,1.0,4,134056,60960,73096,"Office, Parking",Office,72066.0,Parking,59137.0,,,54.0,4695139.0,False,32.73,0.24,Multi-usages,34,0.45473533448708,0.54526466551292,1,2
2016,NonResidential,Retail Store,2,GREATER DUWAMISH,47.5653,-122.33076,2005,1.0,1,158415,0,158415,Retail Store,Retail Store,158415.0,,,,,25.0,22394416.0,False,454.49,2.87,Mono-usage,11,0.0,1.0,0,1
2016,NonResidential,Large Office,7,LAKE UNION,47.61907,-122.33651,1929,1.0,8,287819,0,287819,"Data Center, Office, Other, Restaurant",Office,155985.0,Data Center,88350.0,Other,15630.0,,48406556.0,False,349.07,1.21,Multi-usages,87,0.0,1.0,1,4
2016,NonResidential,Other,3,EAST,47.60953,-122.32793,1975,1.0,8,158738,0,158738,Urgent Care/Clinic/Other Outpatient,Urgent Care/Clinic/Other Outpatient,158738.0,,,,,,61762380.0,False,1268.87,7.99,Mono-usage,41,0.0,1.0,0,1
2016,NonResidential,Small- and Mid-Sized Office,7,MAGNOLIA / QUEEN ANNE,47.62003,-122.35706,1985,1.0,4,86995,28800,58195,"Office, Parking",Office,58195.0,Parking,28800.0,,,81.0,2991674.75,False,20.86,0.24,Multi-usages,31,0.3310535088223461,0.6689464911776539,1,2
2016,NonResidential,Retail Store,6,BALLARD,47.66057,-122.36857,1999,1.0,1,164437,0,164437,"Parking, Retail Store, Supermarket/Grocery Store",Retail Store,102653.0,Supermarket/Grocery Store,74102.0,Parking,0.0,62.0,18390344.0,False,326.18,1.98,Multi-usages,17,0.0,1.0,1,3
2016,NonResidential,Large Office,7,LAKE UNION,47.62402,-122.33755,2009,1.0,5,184482,66234,118248,"Office, Other, Parking",Office,118016.0,Parking,66234.0,Other,1595.0,95.0,5671256.0,False,40.47,0.22,Multi-usages,7,0.3590268969330341,0.6409731030669659,1,3
2016,NonResidential,Laboratory,7,LAKE UNION,47.62348,-122.33743,1928,1.0,3,55200,0,55200,"Data Center, Laboratory",Laboratory,54880.0,Data Center,320.0,,,,11594121.0,False,269.71,4.89,Multi-usages,88,0.0,1.0,1,2
2016,NonResidential,Laboratory,7,LAKE UNION,47.62254,-122.33753,2003,1.0,4,241159,111793,129366,Laboratory,Laboratory,176171.0,,,,,,33713876.0,False,849.83,3.52,Mono-usage,13,0.4635655314543517,0.5364344685456484,0,1
2016,NonResidential,Large Office,7,LAKE UNION,47.62286,-122.33804,2004,1.0,6,139282,52582,86700,"Financial Office, Food Service, Office, Other, Parking",Office,79384.0,Parking,52582.0,Financial Office,3027.0,96.0,3238216.0,False,22.57,0.16,Multi-usages,12,0.3775218621214514,0.6224781378785486,1,5
2016,NonResidential,Large Office,7,LAKE UNION,47.62383,-122.3356,2009,1.0,5,271071,98700,172371,"Medical Office, Office, Parking",Office,168132.0,Parking,96918.0,Medical Office,16862.0,96.0,7851334.5,False,61.93,0.23,Multi-usages,7,0.3641112476067156,0.6358887523932845,1,3
2016,NonResidential,Warehouse,3,LAKE UNION,47.62572,-122.33389,1914,1.0,5,127800,0,127800,Non-Refrigerated Warehouse,Non-Refrigerated Warehouse,127800.0,,,,,56.0,2767491.0,False,29.53,0.23,Mono-usage,102,0.0,1.0,0,1
2016,NonResidential,Large Office,3,LAKE UNION,47.62855,-122.33035,2002,1.0,5,560516,206597,353919,"Office, Parking",Office,372503.0,Parking,189133.0,,,71.0,30083496.0,False,632.4,1.13,Multi-usages,14,0.36858359083416,0.6314164091658401,1,2
2016,NonResidential,Large Office,3,LAKE UNION,47.62621,-122.33128,2001,1.0,6,226592,95000,131592,"Office, Parking",Office,131592.0,Parking,83178.0,,,49.0,11963428.0,False,94.64,0.42,Multi-usages,15,0.4192557548368874,0.5807442451631125,1,2
2016,Campus,Other,3,LAKE UNION,47.62855,-122.33035,1997,1.0,5,535947,0,535947,"Other, Parking",Other,535947.0,Parking,103983.0,,,,131373880.0,False,3995.45,7.45,Multi-usages,19,0.0,1.0,1,2
2016,NonResidential,Mixed Use Property,7,LAKE UNION,47.62121,-122.33885,2003,1.0,5,159700,50654,109046,"Office, Other, Parking, Retail Store",Other,72407.0,Parking,49314.0,Office,37406.0,,31371618.0,False,726.96,4.55,Multi-usages,13,0.3171822166562304,0.6828177833437695,1,4
2016,NonResidential,Large Office,7,LAKE UNION,47.62137,-122.33744,2006,1.0,4,209816,73673,136143,"Fitness Center/Health Club/Gym, Office, Parking, Restaurant",Office,113803.0,Parking,79091.0,Fitness Center/Health Club/Gym,15803.0,97.0,6917478.5,False,122.68,0.58,Multi-usages,10,0.3511314675715865,0.6488685324284135,1,4
2016,NonResidential,Large Office,7,LAKE UNION,47.62131,-122.33814,2006,1.0,6,303103,109905,193198,"Bank Branch, Office, Parking",Office,178628.0,Parking,99368.0,Bank Branch,6015.0,97.0,7519466.5,False,69.59,0.23,Multi-usages,10,0.3625995123769807,0.6374004876230193,1,3
2016,NonResidential,Mixed Use Property,7,LAKE UNION,47.62002,-122.33687,1954,1.0,3,67380,0,67380,"Non-Refrigerated Warehouse, Office, Other, Other - Entertainment/Public Assembly, Parking",Non-Refrigerated Warehouse,29732.0,Office,17372.0,Other - Entertainment/Public Assembly,13639.0,66.0,2755829.0,False,74.1,1.1,Multi-usages,62,0.0,1.0,1,5
2016,NonResidential,Laboratory,7,LAKE UNION,47.62405,-122.34036,1963,1.0,4,102235,0,102235,Laboratory,Laboratory,103135.0,,,,,,24395228.0,False,587.16,5.74,Mono-usage,53,0.0,1.0,0,1
2016,NonResidential,Mixed Use Property,7,LAKE UNION,47.62405,-122.34036,2008,1.0,5,436497,153684,282813,"Laboratory, Office, Parking",Laboratory,175364.0,Parking,173235.0,Office,88901.0,,45252356.0,False,1019.53,2.34,Multi-usages,8,0.3520848940542547,0.6479151059457453,1,3
2016,NonResidential,Small- and Mid-Sized Office,7,MAGNOLIA / QUEEN ANNE,47.62115,-122.3597,1974,1.0,5,88062,20826,67236,"Office, Parking",Office,64752.0,Parking,21396.0,,,80.0,3415561.25,False,23.81,0.27,Multi-usages,42,0.2364924712134632,0.7635075287865367,1,2
2016,NonResidential,Small- and Mid-Sized Office,7,MAGNOLIA / QUEEN ANNE,47.62224,-122.3585,1972,1.0,5,87178,20416,66762,"Office, Parking",Office,66648.0,Parking,15167.0,,,69.0,3632613.75,False,25.32,0.29,Multi-usages,44,0.2341875243754158,0.7658124756245842,1,2
2016,NonResidential,Small- and Mid-Sized Office,7,MAGNOLIA / QUEEN ANNE,47.62224,-122.3585,1970,1.0,5,87178,20416,66762,"Office, Parking",Office,66747.0,Parking,28285.0,,,86.0,3493093.75,False,24.35,0.28,Multi-usages,46,0.2341875243754158,0.7658124756245842,1,2
2016,NonResidential,Small- and Mid-Sized Office,7,MAGNOLIA / QUEEN ANNE,47.62014,-122.35768,1971,1.0,5,88000,21600,66400,"Office, Parking",Office,69691.0,Parking,17487.0,,,75.0,3484915.5,False,24.29,0.28,Multi-usages,45,0.2454545454545454,0.7545454545454545,1,2
2016,NonResidential,Medical Office,4,NORTHEAST,47.65821,-122.31831,1988,1.0,4,196749,88405,108344,"Medical Office, Parking",Medical Office,108344.0,Parking,88405.0,,,5.0,19165116.0,False,477.87,2.43,Multi-usages,28,0.4493288402990612,0.5506711597009387,1,2
2016,NonResidential,Medical Office,4,NORTHEAST,47.65884,-122.3183,1994,1.0,4,191276,95281,95995,Medical Office,Medical Office,95995.0,,,,,21.0,8422861.0,False,77.99,0.41,Mono-usage,22,0.4981335870679019,0.5018664129320981,0,1
2016,NonResidential,Self-Storage Facility,6,BALLARD,47.66838,-122.3931,1946,2.0,2,111445,0,111445,"Fitness Center/Health Club/Gym, Office, Other - Education, Other - Recreation, Other - Restaurant/Bar, Outpatient Rehabilitation/Physical Therapy, Personal Services (Health/Beauty, Dry Cleaning, etc), Restaurant, Retail Store, Self-Storage Facility, Vocat",,,,,,,,5697472.5,False,163.83,1.47,Mono-usage,70,0.0,1.0,1,13
2016,NonResidential,Warehouse,1,SOUTHWEST,47.56885,-122.37121,1997,1.0,4,98475,0,98475,Non-Refrigerated Warehouse,Non-Refrigerated Warehouse,98475.0,,,,,83.0,1090496.625,False,22.44,0.23,Mono-usage,19,0.0,1.0,0,1
2016,NonResidential,Hospital,3,LAKE UNION,47.62667,-122.32965,2000,1.0,7,351530,150455,201075,Hospital (General Medical & Surgical),Hospital (General Medical & Surgical),215602.0,,,,,23.0,42709624.0,False,1032.63,2.94,Mono-usage,16,0.4280004551531875,0.5719995448468125,0,1
2016,NonResidential,Supermarket / Grocery Store,5,NORTH,47.7237,-122.29232,1995,1.0,2,308965,187878,121087,"Parking, Supermarket/Grocery Store",Supermarket/Grocery Store,121087.0,Parking,0.0,Parking,0.0,78.0,14512786.0,False,277.98,0.9,Multi-usages,21,0.6080882947906721,0.3919117052093279,1,2
2016,NonResidential,Supermarket / Grocery Store,2,GREATER DUWAMISH,47.56895,-122.33775,2008,1.0,1,63225,0,63225,Supermarket/Grocery Store,Supermarket/Grocery Store,63225.0,,,,,100.0,6522551.5,False,45.47,0.72,Mono-usage,8,0.0,1.0,0,1
2016,Nonresidential COS,Other,1,DELRIDGE,47.56548,-122.35378,1955,0.0,1,113780,0,113780,"Office, Other - Services",Other - Services,91532.0,Office,22248.0,,,,3574542.25,False,121.98,1.07,Multi-usages,61,0.0,1.0,1,2
2016,NonResidential,Warehouse,2,GREATER DUWAMISH,47.56419,-122.34262,1999,1.0,1,243044,0,243044,Non-Refrigerated Warehouse,Non-Refrigerated Warehouse,325424.0,,,,,100.0,1396082.25,False,41.8,0.17,Mono-usage,17,0.0,1.0,0,1
2016,NonResidential,Other,6,LAKE UNION,47.64942,-122.35024,2001,1.0,3,280252,156312,123940,"Office, Parking, Retail Store",Parking,156312.0,Office,116440.0,Retail Store,7500.0,,11521702.0,False,80.32,0.29,Multi-usages,15,0.5577551632102536,0.4422448367897463,1,3
2016,NonResidential,Other,7,MAGNOLIA / QUEEN ANNE,47.63549,-122.34103,1952,1.0,3,66462,12998,53464,"Other, Parking",Other,72000.0,Parking,15000.0,,,,6876439.5,False,47.94,0.72,Multi-usages,64,0.1955704011314736,0.8044295988685264,1,2
2016,NonResidential,Retail Store,5,NORTHWEST,47.72053,-122.34739,1997,1.0,1,131387,0,131387,Retail Store,Retail Store,107931.0,,,,,72.0,8773058.0,False,110.46,0.84,Mono-usage,19,0.0,1.0,0,1
2016,NonResidential,Warehouse,5,NORTHWEST,47.72377,-122.34095,1999,1.0,3,94400,0,94400,Non-Refrigerated Warehouse,Non-Refrigerated Warehouse,67155.0,,,,,38.0,784364.5,False,10.24,0.11,Mono-usage,17,0.0,1.0,0,1
2016,NonResidential,Other,5,NORTHWEST,47.72546,-122.34659,1964,6.0,1,111900,0,111900,"Parking, Strip Mall",Strip Mall,124231.0,Parking,0.0,,,,9814820.0,False,226.43,2.02,Multi-usages,52,0.0,1.0,1,2
2016,NonResidential,Supermarket / Grocery Store,5,NORTHWEST,47.72803,-122.34214,1984,0.0,1,144776,0,144776,Wholesale Club/Supercenter,Wholesale Club/Supercenter,144776.0,,,,,56.0,13424079.0,False,237.39,1.64,Mono-usage,32,0.0,1.0,0,1
2016,NonResidential,Retail Store,5,NORTHWEST,47.7249,-122.34332,1967,1.0,1,114000,0,114000,"Retail Store, Supermarket/Grocery Store",Retail Store,57805.0,Supermarket/Grocery Store,56312.0,,,79.0,17225444.0,False,553.27,4.85,Multi-usages,49,0.0,1.0,1,2
2016,NonResidential,Supermarket / Grocery Store,5,NORTHWEST,47.7235,-122.34458,1997,1.0,1,50083,0,50083,"Parking, Supermarket/Grocery Store",Supermarket/Grocery Store,50065.0,Parking,0.0,,,78.0,8663691.0,False,158.92,3.17,Multi-usages,19,0.0,1.0,1,2
2016,NonResidential,Large Office,6,LAKE UNION,47.65086,-122.35412,1988,1.0,3,124071,28645,95426,Office,Office,96504.0,,,,,73.0,4991360.5,False,34.9,0.28,Mono-usage,28,0.2308758694618404,0.7691241305381596,0,1
2016,NonResidential,Small- and Mid-Sized Office,6,LAKE UNION,47.64963,-122.35158,2000,1.0,4,90000,36528,53472,Office,Office,90000.0,,,,,84.0,3897738.0,False,27.17,0.3,Mono-usage,16,0.4058666666666666,0.5941333333333333,0,1
2016,NonResidential,Small- and Mid-Sized Office,6,LAKE UNION,47.64849,-122.35041,2001,1.0,3,96041,33709,62332,"Office, Parking",Office,62232.0,Parking,33709.0,,,70.0,5413418.0,False,37.74,0.39,Multi-usages,15,0.3509855166022844,0.6490144833977156,1,2
2016,NonResidential,Large Office,6,LAKE UNION,47.64822,-122.34848,1999,1.0,3,280957,114829,166128,"Data Center, Office, Parking, Restaurant",Office,152579.0,Parking,93893.0,Data Center,7500.0,96.0,11325513.0,False,94.47,0.34,Multi-usages,17,0.4087066704157576,0.5912933295842424,1,4
2016,NonResidential,Large Office,6,LAKE UNION,47.64882,-122.34905,1999,1.0,4,243334,103032,140302,"Office, Parking",Office,138995.0,Parking,24549.0,,,89.0,8651835.0,False,85.01,0.35,Multi-usages,17,0.4234180180328273,0.5765819819671727,1,2
2016,NonResidential,Mixed Use Property,7,DOWNTOWN,47.6074,-122.33777,1991,1.0,6,154660,0,154660,"Data Center, Library, Non-Refrigerated Warehouse, Office, Other - Entertainment/Public Assembly, Other - Recreation, Other - Services, Restaurant, Social/Meeting Hall",Other - Entertainment/Public Assembly,119815.0,Other - Recreation,63101.0,Social/Meeting Hall,26380.0,,52960796.0,False,1623.34,10.5,Multi-usages,25,0.0,1.0,1,9
2016,NonResidential,Large Office,2,GREATER DUWAMISH,47.55146,-122.32832,1982,1.0,5,390295,121375,268920,"Office, Parking",Office,243018.0,Parking,108408.0,,,95.0,7683885.0,False,53.57,0.14,Multi-usages,34,0.3109827182003356,0.6890172817996644,1,2
2016,NonResidential,Warehouse,2,GREATER DUWAMISH,47.54983,-122.32858,1967,1.0,2,90000,0,90000,"Non-Refrigerated Warehouse, Office",Non-Refrigerated Warehouse,70000.0,Office,20000.0,,,87.0,1429146.375,False,17.17,0.19,Multi-usages,49,0.0,1.0,1,2
2016,NonResidential,Retail Store,2,GREATER DUWAMISH,47.55032,-122.32614,1966,1.0,1,50200,0,50200,Retail Store,Retail Store,50200.0,,,,,,1047461.0,False,32.22,0.64,Mono-usage,50,0.0,1.0,0,1
2016,NonResidential,Small- and Mid-Sized Office,6,BALLARD,47.66891,-122.38528,1925,1.0,6,94033,6200,87833,"Multifamily Housing, Non-Refrigerated Warehouse, Office, Parking, Retail Store",Office,53993.0,Retail Store,24744.0,Parking,4500.0,,4758198.0,False,120.24,1.28,Multi-usages,91,0.0659342996607574,0.9340657003392426,1,5
2016,NonResidential,Warehouse,6,BALLARD,47.66724,-122.38553,1941,1.0,2,63240,0,63240,Non-Refrigerated Warehouse,Non-Refrigerated Warehouse,63240.0,,,,,100.0,227566.7031,False,8.15,0.13,Mono-usage,75,0.0,1.0,0,1
2016,NonResidential,Other,6,BALLARD,47.66233,-122.3748,2008,1.0,5,322869,182454,140415,"Parking, Retail Store",Parking,182454.0,Retail Store,130744.0,,,,17085344.0,False,413.35,1.28,Multi-usages,8,0.5651022550941713,0.4348977449058286,1,2
2016,NonResidential,Self-Storage Facility,7,MAGNOLIA / QUEEN ANNE,47.64676,-122.37581,1988,1.0,4,130293,23400,106893,"Parking, Self-Storage Facility",Self-Storage Facility,130293.0,Parking,8800.0,,,,465533.3125,False,3.25,0.02,Multi-usages,28,0.1795952200041445,0.8204047799958555,1,2
2016,NonResidential,Warehouse,7,MAGNOLIA / QUEEN ANNE,47.65567,-122.37478,1997,1.0,4,106041,0,106041,Non-Refrigerated Warehouse,Non-Refrigerated Warehouse,106041.0,,,,,94.0,1123943.0,False,25.58,0.24,Mono-usage,19,0.0,1.0,0,1
2016,NonResidential,Self-Storage Facility,7,MAGNOLIA / QUEEN ANNE,47.63634,-122.3754,1956,1.0,3,94470,0,94470,Self-Storage Facility,Self-Storage Facility,94470.0,,,,,,1000796.875,False,33.18,0.35,Mono-usage,60,0.0,1.0,0,1
2016,NonResidential,Large Office,2,DOWNTOWN,47.59963,-122.32796,2002,1.0,10,181694,38186,143508,"Office, Other, Parking",Office,150840.0,Parking,26946.0,Other,2155.0,88.0,7637986.0,False,53.25,0.29,Multi-usages,14,0.2101665437493808,0.7898334562506192,1,3
2016,NonResidential,Retail Store,4,NORTHEAST,47.66178,-122.31812,1987,1.0,2,69492,0,69492,Retail Store,Retail Store,69800.0,Other,0.0,,,100.0,318962.8125,False,2.22,0.03,Multi-usages,29,0.0,1.0,0,1
2016,NonResidential,Warehouse,2,GREATER DUWAMISH,47.54769,-122.3251,1966,1.0,1,22780,0,22780,Non-Refrigerated Warehouse,Non-Refrigerated Warehouse,22780.0,,,,,33.0,402051.3125,False,2.8,0.12,Mono-usage,50,0.0,1.0,0,1
2016,NonResidential,Distribution Center,2,GREATER DUWAMISH,47.54187,-122.32714,1967,1.0,1,124472,0,124472,"Distribution Center, Parking",Distribution Center,124423.0,Parking,0.0,,,62.0,5464762.0,False,237.36,1.91,Multi-usages,49,0.0,1.0,1,2
2016,NonResidential,Large Office,7,DOWNTOWN,47.60411,-122.33225,1970,1.0,22,227556,98556,129000,"Office, Parking",Office,227556.0,Parking,77887.79688,,,95.0,8493420.0,False,59.21,0.26,Multi-usages,46,0.4331065759637188,0.5668934240362812,1,2
2016,NonResidential,Distribution Center,2,GREATER DUWAMISH,47.54187,-122.32714,1967,1.0,1,50065,0,50065,"Distribution Center, Parking",Distribution Center,49918.0,Parking,0.0,,,72.0,1529510.25,False,42.65,0.85,Multi-usages,49,0.0,1.0,1,2
2016,NonResidential,Distribution Center,2,GREATER DUWAMISH,47.54621,-122.33486,1969,1.0,1,57540,0,57540,Distribution Center,Distribution Center,57540.0,,,,,26.0,2582687.0,False,76.68,1.33,Mono-usage,47,0.0,1.0,0,1
2016,NonResidential,Warehouse,2,GREATER DUWAMISH,47.54853,-122.32814,1966,1.0,1,85400,0,85400,Non-Refrigerated Warehouse,Non-Refrigerated Warehouse,85400.0,,,,,49.0,1536998.25,False,10.72,0.13,Mono-usage,50,0.0,1.0,0,1
2016,NonResidential,Warehouse,2,GREATER DUWAMISH,47.54912,-122.32819,1966,1.0,1,55700,0,55700,Non-Refrigerated Warehouse,Non-Refrigerated Warehouse,55700.0,,,,,63.0,519806.0938,False,3.62,0.06,Mono-usage,50,0.0,1.0,0,1
2016,NonResidential,Small- and Mid-Sized Office,2,GREATER DUWAMISH,47.54965,-122.3278,1964,1.0,1,53250,0,53250,"Office, Parking",Office,52759.0,Parking,0.0,,,96.0,1794187.25,False,46.93,0.88,Multi-usages,52,0.0,1.0,1,2
2016,NonResidential,Small- and Mid-Sized Office,7,MAGNOLIA / QUEEN ANNE,47.62476,-122.34843,1987,1.0,6,78672,28427,50245,Office,Office,78672.0,,,,,98.0,2179719.75,False,28.63,0.36,Mono-usage,29,0.3613356721578198,0.6386643278421802,0,1
2016,NonResidential,Warehouse,5,NORTHWEST,47.71286,-122.34422,1986,1.0,3,64660,0,64660,Non-Refrigerated Warehouse,Non-Refrigerated Warehouse,64660.0,,,,,89.0,325513.0,False,6.32,0.1,Mono-usage,30,0.0,1.0,0,1
2016,NonResidential,Mixed Use Property,3,EAST,47.61552,-122.31744,1927,1.0,2,75844,19928,55916,"Office, Other, Parking",Other,28442.0,Office,28441.0,Parking,18961.0,,3684188.5,False,38.48,0.51,Multi-usages,89,0.2627498549654554,0.7372501450345446,1,3
2016,NonResidential,Distribution Center,2,GREATER DUWAMISH,47.5701,-122.33342,1968,1.0,1,161678,0,161678,Distribution Center,Distribution Center,162425.0,,,,,25.0,9357230.0,False,204.81,1.27,Mono-usage,48,0.0,1.0,0,1
2016,NonResidential,Distribution Center,2,GREATER DUWAMISH,47.56874,-122.33303,1949,1.0,1,101101,0,101101,Distribution Center,Distribution Center,101101.0,,,,,1.0,21795830.0,False,152.71,1.51,Mono-usage,67,0.0,1.0,0,1
2016,NonResidential,Distribution Center,2,GREATER DUWAMISH,47.57023,-122.33241,1980,1.0,1,52613,0,52613,Distribution Center,Distribution Center,59504.0,,,,,80.0,1061458.25,False,32.02,0.61,Mono-usage,36,0.0,1.0,0,1
2016,NonResidential,Other,2,GREATER DUWAMISH,47.56785,-122.33361,1940,1.0,1,56608,0,56608,"Office, Other",Other,45340.0,Office,11520.0,,,,5094197.0,False,74.31,1.31,Multi-usages,76,0.0,1.0,1,2
2016,NonResidential,Refrigerated Warehouse,2,GREATER DUWAMISH,47.56637,-122.33273,1953,1.0,1,104099,0,104099,"Office, Parking, Refrigerated Warehouse",Refrigerated Warehouse,100000.0,Office,4099.0,Parking,0.0,,17695420.0,False,142.36,1.37,Multi-usages,63,0.0,1.0,1,3
2016,NonResidential,Supermarket / Grocery Store,5,NORTHWEST,47.69267,-122.35506,2003,1.0,1,58184,7450,50734,"Parking, Supermarket/Grocery Store",Supermarket/Grocery Store,51722.0,Parking,0.0,,,41.0,14715262.0,False,414.43,7.12,Multi-usages,13,0.1280420734222466,0.8719579265777533,1,2
2016,NonResidential,Supermarket / Grocery Store,5,NORTH,47.73315,-122.3105,1980,1.0,1,58480,0,58480,Supermarket/Grocery Store,Supermarket/Grocery Store,44431.0,,,,,37.0,11054535.0,False,272.54,4.66,Mono-usage,36,0.0,1.0,0,1
2016,NonResidential,Large Office,7,LAKE UNION,47.62029,-122.33078,2005,1.0,6,336700,124800,211900,"Office, Parking, Retail Store",Office,217977.0,Parking,4569.0,Retail Store,0.0,95.0,9058916.0,False,54.92,0.16,Multi-usages,11,0.3706563706563706,0.6293436293436293,1,3
2016,NonResidential,Retail Store,7,LAKE UNION,47.62,-122.33027,1996,1.0,4,264008,159994,104014,Retail Store,Retail Store,98863.0,,,,,42.0,9937707.0,False,190.61,0.72,Mono-usage,20,0.6060195145601649,0.3939804854398351,0,1
2016,NonResidential,Small- and Mid-Sized Office,3,CENTRAL,47.59367,-122.30957,1914,1.0,2,62220,0,62220,"Office, Other - Services, Parking",Office,60676.0,Parking,13780.0,Other - Services,1324.0,32.0,5444253.5,False,38.55,0.62,Multi-usages,102,0.0,1.0,1,3
2016,NonResidential,Small- and Mid-Sized Office,3,GREATER DUWAMISH,47.59388,-122.31124,1970,1.0,1,65430,0,65430,"Office, Other",Office,60732.0,Other,8142.0,,,89.0,3181045.5,False,90.24,1.38,Multi-usages,46,0.0,1.0,1,2
2016,NonResidential,Large Office,4,NORTHEAST,47.66517,-122.30186,2006,1.0,3,102290,42440,59850,"Office, Parking",Office,83715.0,Parking,18575.0,,,26.0,6062770.5,False,49.17,0.48,Multi-usages,10,0.4148988170886695,0.5851011829113305,1,2
2016,NonResidential,Other,3,CENTRAL,47.6144,-122.30982,1926,1.0,3,80004,0,80004,Other,Other,74864.0,,,,,,12232124.0,False,85.28,1.07,Mono-usage,90,0.0,1.0,0,1
2016,NonResidential,Warehouse,2,GREATER DUWAMISH,47.56407,-122.32765,1991,1.0,2,323916,0,323916,"Non-Refrigerated Warehouse, Office",Non-Refrigerated Warehouse,263528.0,Office,60388.0,,,92.0,8024064.5,False,262.45,0.81,Multi-usages,25,0.0,1.0,1,2
2016,NonResidential,Mixed Use Property,2,GREATER DUWAMISH,47.5928,-122.31599,1932,1.0,14,304052,0,304052,"Medical Office, Office, Parking",Office,218918.0,Parking,156487.0,Medical Office,84051.89844,66.0,21027396.0,False,247.35,0.81,Multi-usages,84,0.0,1.0,1,3
2016,NonResidential,Small- and Mid-Sized Office,4,LAKE UNION,47.64037,-122.32626,1978,1.0,4,85385,31210,54175,"Data Center, Office, Parking",Office,50235.0,Parking,25525.0,Data Center,2875.0,,4855036.5,False,33.85,0.4,Multi-usages,38,0.3655208760320899,0.6344791239679101,1,3
2016,NonResidential,Distribution Center,1,GREATER DUWAMISH,47.53687,-122.33316,1989,1.0,2,98024,0,98024,"Distribution Center, Office",Distribution Center,63896.0,Office,33712.0,,,94.0,1988334.5,False,42.25,0.43,Multi-usages,27,0.0,1.0,1,2
2016,NonResidential,Mixed Use Property,7,LAKE UNION,47.62405,-122.33084,1928,1.0,1,65000,15000,50000,"Office, Other, Parking",Office,20000.0,Parking,15000.0,Other,10000.0,,2603931.25,False,63.89,0.98,Multi-usages,88,0.2307692307692307,0.7692307692307693,1,3
2016,NonResidential,Large Office,7,LAKE UNION,47.62488,-122.33007,1990,1.0,5,144573,66620,77953,"Office, Parking",Office,78521.0,Parking,66650.0,,,62.0,5135040.0,False,35.8,0.25,Multi-usages,26,0.4608052679269296,0.5391947320730703,1,2
2016,NonResidential,Retail Store,5,NORTH,47.70759,-122.3255,1950,1.0,2,302812,0,302812,Retail Store,Retail Store,302812.0,,,,,97.0,7290824.5,False,129.29,0.43,Mono-usage,66,0.0,1.0,0,1
2016,NonResidential,Small- and Mid-Sized Office,5,NORTHWEST,47.70744,-122.33171,1974,1.0,5,86400,0,86400,Office,Office,78200.0,,,,,53.0,9080022.0,False,293.55,3.4,Mono-usage,42,0.0,1.0,0,1
2016,NonResidential,Other,5,North,47.7094,-122.31843,1969,0.0,2,98539,0,98539,Strip Mall,Strip Mall,98539.0,,,,,,5450441.5,False,46.49,0.47,Mono-usage,47,0.0,1.0,0,1
2016,NonResidential,Small- and Mid-Sized Office,5,NORTHWEST,47.70732,-122.33279,1981,1.0,6,86483,0,86483,"Office, Parking",Office,86483.0,Parking,0.0,,,56.0,6361236.5,False,44.35,0.51,Multi-usages,35,0.0,1.0,1,2
2016,NonResidential,Distribution Center,1,DELRIDGE,47.53926,-122.34143,1976,1.0,1,51600,0,51600,"Distribution Center, Office",Distribution Center,34400.0,Office,17200.0,,,75.0,1124543.125,False,22.1,0.43,Multi-usages,40,0.0,1.0,1,2
2016,NonResidential,Warehouse,1,DELRIDGE,47.53689,-122.33847,1968,1.0,1,140520,0,140520,Non-Refrigerated Warehouse,Non-Refrigerated Warehouse,140520.0,,,,,61.0,2225512.0,False,57.73,0.41,Mono-usage,48,0.0,1.0,0,1
2016,NonResidential,Large Office,7,MAGNOLIA / QUEEN ANNE,47.63116,-122.34193,1986,1.0,5,154029,62380,91649,"Office, Parking",Office,91645.0,Parking,66288.0,,,95.0,4636396.5,False,58.88,0.38,Multi-usages,30,0.4049886709645586,0.5950113290354414,1,2
2016,NonResidential,Other,5,NORTHWEST,47.70887,-122.33494,2005,1.0,3,161789,91935,69854,"Medical Office, Parking",Parking,91935.0,Medical Office,69854.0,,,,6963616.5,False,49.28,0.3,Multi-usages,11,0.5682401152117882,0.4317598847882118,1,2
2016,NonResidential,Medical Office,5,NORTHWEST,47.7126,-122.33782,2005,1.0,3,63909,0,63909,"Medical Office, Retail Store",Medical Office,60670.0,Retail Store,3239.0,,,,4765753.5,False,33.22,0.52,Multi-usages,11,0.0,1.0,1,2
2016,NonResidential,Warehouse,5,NORTHWEST,47.69814,-122.34295,1948,1.0,2,53472,0,53472,"Non-Refrigerated Warehouse, Office",Non-Refrigerated Warehouse,46846.0,Office,10033.0,,,,971155.625,False,34.0,0.64,Multi-usages,68,0.0,1.0,1,2
2016,NonResidential,Warehouse,1,GREATER DUWAMISH,47.52696,-122.32913,1980,1.0,1,50417,0,50417,Non-Refrigerated Warehouse,Non-Refrigerated Warehouse,50417.0,,,,,14.0,1847401.0,False,58.67,1.16,Mono-usage,36,0.0,1.0,0,1
2016,NonResidential,Restaurant,7,DOWNTOWN,47.60613,-122.34115,1900,1.0,1,43728,0,43728,Restaurant,Restaurant,43728.0,,,,,,11508035.0,False,611.19,13.98,Mono-usage,116,0.0,1.0,0,1
2016,NonResidential,Medical Office,5,NORTHWEST,47.70449,-122.33272,1961,1.0,3,133298,0,133298,Medical Office,Medical Office,133298.0,,,,,21.0,15640994.0,False,295.48,2.22,Mono-usage,55,0.0,1.0,0,1
2016,NonResidential,Retail Store,5,NORTH,47.70759,-122.3255,1965,1.0,2,168619,0,168619,Retail Store,Retail Store,173106.0,,,,,78.0,6455828.5,False,91.1,0.54,Mono-usage,51,0.0,1.0,0,1
2016,NonResidential,Mixed Use Property,4,LAKE UNION,47.63451,-122.32505,2002,0.0,5,251827,113318,138509,"Laboratory, Office, Parking",Parking,113318.0,Laboratory,84000.0,Office,84000.0,,47102428.0,False,1156.45,4.59,Multi-usages,14,0.449983520432678,0.550016479567322,1,3
2016,NonResidential,Large Office,7,LAKE UNION,47.6244,-122.33157,2000,1.0,4,175885,71385,104500,"Office, Parking",Office,103970.0,Parking,71390.0,,,91.0,6486377.5,False,45.22,0.26,Multi-usages,16,0.4058617846888592,0.5941382153111407,1,2
2016,NonResidential,Warehouse,2,GREATER DUWAMISH,47.56089,-122.33474,1969,1.0,2,104786,0,104786,Non-Refrigerated Warehouse,Non-Refrigerated Warehouse,104786.0,,,,,93.0,1028376.875,False,23.86,0.23,Mono-usage,47,0.0,1.0,0,1
2016,NonResidential,Other,2,GREATER DUWAMISH,47.55787,-122.335,2000,1.0,1,53040,41600,11440,Other,Other,51427.0,,,,,,1770027.5,False,49.9,0.94,Mono-usage,16,0.7843137254901961,0.2156862745098039,0,1
2016,NonResidential,Other,2,GREATER DUWAMISH,47.55741,-122.33163,1973,0.0,1,110689,0,110689,Other,Other,110689.0,,,,,,2339814.25,False,107.83,0.97,Mono-usage,43,0.0,1.0,0,1
2016,NonResidential,Small- and Mid-Sized Office,2,GREATER DUWAMISH,47.5563,-122.33186,1948,1.0,1,53620,0,53620,Office,Office,53620.0,,,,,86.0,2058955.25,False,22.12,0.41,Mono-usage,68,0.0,1.0,0,1
2016,NonResidential,Small- and Mid-Sized Office,2,GREATER DUWAMISH,47.55623,-122.33316,1938,1.0,1,50008,0,50008,Office,Office,50008.0,,,,,62.0,3202213.0,False,65.3,1.31,Mono-usage,78,0.0,1.0,0,1
2016,NonResidential,Large Office,7,MAGNOLIA / QUEEN ANNE,47.6252,-122.36737,2009,1.0,4,291176,100176,191000,"Office, Parking",Office,194674.0,Parking,111198.0,,,98.0,6657348.5,False,49.74,0.17,Multi-usages,7,0.3440393439019699,0.65596065609803,1,2
2016,NonResidential,Warehouse,2,GREATER DUWAMISH,47.56549,-122.33221,1957,1.0,1,50832,0,50832,"Non-Refrigerated Warehouse, Office",Non-Refrigerated Warehouse,43920.0,Office,6912.0,,,63.0,2551022.25,False,107.16,2.11,Multi-usages,59,0.0,1.0,1,2
2016,NonResidential,Refrigerated Warehouse,2,GREATER DUWAMISH,47.56158,-122.32754,1971,1.0,1,76354,0,76354,Refrigerated Warehouse,Refrigerated Warehouse,76486.0,,,,,70.0,2843033.5,False,20.29,0.27,Mono-usage,45,0.0,1.0,0,1
2016,NonResidential,Warehouse,2,GREATER DUWAMISH,47.56558,-122.32889,1956,1.0,1,98480,0,98480,Non-Refrigerated Warehouse,Non-Refrigerated Warehouse,98480.0,,,,,65.0,2831565.5,False,39.5,0.4,Mono-usage,60,0.0,1.0,0,1
2016,NonResidential,Mixed Use Property,4,LAKE UNION,47.66113,-122.33572,1904,1.0,2,53002,0,53002,"Multifamily Housing, Parking, Restaurant, Retail Store",Retail Store,31602.0,Parking,27427.0,Multifamily Housing,18130.0,75.0,3441643.25,False,64.0,1.21,Multi-usages,112,0.0,1.0,1,4
2016,NonResidential,Mixed Use Property,4,LAKE UNION,47.63465,-122.32592,2008,1.0,3,175918,51218,124700,"Laboratory, Office, Parking",Office,66737.0,Parking,58218.0,Laboratory,30230.0,,22530168.0,False,640.71,3.64,Multi-usages,8,0.2911470116758944,0.7088529883241056,1,3
2016,NonResidential,Other,3,LAKE UNION,47.63108,-122.32746,1920,1.0,3,169785,63782,106003,"Other, Parking",Other,106003.0,Parking,63782.0,,,,19155416.0,False,406.02,2.39,Multi-usages,96,0.375663338928645,0.624336661071355,1,2
2016,NonResidential,Large Office,7,LAKE UNION,47.63,-122.3396,1971,1.0,11,124721,0,124721,"Food Service, Office, Parking, Restaurant",Office,107594.0,Restaurant,15600.0,Parking,12000.0,58.0,13898181.0,False,365.79,2.93,Multi-usages,45,0.0,1.0,1,4
2016,NonResidential,Small- and Mid-Sized Office,7,LAKE UNION,47.63376,-122.33968,1970,1.0,7,94002,0,94002,"Office, Parking",Office,93905.0,Parking,31348.0,,,70.0,5662234.0,False,39.47,0.42,Multi-usages,46,0.0,1.0,1,2
2016,NonResidential,Warehouse,2,GREATER DUWAMISH,47.55515,-122.3275,1974,1.0,1,93020,0,93020,Non-Refrigerated Warehouse,Non-Refrigerated Warehouse,93020.0,,,,,60.0,1252323.875,False,8.73,0.09,Mono-usage,42,0.0,1.0,0,1
2016,NonResidential,Other,7,DOWNTOWN,47.6153,-122.35014,1946,1.0,1,23000,0,23000,"Office, Other",Other,20310.0,Office,2689.600098,,,,711118.375,False,25.74,1.12,Multi-usages,70,0.0,1.0,1,2
2016,NonResidential,Supermarket / Grocery Store,2,SOUTHEAST,47.52095,-122.26825,2002,1.0,1,61053,0,61053,"Parking, Supermarket/Grocery Store",Supermarket/Grocery Store,54434.0,Parking,0.0,,,32.0,13133225.0,False,306.5,5.02,Multi-usages,14,0.0,1.0,1,2
2016,NonResidential,Large Office,2,DOWNTOWN,47.59878,-122.33458,1913,5.0,7,154159,0,154159,Office,Office,193154.0,,,,,100.0,11195917.0,False,29.43,0.19,Mono-usage,103,0.0,1.0,0,1
2016,NonResidential,Small- and Mid-Sized Office,2,DOWNTOWN,47.59895,-122.33379,1904,1.0,5,78920,0,78920,Office,Office,78564.0,,,,,88.0,2830674.75,False,19.73,0.25,Mono-usage,112,0.0,1.0,0,1
2016,NonResidential,Small- and Mid-Sized Office,2,DOWNTOWN,47.59855,-122.33327,1906,1.0,7,99440,0,99440,"Office, Retail Store",Office,65088.0,Retail Store,23857.0,,,64.0,6606832.5,False,134.69,1.35,Multi-usages,110,0.0,1.0,1,2
2016,NonResidential,Small- and Mid-Sized Office,2,DOWNTOWN,47.59856,-122.33379,1907,1.0,6,73260,0,73260,Office,Office,63871.0,,,,,82.0,2853189.5,False,19.89,0.27,Mono-usage,109,0.0,1.0,0,1
2016,NonResidential,Small- and Mid-Sized Office,7,DOWNTOWN,47.59979,-122.3338,1900,1.0,4,69817,0,69817,"Office, Retail Store",Office,34647.0,Retail Store,26039.0,,,87.0,2178074.5,False,76.8,1.1,Multi-usages,116,0.0,1.0,1,2
2016,NonResidential,Small- and Mid-Sized Office,7,DOWNTOWN,47.60035,-122.33379,1900,1.0,4,84750,0,84750,"Enclosed Mall, Office",Office,41609.0,Enclosed Mall,28734.0,,,,2094724.625,False,26.04,0.31,Multi-usages,116,0.0,1.0,1,2
2016,NonResidential,Small- and Mid-Sized Office,7,DOWNTOWN,47.60146,-122.33248,1900,1.0,6,75496,13320,62176,"Office, Restaurant, Retail Store",Office,45799.0,Retail Store,9739.0,Restaurant,4689.0,,3570161.75,False,24.89,0.33,Multi-usages,116,0.1764331885132987,0.8235668114867013,1,3
2016,NonResidential,Large Office,7,DOWNTOWN,47.59962,-122.33247,1900,1.0,4,164380,0,164380,"Office, Retail Store",Office,123607.0,Retail Store,20795.0,,,79.0,7655751.0,False,130.31,0.79,Multi-usages,116,0.0,1.0,1,2
2016,NonResidential,Large Office,2,DOWNTOWN,47.59858,-122.33198,1907,1.0,7,160580,0,160580,Office,Office,160580.0,,,,,98.0,4336187.5,False,99.59,0.62,Mono-usage,109,0.0,1.0,0,1
2016,NonResidential,Small- and Mid-Sized Office,7,DOWNTOWN,47.60159,-122.32915,1909,1.0,6,73470,0,73470,"Non-Refrigerated Warehouse, Office, Retail Store",Office,47145.0,Non-Refrigerated Warehouse,9477.0,Retail Store,9477.0,83.0,3212269.0,True,22.39,0.3,Multi-usages,107,0.0,1.0,1,3
2016,Nonresidential COS,Other,2,DOWNTOWN,47.59871,-122.3299,1906,1.0,3,67755,0,67755,"Data Center, Office, Other, Other - Entertainment/Public Assembly",Other,33647.0,Office,19705.0,Other - Entertainment/Public Assembly,11988.0,,1904480.0,False,13.28,0.2,Multi-usages,110,0.0,1.0,1,4
2016,NonResidential,Mixed Use Property,2,GREATER DUWAMISH,47.59334,-122.32905,1910,1.0,3,56700,0,56700,"Distribution Center, Non-Refrigerated Warehouse, Office",Office,26250.0,Distribution Center,18050.0,Non-Refrigerated Warehouse,12400.0,37.0,2371575.0,False,31.58,0.56,Multi-usages,106,0.0,1.0,1,3
2016,NonResidential,Warehouse,2,GREATER DUWAMISH,47.59366,-122.32666,1922,1.0,1,82852,0,82852,"Non-Refrigerated Warehouse, Retail Store",Non-Refrigerated Warehouse,58472.0,Retail Store,23282.0,,,83.0,2153603.5,False,65.56,0.79,Multi-usages,94,0.0,1.0,1,2
2016,NonResidential,Other,2,GREATER DUWAMISH,47.57941,-122.33131,1953,1.0,2,76442,0,76442,"Distribution Center, Office, Other",Other,50500.0,Distribution Center,18000.0,Office,7604.0,,3978277.0,False,132.6,1.73,Multi-usages,63,0.0,1.0,1,3
2016,NonResidential,Distribution Center,2,GREATER DUWAMISH,47.57658,-122.33054,1962,1.0,2,92792,0,92792,"Distribution Center, Office",Distribution Center,85343.0,Office,13435.0,,,56.0,3155496.0,False,74.18,0.8,Multi-usages,54,0.0,1.0,1,2
2016,NonResidential,Other,2,GREATER DUWAMISH,47.58444,-122.33282,1941,2.0,2,125519,0,125519,Manufacturing/Industrial Plant,Manufacturing/Industrial Plant,142901.0,,,,,,2244317.0,False,15.65,0.12,Mono-usage,75,0.0,1.0,0,1
2016,NonResidential,Large Office,2,GREATER DUWAMISH,47.58361,-122.33369,1900,1.0,4,129000,25800,103200,Office,Office,104869.0,,,,,80.0,4374646.0,False,30.5,0.24,Mono-usage,116,0.2,0.8,0,1
2016,NonResidential,Warehouse,2,GREATER DUWAMISH,47.58781,-122.33264,1954,1.0,1,78814,0,78814,Non-Refrigerated Warehouse,Non-Refrigerated Warehouse,78814.0,,,,,69.0,861972.875,False,16.48,0.21,Mono-usage,62,0.0,1.0,0,1
2016,NonResidential,Small- and Mid-Sized Office,2,GREATER DUWAMISH,47.59486,-122.33368,1904,1.0,4,58970,0,58970,"Multifamily Housing, Non-Refrigerated Warehouse, Office, Parking",Office,39870.0,Non-Refrigerated Warehouse,11600.0,Multifamily Housing,7000.0,,1776411.75,False,41.18,0.7,Multi-usages,112,0.0,1.0,1,4
2016,NonResidential,Distribution Center,2,GREATER DUWAMISH,47.59403,-122.33367,1910,1.0,6,75600,10800,64800,"Distribution Center, Office, Parking",Distribution Center,51040.0,Office,10500.0,Parking,6000.0,15.0,2688675.75,False,18.74,0.25,Multi-usages,106,0.1428571428571428,0.8571428571428571,1,3
2016,NonResidential,Distribution Center,2,GREATER DUWAMISH,47.59363,-122.33371,1907,1.0,4,56270,0,56270,"Distribution Center, Non-Refrigerated Warehouse, Office, Retail Store",Distribution Center,39884.0,Non-Refrigerated Warehouse,9270.0,Office,4116.0,,1056782.125,False,7.37,0.13,Multi-usages,109,0.0,1.0,1,4
2016,NonResidential,Small- and Mid-Sized Office,2,DOWNTOWN,47.59701,-122.33378,1904,1.0,4,66842,0,66842,"Office, Retail Store",Office,43122.0,Retail Store,10514.0,,,31.0,5608600.5,False,138.35,2.07,Multi-usages,112,0.0,1.0,1,2
2016,NonResidential,Small- and Mid-Sized Office,2,DOWNTOWN,47.59639,-122.33368,1909,1.0,6,75288,10800,64488,"Office, Parking",Office,65508.0,Parking,10918.0,,,81.0,2891605.0,False,20.18,0.27,Multi-usages,107,0.1434491552438635,0.8565508447561364,1,2
2016,NonResidential,Large Office,2,DOWNTOWN,47.59806,-122.33475,1904,1.0,7,184322,0,184322,"Data Center, Office",Office,183916.0,Data Center,406.0,,,81.0,9722890.0,False,67.78,0.37,Multi-usages,112,0.0,1.0,1,2
2016,NonResidential,Large Office,2,DOWNTOWN,47.59767,-122.33467,2009,1.0,7,287853,0,287853,"Office, Retail Store",Office,273812.0,Retail Store,12102.0,,,43.0,25567108.0,False,182.14,0.63,Multi-usages,7,0.0,1.0,1,2
2016,NonResidential,Small- and Mid-Sized Office,2,GREATER DUWAMISH,47.59202,-122.33486,1914,1.0,2,64512,0,64512,Office,Office,63000.0,,,,,53.0,5968153.5,False,180.76,2.8,Mono-usage,102,0.0,1.0,0,1
2016,NonResidential,Mixed Use Property,2,GREATER DUWAMISH,47.58924,-122.33566,2009,1.0,6,286000,111774,174226,"Distribution Center, Office, Other, Other - Recreation, Parking",Parking,111774.0,Office,108747.0,Other,49271.0,,63835192.0,False,445.62,1.56,Multi-usages,7,0.3908181818181818,0.6091818181818182,1,5
2016,NonResidential,Warehouse,2,GREATER DUWAMISH,47.58365,-122.33467,1926,1.0,7,144050,0,144050,Non-Refrigerated Warehouse,Non-Refrigerated Warehouse,144050.0,,,,,26.0,3929371.0,False,98.43,0.68,Mono-usage,90,0.0,1.0,0,1
2016,NonResidential,Small- and Mid-Sized Office,2,GREATER DUWAMISH,47.58252,-122.33465,1930,1.0,3,60592,0,60592,Office,Office,60384.0,,,,,16.0,5049446.5,False,47.25,0.78,Mono-usage,86,0.0,1.0,0,1
2016,NonResidential,Large Office,2,GREATER DUWAMISH,47.58181,-122.33534,1912,0.0,6,1380959,0,1380959,"Non-Refrigerated Warehouse, Office, Retail Store",Office,1000730.0,Retail Store,281296.0,Non-Refrigerated Warehouse,220303.0,79.0,74130576.0,False,810.7,0.59,Multi-usages,104,0.0,1.0,1,3
2016,NonResidential,Retail Store,2,GREATER DUWAMISH,47.57842,-122.33558,1993,1.0,1,107930,0,107930,Retail Store,Retail Store,107704.0,,,,,57.0,7221482.5,False,100.42,0.93,Mono-usage,23,0.0,1.0,0,1
2016,NonResidential,Warehouse,2,GREATER DUWAMISH,47.57096,-122.3355,1926,1.0,1,99084,0,99084,Non-Refrigerated Warehouse,Non-Refrigerated Warehouse,99084.0,,,,,83.0,1618110.375,False,49.25,0.5,Mono-usage,90,0.0,1.0,0,1
2016,NonResidential,Distribution Center,1,Delridge,47.56676,-122.35247,1953,1.0,1,72719,0,72719,Distribution Center,Distribution Center,72719.0,,,,,28.0,2581741.75,False,42.74,0.59,Mono-usage,63,0.0,1.0,0,1
2016,NonResidential,Small- and Mid-Sized Office,3,EAST,47.59534849,-122.327269,1930,0.0,4,76624,0,76624,Office,Office,76624.0,,,,,91.0,2773647.5,False,33.41,0.44,Mono-usage,86,0.0,1.0,0,1
2016,NonResidential,Small- and Mid-Sized Office,4,NORTHEAST,47.66158,-122.31625,2001,1.0,6,91706,36583,55123,"Office, Other, Parking",Office,53281.0,Parking,34701.0,Other,3724.0,2.0,8570571.0,False,59.75,0.65,Multi-usages,15,0.3989161014546485,0.6010838985453515,1,3
2016,NonResidential,Medical Office,7,LAKE UNION,47.62395,-122.33392,2008,1.0,5,129093,39902,89191,"Medical Office, Other, Parking",Medical Office,89131.0,Parking,37652.0,Other,5615.0,6.0,19248732.0,False,477.85,3.7,Multi-usages,8,0.3090949935317949,0.6909050064682051,1,3
2016,NonResidential,Large Office,1,DELRIDGE,47.56787,-122.36419,1991,1.0,5,138106,16221,121885,"Office, Parking",Office,119083.0,Parking,16221.0,,,41.0,8381834.5,False,58.43,0.42,Multi-usages,25,0.1174532605390062,0.8825467394609937,1,2
2016,NonResidential,Retail Store,2,GREATER DUWAMISH,47.56664,-122.32346,1973,1.0,1,56572,0,56572,Retail Store,Retail Store,56576.0,,,,,66.0,2409429.0,False,67.29,1.19,Mono-usage,43,0.0,1.0,0,1
2016,Multifamily MR (5-9),Mid-Rise Multifamily,7,DOWNTOWN,47.60138,-122.32997,2002,1.0,6,117950,11210,106740,"Multifamily Housing, Other - Lodging/Residential, Parking",Multifamily Housing,117950.0,,,,,55.0,3187950.75,False,25.3,0.21,Mono-usage,14,0.0950402713013989,0.9049597286986012,1,3
2016,NonResidential,Medical Office,3,EAST,47.60979,-122.32298,2004,1.0,0,225982,0,225982,Medical Office,Medical Office,200184.0,,,,,53.0,20560622.0,False,692.12,3.06,Mono-usage,12,0.0,1.0,0,1
2016,NonResidential,Mixed Use Property,7,DOWNTOWN,47.61783,-122.33729,2006,0.0,0,516407,0,516407,"Financial Office, Hotel, Multifamily Housing, Other, Parking, Restaurant, Supermarket/Grocery Store",Parking,385196.0,Multifamily Housing,340236.0,Hotel,67627.0,31.0,39403320.0,False,734.72,1.42,Multi-usages,10,0.0,1.0,1,7
2016,NonResidential,Large Office,2,DOWNTOWN,47.59794,-122.32767,2000,1.0,11,312512,0,312512,"Data Center, Office, Restaurant",Office,303312.0,Data Center,4738.0,Restaurant,4462.0,,25747022.0,False,185.39,0.59,Multi-usages,16,0.0,1.0,1,3
2016,NonResidential,Large Office,7,DOWNTOWN,47.6074,-122.33777,2005,1.0,42,1592914,0,1592914,"Data Center, Financial Office, Office, Parking, Restaurant",Office,914832.0,Parking,348788.0,Financial Office,303910.0,97.0,56498868.0,False,481.06,0.3,Multi-usages,11,0.0,1.0,1,5
2016,NonResidential,Small- and Mid-Sized Office,7,DOWNTOWN,47.61077,-122.3361,1926,1.0,6,97720,0,97720,"Data Center, Office, Retail Store",Office,51881.0,Data Center,11999.0,Retail Store,9713.0,,2478025.25,False,17.28,0.18,Multi-usages,90,0.0,1.0,1,3
2016,NonResidential,Medical Office,3,EAST,47.61002,-122.32222,1985,1.0,10,422503,206580,215923,Medical Office,Medical Office,197408.0,,,,,46.0,17254810.0,False,190.1,0.45,Mono-usage,31,0.4889432737755708,0.5110567262244292,0,1
2016,NonResidential,Medical Office,3,CENTRAL,47.60649,-122.31121,1987,1.0,7,94500,0,94500,Medical Office,Medical Office,113739.0,,,,,68.0,5792926.0,False,40.38,0.43,Mono-usage,29,0.0,1.0,0,1
2016,NonResidential,Retail Store,1,DELRIDGE,47.53655,-122.36377,2005,0.0,1,94713,0,94713,Retail Store,Retail Store,109758.0,,,,,79.0,5417598.0,False,94.74,1.0,Mono-usage,11,0.0,1.0,0,1
2016,NonResidential,Medical Office,7,EAST,47.60707,-122.3288,2008,1.0,9,302902,101342,201560,"Medical Office, Parking",Medical Office,201365.0,Parking,86270.0,,,58.0,14751117.0,False,130.32,0.43,Multi-usages,8,0.3345702570468336,0.6654297429531664,1,2
2016,NonResidential,Medical Office,3,EAST,47.60883,-122.32494,1973,1.0,19,319911,156407,163504,"Medical Office, Parking",Medical Office,170727.0,Parking,69171.0,,,50.0,15067340.0,False,357.39,1.12,Multi-usages,43,0.4889078524964755,0.5110921475035244,1,2
2016,NonResidential,Large Office,7,DOWNTOWN,47.60353,-122.33558,1900,1.0,6,205521,0,205521,"Office, Retail Store",Office,114919.0,Retail Store,28643.0,,,94.0,8138616.5,False,282.46,1.37,Multi-usages,116,0.0,1.0,1,2
2016,NonResidential,Small- and Mid-Sized Office,7,DOWNTOWN,47.60197,-122.33437,1900,1.0,6,56700,0,56700,"Office, Retail Store",Office,46000.0,Retail Store,10500.0,,,55.0,3065954.5,False,21.37,0.38,Multi-usages,116,0.0,1.0,1,2
2016,NonResidential,Small- and Mid-Sized Office,2,GREATER DUWAMISH,47.59554,-122.32471,1925,1.0,4,72000,0,72000,Office,Office,72000.0,,,,,89.0,2729167.75,False,23.48,0.33,Mono-usage,91,0.0,1.0,0,1
2016,NonResidential,Large Office,7,MAGNOLIA / QUEEN ANNE,47.63347,-122.34078,2000,1.0,4,191146,94892,96254,"Office, Parking",Office,103000.0,Parking,80000.0,,,93.0,5101504.5,False,35.56,0.19,Multi-usages,16,0.49643727831082,0.50356272168918,1,2
2016,NonResidential,Other,1,DELRIDGE,47.56797,-122.36711,2001,1.0,3,68763,11527,57236,"Other - Recreation, Parking, Swimming Pool",Other - Recreation,50000.0,Parking,11527.0,Swimming Pool,0.0,,9029489.0,False,310.19,4.51,Multi-usages,15,0.1676337565260387,0.8323662434739613,1,3
2016,NonResidential,Other,2,SOUTHEAST,47.56961,-122.28881,1994,3.0,1,102133,0,102133,"Parking, Strip Mall",Strip Mall,107427.0,Parking,0.0,,,,20725996.0,False,530.62,5.2,Multi-usages,22,0.0,1.0,1,2
2016,Multifamily HR (10+),High-Rise Multifamily,7,DOWNTOWN,47.61534,-122.34844,1989,1.0,26,358176,81679,276497,"Medical Office, Multifamily Housing, Office, Other, Parking",Multifamily Housing,198911.0,Parking,81769.0,Office,59371.0,85.0,8393893.0,False,58.52,0.16,Multi-usages,27,0.2280415214866434,0.7719584785133565,1,5
2016,NonResidential,Large Office,7,DOWNTOWN,47.61567,-122.33503,2008,1.0,14,362046,0,362046,"Office, Other, Parking",Office,232443.0,Parking,97874.0,Other,3534.0,86.0,15725581.0,False,116.95,0.32,Multi-usages,8,0.0,1.0,1,3
2016,Multifamily MR (5-9),Mid-Rise Multifamily,2,DOWNTOWN,47.59625,-122.32283,2002,1.0,5,228288,32295,195993,"Library, Multifamily Housing, Office, Other - Entertainment/Public Assembly, Parking, Restaurant",Multifamily Housing,80298.0,Parking,29050.0,Other - Entertainment/Public Assembly,16116.0,,5974993.5,False,13.71,0.06,Multi-usages,14,0.1414660428931875,0.8585339571068125,1,6
2016,NonResidential,Other,7,MAGNOLIA / QUEEN ANNE,47.62476,-122.35521,1994,3.0,2,81336,0,81336,Lifestyle Center,Lifestyle Center,81385.0,,,,,,13085297.0,False,270.17,3.32,Mono-usage,22,0.0,1.0,0,1
2016,NonResidential,Large Office,7,DOWNTOWN,47.6115,-122.33278,2001,1.0,23,538933,0,538933,"Office, Parking",Office,366554.0,Parking,122821.0,,,90.0,16020642.0,False,111.69,0.21,Multi-usages,15,0.0,1.0,1,2
2016,Multifamily HR (10+),High-Rise Multifamily,7,DOWNTOWN,47.6103,-122.33879,1929,1.0,13,99470,0,99470,"Multifamily Housing, Parking, Retail Store",Multifamily Housing,79470.0,Parking,11000.0,Retail Store,9000.0,,6136327.5,False,138.39,1.39,Multi-usages,87,0.0,1.0,1,3
2016,NonResidential,Other,7,DOWNTOWN,47.61234,-122.34897,1983,1.0,6,275982,197130,78852,"Office, Parking",Parking,197040.0,Office,78852.0,,,,5233553.5,False,36.49,0.13,Multi-usages,33,0.7142857142857143,0.2857142857142857,1,2
2016,NonResidential,Small- and Mid-Sized Office,7,MAGNOLIA / QUEEN ANNE,47.62497,-122.35965,1982,1.0,5,98668,0,98668,Office,Office,98668.0,,,,,91.0,4391348.0,False,30.61,0.31,Mono-usage,34,0.0,1.0,0,1
2016,NonResidential,Large Office,2,GREATER DUWAMISH,47.57639,-122.32072,2007,1.0,1,158931,28381,130550,"Multifamily Housing, Non-Refrigerated Warehouse, Office, Parking",Office,80157.0,Multifamily Housing,34302.0,Parking,26937.0,12.0,8751704.0,False,98.54,0.62,Multi-usages,9,0.178574349875103,0.821425650124897,1,4
2016,NonResidential,Large Office,7,MAGNOLIA / QUEEN ANNE,47.65692,-122.37059,1978,1.0,1,105100,0,105100,Office,Office,105100.0,,,,,1.0,22078064.0,False,357.86,3.4,Mono-usage,38,0.0,1.0,0,1
2016,NonResidential,Supermarket / Grocery Store,7,MAGNOLIA / QUEEN ANNE,47.63718,-122.37734,2008,1.0,1,57176,0,57176,"Personal Services (Health/Beauty, Dry Cleaning, etc), Retail Store, Supermarket/Grocery Store",Supermarket/Grocery Store,39500.0,Retail Store,15000.0,"Personal Services (Health/Beauty, Dry Cleaning, etc)",5500.0,31.0,12525174.0,False,0.0,0.0,Multi-usages,8,0.0,1.0,1,5
2016,NonResidential,Retail Store,7,MAGNOLIA / QUEEN ANNE,47.63284,-122.37712,1978,1.0,1,50660,0,50660,Retail Store,Retail Store,50660.0,,,,,51.0,2661488.0,False,60.7,1.2,Mono-usage,38,0.0,1.0,0,1
2016,NonResidential,Small- and Mid-Sized Office,7,MAGNOLIA / QUEEN ANNE,47.63156,-122.37551,1937,1.0,2,61929,0,61929,Office,Office,39879.0,,,,,59.0,2203026.5,False,55.73,0.9,Mono-usage,79,0.0,1.0,0,1
2016,NonResidential,Large Office,7,MAGNOLIA / QUEEN ANNE,47.62302,-122.36476,2000,1.0,4,165111,55000,110111,"Data Center, Office, Parking",Office,104667.0,Parking,55000.0,Data Center,5444.0,1.0,25478086.0,False,177.62,1.08,Multi-usages,16,0.33310924166167,0.66689075833833,1,3
2016,NonResidential,Large Office,7,MAGNOLIA / QUEEN ANNE,47.62235,-122.36378,2000,1.0,4,129551,42500,87051,"Data Center, Office, Parking",Office,82273.0,Parking,42500.0,Data Center,4778.0,1.0,27137190.0,False,189.18,1.46,Multi-usages,16,0.3280561323339843,0.6719438676660157,1,3
2016,NonResidential,Small- and Mid-Sized Office,7,DOWNTOWN,47.61588,-122.34965,1925,1.0,3,20565,0,20565,Office,Office,20565.0,,,,,65.0,802312.5,False,5.59,0.27,Mono-usage,91,0.0,1.0,0,1
2016,NonResidential,Large Office,7,MAGNOLIA / QUEEN ANNE,47.62175,-122.36313,2000,1.0,5,159937,55971,103966,"Office, Parking",Office,106449.0,Parking,50258.0,,,63.0,7857972.5,False,54.78,0.34,Multi-usages,16,0.3499565453897472,0.6500434546102528,1,2
2016,NonResidential,Large Office,7,MAGNOLIA / QUEEN ANNE,47.62101,-122.36188,2008,1.0,5,183964,46763,137201,"Data Center, Office, Parking",Office,133451.0,Parking,46763.0,Data Center,3750.0,56.0,14856199.0,False,103.57,0.56,Multi-usages,8,0.2541964732230219,0.7458035267769781,1,3
2016,NonResidential,Large Office,7,MAGNOLIA / QUEEN ANNE,47.61891,-122.35958,1986,1.0,5,208210,78848,129362,"Office, Parking",Office,109978.0,Parking,78848.0,,,95.0,5514308.5,False,116.74,0.56,Multi-usages,30,0.3786945871956198,0.6213054128043802,1,2
2016,NonResidential,Large Office,7,DOWNTOWN,47.61813,-122.35833,1986,1.0,7,277486,80283,197203,"Office, Other, Parking",Office,178625.0,Parking,87624.0,Other,14653.0,63.0,12729858.0,False,88.74,0.32,Multi-usages,30,0.2893227045688791,0.7106772954311209,1,3
2016,NonResidential,Large Office,7,DOWNTOWN,47.614,-122.35375,1993,1.0,3,187130,0,187130,"Non-Refrigerated Warehouse, Office, Other, Other - Recreation, Other - Services, Restaurant",Office,171783.0,Non-Refrigerated Warehouse,9581.0,Other - Recreation,4413.0,77.0,10053489.0,False,70.09,0.37,Multi-usages,23,0.0,1.0,1,6
2016,NonResidential,Large Office,7,DOWNTOWN,47.61287,-122.35022,2000,1.0,5,251044,117867,133177,"Data Center, Office",Office,126218.0,Data Center,12717.0,,,99.0,17186624.0,False,119.81,0.48,Multi-usages,16,0.469507337359188,0.530492662640812,1,2
2016,NonResidential,Warehouse,7,DOWNTOWN,47.60703,-122.34038,1912,1.0,5,154330,0,154330,Non-Refrigerated Warehouse,Non-Refrigerated Warehouse,95330.0,,,,,81.0,1262235.25,False,8.8,0.06,Mono-usage,104,0.0,1.0,0,1
2016,NonResidential,Large Office,7,DOWNTOWN,47.60604,-122.33948,1918,1.0,6,108245,14690,93555,"Adult Education, Fitness Center/Health Club/Gym, Office, Other - Restaurant/Bar, Parking, Retail Store",Office,64055.0,Adult Education,14621.0,Parking,12359.0,,4515180.5,False,50.17,0.46,Multi-usages,98,0.1357106563813571,0.8642893436186428,1,6
2016,NonResidential,Large Office,7,DOWNTOWN,47.6047,-122.33739,1905,1.0,6,167860,0,167860,"Data Center, Office, Retail Store",Office,110370.0,Retail Store,19801.0,Data Center,634.0,70.0,6797647.0,False,47.39,0.28,Multi-usages,111,0.0,1.0,1,3
2016,NonResidential,Large Office,7,DOWNTOWN,47.60247,-122.33621,1910,1.0,6,112560,0,112560,"Office, Retail Store",Office,80400.0,Retail Store,16080.0,,,86.0,4946798.5,False,97.82,0.87,Multi-usages,106,0.0,1.0,1,2
2016,NonResidential,Retail Store,7,DOWNTOWN,47.60223,-122.33602,1910,1.0,6,86204,0,86204,Retail Store,Other,67670.0,Retail Store,13534.0,,,89.0,3241917.0,False,69.02,0.8,Multi-usages,106,0.0,1.0,0,1
2016,Nonresidential COS,Warehouse,2,GREATER DUWAMISH,47.5829,-122.32417,1985,1.0,2,145158,0,145158,"Non-Refrigerated Warehouse, Office, Other",Non-Refrigerated Warehouse,101633.0,Office,48544.0,Other,10270.0,51.0,8384523.0,False,119.46,0.82,Multi-usages,31,0.0,1.0,1,3
2016,NonResidential,Large Office,2,GREATER DUWAMISH,47.58716,-122.32214,1951,1.0,2,112896,0,112896,"Office, Parking",Office,110746.0,Parking,57500.0,,,66.0,10287986.0,False,157.48,1.39,Multi-usages,65,0.0,1.0,1,2
2016,NonResidential,Distribution Center,2,GREATER DUWAMISH,47.58685,-122.32501,1960,1.0,1,110613,0,110613,"Distribution Center, Office",Distribution Center,99551.0,Office,11061.0,,,95.0,1015060.188,False,7.08,0.06,Multi-usages,56,0.0,1.0,1,2
2016,NonResidential,Warehouse,2,GREATER DUWAMISH,47.58553,-122.32511,1951,1.0,4,149881,0,149881,"Non-Refrigerated Warehouse, Office",Non-Refrigerated Warehouse,119593.0,Office,30288.0,,,97.0,2417401.25,False,95.86,0.64,Multi-usages,65,0.0,1.0,1,2
2016,NonResidential,Warehouse,2,GREATER DUWAMISH,47.58042,-122.32552,1951,1.0,3,98220,0,98220,Non-Refrigerated Warehouse,Non-Refrigerated Warehouse,129420.0,,,,,12.0,6468090.0,False,75.29,0.77,Mono-usage,65,0.0,1.0,0,1
2016,NonResidential,Distribution Center,2,GREATER DUWAMISH,47.58096,-122.32313,1970,1.0,1,84420,0,84420,"Distribution Center, Office, Retail Store",Distribution Center,44300.0,Office,24838.0,Retail Store,12349.0,55.0,2848317.25,False,19.86,0.24,Multi-usages,46,0.0,1.0,1,3
2016,NonResidential,Distribution Center,2,GREATER DUWAMISH,47.57055,-122.3267,1961,1.0,1,73335,0,73335,"Distribution Center, Parking",Distribution Center,73335.0,Parking,0.0,,,,5197118.0,False,155.74,2.12,Multi-usages,55,0.0,1.0,1,2
2016,NonResidential,Distribution Center,2,GREATER DUWAMISH,47.5794,-122.32848,1928,1.0,2,56876,0,56876,"Distribution Center, Office, Retail Store",Distribution Center,48400.0,Office,4276.0,Retail Store,4200.0,,1791715.625,False,48.5,0.85,Multi-usages,88,0.0,1.0,1,3
2016,NonResidential,Warehouse,2,GREATER DUWAMISH,47.58241,-122.32866,1931,1.0,2,61200,0,61200,Non-Refrigerated Warehouse,Non-Refrigerated Warehouse,61200.0,,,,,16.0,4912143.0,False,178.62,2.92,Mono-usage,85,0.0,1.0,0,1
2016,NonResidential,Distribution Center,2,GREATER DUWAMISH,47.58772,-122.32686,1987,1.0,1,111908,0,111908,Distribution Center,Distribution Center,109090.0,,,,,87.0,1555420.25,False,34.14,0.31,Mono-usage,29,0.0,1.0,0,1
2016,NonResidential,Other,2,GREATER DUWAMISH,47.5908,-122.32828,1986,3.0,2,63644,0,63644,"Other - Public Services, Parking",Other - Public Services,65700.0,Parking,0.0,,,,6858533.5,False,168.5,2.65,Multi-usages,30,0.0,1.0,1,2
2016,NonResidential,Mixed Use Property,2,GREATER DUWAMISH,47.59439,-122.32839,1930,3.0,2,108753,18860,89893,"Multifamily Housing, Non-Refrigerated Warehouse, Office, Parking, Retail Store, Worship Facility",Non-Refrigerated Warehouse,58605.0,Multifamily Housing,24338.0,Retail Store,18864.0,,3639670.25,False,25.37,0.23,Multi-usages,86,0.1734205033424365,0.8265794966575635,1,6
2016,NonResidential,Supermarket / Grocery Store,6,NORTHWEST,47.69197,-122.35877,1970,1.0,1,141890,35545,106345,"Parking, Supermarket/Grocery Store",Supermarket/Grocery Store,168735.0,Parking,0.0,Parking,0.0,91.0,16865978.0,False,293.56,2.07,Multi-usages,46,0.2505109591937416,0.7494890408062583,1,2
2016,NonResidential,Small- and Mid-Sized Office,6,BALLARD,47.6633,-122.37549,2001,1.0,4,92092,21055,71037,Office,Office,70074.0,,,,,5.0,4817062.0,False,33.58,0.36,Mono-usage,15,0.2286300655865873,0.7713699344134127,0,1
2016,NonResidential,Warehouse,7,MAGNOLIA / QUEEN ANNE,47.6592,-122.38437,1974,0.0,3,56259,0,56259,"Non-Refrigerated Warehouse, Office, Retail Store",Non-Refrigerated Warehouse,31582.0,Retail Store,20962.0,Office,3715.0,,2346571.5,False,86.9,1.54,Multi-usages,42,0.0,1.0,1,3
2016,NonResidential,Other,4,NORTHEAST,47.65529,-122.32133,2006,1.0,6,143439,0,143439,"Other, Parking",Other,119570.0,Parking,23869.0,,,,25631512.0,False,710.7,4.95,Multi-usages,10,0.0,1.0,1,2
2016,NonResidential,Large Office,6,LAKE UNION,47.64912,-122.34823,2008,1.0,4,202623,88855,113768,"Fitness Center/Health Club/Gym, Office, Parking",Office,105206.0,Parking,31992.0,Fitness Center/Health Club/Gym,6374.0,73.0,8873485.0,False,61.86,0.31,Multi-usages,8,0.4385237608761098,0.5614762391238902,1,3
2016,NonResidential,Small- and Mid-Sized Office,6,LAKE UNION,47.64932,-122.35187,2000,1.0,2,77174,25800,51374,Office,Office,77174.0,,,,,33.0,5481549.0,False,38.21,0.5,Mono-usage,16,0.3343094824681887,0.6656905175318112,0,1
2016,NonResidential,Large Office,7,MAGNOLIA / QUEEN ANNE,47.62817,-122.34212,1998,1.0,5,110524,0,110524,"Office, Other, Parking",Office,98781.0,Other,8634.0,Parking,0.0,57.0,6859198.0,False,47.82,0.43,Multi-usages,18,0.0,1.0,1,3
2016,NonResidential,Mixed Use Property,3,LAKE UNION,47.6289,-122.32877,2008,1.0,5,287224,103650,183574,"Data Center, Office, Other, Parking",Parking,97500.0,Office,88051.0,Other,54106.0,,21042926.0,False,314.43,1.09,Multi-usages,8,0.3608681725761078,0.6391318274238922,1,4
2016,NonResidential,Laboratory,3,LAKE UNION,47.63079,-122.32693,1999,1.0,4,115748,18382,97366,Laboratory,Laboratory,97365.0,,,,,,36436388.0,False,1154.79,9.98,Mono-usage,17,0.1588105194042229,0.841189480595777,0,1
2016,NonResidential,Large Office,7,MAGNOLIA / QUEEN ANNE,47.62225,-122.35915,2000,1.0,7,241875,84689,157186,"Office, Parking",Office,163082.0,Parking,83425.0,,,88.0,8655604.0,False,68.06,0.28,Multi-usages,16,0.3501354005167958,0.6498645994832042,1,2
2016,NonResidential,Large Office,7,MAGNOLIA / QUEEN ANNE,47.61949,-122.35639,1974,1.0,5,102930,18720,84210,"Office, Parking",Office,89075.0,Parking,15164.0,,,85.0,4750799.0,False,65.03,0.63,Multi-usages,42,0.1818711745846692,0.8181288254153308,1,2
2016,NonResidential,Small- and Mid-Sized Office,7,DOWNTOWN,47.61472,-122.35566,1902,1.0,3,76893,0,76893,"Office, Parking, Retail Store",Office,90345.0,Parking,33380.0,Retail Store,15845.0,,12029600.0,False,260.13,3.38,Multi-usages,114,0.0,1.0,1,3
2016,NonResidential,Large Office,7,DOWNTOWN,47.61732,-122.34791,1975,1.0,8,150000,23630,126370,"Office, Parking",Office,126648.0,Parking,23913.0,,,65.0,9343428.0,False,119.93,0.8,Multi-usages,41,0.1575333333333333,0.8424666666666667,1,2
2016,NonResidential,Large Office,7,DOWNTOWN,47.61628,-122.33391,1953,1.0,7,274362,0,274362,Office,Office,274362.0,,,,,82.0,16540550.0,False,147.82,0.54,Mono-usage,63,0.0,1.0,0,1
2016,NonResidential,Large Office,7,DOWNTOWN,47.61599,-122.34165,1983,1.0,15,378002,116280,261722,"Office, Parking",Office,270237.0,Parking,71602.0,,,85.0,17750994.0,False,246.83,0.65,Multi-usages,33,0.3076174200136507,0.6923825799863493,1,2
2016,NonResidential,Large Office,7,DOWNTOWN,47.61481,-122.33969,1963,1.0,11,169020,0,169020,"Bar/Nightclub, Office, Personal Services (Health/Beauty, Dry Cleaning, etc)",Office,156414.0,Bar/Nightclub,10337.0,"Personal Services (Health/Beauty, Dry Cleaning, etc)",8208.0,83.0,11480494.0,False,346.62,2.05,Multi-usages,53,0.0,1.0,1,5
2016,NonResidential,Other,7,DOWNTOWN,47.61438,-122.33871,1981,1.0,33,429405,0,429405,"Data Center, Office",Data Center,218997.0,Office,210409.0,,,98.0,274682208.0,False,1921.82,4.48,Multi-usages,35,0.0,1.0,1,2
2016,NonResidential,Large Office,7,DOWNTOWN,47.60454,-122.33072,1985,1.0,76,1952220,319400,1632820,"Office, Parking",Office,1680937.0,Parking,319368.0,,,86.0,92937640.0,False,882.56,0.45,Multi-usages,31,0.1636086096853838,0.8363913903146162,1,2
2016,NonResidential,Large Office,7,DOWNTOWN,47.61418,-122.33485,1981,1.0,19,383515,89778,293737,"Medical Office, Office, Parking",Office,312442.0,Parking,84800.0,Medical Office,18799.0,90.0,15878689.0,False,110.7,0.29,Multi-usages,35,0.2340925387533734,0.7659074612466266,1,3
2016,NonResidential,Medical Office,7,DOWNTOWN,47.6129,-122.33684,1925,1.0,18,363934,28870,335064,"Medical Office, Parking, Retail Store",Medical Office,281598.0,Parking,27597.0,Retail Store,21519.0,68.0,22104512.0,False,582.28,1.6,Multi-usages,91,0.079327570383641,0.920672429616359,1,3
2016,NonResidential,Retail Store,7,DOWNTOWN,47.61203,-122.33486,1929,1.0,4,78920,0,78920,Retail Store,Retail Store,78920.0,,,,,80.0,8303666.5,False,109.85,1.39,Mono-usage,87,0.0,1.0,0,1
2016,NonResidential,Large Office,7,DOWNTOWN,47.61051,-122.34439,1979,1.0,7,131143,87160,43983,"Office, Retail Store",Office,120248.0,Retail Store,10853.0,,,93.0,5177270.5,False,109.16,0.83,Multi-usages,37,0.6646180123986793,0.3353819876013207,1,2
2016,NonResidential,Other,7,DOWNTOWN,47.61289,-122.33531,1999,1.0,0,947987,0,947987,"Office, Other - Entertainment/Public Assembly, Other - Mall, Restaurant",Other - Mall,561684.0,Other - Entertainment/Public Assembly,100000.0,Restaurant,80000.0,,46510960.0,False,324.25,0.34,Multi-usages,17,0.0,1.0,1,4
2016,NonResidential,Mixed Use Property,3,EAST,47.61505,-122.32,1908,1.0,4,55520,0,55520,"Office, Performing Arts, Restaurant, Retail Store, Self-Storage Facility",Office,17120.0,Performing Arts,15300.0,Self-Storage Facility,13400.0,,3686962.25,False,150.88,2.72,Multi-usages,108,0.0,1.0,1,5
2016,NonResidential,Large Office,7,DOWNTOWN,47.61036,-122.34037,1908,1.0,10,132998,0,132998,"Office, Retail Store",Office,138257.0,Retail Store,0.0,,,97.0,3775187.5,False,133.8,1.01,Multi-usages,108,0.0,1.0,1,2
2016,NonResidential,Retail Store,7,DOWNTOWN,47.60956,-122.33715,1940,1.0,3,83118,0,83118,Retail Store,Retail Store,45000.0,,,,,59.0,2443141.5,False,27.82,0.33,Mono-usage,76,0.0,1.0,0,1
2016,NonResidential,Retail Store,7,DOWNTOWN,47.60925,-122.33734,1924,1.0,3,77555,0,77555,Retail Store,Retail Store,73563.0,,,,,39.0,7802205.5,False,54.4,0.7,Mono-usage,92,0.0,1.0,0,1
2016,NonResidential,Small- and Mid-Sized Office,7,DOWNTOWN,47.60765,-122.34097,1909,1.0,6,51218,0,51218,"Office, Restaurant",Office,44913.0,Restaurant,7044.0,,,57.0,2886141.5,False,20.12,0.39,Multi-usages,107,0.0,1.0,1,2
2016,NonResidential,Large Office,7,DOWNTOWN,47.60765,-122.3348,1970,1.0,29,489182,0,489182,"Office, Other - Restaurant/Bar, Other - Technology/Science, Parking",Office,371450.0,Parking,65451.0,Other - Technology/Science,9295.0,43.0,36378588.0,False,426.39,0.87,Multi-usages,46,0.0,1.0,1,4
2016,NonResidential,Large Office,7,DOWNTOWN,47.60769,-122.33544,1929,1.0,27,216571,13320,203251,"Office, Other - Technology/Science, Parking",Office,182604.0,Parking,13320.0,Other - Technology/Science,6246.0,62.0,16246106.0,False,639.72,2.95,Multi-usages,87,0.061504079493561,0.938495920506439,1,3
2016,NonResidential,Large Office,7,DOWNTOWN,47.60741,-122.33565,1921,1.0,13,189175,0,189175,"Office, Other",Office,151740.0,Other,12645.0,,,13.0,19036416.0,False,132.71,0.7,Multi-usages,95,0.0,1.0,1,2
2016,NonResidential,Large Office,7,DOWNTOWN,47.60582,-122.33464,1998,1.0,13,293803,74481,219322,"Office, Parking",Office,145491.0,Parking,70603.0,,,25.0,17074142.0,False,119.03,0.41,Multi-usages,18,0.2535066013621372,0.7464933986378628,1,2
2016,NonResidential,Large Office,7,DOWNTOWN,47.60576,-122.33922,1910,1.0,7,122356,0,122356,"Data Center, Office, Retail Store",Office,95942.0,Retail Store,15523.0,Data Center,182.0,91.0,4585070.5,False,41.8,0.34,Multi-usages,106,0.0,1.0,1,3
2016,NonResidential,Small- and Mid-Sized Office,7,DOWNTOWN,47.60366,-122.33328,1921,1.0,3,52298,0,52298,Office,Office,50250.0,,,,,89.0,1968655.125,False,13.72,0.26,Mono-usage,95,0.0,1.0,0,1
2016,NonResidential,Large Office,7,DOWNTOWN,47.60304,-122.33362,1911,1.0,17,116640,0,116640,"Financial Office, Food Service, Office, Other",Office,82053.0,Financial Office,6561.0,Food Service,6333.0,75.0,6758565.5,False,169.06,1.45,Multi-usages,105,0.0,1.0,1,4
2016,NonResidential,Large Office,3,DOWNTOWN,47.60573,-122.33028,1981,1.0,42,1249055,201121,1047934,"Data Center, Medical Office, Office, Parking, Restaurant",Office,983697.0,Parking,296815.0,Medical Office,12941.0,95.0,37980712.0,False,264.78,0.21,Multi-usages,35,0.1610185300086865,0.8389814699913134,1,5
2016,NonResidential,Medical Office,3,EAST,47.60663,-122.32157,1988,1.0,5,188339,99314,89025,"Medical Office, Parking",Medical Office,81873.0,Parking,67000.0,,,15.0,8523594.0,False,89.41,0.47,Multi-usages,28,0.5273151073330536,0.4726848926669463,1,2
2016,NonResidential,University,3,CENTRAL,47.6094,-122.31506,1916,1.0,2,60122,0,60122,"College/University, Parking",College/University,60122.0,Parking,0.0,,,,690529.5,False,9.31,0.15,Multi-usages,100,0.0,1.0,1,2
2016,NonResidential,Small- and Mid-Sized Office,2,DOWNTOWN,47.5981,-122.33369,1910,1.0,6,95000,13700,81300,"Office, Parking",Office,84481.0,Parking,8474.0,,,83.0,4052720.0,False,31.43,0.33,Multi-usages,106,0.1442105263157894,0.8557894736842105,1,2
2016,NonResidential,Large Office,7,DOWNTOWN,47.6029,-122.32927,1971,1.0,9,224857,0,224857,Office,Office,204993.0,,,,,79.0,15272491.0,False,390.67,1.74,Mono-usage,45,0.0,1.0,0,1
2016,NonResidential,Large Office,2,DOWNTOWN,47.59878,-122.33088,1998,1.0,8,446261,124788,321473,"Office, Parking",Office,343400.0,Parking,114237.0,,,96.0,13568148.0,False,94.59,0.21,Multi-usages,18,0.2796300819475598,0.7203699180524402,1,2
2016,NonResidential,Other,2,GREATER DUWAMISH,47.59273,-122.33455,1939,1.0,2,58492,0,58492,Other,Other,58500.0,,,,,,1594422.5,False,51.56,0.88,Mono-usage,77,0.0,1.0,0,1
2016,NonResidential,Small- and Mid-Sized Office,2,GREATER DUWAMISH,47.58958,-122.33369,1907,1.0,6,62370,0,62370,"Office, Restaurant",Office,49473.0,Restaurant,10408.0,,,30.0,4353025.0,False,30.35,0.49,Multi-usages,109,0.0,1.0,1,2
2016,NonResidential,Warehouse,2,GREATER DUWAMISH,47.58454,-122.3269,1960,1.0,1,73296,0,73296,"Non-Refrigerated Warehouse, Parking",Non-Refrigerated Warehouse,77800.0,Parking,0.0,,,83.0,2356376.75,False,73.58,1.0,Multi-usages,56,0.0,1.0,1,2
2016,Nonresidential COS,Other,2,GREATER DUWAMISH,47.5829,-122.32417,1944,1.0,4,99122,0,99122,"Office, Other",Other,50036.0,Office,49086.0,,,,14469228.0,False,179.45,1.81,Multi-usages,72,0.0,1.0,1,2
2016,NonResidential,Other,2,GREATER DUWAMISH,47.58251,-122.32528,1985,1.0,1,66133,0,66133,"Non-Refrigerated Warehouse, Office, Other",Other,60787.0,Office,13805.0,Non-Refrigerated Warehouse,2408.0,,6345009.5,False,89.94,1.36,Multi-usages,31,0.0,1.0,1,3
2016,NonResidential,Warehouse,2,GREATER DUWAMISH,47.57613,-122.33864,1952,1.0,2,115668,0,115668,"Data Center, Non-Refrigerated Warehouse, Office, Retail Store",Non-Refrigerated Warehouse,101752.0,Office,8068.0,Retail Store,4270.0,,3534690.75,False,111.23,0.96,Multi-usages,64,0.0,1.0,1,4
2016,NonResidential,Other,2,GREATER DUWAMISH,47.56301,-122.32564,1970,1.0,1,141686,0,141686,Other,Other,152511.0,,,,,,6673138.0,False,46.52,0.33,Mono-usage,46,0.0,1.0,0,1
2016,NonResidential,Small- and Mid-Sized Office,2,GREATER DUWAMISH,47.55695,-122.33176,1950,1.0,1,93610,0,93610,"Data Center, Office",Office,101278.0,Data Center,502.0,,,95.0,6235947.0,False,152.28,1.63,Multi-usages,66,0.0,1.0,1,2
2016,NonResidential,Large Office,2,GREATER DUWAMISH,47.55238,-122.32762,1973,1.0,2,156188,0,156188,"Office, Parking",Office,141917.0,Parking,0.0,,,67.0,6843855.0,False,60.92,0.39,Multi-usages,43,0.0,1.0,1,2
2016,NonResidential,Warehouse,2,GREATER DUWAMISH,47.54923,-122.32446,1966,1.0,1,115620,0,115620,Non-Refrigerated Warehouse,Non-Refrigerated Warehouse,56900.0,,,,,11.0,1951856.25,False,13.61,0.12,Mono-usage,50,0.0,1.0,0,1
2016,NonResidential,Large Office,2,GREATER DUWAMISH,47.54699,-122.32882,1975,1.0,5,238148,0,238148,"Office, Parking",Office,245240.0,Parking,5616.0,Parking,5616.0,93.0,10775646.0,False,75.12,0.32,Multi-usages,41,0.0,1.0,1,2
2016,NonResidential,Distribution Center,2,GREATER DUWAMISH,47.54326,-122.33134,1969,1.0,1,71718,0,71718,Distribution Center,Distribution Center,71718.0,,,,,100.0,151754.2969,False,1.06,0.01,Mono-usage,47,0.0,1.0,0,1
2016,NonResidential,Warehouse,1,GREATER DUWAMISH,47.53628,-122.3329,1969,1.0,1,55450,0,55450,"Non-Refrigerated Warehouse, Office",Non-Refrigerated Warehouse,34206.0,Office,21244.0,,,31.0,4345698.0,False,131.64,2.37,Multi-usages,47,0.0,1.0,1,2
2016,NonResidential,Distribution Center,1,GREATER DUWAMISH,47.52549,-122.33064,1979,1.0,1,54880,0,54880,Distribution Center,Distribution Center,55000.0,,,,,32.0,2763597.0,False,89.53,1.63,Mono-usage,37,0.0,1.0,0,1
2016,NonResidential,Retail Store,1,DELRIDGE,47.52222,-122.36892,1992,1.0,1,102500,0,102500,"Parking, Retail Store",Retail Store,99471.0,Parking,0.0,,,81.0,7305474.0,False,158.55,1.55,Multi-usages,24,0.0,1.0,1,2
2016,NonResidential,Other,4,NORTHEAST,47.66478,-122.29804,2002,1.0,6,361398,272900,88498,"Non-Refrigerated Warehouse, Other, Parking, Retail Store",Parking,232685.0,Retail Store,63419.0,Non-Refrigerated Warehouse,15757.0,,8915523.0,False,119.92,0.33,Multi-usages,14,0.7551231606151667,0.2448768393848333,1,4
2016,NonResidential,Supermarket / Grocery Store,2,GREATER DUWAMISH,47.57903,-122.29982,1963,1.0,1,50785,0,50785,Supermarket/Grocery Store,Supermarket/Grocery Store,27382.0,,,,,57.0,7439009.0,False,195.43,3.85,Mono-usage,53,0.0,1.0,0,1
2016,NonResidential,Small- and Mid-Sized Office,1,Delridge,47.54103,-122.33766,1929,1.0,3,85126,0,85126,Office,Office,81526.0,,,,,1.0,37951708.0,False,166.13,1.95,Mono-usage,87,0.0,1.0,0,1
2016,NonResidential,Other,5,North,47.70911,-122.32529,2000,1.0,5,303255,19820,283435,"Other, Parking, Restaurant, Retail Store",Parking,321828.0,Retail Store,298043.0,Other,5636.0,,11077140.0,False,99.14,0.33,Multi-usages,16,0.0653575373860282,0.9346424626139718,1,4
2016,NonResidential,Distribution Center,2,GREATER DUWAMISH,47.56613,-122.33838,1986,1.0,1,411584,0,411584,"Distribution Center, Non-Refrigerated Warehouse, Refrigerated Warehouse",Distribution Center,288048.0,Non-Refrigerated Warehouse,83683.0,Refrigerated Warehouse,35760.0,43.0,15091579.0,False,455.39,1.11,Multi-usages,30,0.0,1.0,1,3
2016,NonResidential,Mixed Use Property,7,DOWNTOWN,47.59937,-122.33116,1902,1.0,4,73320,0,73320,"Non-Refrigerated Warehouse, Office, Retail Store",Non-Refrigerated Warehouse,27283.0,Office,23277.0,Retail Store,6540.0,,1141189.75,False,29.16,0.4,Multi-usages,114,0.0,1.0,1,3
2016,NonResidential,Large Office,7,MAGNOLIA / QUEEN ANNE,47.6252,-122.36737,2008,1.0,4,242686,100176,142510,"Office, Parking",Office,149081.0,Parking,76364.0,,,77.0,9683979.0,False,67.51,0.28,Multi-usages,8,0.4127803004705669,0.5872196995294331,1,2
2016,NonResidential,Small- and Mid-Sized Office,2,DOWNTOWN,47.5992,-122.33223,1900,1.0,6,95760,15840,79920,Office,Office,95760.0,,,,,83.0,5392617.5,False,74.45,0.78,Mono-usage,116,0.1654135338345864,0.8345864661654135,0,1
2016,NonResidential,Warehouse,2,GREATER DUWAMISH,47.56733,-122.3352,1946,1.0,1,179413,0,179413,Non-Refrigerated Warehouse,Non-Refrigerated Warehouse,178087.0,,,,,57.0,3459543.0,False,24.12,0.13,Mono-usage,70,0.0,1.0,0,1
2016,NonResidential,Warehouse,2,GREATER DUWAMISH,47.57513,-122.33739,1917,0.0,1,65288,0,65288,"Non-Refrigerated Warehouse, Office, Other - Services, Retail Store",Non-Refrigerated Warehouse,60000.0,Other - Services,5000.0,Retail Store,5000.0,,605971.1875,False,4.22,0.06,Multi-usages,99,0.0,1.0,1,4
2016,NonResidential,Warehouse,1,Delridge,47.5725,-122.3571,1966,1.0,1,170632,0,170632,"Non-Refrigerated Warehouse, Office",Non-Refrigerated Warehouse,164806.0,Office,5826.0,,,98.0,602245.0,False,4.2,0.02,Multi-usages,50,0.0,1.0,1,2
2016,NonResidential,Large Office,7,MAGNOLIA / QUEEN ANNE,47.63264,-122.34171,1994,1.0,10,381511,0,381511,"Office, Parking",Office,220033.0,Parking,168978.0,,,87.0,11410228.0,False,106.12,0.28,Multi-usages,22,0.0,1.0,1,2
2016,NonResidential,Large Office,3,DOWNTOWN,47.60214,-122.32726,2009,1.0,17,413264,138098,275166,"Office, Parking",Office,295494.0,Parking,94781.0,,,91.0,13631141.0,False,95.03,0.23,Multi-usages,7,0.3341641178520267,0.6658358821479732,1,2
2016,NonResidential,Mixed Use Property,4,NORTHEAST,47.6586,-122.3124,2009,1.0,6,122400,54300,68100,"Multifamily Housing, Office, Parking, Retail Store",Office,41624.0,Parking,33399.0,Multifamily Housing,20740.0,63.0,4865551.5,False,79.39,0.65,Multi-usages,7,0.4436274509803921,0.5563725490196079,1,4
2016,NonResidential,Retail Store,4,NORTHEAST,47.66246,-122.29898,1956,1.0,2,93803,0,93803,"Non-Refrigerated Warehouse, Other, Restaurant, Retail Store",Retail Store,85572.0,Restaurant,2950.0,Other,2500.0,,5453438.5,False,110.41,1.18,Multi-usages,60,0.0,1.0,1,4
2016,NonResidential,Warehouse,2,GREATER DUWAMISH,47.51304,-122.28394,1966,1.0,2,123000,0,123000,"Non-Refrigerated Warehouse, Office",Non-Refrigerated Warehouse,112484.0,Office,24433.0,,,47.0,3004271.0,False,20.94,0.17,Multi-usages,50,0.0,1.0,1,2
2016,NonResidential,Medical Office,3,EAST,47.6056366,-122.3214798,2003,1.0,5,275130,112980,162150,Medical Office,Medical Office,177748.0,,,,,70.0,9941308.0,False,69.3,0.25,Mono-usage,13,0.4106422418493076,0.5893577581506924,0,1
2016,NonResidential,Warehouse,2,GREATER DUWAMISH,47.51168,-122.28285,1978,1.0,1,60448,0,60448,"Non-Refrigerated Warehouse, Office",Non-Refrigerated Warehouse,52702.0,Office,7746.0,,,90.0,1052244.75,False,27.24,0.45,Multi-usages,38,0.0,1.0,1,2
2016,NonResidential,Hospital,3,EAST,47.608951,-122.322402,1994,7.0,14,1765970,0,1765970,"Hospital (General Medical & Surgical), Parking",Hospital (General Medical & Surgical),1639334.0,Parking,441551.0,,,54.0,291614432.0,False,12307.16,6.97,Multi-usages,22,0.0,1.0,1,2
2016,NonResidential,Other,7,MAGNOLIA / QUEEN ANNE,47.61915,-122.35871,1928,3.0,4,62600,0,62600,Other,Other,215197.0,,,,,,11147342.0,False,406.04,6.49,Mono-usage,88,0.0,1.0,0,1
2016,NonResidential,Mixed Use Property,3,EAST,47.60453796,-122.3203278,2004,1.0,4,77412,21612,55800,"Office, Other, Parking",Other,26400.0,Office,19200.0,Parking,17000.0,,2655387.5,False,20.85,0.27,Multi-usages,12,0.2791815222446132,0.7208184777553868,1,3
2016,NonResidential,Medical Office,3,EAST,47.60796711,-122.3195445,1990,1.0,5,289419,159157,130262,"Medical Office, Parking",Medical Office,146150.0,Parking,139000.0,,,59.0,12731388.0,False,133.5,0.46,Multi-usages,26,0.5499189756028457,0.4500810243971543,1,2
2016,NonResidential,Other,5,NORTH,47.6993,-122.32378,1987,1.0,5,90266,0,90266,Financial Office,Financial Office,87552.0,,,,,18.0,7771933.5,False,54.18,0.6,Mono-usage,29,0.0,1.0,0,1
2016,NonResidential,Warehouse,6,Ballard,47.6582,-122.36434,2004,1.0,4,87332,6458,80874,Non-Refrigerated Warehouse,Non-Refrigerated Warehouse,87332.0,,,,,87.0,1165598.875,False,14.49,0.17,Mono-usage,12,0.0739476938579214,0.9260523061420785,0,1
2016,NonResidential,Hotel,3,EAST,47.61210727,-122.3205972,2003,1.0,6,150545,50017,100528,"Hotel, Parking",Hotel,100528.0,Parking,50017.0,,,28.0,13410041.0,False,453.76,3.01,Multi-usages,13,0.3322395297087249,0.667760470291275,1,2
2016,NonResidential,Other,7,MAGNOLIA / QUEEN ANNE,47.62147,-122.34817,1999,1.0,5,141718,0,141718,"Other - Entertainment/Public Assembly, Restaurant",Other - Entertainment/Public Assembly,134197.0,Restaurant,5803.0,,,,19085174.0,False,341.23,2.41,Multi-usages,17,0.0,1.0,1,2
2016,NonResidential,Hotel,7,MAGNOLIA / QUEEN ANNE,47.62562,-122.35121,2008,1.0,5,111856,21273,90583,"Hotel, Parking, Restaurant, Swimming Pool",Hotel,92000.0,Parking,20000.0,Restaurant,4006.0,8.0,9444484.0,False,278.97,2.49,Multi-usages,8,0.1901820197396652,0.8098179802603347,1,4
2016,NonResidential,Warehouse,3,EAST,47.61818,-122.31728,1988,1.0,4,132828,0,132828,Non-Refrigerated Warehouse,Non-Refrigerated Warehouse,132828.0,,,,,83.0,1083729.625,False,7.56,0.06,Mono-usage,28,0.0,1.0,0,1
2016,NonResidential,Warehouse,1,DELRIDGE,47.53935,-122.34402,1970,1.0,1,70400,0,70400,"Non-Refrigerated Warehouse, Office",Non-Refrigerated Warehouse,58047.0,Office,12353.0,,,1.0,13962749.0,False,284.01,4.03,Multi-usages,46,0.0,1.0,1,2
2016,NonResidential,Retail Store,5,NORTHWEST,47.71417,-122.34256,1995,1.0,1,101830,0,101830,Retail Store,Retail Store,130767.0,,,,,60.0,10713006.0,False,295.12,2.9,Mono-usage,21,0.0,1.0,0,1
2016,NonResidential,University,3,CENTRAL,47.5997,-122.30364,1974,2.0,4,114000,0,114000,College/University,College/University,114000.0,,,,,,7575080.0,False,109.71,0.96,Mono-usage,42,0.0,1.0,0,1
2016,SPS-District K-12,Other,2,GREATER DUWAMISH,47.5805,-122.33032,2002,1.0,3,338063,0,338063,"Data Center, Non-Refrigerated Warehouse, Other, Refrigerated Warehouse, Repair Services (Vehicle, Shoe, Locksmith, etc), Restaurant",Other,180633.0,"Repair Services (Vehicle, Shoe, Locksmith, etc)",50000.0,Restaurant,50000.0,,20675922.0,False,259.49,0.77,Multi-usages,14,0.0,1.0,1,9
2016,NonResidential,Warehouse,1,SOUTHWEST,47.57311,-122.3601,1965,1.0,1,152365,0,152365,"Non-Refrigerated Warehouse, Office",Non-Refrigerated Warehouse,149293.0,Office,7858.0,,,88.0,1069749.75,False,13.07,0.09,Multi-usages,51,0.0,1.0,1,2
2016,NonResidential,Medical Office,3,CENTRAL,47.60705,-122.30966,1910,1.0,6,320946,0,320946,"Laboratory, Medical Office",Medical Office,236359.0,Laboratory,86298.0,,,57.0,25471308.0,False,189.85,0.59,Multi-usages,106,0.0,1.0,1,2
2016,NonResidential,Retail Store,2,GREATER DUWAMISH,47.54862,-122.32272,1958,1.0,1,74178,0,74178,Retail Store,Retail Store,74178.0,,,,,,5402181.0,False,134.82,1.82,Mono-usage,58,0.0,1.0,0,1
2016,NonResidential,Warehouse,5,NORTH,47.70799,-122.30185,1987,1.0,4,80360,0,80360,Non-Refrigerated Warehouse,Non-Refrigerated Warehouse,80360.0,,,,,96.0,686019.1875,False,16.27,0.2,Mono-usage,29,0.0,1.0,0,1
2016,SPS-District K-12,K-12 School,1,SOUTHWEST,47.5795,-122.38723,1950,1.0,1,61183,0,61183,K-12 School,K-12 School,62975.0,,,,,92.0,2424724.25,True,95.54,1.56,Mono-usage,66,0.0,1.0,0,1
2016,NonResidential,Supermarket / Grocery Store,3,EAST,47.61318,-122.32122,1996,1.0,3,119190,0,119190,Supermarket/Grocery Store,Supermarket/Grocery Store,46280.0,,,,,71.0,10077532.0,False,267.0,2.24,Mono-usage,20,0.0,1.0,0,1
2016,NonResidential,Other,2,GREATER DUWAMISH,47.59394,-122.32452,2008,1.0,2,51856,0,51856,"Automobile Dealership, Office",Automobile Dealership,48103.0,Office,3753.0,,,,1938613.125,False,13.51,0.26,Multi-usages,8,0.0,1.0,1,2
2016,NonResidential,Mixed Use Property,2,GREATER DUWAMISH,47.58718,-122.33467,1921,1.0,3,66138,12586,53552,"Manufacturing/Industrial Plant, Office, Parking, Retail Store",Office,26044.0,Manufacturing/Industrial Plant,13884.0,Parking,13858.0,3.0,7070998.5,False,49.29,0.75,Multi-usages,95,0.19029907163809,0.80970092836191,1,4
2016,NonResidential,Large Office,4,NORTHEAST,47.66181,-122.31231,1960,1.0,3,113944,48510,65434,Office,Office,65434.0,,,,,1.0,17880184.0,False,128.73,1.13,Mono-usage,56,0.4257354489924875,0.5742645510075125,0,1
2016,Multifamily LR (1-4),Low-Rise Multifamily,5,NORTHWEST,47.70835,-122.33555,1976,1.0,4,31334,0,31334,Multifamily Housing,Multifamily Housing,31334.0,,,,,88.0,722062.875,False,5.03,0.16,Mono-usage,40,0.0,1.0,0,1
2016,Multifamily LR (1-4),Low-Rise Multifamily,4,LAKE UNION,47.66112,-122.33207,2005,1.0,3,47658,0,47658,Multifamily Housing,Multifamily Housing,47658.0,,,,,53.0,1167967.125,False,8.14,0.17,Mono-usage,11,0.0,1.0,0,1
2016,NonResidential,Low-Rise Multifamily,4,LAKE UNION,47.64859,-122.33311,2000,1.0,3,93079,36093,56986,Multifamily Housing,Multifamily Housing,91064.0,,,,,32.0,1997181.5,False,25.6,0.28,Mono-usage,16,0.3877673803972969,0.612232619602703,0,1
2016,Multifamily LR (1-4),Low-Rise Multifamily,7,MAGNOLIA / QUEEN ANNE,47.65675,-122.38833,1962,1.0,3,24059,0,24059,Multifamily Housing,Multifamily Housing,24059.0,,,,,65.0,695955.8125,False,4.85,0.2,Mono-usage,54,0.0,1.0,0,1
2016,Multifamily LR (1-4),Senior Care Community,3,CENTRAL,47.59505,-122.29824,1963,1.0,3,66402,0,66402,Senior Care Community,Senior Care Community,132804.0,,,,,72.0,9097980.0,False,343.68,5.18,Mono-usage,53,0.0,1.0,0,1
2016,Multifamily LR (1-4),Low-Rise Multifamily,4,NORTHEAST,47.68993,-122.30754,1988,1.0,4,76285,0,76285,"Multifamily Housing, Parking",Multifamily Housing,60487.0,Parking,15798.0,,,68.0,1742351.25,False,12.15,0.16,Multi-usages,28,0.0,1.0,1,2
2016,Multifamily LR (1-4),Low-Rise Multifamily,4,NORTHEAST,47.68984,-122.30826,1990,1.0,3,46873,0,46873,"Multifamily Housing, Parking",Multifamily Housing,29914.0,Parking,16959.0,,,90.0,864004.625,False,6.02,0.13,Multi-usages,26,0.0,1.0,1,2
2016,Multifamily LR (1-4),Low-Rise Multifamily,4,NORTHEAST,47.67723,-122.29126,1965,5.0,2,62900,0,62900,"Multifamily Housing, Parking",Multifamily Housing,48618.0,Parking,12417.0,,,100.0,1552051.25,False,65.25,1.04,Multi-usages,51,0.0,1.0,1,2
2016,Multifamily LR (1-4),Low-Rise Multifamily,4,NORTHEAST,47.67602,-122.29059,1998,1.0,3,27160,3223,23937,"Multifamily Housing, Office, Parking",Multifamily Housing,20148.0,Parking,3233.0,Office,3024.0,,681354.1875,False,4.75,0.17,Multi-usages,18,0.1186671575846833,0.8813328424153166,1,3
2016,NonResidential,Worship Facility,4,NORTHEAST,47.67738,-122.28996,1957,1.0,2,22220,0,22220,Worship Facility,Worship Facility,22220.0,,,,,90.0,778355.8125,False,31.74,1.43,Mono-usage,59,0.0,1.0,0,1
2016,SPS-District K-12,K-12 School,5,NORTHEAST,47.69054,-122.29705,1955,1.0,1,46732,0,46732,K-12 School,K-12 School,50956.0,,,,,87.0,2331952.75,True,89.08,1.91,Mono-usage,61,0.0,1.0,0,1
2016,Multifamily MR (5-9),Mid-Rise Multifamily,6,BALLARD,47.66963,-122.37771,2000,1.0,6,152693,65701,86992,"Multifamily Housing, Office, Parking, Swimming Pool",Multifamily Housing,215698.0,Parking,65701.0,Office,6803.0,100.0,4934559.0,False,95.26,0.62,Multi-usages,16,0.4302816763047422,0.5697183236952578,1,4
2016,Multifamily LR (1-4),Low-Rise Multifamily,6,NORTHWEST,47.67015,-122.36011,1959,1.0,2,26211,0,26211,Multifamily Housing,Multifamily Housing,26211.0,,,,,68.0,1422814.375,False,62.17,2.37,Mono-usage,57,0.0,1.0,0,1
2016,Multifamily LR (1-4),Low-Rise Multifamily,2,GREATER DUWAMISH,47.549,-122.31701,1914,1.0,2,28260,0,28260,"Multifamily Housing, Restaurant, Retail Store",Multifamily Housing,14200.0,Restaurant,7000.0,Retail Store,5427.0,,2213115.5,False,60.18,2.13,Multi-usages,102,0.0,1.0,1,3
2016,NonResidential,Mixed Use Property,2,GREATER DUWAMISH,47.54437,-122.30863,1962,1.0,1,44700,0,44700,"Non-Refrigerated Warehouse, Office, Other",Office,23751.0,Other,14024.0,Non-Refrigerated Warehouse,10095.0,,2042771.0,False,30.52,0.68,Multi-usages,54,0.0,1.0,1,3
2016,NonResidential,Warehouse,2,GREATER DUWAMISH,47.54137,-122.33051,1976,1.0,1,44100,0,44100,Non-Refrigerated Warehouse,Non-Refrigerated Warehouse,40000.0,,,,,1.0,1618916.375,False,11.29,0.26,Mono-usage,40,0.0,1.0,0,1
2016,NonResidential,Distribution Center,2,GREATER DUWAMISH,47.54113,-122.32633,1965,1.0,1,27800,0,27800,Distribution Center,Distribution Center,27800.0,,,,,13.0,1224186.25,False,24.39,0.88,Mono-usage,51,0.0,1.0,0,1
2016,Multifamily HR (10+),High-Rise Multifamily,7,DOWNTOWN,47.60932,-122.33388,1910,1.0,11,321945,0,321945,"Multifamily Housing, Other - Restaurant/Bar",Multifamily Housing,112340.0,Other - Restaurant/Bar,11557.0,Bank Branch,4407.0,31.0,6856153.5,False,276.63,0.86,Multi-usages,106,0.0,1.0,1,2
2016,NonResidential,Warehouse,2,GREATER DUWAMISH,47.55436,-122.33631,2001,1.0,1,46340,0,46340,Non-Refrigerated Warehouse,Non-Refrigerated Warehouse,46340.0,,,,,3.0,2564004.0,False,17.87,0.39,Mono-usage,15,0.0,1.0,0,1
2016,Campus,Other,2,GREATER DUWAMISH,47.54134,-122.30529,1994,3.0,1,22800,0,22800,Manufacturing/Industrial Plant,Manufacturing/Industrial Plant,22800.0,,,,,,2222097.5,False,101.5,4.45,Mono-usage,22,0.0,1.0,0,1
2016,Multifamily LR (1-4),Mixed Use Property,3,CENTRAL,47.6019,-122.31379,2005,1.0,4,37849,14997,22852,"Multifamily Housing, Office, Parking",Multifamily Housing,11980.0,Office,10872.0,Parking,5500.0,,560334.5,False,3.91,0.1,Multi-usages,11,0.3962323971571244,0.6037676028428757,1,3
2016,NonResidential,Small- and Mid-Sized Office,3,CENTRAL,47.60191,-122.31438,1910,1.0,3,38460,0,38460,Office,Office,38460.0,,,,,69.0,1950713.25,False,36.02,0.94,Mono-usage,106,0.0,1.0,0,1
2016,Multifamily MR (5-9),Mid-Rise Multifamily,1,SOUTHWEST,47.55728,-122.38725,2003,1.0,6,86955,0,86955,"Multifamily Housing, Parking",Multifamily Housing,95460.0,Parking,5000.0,,,90.0,2822377.25,False,63.86,0.73,Multi-usages,13,0.0,1.0,1,2
2016,Multifamily HR (10+),High-Rise Multifamily,7,MAGNOLIA / QUEEN ANNE,47.63018,-122.34261,2003,1.0,11,286408,0,286408,"Multifamily Housing, Parking",Multifamily Housing,194919.0,Parking,91489.0,,,78.0,6310254.0,False,44.01,0.15,Multi-usages,13,0.0,1.0,1,2
2016,Multifamily LR (1-4),Mixed Use Property,1,SOUTHWEST,47.5822,-122.38542,2002,1.0,4,93114,72900,20214,"Multifamily Housing, Parking, Retail Store",Multifamily Housing,47220.0,Parking,46290.0,Retail Store,16240.0,92.0,2255459.75,False,38.9,0.42,Multi-usages,14,0.7829112700560603,0.2170887299439396,1,3
2016,Multifamily LR (1-4),Low-Rise Multifamily,1,SOUTHWEST,47.58458,-122.38677,1992,1.0,4,21888,0,21888,"Multifamily Housing, Parking",Multifamily Housing,21888.0,Parking,5500.0,,,,777682.0,False,16.11,0.74,Multi-usages,24,0.0,1.0,1,2
2016,Multifamily MR (5-9),Mid-Rise Multifamily,2,DOWNTOWN,47.59696,-122.32412,2002,1.0,7,66849,0,66849,Multifamily Housing,Multifamily Housing,66849.0,,,,,,1898210.25,False,13.23,0.2,Mono-usage,14,0.0,1.0,0,1
2016,NonResidential,Worship Facility,6,NORTHWEST,47.68576,-122.35481,1922,1.0,2,21022,0,21022,Worship Facility,Worship Facility,21022.0,,,,,54.0,945245.625,False,43.84,2.09,Mono-usage,94,0.0,1.0,0,1
2016,Multifamily LR (1-4),Low-Rise Multifamily,1,SOUTHWEST,47.57775,-122.41425,1926,1.0,4,30240,0,30240,Multifamily Housing,Multifamily Housing,25200.0,,,,,68.0,679294.875,False,4.74,0.16,Mono-usage,90,0.0,1.0,0,1
2016,Multifamily MR (5-9),Mid-Rise Multifamily,7,DOWNTOWN,47.61783,-122.35538,1991,1.0,5,59440,0,59440,Multifamily Housing,Multifamily Housing,49532.0,,,,,51.0,2503690.0,False,53.21,0.9,Mono-usage,25,0.0,1.0,0,1
2016,Multifamily LR (1-4),Low-Rise Multifamily,1,SOUTHWEST,47.59364,-122.38392,1978,0.0,4,22445,0,22445,"Multifamily Housing, Parking",Multifamily Housing,20996.0,Parking,6526.0,,,,456197.5938,False,3.18,0.14,Multi-usages,38,0.0,1.0,1,2
2016,Multifamily LR (1-4),Low-Rise Multifamily,1,SOUTHWEST,47.58898,-122.39418,1989,1.0,4,45878,0,45878,Multifamily Housing,Multifamily Housing,45878.0,,,,,27.0,964498.8125,False,6.72,0.15,Mono-usage,27,0.0,1.0,0,1
2016,Multifamily MR (5-9),Mid-Rise Multifamily,1,SOUTHWEST,47.5909,-122.39207,1995,1.0,5,37824,0,37824,Multifamily Housing,Multifamily Housing,37824.0,,,,,88.0,1112533.875,False,25.6,0.68,Mono-usage,21,0.0,1.0,0,1
2016,Multifamily LR (1-4),Low-Rise Multifamily,1,SOUTHWEST,47.58445,-122.39933,1976,1.0,4,38765,0,38765,Multifamily Housing,Multifamily Housing,38765.0,,,,,92.0,1339220.625,False,4.58,0.12,Mono-usage,40,0.0,1.0,0,1
2016,SPS-District K-12,K-12 School,1,SOUTHWEST,47.5773,-122.4074,1954,1.0,2,51489,0,51489,K-12 School,K-12 School,51489.0,,,,,93.0,1984067.625,True,70.76,1.37,Mono-usage,62,0.0,1.0,0,1
2016,Multifamily LR (1-4),Low-Rise Multifamily,7,MAGNOLIA / QUEEN ANNE,47.66091,-122.39778,2002,1.0,4,26815,0,26815,"Multifamily Housing, Office, Retail Store",Multifamily Housing,20347.0,Retail Store,1439.0,Office,950.0,,861007.8125,False,19.01,0.71,Multi-usages,14,0.0,1.0,1,3
2016,Multifamily MR (5-9),Mid-Rise Multifamily,1,SOUTHWEST,47.56511,-122.37268,2007,1.0,5,22529,0,22529,Multifamily Housing,Multifamily Housing,22529.0,,,,,,668915.8125,False,21.69,0.96,Mono-usage,9,0.0,1.0,0,1
2016,Multifamily MR (5-9),Mid-Rise Multifamily,7,EAST,47.61258,-122.32846,1991,1.0,8,148474,0,148474,"Multifamily Housing, Parking",Multifamily Housing,64445.0,Parking,15000.0,,,64.0,3936546.75,False,122.83,0.83,Multi-usages,25,0.0,1.0,1,2
2016,NonResidential,Distribution Center,2,GREATER DUWAMISH,47.51127,-122.281,1967,1.0,1,48001,0,48001,Distribution Center,Distribution Center,48001.0,,,,,49.0,2143650.75,False,86.46,1.8,Mono-usage,49,0.0,1.0,0,1
2016,NonResidential,Warehouse,2,GREATER DUWAMISH,47.51399,-122.27946,1979,1.0,1,26380,0,26380,"Non-Refrigerated Warehouse, Office",Non-Refrigerated Warehouse,23620.0,Office,2760.0,,,,509124.0,False,3.58,0.14,Multi-usages,37,0.0,1.0,1,2
2016,NonResidential,Warehouse,2,GREATER DUWAMISH,47.51018,-122.28192,1969,1.0,1,37351,0,37351,"Non-Refrigerated Warehouse, Office",Non-Refrigerated Warehouse,29551.0,Office,9569.0,,,10.0,2559461.75,False,77.04,2.06,Multi-usages,47,0.0,1.0,1,2
2016,NonResidential,Warehouse,2,GREATER DUWAMISH,47.51127,-122.281,1981,1.0,1,30375,0,30375,Non-Refrigerated Warehouse,Non-Refrigerated Warehouse,30375.0,,,,,73.0,345866.6875,False,2.41,0.08,Mono-usage,35,0.0,1.0,0,1
2016,NonResidential,Warehouse,2,GREATER DUWAMISH,47.51104,-122.28245,1979,1.0,1,30004,0,30004,"Non-Refrigerated Warehouse, Office",Non-Refrigerated Warehouse,24280.0,Office,4950.0,,,,369291.5,False,2.57,0.09,Multi-usages,37,0.0,1.0,1,2
2016,Multifamily LR (1-4),Low-Rise Multifamily,1,SOUTHWEST,47.57144,-122.3864,1990,1.0,3,32235,10244,21991,"Multifamily Housing, Parking",Multifamily Housing,21991.0,Parking,10244.0,,,72.0,596155.625,False,4.16,0.13,Multi-usages,26,0.3177912207228168,0.6822087792771832,1,2
2016,Multifamily HR (10+),High-Rise Multifamily,7,DOWNTOWN,47.61598,-122.35149,2004,1.0,13,120405,0,120405,"Multifamily Housing, Office, Other, Parking",Multifamily Housing,102342.0,Parking,14410.0,Office,3252.0,,3366510.0,False,43.2,0.36,Multi-usages,12,0.0,1.0,1,4
2016,NonResidential,Other,4,NORTHEAST,47.68541,-122.27097,1928,1.0,3,39971,0,39971,"Office, Other, Retail Store, Swimming Pool",Other,36185.0,Retail Store,3142.0,Office,644.0,,10960107.0,False,416.07,10.41,Multi-usages,88,0.0,1.0,1,4
2016,Multifamily LR (1-4),Low-Rise Multifamily,6,LAKE UNION,47.65439,-122.35832,1988,1.0,4,23976,0,23976,Multifamily Housing,Multifamily Housing,23976.0,,,,,80.0,635951.8125,False,4.43,0.18,Mono-usage,28,0.0,1.0,0,1
2016,NonResidential,Worship Facility,6,BALLARD,47.68164,-122.3753,1914,1.0,2,33589,0,33589,Worship Facility,Worship Facility,33589.0,,,,,90.0,509836.1875,False,21.93,0.65,Mono-usage,102,0.0,1.0,0,1
2016,Multifamily MR (5-9),Mid-Rise Multifamily,6,BALLARD,47.66983,-122.37826,2004,1.0,6,169149,0,169149,"Multifamily Housing, Office",Multifamily Housing,140961.0,Office,7235.0,,,84.0,4606967.5,False,62.46,0.37,Multi-usages,12,0.0,1.0,1,2
2016,Multifamily MR (5-9),Mid-Rise Multifamily,6,BALLARD,47.67046,-122.38173,1992,1.0,5,25368,0,25368,Multifamily Housing,Multifamily Housing,25368.0,,,,,72.0,770082.125,False,16.01,0.63,Mono-usage,24,0.0,1.0,0,1
2016,NonResidential,Small- and Mid-Sized Office,6,BALLARD,47.66587,-122.38476,1979,1.0,3,43500,0,43500,Office,Office,43495.0,,,,,46.0,3220635.25,False,22.65,0.52,Mono-usage,37,0.0,1.0,0,1
2016,NonResidential,Small- and Mid-Sized Office,6,BALLARD,47.67528,-122.40836,1978,1.0,2,28492,0,28492,Office,Office,28492.0,,,,,12.0,1896298.875,False,37.78,1.33,Mono-usage,38,0.0,1.0,0,1
2016,NonResidential,Small- and Mid-Sized Office,6,BALLARD,47.6744,-122.40735,1963,1.0,3,22325,0,22325,"Medical Office, Office, Other, Other - Services, Parking, Retail Store",Office,18000.0,Medical Office,1800.0,Other,1000.0,,1401315.875,False,9.77,0.44,Multi-usages,53,0.0,1.0,1,6
2016,NonResidential,Restaurant,6,BALLARD,47.67398,-122.40765,1977,1.0,3,22719,0,22719,"Parking, Restaurant",Restaurant,22719.0,Parking,0.0,,,,1358519.0,False,9.47,0.42,Multi-usages,39,0.0,1.0,1,2
2016,Multifamily HR (10+),High-Rise Multifamily,7,DOWNTOWN,47.61531,-122.33018,1928,1.0,14,50141,0,50141,Multifamily Housing,Multifamily Housing,33608.0,,,,,82.0,3077371.0,False,130.28,2.6,Mono-usage,88,0.0,1.0,0,1
2016,NonResidential,Laboratory,7,DOWNTOWN,47.61597,-122.33086,1946,1.0,2,44588,22000,22588,Laboratory,Laboratory,69000.0,,,,,,7251589.0,False,50.55,1.13,Mono-usage,70,0.4934062976585628,0.5065937023414372,0,1
2016,Multifamily MR (5-9),Mid-Rise Multifamily,7,DOWNTOWN,47.61783,-122.33134,1993,1.0,6,140049,0,140049,"Multifamily Housing, Office, Other, Parking",Multifamily Housing,80670.0,Parking,26215.0,Other,20480.0,,3986982.75,False,113.91,0.81,Multi-usages,23,0.0,1.0,1,4
2016,Multifamily MR (5-9),Mid-Rise Multifamily,3,EAST,47.6157,-122.32846,1925,1.0,5,58954,0,58954,Multifamily Housing,Multifamily Housing,58954.0,,,,,85.0,2569106.5,False,106.77,1.81,Mono-usage,91,0.0,1.0,0,1
2016,Multifamily MR (5-9),Mid-Rise Multifamily,3,EAST,47.61628,-122.32818,1916,1.0,5,37992,0,37992,Multifamily Housing,Multifamily Housing,37992.0,,,,,98.0,1128311.125,False,30.41,0.8,Mono-usage,100,0.0,1.0,0,1
2016,Multifamily MR (5-9),Mid-Rise Multifamily,7,MAGNOLIA / QUEEN ANNE,47.64036,-122.39992,2003,1.0,5,62876,0,62876,"Medical Office, Multifamily Housing, Office, Parking, Restaurant",Multifamily Housing,44995.0,Parking,11095.0,Medical Office,2973.0,,967432.8125,False,6.74,0.11,Multi-usages,13,0.0,1.0,1,5
2016,Multifamily LR (1-4),Low-Rise Multifamily,3,EAST,47.62637,-122.32698,2006,1.0,4,40562,0,40562,"Multifamily Housing, Retail Store",Multifamily Housing,36300.0,Retail Store,1096.0,,,,1256575.875,False,28.47,0.7,Multi-usages,10,0.0,1.0,1,2
2016,Multifamily MR (5-9),Mid-Rise Multifamily,3,EAST,47.62768,-122.32733,1910,1.0,5,40489,0,40489,Multifamily Housing,Multifamily Housing,40489.0,,,,,98.0,1603017.5,False,66.44,1.64,Mono-usage,106,0.0,1.0,0,1
2016,Multifamily LR (1-4),Low-Rise Multifamily,3,EAST,47.62702,-122.32696,1925,1.0,3,34800,0,34800,"Multifamily Housing, Parking",Multifamily Housing,28500.0,Parking,6300.0,,,55.0,874707.0,False,6.1,0.18,Multi-usages,91,0.0,1.0,1,2
2016,Multifamily LR (1-4),Low-Rise Multifamily,3,EAST,47.62721,-122.32649,1928,1.0,3,28058,0,28058,"Multifamily Housing, Parking",Multifamily Housing,24169.0,Parking,3889.0,,,,753721.125,False,18.6,0.66,Multi-usages,88,0.0,1.0,1,2
2016,Multifamily HR (10+),High-Rise Multifamily,7,DOWNTOWN,47.61502,-122.35263,2003,1.0,13,106066,0,106066,"Multifamily Housing, Office",Multifamily Housing,118802.0,Office,6245.0,,,61.0,4988493.5,True,145.35,1.37,Multi-usages,13,0.0,1.0,1,2
2016,Multifamily MR (5-9),Mid-Rise Multifamily,7,DOWNTOWN,47.61419,-122.34354,1925,1.0,9,86560,0,86560,Multifamily Housing,Multifamily Housing,62380.0,,,,,53.0,3229864.5,False,29.04,0.34,Mono-usage,91,0.0,1.0,0,1
2016,Multifamily HR (10+),High-Rise Multifamily,7,DOWNTOWN,47.61498,-122.3438,1978,1.0,13,91600,12365,79235,"Multifamily Housing, Office",Multifamily Housing,65706.0,Office,13529.0,,,18.0,4206839.5,False,29.33,0.32,Multi-usages,38,0.1349890829694323,0.8650109170305676,1,2
2016,Multifamily MR (5-9),Mid-Rise Multifamily,7,DOWNTOWN,47.61463,-122.34328,2001,1.0,6,142063,0,142063,"Multifamily Housing, Parking",Multifamily Housing,71127.0,Parking,21051.0,,,74.0,2807792.75,False,29.71,0.21,Multi-usages,15,0.0,1.0,1,2
2016,Multifamily MR (5-9),Mid-Rise Multifamily,7,DOWNTOWN,47.61687,-122.35376,1992,1.0,8,188717,53284,135433,"Multifamily Housing, Parking",Multifamily Housing,135433.0,Parking,53284.0,,,85.0,4192895.0,False,50.46,0.27,Multi-usages,24,0.2823487020247248,0.7176512979752752,1,2
2016,Multifamily LR (1-4),Low-Rise Multifamily,7,DOWNTOWN,47.61678,-122.35317,1924,1.0,3,33400,0,33400,Multifamily Housing,Multifamily Housing,32545.0,,,,,82.0,1713381.75,False,69.57,2.08,Mono-usage,92,0.0,1.0,0,1
2016,Multifamily MR (5-9),Mid-Rise Multifamily,7,DOWNTOWN,47.61473,-122.35055,1994,1.0,7,88144,3102,85042,Multifamily Housing,Multifamily Housing,88144.0,,,,,33.0,2306723.5,False,80.47,0.91,Mono-usage,22,0.0351924124160464,0.9648075875839536,0,1
2016,SPS-District K-12,K-12 School,3,CENTRAL,47.60842,-122.30093,1925,1.0,2,37327,0,37327,K-12 School,K-12 School,48887.0,,,,,92.0,1967476.375,True,71.06,1.9,Mono-usage,91,0.0,1.0,0,1
2016,Multifamily LR (1-4),Low-Rise Multifamily,7,MAGNOLIA / QUEEN ANNE,47.62563,-122.35596,2000,1.0,3,37619,0,37619,Multifamily Housing,Multifamily Housing,37619.0,,,,,62.0,1119640.25,False,29.84,0.79,Mono-usage,16,0.0,1.0,0,1
2016,NonResidential,Retail Store,3,DOWNTOWN,47.59692,-122.31543,1917,1.0,2,147545,0,147545,Retail Store,Retail Store,147545.0,,,,,69.0,6787070.0,False,169.75,1.15,Mono-usage,99,0.0,1.0,0,1
2016,Nonresidential COS,Other,4,NORTH,47.68339,-122.31947,1923,1.0,2,21462,0,21462,"Office, Other",Other,25778.0,Office,200.0,,,,1114384.625,False,7.77,0.36,Multi-usages,93,0.0,1.0,1,2
2016,Multifamily LR (1-4),Low-Rise Multifamily,7,MAGNOLIA / QUEEN ANNE,47.64675,-122.38242,1993,1.0,3,24178,0,24178,Multifamily Housing,Multifamily Housing,34476.0,,,,,81.0,775728.8125,False,16.58,0.69,Mono-usage,23,0.0,1.0,0,1
2016,Multifamily LR (1-4),Low-Rise Multifamily,2,GREATER DUWAMISH,47.58035,-122.31563,1918,1.0,3,107518,0,107518,Multifamily Housing,Multifamily Housing,82283.0,Other - Services,1000.0,Office,592.0,81.0,4086293.0,False,132.47,1.23,Multi-usages,98,0.0,1.0,0,1
2016,Multifamily MR (5-9),Mid-Rise Multifamily,1,SOUTHWEST,47.59429,-122.38843,1997,1.0,6,30720,0,30720,Multifamily Housing,Multifamily Housing,30720.0,,,,,,846389.3125,False,17.02,0.55,Mono-usage,19,0.0,1.0,0,1
2016,Multifamily HR (10+),High-Rise Multifamily,7,DOWNTOWN,47.61706,-122.35141,1982,1.0,24,167941,0,167941,"Multifamily Housing, Swimming Pool",Multifamily Housing,138787.0,Parking,99952.0,Swimming Pool,0.0,100.0,2407904.5,False,29.25,0.17,Multi-usages,34,0.0,1.0,1,2
2016,Multifamily LR (1-4),Low-Rise Multifamily,1,SOUTHWEST,47.58998,-122.39312,1986,1.0,4,38970,0,38970,Multifamily Housing,Multifamily Housing,38970.0,,,,,85.0,818836.125,False,5.71,0.15,Mono-usage,30,0.0,1.0,0,1
2016,Multifamily MR (5-9),Mid-Rise Multifamily,6,BALLARD,47.67113,-122.38687,1989,1.0,5,24648,0,24648,Multifamily Housing,Multifamily Housing,24648.0,,,,,90.0,572692.625,False,3.99,0.16,Mono-usage,27,0.0,1.0,0,1
2016,Multifamily LR (1-4),Low-Rise Multifamily,7,MAGNOLIA / QUEEN ANNE,47.63854,-122.38733,1988,1.0,4,34270,0,34270,Multifamily Housing,Multifamily Housing,21136.0,,,,,52.0,635697.3125,False,4.43,0.13,Mono-usage,28,0.0,1.0,0,1
2016,Multifamily LR (1-4),Low-Rise Multifamily,1,SOUTHWEST,47.56586,-122.40854,1984,1.0,4,20837,0,20837,Multifamily Housing,Multifamily Housing,20837.0,,,,,,387226.0,False,2.7,0.13,Mono-usage,32,0.0,1.0,0,1
2016,SPS-District K-12,K-12 School,6,NORTHWEST,47.68636,-122.3423,1930,1.0,2,47602,0,47602,K-12 School,K-12 School,46066.0,,,,,78.0,2249592.5,True,83.59,1.76,Mono-usage,86,0.0,1.0,0,1
2016,NonResidential,Other,6,NORTHWEST,47.67713,-122.35398,1917,1.0,2,28072,0,28072,Social/Meeting Hall,Social/Meeting Hall,23835.0,,,,,,1362523.0,False,63.48,2.26,Mono-usage,99,0.0,1.0,0,1
2016,Multifamily LR (1-4),Low-Rise Multifamily,3,EAST,47.61564,-122.32592,1986,1.0,4,24864,0,24864,Multifamily Housing,Multifamily Housing,24864.0,,,,,37.0,614985.0,False,4.29,0.17,Mono-usage,30,0.0,1.0,0,1
2016,Multifamily MR (5-9),Mid-Rise Multifamily,7,DOWNTOWN,47.61453,-122.34969,1990,1.0,5,39050,0,39050,Multifamily Housing,Multifamily Housing,39050.0,,,,,95.0,1007356.313,False,7.02,0.18,Mono-usage,26,0.0,1.0,0,1
2016,Multifamily MR (5-9),Mid-Rise Multifamily,7,DOWNTOWN,47.61492,-122.34957,1980,0.0,8,77800,0,77800,Multifamily Housing,Multifamily Housing,46300.0,,,,,13.0,3116420.25,False,51.58,0.66,Mono-usage,36,0.0,1.0,0,1
2016,NonResidential,Restaurant,7,DOWNTOWN,47.61468,-122.34925,1955,1.0,2,31020,0,31020,Restaurant,Restaurant,31020.0,,,,,,4970047.0,False,207.6,6.69,Mono-usage,61,0.0,1.0,0,1
2016,NonResidential,Small- and Mid-Sized Office,7,DOWNTOWN,47.61402,-122.35016,1917,1.0,2,21600,0,21600,"Office, Other - Lodging/Residential",Office,14400.0,Other - Lodging/Residential,7200.0,,,,1636649.125,False,29.62,1.37,Multi-usages,99,0.0,1.0,1,2
2016,NonResidential,Small- and Mid-Sized Office,7,DOWNTOWN,47.6158,-122.35126,1974,1.0,5,61825,13320,48505,"Bank Branch, Office",Office,37993.0,Bank Branch,3547.0,,,59.0,4322873.0,False,141.2,2.28,Multi-usages,42,0.2154468257177517,0.7845531742822482,1,2
2016,Multifamily HR (10+),High-Rise Multifamily,7,DOWNTOWN,47.61503,-122.35378,2001,1.0,16,590869,0,590869,"Multifamily Housing, Parking",Multifamily Housing,409137.0,Parking,181732.0,,,93.0,14856602.0,False,374.56,0.63,Multi-usages,15,0.0,1.0,1,2
2016,Multifamily MR (5-9),Mid-Rise Multifamily,7,DOWNTOWN,47.61612,-122.35268,2001,1.0,7,145275,0,145275,Multifamily Housing,Multifamily Housing,103023.0,,,,,57.0,2653900.0,False,18.5,0.13,Mono-usage,15,0.0,1.0,0,1
2016,NonResidential,Small- and Mid-Sized Office,7,DOWNTOWN,47.61683,-122.35176,1942,1.0,3,64630,0,64630,Office,Office,64630.0,,,,,96.0,1408291.375,False,9.82,0.15,Mono-usage,74,0.0,1.0,0,1
2016,NonResidential,Worship Facility,7,DOWNTOWN,47.61636,-122.35094,1948,1.0,2,20920,0,20920,Worship Facility,Worship Facility,20920.0,,,,,15.0,1042108.5,False,42.19,2.02,Mono-usage,68,0.0,1.0,0,1
2016,Multifamily LR (1-4),Low-Rise Multifamily,7,DOWNTOWN,47.61543,-122.34967,1903,1.0,3,26640,0,26640,"Multifamily Housing, Restaurant",Multifamily Housing,20840.0,Restaurant,5800.0,,,3.0,2173356.25,False,63.36,2.38,Multi-usages,113,0.0,1.0,1,2
2016,Multifamily MR (5-9),Mid-Rise Multifamily,7,DOWNTOWN,47.61612,-122.34973,2009,1.0,7,40329,0,40329,"Food Service, Multifamily Housing, Office",Multifamily Housing,36514.0,Food Service,2132.0,Office,784.0,,3696784.75,False,138.03,3.42,Multi-usages,7,0.0,1.0,1,3
2016,Multifamily LR (1-4),Low-Rise Multifamily,7,DOWNTOWN,47.61532,-122.3493,1987,1.0,4,34880,0,34880,Multifamily Housing,Multifamily Housing,40987.0,,,,,90.0,922153.6875,False,6.43,0.18,Mono-usage,29,0.0,1.0,0,1
2016,Multifamily LR (1-4),Low-Rise Multifamily,7,DOWNTOWN,47.6134,-122.34683,1902,1.0,4,56776,0,56776,Multifamily Housing,Multifamily Housing,50841.0,,,,,99.0,1583110.25,False,52.25,0.92,Mono-usage,114,0.0,1.0,0,1
2016,Multifamily MR (5-9),Mid-Rise Multifamily,7,DOWNTOWN,47.61245,-122.34836,1990,1.0,6,112676,0,112676,"Multifamily Housing, Parking",Multifamily Housing,77887.0,Parking,34789.0,,,84.0,3073937.5,False,54.59,0.48,Multi-usages,26,0.0,1.0,1,2
2016,NonResidential,Worship Facility,1,SOUTHWEST,47.57384,-122.41182,1926,1.0,2,22128,0,22128,Worship Facility,Worship Facility,22128.0,,,,,94.0,608359.6875,False,25.24,1.14,Mono-usage,90,0.0,1.0,0,1
2016,Multifamily LR (1-4),Low-Rise Multifamily,1,SOUTHWEST,47.5857,-122.39791,1973,1.0,4,26880,0,26880,Multifamily Housing,Multifamily Housing,26880.0,,,,,13.0,1195994.125,False,19.83,0.74,Mono-usage,43,0.0,1.0,0,1
2016,Multifamily LR (1-4),Low-Rise Multifamily,6,LAKE UNION,47.661,-122.34839,1987,1.0,4,23098,0,23098,Multifamily Housing,Multifamily Housing,23098.0,,,,,89.0,507603.3125,True,3.54,0.15,Mono-usage,29,0.0,1.0,0,1
2016,NonResidential,Retail Store,5,NORTHWEST,47.72736,-122.34579,1968,1.0,1,48139,0,48139,Retail Store,Retail Store,40000.0,,,,,98.0,859236.625,False,24.02,0.5,Mono-usage,48,0.0,1.0,0,1
2016,Multifamily MR (5-9),Mid-Rise Multifamily,5,NORTHWEST,47.72841,-122.3469,1993,1.0,5,214388,0,214388,"Multifamily Housing, Parking",Multifamily Housing,171306.0,Parking,43082.0,,,96.0,4555219.5,False,31.76,0.15,Multi-usages,23,0.0,1.0,1,2
2016,Multifamily LR (1-4),Low-Rise Multifamily,5,NORTHWEST,47.72925,-122.34834,1990,1.0,4,43228,0,43228,Multifamily Housing,Multifamily Housing,43228.0,,,,,100.0,1022957.688,False,7.13,0.16,Mono-usage,26,0.0,1.0,0,1
2016,Multifamily MR (5-9),Mid-Rise Multifamily,3,EAST,47.62127,-122.32509,1967,1.0,5,23231,0,23231,Multifamily Housing,Multifamily Housing,22047.0,,,,,93.0,566665.1875,False,3.95,0.17,Mono-usage,49,0.0,1.0,0,1
2016,NonResidential,Worship Facility,1,SOUTHWEST,47.56633,-122.38725,1949,1.0,2,21364,0,21364,"K-12 School, Worship Facility",Worship Facility,15364.0,K-12 School,6000.0,,,86.0,965651.125,False,43.8,2.05,Multi-usages,67,0.0,1.0,1,2
2016,Multifamily MR (5-9),Mid-Rise Multifamily,7,MAGNOLIA / QUEEN ANNE,47.62774,-122.34319,1999,1.0,6,208125,0,208125,"Multifamily Housing, Parking, Retail Store",Multifamily Housing,79872.0,Parking,36000.0,Retail Store,7146.0,,3273645.5,False,154.4,0.74,Multi-usages,17,0.0,1.0,1,3
2016,Multifamily MR (5-9),Mid-Rise Multifamily,3,EAST,47.61834,-122.32492,1923,1.0,6,39251,0,39251,Multifamily Housing,Multifamily Housing,33720.0,,,,,83.0,1082076.0,False,9.58,0.24,Mono-usage,93,0.0,1.0,0,1
2016,Multifamily MR (5-9),Mid-Rise Multifamily,3,EAST,47.61803,-122.32482,1992,1.0,5,44715,0,44715,Multifamily Housing,Multifamily Housing,44715.0,,,,,79.0,1809586.75,False,32.51,0.73,Mono-usage,24,0.0,1.0,0,1
2016,Multifamily MR (5-9),Mid-Rise Multifamily,7,MAGNOLIA / QUEEN ANNE,47.62528,-122.36366,1990,1.0,5,21715,0,21715,"Multifamily Housing, Parking",Multifamily Housing,21715.0,Parking,4290.0,,,,528411.875,False,6.87,0.32,Multi-usages,26,0.0,1.0,1,2
2016,Multifamily MR (5-9),Mid-Rise Multifamily,7,LAKE UNION,47.62406,-122.33027,1994,1.0,7,86525,23866,62659,"Multifamily Housing, Parking",Multifamily Housing,62659.0,Parking,23866.0,,,84.0,2321336.0,False,13.1,0.15,Multi-usages,22,0.2758277954348454,0.7241722045651546,1,2
2016,Multifamily LR (1-4),Low-Rise Multifamily,7,LAKE UNION,47.62402,-122.32972,1916,1.0,3,56652,0,56652,Multifamily Housing,Multifamily Housing,56652.0,,,,,98.0,1638562.75,False,54.53,0.96,Mono-usage,100,0.0,1.0,0,1
2016,Multifamily MR (5-9),Mid-Rise Multifamily,7,MAGNOLIA / QUEEN ANNE,47.62548,-122.36166,1996,1.0,5,20798,0,20798,Multifamily Housing,Multifamily Housing,20798.0,,,,,53.0,647792.875,False,4.52,0.22,Mono-usage,20,0.0,1.0,0,1
2016,Multifamily LR (1-4),Low-Rise Multifamily,3,EAST,47.6172,-122.31456,1965,1.0,3,20296,0,20296,"Multifamily Housing, Parking",Multifamily Housing,19542.0,Parking,754.0,,,67.0,556700.6875,False,3.88,0.19,Multi-usages,51,0.0,1.0,1,2
2016,Multifamily LR (1-4),Low-Rise Multifamily,7,MAGNOLIA / QUEEN ANNE,47.64791,-122.38246,1988,1.0,4,31537,0,31537,Multifamily Housing,Multifamily Housing,24459.0,,,,,63.0,832986.875,False,5.81,0.18,Mono-usage,28,0.0,1.0,0,1
2016,Multifamily MR (5-9),Mid-Rise Multifamily,3,EAST,47.62483,-122.32508,1980,1.0,5,48744,0,48744,Multifamily Housing,Multifamily Housing,48744.0,,,,,32.0,1678495.25,False,11.7,0.24,Mono-usage,36,0.0,1.0,0,1
2016,Multifamily MR (5-9),Mid-Rise Multifamily,7,LAKE UNION,47.6237,-122.33014,2010,1.0,5,23931,0,23931,"Multifamily Housing, Parking",Multifamily Housing,22088.0,Parking,3983.0,,,,635516.375,False,11.6,0.48,Multi-usages,6,0.0,1.0,1,2
2016,Multifamily LR (1-4),Low-Rise Multifamily,7,MAGNOLIA / QUEEN ANNE,47.64898,-122.35675,1999,1.0,4,39966,0,39966,"Multifamily Housing, Office, Parking",Multifamily Housing,33396.0,Parking,12000.0,Office,3151.0,,871355.5,False,6.22,0.16,Multi-usages,17,0.0,1.0,1,3
2016,Multifamily MR (5-9),Mid-Rise Multifamily,7,MAGNOLIA / QUEEN ANNE,47.62181,-122.35701,1999,1.0,7,72763,0,72763,"Multifamily Housing, Office, Parking",Multifamily Housing,70013.0,Parking,39780.0,Office,2760.0,,2821489.25,False,39.57,0.54,Multi-usages,17,0.0,1.0,1,3
2016,Multifamily LR (1-4),Low-Rise Multifamily,2,GREATER DUWAMISH,47.58963,-122.31864,1980,1.0,4,59600,0,59600,Multifamily Housing,Multifamily Housing,59600.0,,,,,48.0,1406648.125,False,9.81,0.16,Mono-usage,36,0.0,1.0,0,1
2016,Multifamily LR (1-4),Low-Rise Multifamily,7,MAGNOLIA / QUEEN ANNE,47.63099,-122.34658,1978,1.0,4,40948,0,40948,"Multifamily Housing, Parking",Multifamily Housing,32170.0,Parking,8778.0,,,85.0,687953.6875,False,4.8,0.12,Multi-usages,38,0.0,1.0,1,2
2016,NonResidential,University,7,DOWNTOWN,47.61741,-122.33491,1992,1.0,2,28923,0,28923,College/University,College/University,28800.0,,,,,,439311.9063,False,15.27,0.53,Mono-usage,24,0.0,1.0,0,1
2016,Multifamily MR (5-9),Mid-Rise Multifamily,7,DOWNTOWN,47.61775,-122.33551,1992,0.0,7,65210,0,65210,"Multifamily Housing, Parking",Multifamily Housing,56635.0,Parking,8575.0,,,95.0,2709973.75,False,82.9,1.27,Multi-usages,24,0.0,1.0,1,2
2016,NonResidential,University,7,DOWNTOWN,47.61789,-122.33573,1928,1.0,3,21600,0,21600,College/University,College/University,21600.0,,,,,,323739.4063,False,6.33,0.29,Mono-usage,88,0.0,1.0,0,1
2016,Multifamily LR (1-4),Low-Rise Multifamily,7,EAST,47.61309,-122.32839,1925,1.0,3,21712,0,21712,Multifamily Housing,Multifamily Housing,21712.0,,,,,93.0,1224685.125,False,49.58,2.28,Mono-usage,91,0.0,1.0,0,1
2016,Multifamily MR (5-9),Mid-Rise Multifamily,7,EAST,47.61378,-122.32875,1908,1.0,5,53232,0,53232,"Multifamily Housing, Parking, Retail Store",Multifamily Housing,39530.0,Retail Store,7865.0,Parking,4385.0,,1759518.5,False,38.97,0.73,Multi-usages,108,0.0,1.0,1,3
2016,NonResidential,Retail Store,4,NORTHEAST,47.6646,-122.29932,1996,1.0,1,25735,0,25735,Retail Store,Retail Store,25691.0,,,,,82.0,1169394.875,False,18.1,0.7,Mono-usage,20,0.0,1.0,0,1
2016,Multifamily LR (1-4),Low-Rise Multifamily,4,NORTHEAST,47.6657,-122.3017,1984,1.0,4,57856,0,57856,Multifamily Housing,Multifamily Housing,59742.0,,,,,59.0,1675510.875,False,11.68,0.2,Mono-usage,32,0.0,1.0,0,1
2016,NonResidential,Retail Store,4,NORTHEAST,47.66246,-122.29898,1956,1.0,2,25862,0,25862,"Other, Retail Store",Retail Store,25562.0,Other,300.0,,,20.0,4801472.0,False,154.17,5.96,Multi-usages,60,0.0,1.0,1,2
2016,NonResidential,Retail Store,4,NORTHEAST,47.66246,-122.29898,2003,1.0,2,49965,0,49965,"Other, Retail Store",Retail Store,47465.0,Other,2500.0,,,82.0,3377209.75,False,29.54,0.59,Multi-usages,13,0.0,1.0,1,2
2016,Multifamily LR (1-4),Low-Rise Multifamily,7,MAGNOLIA / QUEEN ANNE,47.64385,-122.34899,1981,1.0,3,53698,0,53698,"Multifamily Housing, Parking",Multifamily Housing,53698.0,Parking,2700.0,,,97.0,1018111.0,False,7.1,0.13,Multi-usages,35,0.0,1.0,1,2
2016,Multifamily MR (5-9),Mid-Rise Multifamily,7,DOWNTOWN,47.60318,-122.33206,1911,1.0,6,23338,0,23338,"Food Service, Multifamily Housing",Multifamily Housing,29100.0,Food Service,2536.0,,,62.0,2050861.125,False,79.21,3.39,Multi-usages,105,0.0,1.0,1,2
2016,Multifamily MR (5-9),Mid-Rise Multifamily,7,DOWNTOWN,47.60274,-122.33245,1900,1.0,6,39594,0,39594,"Multifamily Housing, Retail Store",Multifamily Housing,34137.0,Retail Store,5457.0,,,74.0,999856.0,False,25.21,0.64,Multi-usages,116,0.0,1.0,1,2
2016,NonResidential,Small- and Mid-Sized Office,7,DOWNTOWN,47.6026,-122.33232,1929,1.0,2,20028,0,20028,Office,Office,20028.0,,,,,95.0,511797.4063,False,14.22,0.71,Mono-usage,87,0.0,1.0,0,1
2016,Multifamily HR (10+),High-Rise Multifamily,7,DOWNTOWN,47.60257,-122.33383,1906,1.0,10,65535,0,65535,"Multifamily Housing, Restaurant, Retail Store",Multifamily Housing,51096.0,Retail Store,3374.0,Restaurant,1564.0,,3245772.0,False,93.87,1.43,Multi-usages,110,0.0,1.0,1,3
2016,NonResidential,Small- and Mid-Sized Office,7,DOWNTOWN,47.60247,-122.33372,1900,1.0,7,23622,0,23622,"Office, Restaurant",Office,26195.0,Restaurant,2285.0,,,100.0,552007.5,False,9.95,0.42,Multi-usages,116,0.0,1.0,1,2
2016,NonResidential,Small- and Mid-Sized Office,7,DOWNTOWN,47.60237,-122.33365,1902,1.0,3,23563,0,23563,"Office, Restaurant",Office,20183.0,Restaurant,3380.0,,,67.0,883197.6875,False,6.16,0.26,Multi-usages,114,0.0,1.0,1,2
2016,NonResidential,Mixed Use Property,7,DOWNTOWN,47.60284,-122.33407,1903,1.0,3,28600,0,28600,"Office, Restaurant, Retail Store",Office,12000.0,Retail Store,11000.0,Restaurant,3000.0,,1062722.625,False,24.25,0.85,Multi-usages,113,0.0,1.0,1,3
2016,NonResidential,Mixed Use Property,7,DOWNTOWN,47.60427,-122.33385,1978,1.0,2,38539,12379,26160,"Office, Parking, Retail Store",Retail Store,15549.0,Parking,12379.0,Office,10611.0,55.0,2186018.5,False,15.24,0.4,Multi-usages,38,0.3212070889229093,0.6787929110770907,1,3
2016,NonResidential,Small- and Mid-Sized Office,7,DOWNTOWN,47.60427,-122.33385,1906,1.0,5,26840,0,26840,Office,Office,29040.0,,,,,24.0,1989287.0,False,13.87,0.52,Mono-usage,110,0.0,1.0,0,1
2016,NonResidential,Retail Store,7,DOWNTOWN,47.60427,-122.33385,1906,1.0,2,46800,0,46800,"Office, Retail Store",Retail Store,36019.0,Office,10781.0,,,86.0,1245187.5,False,8.68,0.19,Multi-usages,110,0.0,1.0,1,2
2016,NonResidential,Small- and Mid-Sized Office,7,DOWNTOWN,47.60431,-122.33335,1979,1.0,3,63990,26640,37350,"Office, Parking",Office,39000.0,Parking,26640.0,,,51.0,2067352.5,False,14.63,0.23,Multi-usages,37,0.4163150492264416,0.5836849507735584,1,2
2016,NonResidential,Small- and Mid-Sized Office,7,DOWNTOWN,47.61285,-122.34817,1908,1.0,3,28800,0,28800,"Non-Refrigerated Warehouse, Office, Other",Office,21600.0,Other,7200.0,Non-Refrigerated Warehouse,6200.0,50.0,1345025.75,False,28.81,1.0,Multi-usages,108,0.0,1.0,1,3
2016,Multifamily LR (1-4),Low-Rise Multifamily,7,DOWNTOWN,47.61358,-122.34656,1900,1.0,3,23015,0,23015,"Multifamily Housing, Retail Store",Multifamily Housing,19132.0,Retail Store,3883.0,,,,1458617.125,False,40.28,1.75,Multi-usages,116,0.0,1.0,1,2
2016,Multifamily MR (5-9),Mid-Rise Multifamily,7,DOWNTOWN,47.61396,-122.34609,2000,1.0,6,36676,0,36676,"Multifamily Housing, Office, Other - Lodging/Residential, Retail Store",Multifamily Housing,22129.0,Office,9751.0,Retail Store,2506.0,,2214469.5,False,47.84,1.3,Multi-usages,16,0.0,1.0,1,4
2016,NonResidential,Small- and Mid-Sized Office,7,DOWNTOWN,47.6172,-122.34979,1954,1.0,3,33552,4968,28584,"Office, Parking",Office,26556.0,Parking,4968.0,,,75.0,1696978.75,False,60.43,1.8,Multi-usages,62,0.148068669527897,0.851931330472103,1,2
2016,NonResidential,Retail Store,7,DOWNTOWN,47.61652,-122.34854,1931,1.0,2,26270,0,26270,Retail Store,Retail Store,26270.0,,,,,32.0,1560461.75,False,33.78,1.29,Mono-usage,85,0.0,1.0,0,1
2016,NonResidential,Small- and Mid-Sized Office,7,DOWNTOWN,47.61595,-122.34756,1926,1.0,3,57620,7820,49800,"Office, Parking",Office,49800.0,Parking,7820.0,,,50.0,2385395.0,False,16.63,0.29,Multi-usages,90,0.1357167650121485,0.8642832349878514,1,2
2016,Multifamily LR (1-4),Low-Rise Multifamily,7,DOWNTOWN,47.61519,-122.34674,1923,1.0,3,33440,0,33440,Multifamily Housing,Multifamily Housing,33440.0,,,,,38.0,3288836.0,False,154.89,4.63,Mono-usage,93,0.0,1.0,0,1
2016,NonResidential,Mixed Use Property,7,DOWNTOWN,47.61543,-122.34651,1954,1.0,2,28696,6080,22616,"Bank Branch, Other, Parking",Other,12960.0,Bank Branch,7760.0,Parking,6080.0,,418348.5,False,2.92,0.1,Multi-usages,62,0.2118762196821856,0.7881237803178144,1,3
2016,NonResidential,Hotel,7,DOWNTOWN,47.61471,-122.34525,1990,1.0,5,57800,0,57800,Hotel,Hotel,57800.0,,,,,87.0,2443065.25,False,66.29,1.15,Mono-usage,26,0.0,1.0,0,1
2016,Multifamily MR (5-9),Mid-Rise Multifamily,7,DOWNTOWN,47.61801,-122.34894,1994,1.0,6,69590,0,69590,Multifamily Housing,Multifamily Housing,69590.0,,,,,97.0,4188660.5,False,151.36,2.18,Mono-usage,22,0.0,1.0,0,1
2016,Multifamily HR (10+),High-Rise Multifamily,7,DOWNTOWN,47.61678,-122.34698,1990,1.0,26,321050,0,321050,"Multifamily Housing, Parking, Swimming Pool",Multifamily Housing,226500.0,Parking,94550.0,Swimming Pool,0.0,32.0,14168729.0,False,369.68,1.15,Multi-usages,26,0.0,1.0,1,3
2016,Multifamily MR (5-9),Mid-Rise Multifamily,7,DOWNTOWN,47.61637,-122.34706,2000,1.0,7,192077,0,192077,"Multifamily Housing, Parking",Multifamily Housing,142497.0,Parking,49580.0,,,98.0,3644982.25,False,25.41,0.13,Multi-usages,16,0.0,1.0,1,2
2016,Multifamily MR (5-9),Mid-Rise Multifamily,7,DOWNTOWN,47.61534,-122.34515,2008,1.0,7,203940,0,203940,"Multifamily Housing, Parking",Multifamily Housing,143183.0,Parking,60757.0,,,97.0,6485203.0,False,174.99,0.86,Multi-usages,8,0.0,1.0,1,2
2016,Multifamily LR (1-4),Low-Rise Multifamily,7,DOWNTOWN,47.61558,-122.34496,1918,1.0,3,21284,0,21284,Multifamily Housing,Multifamily Housing,21284.0,,,,,94.0,785052.875,False,23.27,1.09,Mono-usage,98,0.0,1.0,0,1
2016,Multifamily MR (5-9),Mid-Rise Multifamily,7,DOWNTOWN,47.61399,-122.34724,1908,1.0,5,48786,0,48786,"Multifamily Housing, Parking",Multifamily Housing,37367.0,Parking,16670.0,,,87.0,968698.3125,False,6.75,0.14,Multi-usages,108,0.0,1.0,1,2
2016,Multifamily MR (5-9),Mid-Rise Multifamily,7,DOWNTOWN,47.61458,-122.33527,2002,1.0,6,98222,0,98222,"Multifamily Housing, Other",Multifamily Housing,37924.0,Other,6443.0,,,82.0,2001936.5,False,47.32,0.48,Multi-usages,14,0.0,1.0,1,2
2016,NonResidential,Other,7,DOWNTOWN,47.61319,-122.33695,1955,1.0,2,31890,0,31890,Financial Office,Financial Office,31160.0,,,,,2.0,1858224.625,False,12.95,0.41,Mono-usage,61,0.0,1.0,0,1
2016,NonResidential,Small- and Mid-Sized Office,7,DOWNTOWN,47.61267,-122.33852,1925,1.0,2,44098,13660,30438,"Office, Parking",Office,25920.0,Parking,13155.0,,,53.0,1441900.5,False,41.69,0.95,Multi-usages,91,0.3097646151752914,0.6902353848247086,1,2
2016,NonResidential,Restaurant,7,DOWNTOWN,47.61332,-122.33904,1923,1.0,3,22381,0,22381,Restaurant,Restaurant,22381.0,,,,,,3532966.5,False,126.78,5.66,Mono-usage,93,0.0,1.0,0,1
2016,Multifamily HR (10+),High-Rise Multifamily,7,DOWNTOWN,47.61487,-122.33748,2001,1.0,31,538339,139826,398513,"Multifamily Housing, Parking",Multifamily Housing,538339.0,Parking,139826.0,,,47.0,22591288.0,False,594.48,1.1,Multi-usages,15,0.2597359656276064,0.7402640343723936,1,2
2016,NonResidential,Laboratory,7,DOWNTOWN,47.61763,-122.35507,1926,0.0,4,49249,0,49249,"Laboratory, Office",Laboratory,40584.0,Office,7165.0,,,,33268410.0,False,1266.06,25.71,Multi-usages,90,0.0,1.0,1,2
2016,NonResidential,Retail Store,7,DOWNTOWN,47.61812,-122.35509,1925,1.0,1,24825,1263,23562,"Non-Refrigerated Warehouse, Retail Store",Retail Store,13940.0,Non-Refrigerated Warehouse,10439.0,,,,439521.0938,False,11.14,0.45,Multi-usages,91,0.0508761329305135,0.9491238670694864,1,2
2016,Multifamily MR (5-9),Mid-Rise Multifamily,7,DOWNTOWN,47.61792,-122.35484,1991,1.0,6,41030,0,41030,"Multifamily Housing, Parking",Multifamily Housing,25129.0,Parking,15901.0,,,68.0,1135172.25,False,24.48,0.6,Multi-usages,25,0.0,1.0,1,2
2016,Multifamily MR (5-9),Mid-Rise Multifamily,7,DOWNTOWN,47.61838,-122.35571,2002,1.0,6,41359,0,41359,"Fast Food Restaurant, Multifamily Housing, Retail Store",Multifamily Housing,37224.0,Retail Store,1600.0,Fast Food Restaurant,1478.0,,2926089.5,False,100.71,2.44,Multi-usages,14,0.0,1.0,1,3
2016,Multifamily MR (5-9),Mid-Rise Multifamily,7,DOWNTOWN,47.61723,-122.35248,1989,1.0,5,188715,0,188715,"Multifamily Housing, Parking, Restaurant, Swimming Pool",Multifamily Housing,113269.0,Parking,21000.0,Restaurant,3461.0,72.0,3834440.0,False,26.78,0.14,Multi-usages,27,0.0,1.0,1,4
2016,Multifamily LR (1-4),Low-Rise Multifamily,7,DOWNTOWN,47.618,-122.35321,1925,1.0,3,23989,0,23989,Multifamily Housing,Multifamily Housing,23989.0,,,,,61.0,684941.375,False,4.77,0.2,Mono-usage,91,0.0,1.0,0,1
2016,NonResidential,Medical Office,7,DOWNTOWN,47.6146,-122.34217,1952,1.0,4,26670,0,26670,Medical Office,Medical Office,26670.0,,,,,51.0,1553208.375,False,10.83,0.41,Mono-usage,64,0.0,1.0,0,1
2016,Multifamily MR (5-9),Mid-Rise Multifamily,7,DOWNTOWN,47.61496,-122.34188,1991,1.0,6,41834,0,41834,"Multifamily Housing, Office, Parking",Multifamily Housing,29948.0,Parking,10780.0,Office,1106.0,,1044220.625,False,7.28,0.17,Multi-usages,25,0.0,1.0,1,3
2016,Multifamily LR (1-4),Low-Rise Multifamily,7,DOWNTOWN,47.61536,-122.34348,1922,1.0,3,34060,0,34060,Multifamily Housing,Multifamily Housing,34060.0,,,,,86.0,2195828.0,False,99.44,2.92,Mono-usage,94,0.0,1.0,0,1
2016,Multifamily MR (5-9),Mid-Rise Multifamily,7,DOWNTOWN,47.61513,-122.34223,1925,1.0,7,37300,0,37300,Multifamily Housing,Multifamily Housing,37300.0,,,,,46.0,1807738.25,True,44.61,1.2,Mono-usage,91,0.0,1.0,0,1
2016,Nonresidential COS,Other,7,DOWNTOWN,47.61607,-122.34449,1922,1.0,2,37740,0,37740,Fire Station,Fire Station,38939.0,,,,,,3095882.0,False,86.02,2.28,Mono-usage,94,0.0,1.0,0,1
2016,Multifamily MR (5-9),Mid-Rise Multifamily,7,DOWNTOWN,47.6165,-122.34512,1998,1.0,6,328947,0,328947,Multifamily Housing,Multifamily Housing,277950.0,,,,,79.0,8233527.5,False,78.36,0.24,Mono-usage,18,0.0,1.0,0,1
2016,Multifamily MR (5-9),Mid-Rise Multifamily,7,DOWNTOWN,47.61706,-122.34624,2000,1.0,6,160141,40377,119764,Multifamily Housing,Multifamily Housing,132400.0,,,,,74.0,3603765.25,False,25.12,0.16,Mono-usage,16,0.25213405686239,0.74786594313761,0,1
2016,Multifamily LR (1-4),Low-Rise Multifamily,7,DOWNTOWN,47.61724,-122.34594,1925,1.0,3,44736,0,44736,"Multifamily Housing, Parking",Multifamily Housing,40636.0,Parking,4504.0,,,82.0,2400507.25,False,103.18,2.31,Multi-usages,91,0.0,1.0,1,2
2016,Multifamily LR (1-4),Low-Rise Multifamily,7,DOWNTOWN,47.61768,-122.34695,1923,1.0,3,22400,0,22400,Multifamily Housing,Multifamily Housing,22400.0,,,,,57.0,743748.5,False,5.18,0.23,Mono-usage,93,0.0,1.0,0,1
2016,Multifamily HR (10+),High-Rise Multifamily,7,DOWNTOWN,47.61768,-122.34716,1979,1.0,13,70200,0,70200,Multifamily Housing,Multifamily Housing,70200.0,,,,,9.0,3742915.0,False,26.09,0.37,Mono-usage,37,0.0,1.0,0,1
2016,Multifamily MR (5-9),Mid-Rise Multifamily,7,DOWNTOWN,47.61809,-122.34697,1929,1.0,6,21840,0,21840,Multifamily Housing,Multifamily Housing,21840.0,,,,,94.0,890977.8125,False,27.27,1.25,Mono-usage,87,0.0,1.0,0,1
2016,Multifamily LR (1-4),Low-Rise Multifamily,7,DOWNTOWN,47.61789,-122.34658,1925,1.0,3,33880,0,33880,"Multifamily Housing, Parking",Multifamily Housing,27993.0,Parking,5887.0,,,64.0,2204161.25,False,98.59,2.91,Multi-usages,91,0.0,1.0,1,2
2016,Multifamily HR (10+),High-Rise Multifamily,7,DOWNTOWN,47.61779,-122.34524,1949,1.0,18,393841,67222,326619,"Multifamily Housing, Parking, Retail Store",Multifamily Housing,302922.0,Retail Store,23697.0,Parking,0.0,81.0,17431872.0,False,658.76,1.67,Multi-usages,67,0.1706830929232863,0.8293169070767137,1,3
2016,NonResidential,Small- and Mid-Sized Office,7,DOWNTOWN,47.61768,-122.34139,1965,1.0,1,23752,0,23752,"Office, Parking, Retail Store",Office,14317.0,Retail Store,9435.0,Parking,0.0,,1067153.75,False,30.33,1.28,Multi-usages,51,0.0,1.0,1,3
2016,NonResidential,Hotel,7,DOWNTOWN,47.61822,-122.34132,1967,1.0,4,44416,0,44416,Hotel,Hotel,52668.0,,,,,61.0,2669564.25,False,72.78,1.64,Mono-usage,49,0.0,1.0,0,1
2016,NonResidential,Mixed Use Property,7,DOWNTOWN,47.61634,-122.35385,2006,1.0,2,33792,22867,10925,"Other - Entertainment/Public Assembly, Parking, Social/Meeting Hall, Swimming Pool",Social/Meeting Hall,8969.0,Parking,8540.0,Other - Entertainment/Public Assembly,1600.0,,2547848.0,False,30.6,0.91,Multi-usages,10,0.6766986268939394,0.3233013731060606,1,4
2016,Multifamily MR (5-9),Mid-Rise Multifamily,7,DOWNTOWN,47.61361,-122.34461,2002,1.0,8,34080,0,34080,"Multifamily Housing, Other",Multifamily Housing,23580.0,Other,18000.0,,,,1494727.0,False,23.82,0.7,Multi-usages,14,0.0,1.0,1,2
2016,Multifamily MR (5-9),Mid-Rise Multifamily,7,DOWNTOWN,47.61468,-122.34794,1994,1.0,8,224732,0,224732,"Multifamily Housing, Swimming Pool",Multifamily Housing,184567.0,Swimming Pool,0.0,,,26.0,9851937.0,False,165.86,0.74,Multi-usages,22,0.0,1.0,1,2
2016,Multifamily MR (5-9),Mid-Rise Multifamily,7,DOWNTOWN,47.61263,-122.34779,1914,1.0,6,62607,0,62607,"Multifamily Housing, Office",Multifamily Housing,53228.0,Office,4879.0,,,,1827817.25,False,12.74,0.2,Multi-usages,102,0.0,1.0,1,2
2016,Multifamily LR (1-4),Low-Rise Multifamily,3,EAST,47.62059,-122.3244,1989,1.0,4,31702,0,31702,"Multifamily Housing, Parking",Multifamily Housing,26418.0,Parking,14280.0,,,,255971.2031,False,1.78,0.06,Multi-usages,27,0.0,1.0,1,2
2016,Multifamily LR (1-4),Low-Rise Multifamily,3,EAST,47.62589,-122.324,1930,1.0,3,29765,0,29765,Multifamily Housing,Multifamily Housing,24742.0,,,,,56.0,1308348.5,False,56.63,1.9,Mono-usage,86,0.0,1.0,0,1
2016,Multifamily LR (1-4),Low-Rise Multifamily,3,EAST,47.62102,-122.31472,1928,1.0,4,27182,0,27182,"Multifamily Housing, Parking",Multifamily Housing,27182.0,Parking,3200.0,,,37.0,2019672.875,False,93.68,3.45,Multi-usages,88,0.0,1.0,1,2
2016,Multifamily LR (1-4),Low-Rise Multifamily,7,MAGNOLIA / QUEEN ANNE,47.65052,-122.38821,1969,1.0,4,22374,0,22374,Multifamily Housing,Multifamily Housing,22374.0,,,,,85.0,520765.8125,False,3.63,0.16,Mono-usage,47,0.0,1.0,0,1
2016,Multifamily LR (1-4),Low-Rise Multifamily,7,MAGNOLIA / QUEEN ANNE,47.63805,-122.35534,1910,1.0,4,61802,0,61802,Multifamily Housing,Multifamily Housing,61802.0,,,,,60.0,3906967.0,False,73.2,1.18,Mono-usage,106,0.0,1.0,0,1
2016,SPS-District K-12,K-12 School,7,MAGNOLIA / QUEEN ANNE,47.63203,-122.35337,2001,1.0,1,35805,0,35805,K-12 School,K-12 School,35805.0,,,,,100.0,431471.6875,True,11.54,0.32,Mono-usage,15,0.0,1.0,0,1
2016,Multifamily LR (1-4),Low-Rise Multifamily,5,North,47.71825,-122.31303,2002,0.0,4,56473,0,56473,"Multifamily Housing, Retail Store",Multifamily Housing,26407.0,Retail Store,8802.0,,,63.0,1332591.5,False,9.29,0.16,Multi-usages,14,0.0,1.0,1,2
2016,Multifamily MR (5-9),Mid-Rise Multifamily,1,SOUTHWEST,47.54548,-122.38676,1968,1.0,8,51490,0,51490,Multifamily Housing,Multifamily Housing,51490.0,,,,,99.0,1484853.75,False,35.2,0.68,Mono-usage,48,0.0,1.0,0,1
2016,Multifamily LR (1-4),Low-Rise Multifamily,4,LAKE UNION,47.6483,-122.33681,1987,1.0,4,45348,0,45348,"Multifamily Housing, Parking",Multifamily Housing,45348.0,Parking,4717.0,,,77.0,1384558.625,False,9.65,0.21,Multi-usages,29,0.0,1.0,1,2
2016,Multifamily LR (1-4),Low-Rise Multifamily,5,NORTHWEST,47.72614,-122.35519,1966,1.0,4,31317,0,31317,Multifamily Housing,Multifamily Housing,31317.0,,,,,69.0,878927.8125,True,6.13,0.2,Mono-usage,50,0.0,1.0,0,1
2016,Multifamily MR (5-9),Mid-Rise Multifamily,5,NORTHWEST,47.7256,-122.34832,1969,1.0,5,99372,0,99372,"Multifamily Housing, Parking, Swimming Pool",Multifamily Housing,99372.0,Parking,9000.0,Swimming Pool,0.0,75.0,2828591.0,True,19.72,0.2,Multi-usages,47,0.0,1.0,1,3
2016,Multifamily LR (1-4),Low-Rise Multifamily,5,NORTHWEST,47.7265,-122.35426,1964,1.0,4,26744,0,26744,Multifamily Housing,Multifamily Housing,26744.0,,,,,92.0,621649.6875,False,4.33,0.16,Mono-usage,52,0.0,1.0,0,1
2016,Multifamily LR (1-4),Low-Rise Multifamily,5,NORTHWEST,47.72304,-122.35007,1987,1.0,4,30060,0,30060,Multifamily Housing,Multifamily Housing,30070.0,,,,,84.0,694305.625,False,4.84,0.16,Mono-usage,29,0.0,1.0,0,1
2016,NonResidential,Worship Facility,6,Northwest,47.66476,-122.35248,1928,1.0,2,45991,0,45991,Worship Facility,Worship Facility,45991.0,,,,,77.0,1145535.75,False,36.43,0.79,Mono-usage,88,0.0,1.0,0,1
2016,Multifamily MR (5-9),Mid-Rise Multifamily,4,NORTHEAST,47.66582,-122.29703,2002,1.0,5,119996,0,119996,"Multifamily Housing, Retail Store",Multifamily Housing,96540.0,Retail Store,7187.0,,,41.0,5073665.0,False,86.66,0.72,Multi-usages,14,0.0,1.0,1,2
2016,Multifamily LR (1-4),Low-Rise Multifamily,4,NORTHEAST,47.66508,-122.30253,1997,1.0,4,23794,0,23794,Multifamily Housing,Multifamily Housing,23794.0,,,,,49.0,574563.0,False,4.01,0.17,Mono-usage,19,0.0,1.0,0,1
2016,Multifamily LR (1-4),Low-Rise Multifamily,1,DELRIDGE,47.52517,-122.36488,1988,1.0,4,48996,0,48996,Multifamily Housing,Multifamily Housing,48996.0,,,,,39.0,1482554.375,False,10.34,0.21,Mono-usage,28,0.0,1.0,0,1
2016,Multifamily LR (1-4),Low-Rise Multifamily,7,MAGNOLIA / QUEEN ANNE,47.6603,-122.39867,2007,1.0,4,37090,0,37090,Multifamily Housing,Multifamily Housing,35106.0,,,,,40.0,925293.3125,False,9.66,0.26,Mono-usage,9,0.0,1.0,0,1
2016,Multifamily LR (1-4),Low-Rise Multifamily,1,DELRIDGE,47.52616,-122.36418,1998,1.0,3,23533,0,23533,Multifamily Housing,Multifamily Housing,23533.0,,,,,63.0,1199359.875,False,14.83,0.63,Mono-usage,18,0.0,1.0,0,1
2016,Multifamily MR (5-9),Mid-Rise Multifamily,7,EAST,47.61212,-122.3281,2001,1.0,6,52020,1922,50098,Multifamily Housing,Multifamily Housing,45000.0,,,,,56.0,1928564.75,False,26.89,0.52,Mono-usage,15,0.0369473279507881,0.963052672049212,0,1
2016,Multifamily LR (1-4),Low-Rise Multifamily,1,SOUTHWEST,47.58424,-122.39979,1958,1.0,3,32612,0,32612,Multifamily Housing,Multifamily Housing,32612.0,,,,,78.0,806615.0,False,5.62,0.17,Mono-usage,58,0.0,1.0,0,1
2016,Multifamily LR (1-4),Low-Rise Multifamily,3,SOUTHEAST,47.58817,-122.30291,1971,1.0,4,58485,0,58485,Multifamily Housing,Multifamily Housing,58485.0,,,,,36.0,2363161.0,False,16.47,0.28,Mono-usage,45,0.0,1.0,0,1
2016,Multifamily LR (1-4),Low-Rise Multifamily,4,NORTHEAST,47.66377,-122.30488,1999,1.0,3,147443,0,147443,Multifamily Housing,Multifamily Housing,91617.0,,,,,80.0,2818073.0,False,19.65,0.13,Mono-usage,17,0.0,1.0,0,1
2016,Multifamily LR (1-4),Low-Rise Multifamily,4,NORTHEAST,47.66232,-122.30394,1988,1.0,4,65103,12449,52654,Multifamily Housing,Multifamily Housing,49089.0,,,,,56.0,2213421.5,False,15.43,0.24,Mono-usage,28,0.1912200666635946,0.8087799333364054,0,1
2016,NonResidential,Residence Hall,4,NORTHEAST,47.66282,-122.305,1921,1.0,3,21499,0,21499,Residence Hall/Dormitory,Residence Hall/Dormitory,21499.0,,,,,85.0,605130.6875,False,4.22,0.2,Mono-usage,95,0.0,1.0,0,1
2016,NonResidential,Small- and Mid-Sized Office,4,NORTHEAST,47.66461,-122.30142,1989,1.0,2,20384,0,20384,Office,Office,25021.0,,,,,16.0,1791071.375,False,13.91,0.68,Mono-usage,27,0.0,1.0,0,1
2016,Multifamily LR (1-4),Low-Rise Multifamily,4,NORTHEAST,47.66156,-122.30314,1960,1.0,4,21528,0,21528,Multifamily Housing,Multifamily Housing,21528.0,,,,,74.0,567280.625,False,3.95,0.18,Mono-usage,56,0.0,1.0,0,1
2016,NonResidential,Retail Store,4,NORTHEAST,47.66246,-122.29898,1956,1.0,2,39265,0,39265,"Non-Refrigerated Warehouse, Office, Other, Retail Store",Retail Store,31905.0,Office,4388.0,Other,2679.0,,5238803.0,False,47.12,1.2,Multi-usages,60,0.0,1.0,1,4
2016,NonResidential,Retail Store,4,NORTHEAST,47.66246,-122.29898,1956,1.0,2,54284,0,54284,"Other, Retail Store",Retail Store,52784.0,Other,1900.0,,,18.0,6778694.0,False,63.61,1.17,Multi-usages,60,0.0,1.0,1,2
2016,NonResidential,Retail Store,4,NORTHEAST,47.66246,-122.29898,1956,1.0,1,23409,0,23409,"Other, Retail Store",Retail Store,21909.0,Other,1500.0,,,67.0,2545405.0,False,28.41,1.21,Multi-usages,60,0.0,1.0,1,2
2016,NonResidential,Retail Store,4,NORTHEAST,47.66246,-122.29898,1997,1.0,1,63153,0,63153,"Non-Refrigerated Warehouse, Other, Retail Store",Retail Store,59396.0,Non-Refrigerated Warehouse,2757.0,Other,1000.0,,4644178.0,False,47.66,0.75,Multi-usages,19,0.0,1.0,1,3
2016,Multifamily LR (1-4),Low-Rise Multifamily,4,NORTHEAST,47.66523,-122.29966,1980,1.0,2,321333,48179,273154,"Multifamily Housing, Parking",Multifamily Housing,174577.0,Parking,48179.0,,,89.0,7311465.5,False,184.8,0.58,Multi-usages,36,0.1499348028369324,0.8500651971630676,1,2
2016,Multifamily LR (1-4),Low-Rise Multifamily,4,NORTHEAST,47.66316,-122.30215,1959,1.0,3,26157,0,26157,Multifamily Housing,Multifamily Housing,26157.0,,,,,1.0,2534873.5,False,17.67,0.68,Mono-usage,57,0.0,1.0,0,1
2016,NonResidential,Hotel,4,NORTHEAST,47.66355,-122.30123,1961,2.0,2,24100,0,24100,Hotel,Hotel,30910.0,,,,,91.0,1587454.75,False,46.57,1.93,Mono-usage,55,0.0,1.0,0,1
2016,NonResidential,Restaurant,7,DOWNTOWN,47.61521,-122.33747,1923,1.0,3,33600,0,33600,"Office, Restaurant",Restaurant,19200.0,Office,14400.0,,,,4475650.0,False,101.99,3.04,Multi-usages,93,0.0,1.0,1,2
2016,Multifamily LR (1-4),Low-Rise Multifamily,7,DOWNTOWN,47.61553,-122.33769,1907,1.0,3,39201,0,39201,"Multifamily Housing, Retail Store",Multifamily Housing,22050.0,Retail Store,1800.0,,,,1852926.625,False,40.38,1.03,Multi-usages,109,0.0,1.0,1,2
2016,Multifamily LR (1-4),Low-Rise Multifamily,7,DOWNTOWN,47.61586,-122.33845,1909,1.0,3,23568,0,23568,"Multifamily Housing, Retail Store",Multifamily Housing,12331.0,Retail Store,4509.0,,,,903301.3125,False,25.2,1.07,Multi-usages,107,0.0,1.0,1,2
2016,Multifamily LR (1-4),Low-Rise Multifamily,7,DOWNTOWN,47.61369,-122.34022,1917,1.0,3,21130,0,21130,Multifamily Housing,Multifamily Housing,21130.0,,,,,87.0,1412896.0,False,66.82,3.16,Mono-usage,99,0.0,1.0,0,1
2016,Multifamily MR (5-9),Mid-Rise Multifamily,7,DOWNTOWN,47.61374,-122.33983,1914,1.0,6,36880,0,36880,Multifamily Housing,Multifamily Housing,36880.0,,,,,91.0,2090895.75,False,126.44,3.43,Mono-usage,102,0.0,1.0,0,1
2016,NonResidential,Other,7,DOWNTOWN,47.61362,-122.33959,1927,1.0,4,32356,0,32356,"Bank Branch, Financial Office",Financial Office,25876.0,Bank Branch,6480.0,,,81.0,1857154.75,False,74.92,2.32,Multi-usages,89,0.0,1.0,1,2
2016,NonResidential,Hotel,7,DOWNTOWN,47.61798,-122.33974,1960,1.0,7,61180,12960,48220,Hotel,Hotel,61180.0,,,,,24.0,3993913.25,False,126.3,2.06,Mono-usage,56,0.2118339326577313,0.7881660673422687,0,1
2016,NonResidential,Small- and Mid-Sized Office,7,DOWNTOWN,47.61524,-122.33519,1978,1.0,5,43506,11250,32256,"Office, Parking",Office,32569.0,Parking,0.0,,,51.0,3460275.5,False,99.15,2.28,Multi-usages,38,0.258585022755482,0.741414977244518,1,2
2016,Multifamily HR (10+),Other,7,DOWNTOWN,47.61397,-122.33351,2008,1.0,27,501239,161025,340214,Other,Other,301346.0,,,,,,15590743.0,False,332.85,0.66,Mono-usage,8,0.321253932754634,0.678746067245366,0,1
2016,Multifamily HR (10+),High-Rise Multifamily,7,DOWNTOWN,47.61297,-122.33263,1970,1.0,23,179745,39504,140241,"Multifamily Housing, Parking, Swimming Pool",Multifamily Housing,121455.0,Parking,15360.0,Swimming Pool,0.0,11.0,7821914.0,False,137.94,0.77,Multi-usages,46,0.2197780188600517,0.7802219811399482,1,3
2016,Multifamily LR (1-4),Low-Rise Multifamily,6,BALLARD,47.66812,-122.39756,1949,4.0,3,159820,0,159820,"Multifamily Housing, Parking",Multifamily Housing,159820.0,Parking,0.0,Swimming Pool,0.0,90.0,4691945.5,False,119.63,0.75,Multi-usages,67,0.0,1.0,1,2
2016,Multifamily LR (1-4),Low-Rise Multifamily,6,BALLARD,47.66766,-122.4002,1968,1.0,3,60858,0,60858,Multifamily Housing,Multifamily Housing,60858.0,,,,,87.0,1971310.25,False,43.03,0.71,Mono-usage,48,0.0,1.0,0,1
2016,Multifamily LR (1-4),Low-Rise Multifamily,1,SOUTHWEST,47.58163,-122.37355,1990,1.0,3,28033,0,28033,Multifamily Housing,Multifamily Housing,27923.0,,,,,21.0,883109.875,False,25.39,0.91,Mono-usage,26,0.0,1.0,0,1
2016,Multifamily LR (1-4),Low-Rise Multifamily,3,CENTRAL,47.5997,-122.30015,1986,1.0,3,39816,0,39816,Multifamily Housing,Multifamily Housing,39816.0,,,,,23.0,1372574.75,False,9.57,0.24,Mono-usage,30,0.0,1.0,0,1
2016,NonResidential,Worship Facility,6,Northwest,47.67572,-122.3285,1910,1.0,2,23931,0,23931,Worship Facility,Worship Facility,23931.0,,,,,88.0,496477.3125,False,18.66,0.78,Mono-usage,106,0.0,1.0,0,1
2016,NonResidential,Worship Facility,6,Northwest,47.67491,-122.33316,1948,1.0,2,21393,0,21393,Worship Facility,Worship Facility,21393.0,,,,,57.0,845961.375,False,32.64,1.53,Mono-usage,68,0.0,1.0,0,1
2016,Multifamily MR (5-9),Mid-Rise Multifamily,2,DOWNTOWN,47.59886,-122.32544,1915,1.0,6,150374,0,150374,"Multifamily Housing, Office, Restaurant, Retail Store, Social/Meeting Hall, Supermarket/Grocery Store",Multifamily Housing,47814.0,Office,22372.0,Restaurant,6479.0,,7618626.5,False,303.36,2.02,Multi-usages,101,0.0,1.0,1,6
2016,Multifamily MR (5-9),Mid-Rise Multifamily,2,SOUTHEAST,47.57298,-122.29456,2010,1.0,6,78005,14081,63924,"Multifamily Housing, Parking, Retail Store",Multifamily Housing,59103.0,Parking,14081.0,Retail Store,4620.0,,1719814.625,False,36.28,0.47,Multi-usages,6,0.1805140696109223,0.8194859303890776,1,3
2016,Multifamily LR (1-4),Low-Rise Multifamily,2,SOUTHEAST,47.57285,-122.29209,1956,4.0,2,20400,0,20400,"Multifamily Housing, Parking",Multifamily Housing,20448.0,Parking,0.0,,,34.0,991513.875,False,6.91,0.34,Multi-usages,60,0.0,1.0,1,2
2016,NonResidential,Mixed Use Property,2,SOUTHEAST,47.57256,-122.29265,1990,1.0,2,47560,0,47560,"Distribution Center, Non-Refrigerated Warehouse, Office",Distribution Center,23146.0,Non-Refrigerated Warehouse,15724.0,Office,8255.0,80.0,1132489.625,False,33.23,0.7,Multi-usages,26,0.0,1.0,1,3
2016,NonResidential,Senior Care Community,3,EAST,47.60897,-122.32507,2006,1.0,6,62334,0,62334,"Bank Branch, Parking, Senior Care Community",Senior Care Community,35696.0,Bank Branch,15661.0,Parking,10877.0,100.0,1076733.25,False,34.98,0.56,Multi-usages,10,0.0,1.0,1,3
2016,Multifamily LR (1-4),Low-Rise Multifamily,5,NORTH,47.69799,-122.3282,1982,1.0,4,41664,0,41664,Multifamily Housing,Multifamily Housing,41644.0,,,,,81.0,952895.625,False,6.64,0.16,Mono-usage,34,0.0,1.0,0,1
2016,NonResidential,Residence Hall,4,NORTHEAST,47.66159,-122.30441,1930,1.0,3,20960,0,20960,Residence Hall/Dormitory,Residence Hall/Dormitory,20960.0,,,,,,1500309.75,False,64.51,3.08,Mono-usage,86,0.0,1.0,0,1
2016,Multifamily MR (5-9),Mid-Rise Multifamily,7,DOWNTOWN,47.61562,-122.3339,2012,1.0,7,67403,0,67403,"Multifamily Housing, Office, Other, Other - Lodging/Residential, Worship Facility",Multifamily Housing,36729.0,Worship Facility,12690.0,Other - Lodging/Residential,11810.0,,5364026.0,False,200.3,2.97,Multi-usages,4,0.0,1.0,1,5
2016,Multifamily HR (10+),High-Rise Multifamily,7,DOWNTOWN,47.61589,-122.33342,2008,1.0,37,517164,0,517164,"Multifamily Housing, Parking, Personal Services (Health/Beauty, Dry Cleaning, etc), Restaurant",Multifamily Housing,414331.0,Parking,108300.0,"Personal Services (Health/Beauty, Dry Cleaning, etc)",4258.0,90.0,10593982.0,False,122.99,0.24,Multi-usages,8,0.0,1.0,1,6
2016,Multifamily MR (5-9),Mid-Rise Multifamily,7,DOWNTOWN,47.61631,-122.33518,1929,1.0,5,30180,0,30180,"Multifamily Housing, Office, Other",Multifamily Housing,36050.0,Other,1500.0,Office,450.0,,2228675.5,False,79.58,2.64,Multi-usages,87,0.0,1.0,1,3
2016,NonResidential,University,7,DOWNTOWN,47.61679,-122.33619,1910,1.0,3,28800,0,28800,College/University,College/University,28800.0,,,,,,717056.375,False,8.45,0.29,Mono-usage,106,0.0,1.0,0,1
2016,NonResidential,K-12 School,7,DOWNTOWN,47.61718,-122.33654,1957,1.0,2,21600,0,21600,K-12 School,K-12 School,21600.0,,,,,72.0,1261536.75,False,38.87,1.8,Mono-usage,59,0.0,1.0,0,1
2016,NonResidential,K-12 School,7,DOWNTOWN,47.61687,-122.33533,1995,1.0,3,22860,0,22860,K-12 School,K-12 School,22860.0,,,,,43.0,931148.625,False,6.49,0.28,Mono-usage,21,0.0,1.0,0,1
2016,Multifamily LR (1-4),Low-Rise Multifamily,6,LAKE UNION,47.65434,-122.35044,1990,1.0,4,25490,0,25490,"Multifamily Housing, Parking",Multifamily Housing,25490.0,Parking,9300.0,,,80.0,697397.875,False,4.86,0.19,Multi-usages,26,0.0,1.0,1,2
2016,Multifamily MR (5-9),Mid-Rise Multifamily,2,SOUTHEAST,47.53691,-122.27984,2010,1.0,7,387971,0,387971,"Multifamily Housing, Restaurant, Retail Store",Multifamily Housing,387971.0,Retail Store,12368.0,Restaurant,4878.0,77.0,10614234.0,False,262.98,0.68,Multi-usages,6,0.0,1.0,1,3
2016,Multifamily LR (1-4),Low-Rise Multifamily,4,NORTHEAST,47.66415,-122.28447,1966,1.0,3,25137,0,25137,Multifamily Housing,Multifamily Housing,25137.0,,,,,,767297.8125,False,5.35,0.21,Mono-usage,50,0.0,1.0,0,1
2016,NonResidential,Worship Facility,4,NORTHEAST,47.66516,-122.2738,1972,1.0,1,26366,0,26366,"Parking, Worship Facility",Worship Facility,26386.0,Parking,0.0,,,88.0,888031.875,False,32.22,1.22,Multi-usages,44,0.0,1.0,1,2
2016,Multifamily LR (1-4),Low-Rise Multifamily,1,SOUTHWEST,47.56937,-122.37183,1992,0.0,4,31236,0,31236,Multifamily Housing,Multifamily Housing,31236.0,,,,,76.0,917194.625,False,6.39,0.2,Mono-usage,24,0.0,1.0,0,1
2016,Multifamily MR (5-9),Mid-Rise Multifamily,3,EAST,47.61565,-122.3135,2005,1.0,7,140759,0,140759,"Multifamily Housing, Parking",Multifamily Housing,140759.0,Parking,61200.0,,,91.0,4230514.0,False,67.23,0.48,Multi-usages,11,0.0,1.0,1,2
2016,Multifamily LR (1-4),Low-Rise Multifamily,1,DELRIDGE,47.5536,-122.36338,1999,1.0,3,27119,0,27119,Multifamily Housing,Multifamily Housing,22153.0,,,,,,596242.1875,False,4.16,0.15,Mono-usage,17,0.0,1.0,0,1
2016,NonResidential,Worship Facility,2,SOUTHEAST,47.54362,-122.2667,1965,1.0,2,21732,0,21732,Worship Facility,Worship Facility,21732.0,,,,,2.0,860364.1875,False,23.59,1.09,Mono-usage,51,0.0,1.0,0,1
2016,Multifamily LR (1-4),Low-Rise Multifamily,2,SOUTHEAST,47.54557,-122.27438,1961,1.0,3,43752,0,43752,Multifamily Housing,Multifamily Housing,43752.0,,,,,32.0,1497496.5,True,10.44,0.24,Mono-usage,55,0.0,1.0,0,1
2016,Multifamily LR (1-4),Low-Rise Multifamily,2,SOUTHEAST,47.5459,-122.27507,1968,1.0,3,60270,0,60270,"Multifamily Housing, Non-Refrigerated Warehouse, Parking, Residence Hall/Dormitory",Multifamily Housing,53285.0,Parking,2000.0,Non-Refrigerated Warehouse,525.0,,1359764.875,False,9.48,0.16,Multi-usages,48,0.0,1.0,1,4
2016,Multifamily LR (1-4),Low-Rise Multifamily,2,SOUTHEAST,47.54163,-122.27358,1968,1.0,4,160561,0,160561,Multifamily Housing,Multifamily Housing,160561.0,,,,,91.0,5885427.5,False,218.2,1.36,Mono-usage,48,0.0,1.0,0,1
2016,Multifamily LR (1-4),Low-Rise Multifamily,2,SOUTHEAST,47.53928,-122.27045,1969,1.0,4,34678,0,34678,Multifamily Housing,Multifamily Housing,34678.0,,,,,43.0,1128208.125,False,7.87,0.23,Mono-usage,47,0.0,1.0,0,1
2016,Multifamily LR (1-4),Low-Rise Multifamily,7,MAGNOLIA / QUEEN ANNE,47.65388,-122.39196,1977,1.0,4,22394,0,22394,"Multifamily Housing, Parking",Multifamily Housing,22394.0,Parking,5110.0,,,74.0,744244.6875,False,5.19,0.23,Multi-usages,39,0.0,1.0,1,2
2016,Multifamily MR (5-9),Mid-Rise Multifamily,3,EAST,47.62379405,-122.3201913,2007,1.0,6,145812,0,145812,"Medical Office, Multifamily Housing, Office, Parking, Restaurant",Multifamily Housing,117242.0,Parking,23500.0,Restaurant,4846.0,,5707529.5,False,155.54,1.07,Multi-usages,9,0.0,1.0,1,5
2016,NonResidential,Mixed Use Property,6,BALLARD,47.66835,-122.38886,1945,1.0,1,21060,0,21060,"Non-Refrigerated Warehouse, Office, Other, Retail Store",Non-Refrigerated Warehouse,10495.0,Retail Store,10240.0,Office,1890.0,,350264.5938,False,6.69,0.32,Multi-usages,71,0.0,1.0,1,4
2016,NonResidential,Mixed Use Property,6,BALLARD,47.6684,-122.38788,1960,1.0,4,20539,0,20539,"Medical Office, Multifamily Housing, Office, Restaurant, Retail Store",Retail Store,7387.0,Multifamily Housing,5264.0,Restaurant,3700.0,,1678458.75,False,37.31,1.82,Multi-usages,56,0.0,1.0,1,5
2016,SPS-District K-12,K-12 School,4,NORTHEAST,47.67365,-122.26293,1958,1.0,1,38624,0,38624,K-12 School,K-12 School,41408.0,,,,,83.0,1424157.25,True,38.78,1.0,Mono-usage,58,0.0,1.0,0,1
2016,Multifamily MR (5-9),Mid-Rise Multifamily,3,EAST,47.61927,-122.31786,1985,1.0,5,22874,0,22874,Multifamily Housing,Multifamily Housing,22874.0,,,,,,601813.125,False,4.2,0.18,Mono-usage,31,0.0,1.0,0,1
2016,Multifamily LR (1-4),Low-Rise Multifamily,5,NORTH,47.72098,-122.31228,1965,1.0,3,21469,0,21469,Multifamily Housing,Multifamily Housing,21469.0,,,,,77.0,510528.5,False,3.56,0.17,Mono-usage,51,0.0,1.0,0,1
2016,Multifamily LR (1-4),Low-Rise Multifamily,5,NORTH,47.72142,-122.31203,1984,1.0,4,50252,0,50252,Multifamily Housing,Multifamily Housing,50252.0,,,,,31.0,1928562.0,False,13.44,0.27,Mono-usage,32,0.0,1.0,0,1
2016,Multifamily LR (1-4),Low-Rise Multifamily,5,NORTHWEST,47.70847,-122.35593,1978,1.0,3,22824,0,22824,"Multifamily Housing, Parking",Multifamily Housing,20480.0,Parking,2344.0,,,42.0,593953.375,False,4.14,0.18,Multi-usages,38,0.0,1.0,1,2
2016,Multifamily LR (1-4),Low-Rise Multifamily,5,NORTHWEST,47.7064,-122.35574,1988,1.0,3,57338,0,57338,"Multifamily Housing, Parking",Multifamily Housing,43180.0,Parking,14208.0,,,87.0,1168017.75,False,8.14,0.14,Multi-usages,28,0.0,1.0,1,2
2016,Multifamily MR (5-9),Mid-Rise Multifamily,4,NORTHEAST,47.66085,-122.31244,1928,1.0,8,93502,0,93502,Multifamily Housing,Multifamily Housing,93502.0,,,,,91.0,3185005.75,False,87.31,0.93,Mono-usage,88,0.0,1.0,0,1
2016,Multifamily LR (1-4),Low-Rise Multifamily,4,NORTHEAST,47.66112,-122.31285,1909,1.0,4,20260,0,20260,"Multifamily Housing, Retail Store",Multifamily Housing,12640.0,Retail Store,7620.0,,,,630214.3125,False,4.39,0.22,Multi-usages,107,0.0,1.0,1,2
2016,NonResidential,Retail Store,4,NORTHEAST,47.66033,-122.31348,1900,1.0,3,32960,0,32960,Retail Store,Retail Store,32960.0,,,,,71.0,813641.0,False,5.67,0.17,Mono-usage,116,0.0,1.0,0,1
2016,NonResidential,Other,4,NORTHEAST,47.66097,-122.3139,1921,1.0,3,29636,0,29636,"Multifamily Housing, Other - Entertainment/Public Assembly",Other - Entertainment/Public Assembly,25096.0,Multifamily Housing,4540.0,,,,688641.8125,False,4.8,0.16,Multi-usages,95,0.0,1.0,1,2
2016,NonResidential,Hotel,4,NORTHEAST,47.66023,-122.31581,1930,1.0,3,20571,0,20571,Hotel,Hotel,20571.0,,,,,72.0,716279.6875,False,4.99,0.24,Mono-usage,86,0.0,1.0,0,1
2016,Multifamily LR (1-4),Low-Rise Multifamily,4,NORTHEAST,47.65998,-122.31579,1956,1.0,4,23742,0,23742,Multifamily Housing,Multifamily Housing,23742.0,,,,,91.0,620154.375,False,4.32,0.18,Mono-usage,60,0.0,1.0,0,1
2016,Multifamily LR (1-4),Low-Rise Multifamily,4,NORTHEAST,47.65909,-122.31691,1964,1.0,4,22344,0,22344,Multifamily Housing,Multifamily Housing,22344.0,,,,,84.0,635222.875,False,4.43,0.2,Mono-usage,52,0.0,1.0,0,1
2016,Multifamily LR (1-4),Low-Rise Multifamily,4,NORTHEAST,47.65915,-122.31579,1981,1.0,3,24492,0,24492,Multifamily Housing,Multifamily Housing,21176.0,,,,,67.0,585736.625,False,4.08,0.17,Mono-usage,35,0.0,1.0,0,1
2016,Multifamily MR (5-9),Mid-Rise Multifamily,4,NORTHEAST,47.65893,-122.31634,1962,1.0,5,31075,0,31075,Multifamily Housing,Multifamily Housing,31075.0,,,,,98.0,682088.875,False,4.76,0.15,Mono-usage,54,0.0,1.0,0,1
2016,Multifamily LR (1-4),Low-Rise Multifamily,4,NORTHEAST,47.65847,-122.3147,1925,1.0,3,28700,0,28700,Multifamily Housing,Multifamily Housing,28700.0,,,,,46.0,887017.125,False,6.18,0.22,Mono-usage,91,0.0,1.0,0,1
2016,Multifamily LR (1-4),Low-Rise Multifamily,4,NORTHEAST,47.65848,-122.31397,1924,1.0,3,22542,0,22542,Multifamily Housing,Multifamily Housing,22542.0,,,,,95.0,659368.625,False,15.97,0.71,Mono-usage,92,0.0,1.0,0,1
2016,Multifamily LR (1-4),Low-Rise Multifamily,4,NORTHEAST,47.65874,-122.31395,1923,1.0,4,24680,0,24680,Multifamily Housing,Multifamily Housing,24680.0,,,,,88.0,803533.3125,False,21.97,0.89,Mono-usage,93,0.0,1.0,0,1
2016,Multifamily MR (5-9),Mid-Rise Multifamily,4,NORTHEAST,47.65964,-122.31394,1928,1.0,8,63837,0,63837,"Medical Office, Multifamily Housing, Other - Restaurant/Bar",Multifamily Housing,60799.0,Medical Office,1276.0,Other - Restaurant/Bar,976.0,,2568377.75,False,63.68,1.0,Multi-usages,88,0.0,1.0,1,3
2016,NonResidential,Worship Facility,4,NORTHEAST,47.65926,-122.31241,1926,1.0,2,47992,0,47992,"Other, Worship Facility",Worship Facility,37800.0,Other,10206.0,,,17.0,3040195.5,False,118.37,2.47,Multi-usages,90,0.0,1.0,1,2
2016,Multifamily LR (1-4),Low-Rise Multifamily,4,NORTHEAST,47.65853,-122.3128,1916,1.0,3,22320,0,22320,"Multifamily Housing, Retail Store",Multifamily Housing,14206.0,Retail Store,7006.0,,,82.0,1646088.5,False,59.61,2.67,Multi-usages,100,0.0,1.0,1,2
2016,NonResidential,Residence Hall,4,NORTHEAST,47.65711,-122.31409,1993,1.0,3,28572,0,28572,"Parking, Residence Hall/Dormitory",Residence Hall/Dormitory,22000.0,Parking,7000.0,,,16.0,2717863.25,False,89.57,3.13,Multi-usages,23,0.0,1.0,1,2
2016,Multifamily LR (1-4),Low-Rise Multifamily,4,NORTHEAST,47.65755,-122.31406,1964,1.0,4,26639,0,26639,Multifamily Housing,Multifamily Housing,26639.0,,,,,84.0,711594.0,False,4.96,0.19,Mono-usage,52,0.0,1.0,0,1
2016,Multifamily LR (1-4),Low-Rise Multifamily,4,NORTHEAST,47.65766,-122.31471,1963,1.0,4,34735,0,34735,Multifamily Housing,Multifamily Housing,27671.0,,,,,76.0,783355.125,False,5.46,0.16,Mono-usage,53,0.0,1.0,0,1
2016,Multifamily LR (1-4),Low-Rise Multifamily,4,NORTHEAST,47.6573,-122.31474,1963,1.0,4,25568,0,25568,Multifamily Housing,Multifamily Housing,20159.0,,,,,89.0,705948.3125,False,4.92,0.19,Mono-usage,53,0.0,1.0,0,1
2016,Multifamily LR (1-4),Low-Rise Multifamily,4,NORTHEAST,47.65698,-122.31491,1927,1.0,3,25904,0,25904,Multifamily Housing,Multifamily Housing,25904.0,,,,,89.0,945745.6875,False,26.21,1.01,Mono-usage,89,0.0,1.0,0,1
2016,Multifamily LR (1-4),Low-Rise Multifamily,4,NORTHEAST,47.65807,-122.31713,1941,1.0,3,24548,0,24548,Multifamily Housing,Multifamily Housing,24548.0,,,,,85.0,811907.625,False,5.66,0.23,Mono-usage,75,0.0,1.0,0,1
2016,Multifamily MR (5-9),Mid-Rise Multifamily,4,NORTHEAST,47.65769,-122.31702,1970,1.0,9,71827,0,71827,"Multifamily Housing, Parking",Multifamily Housing,53480.0,Parking,10000.0,,,77.0,1884194.625,False,13.14,0.18,Multi-usages,46,0.0,1.0,1,2
2016,Multifamily MR (5-9),Mid-Rise Multifamily,4,NORTHEAST,47.65972,-122.31807,2008,1.0,6,145350,0,145350,"Multifamily Housing, Retail Store",Multifamily Housing,141650.0,Retail Store,3700.0,,,,3897250.25,False,39.49,0.27,Multi-usages,8,0.0,1.0,1,2
2016,Multifamily MR (5-9),Mid-Rise Multifamily,4,NORTHEAST,47.66085,-122.31846,2004,1.0,7,169931,0,169931,Multifamily Housing,Multifamily Housing,114503.0,,,,,83.0,3091348.25,False,21.55,0.13,Mono-usage,12,0.0,1.0,0,1
2016,Multifamily MR (5-9),Mid-Rise Multifamily,4,NORTHEAST,47.65732,-122.31827,1998,1.0,6,69452,0,69452,"Multifamily Housing, Parking",Multifamily Housing,69452.0,Parking,43332.0,,,89.0,2885740.5,False,51.28,0.74,Multi-usages,18,0.0,1.0,1,2
2016,Multifamily MR (5-9),Mid-Rise Multifamily,4,NORTHEAST,47.65715,-122.31858,1999,1.0,6,47791,0,47791,"Multifamily Housing, Parking",Multifamily Housing,47791.0,Parking,26136.0,,,100.0,1144018.25,False,7.98,0.17,Multi-usages,17,0.0,1.0,1,2
2016,Multifamily LR (1-4),Low-Rise Multifamily,5,NORTH,47.70801,-122.3175,1969,1.0,4,29683,0,29683,Multifamily Housing,Multifamily Housing,29683.0,,,,,53.0,957419.6875,False,8.64,0.29,Mono-usage,47,0.0,1.0,0,1
2016,Multifamily MR (5-9),Mid-Rise Multifamily,1,SOUTHWEST,47.55694,-122.38652,2003,1.0,8,40791,0,40791,"Medical Office, Multifamily Housing, Parking",Multifamily Housing,42077.0,Parking,17566.0,Medical Office,2240.0,,1731455.75,False,43.57,1.07,Multi-usages,13,0.0,1.0,1,3
2016,Multifamily MR (5-9),Mid-Rise Multifamily,6,NORTHWEST,47.69455,-122.35573,1971,1.0,5,56319,0,56319,Multifamily Housing,Multifamily Housing,56319.0,,,,,49.0,2681050.5,False,52.09,0.92,Mono-usage,45,0.0,1.0,0,1
2016,Multifamily LR (1-4),Low-Rise Multifamily,6,BALLARD,47.66965,-122.39489,1975,1.0,4,30948,0,30948,Multifamily Housing,Multifamily Housing,30948.0,,,,,91.0,623322.3125,False,4.35,0.14,Mono-usage,41,0.0,1.0,0,1
2016,Multifamily LR (1-4),Low-Rise Multifamily,6,BALLARD,47.66927,-122.39485,1988,1.0,4,39319,0,39319,"Multifamily Housing, Parking",Multifamily Housing,30786.0,Parking,0.0,,,68.0,948224.625,False,6.61,0.17,Multi-usages,28,0.0,1.0,1,2
2016,Multifamily LR (1-4),Low-Rise Multifamily,1,SOUTHWEST,47.57602,-122.38712,1984,1.0,4,41443,0,41443,Multifamily Housing,Multifamily Housing,41443.0,,,,,12.0,1604129.75,False,11.18,0.27,Mono-usage,32,0.0,1.0,0,1
2016,Multifamily LR (1-4),Low-Rise Multifamily,5,NORTH,47.72971,-122.31089,1975,1.0,3,130680,0,130680,Multifamily Housing,Multifamily Housing,130709.0,,,,,7.0,3515821.0,False,24.51,0.19,Mono-usage,41,0.0,1.0,0,1
2016,NonResidential,Residence Hall,3,EAST,47.60817,-122.32654,1982,0.0,15,115775,31535,84240,"Office, Residence Hall/Dormitory",Residence Hall/Dormitory,150000.0,Office,25000.0,,,94.0,2882489.75,False,20.09,0.17,Multi-usages,34,0.2723817749946016,0.7276182250053984,1,2
2016,NonResidential,Worship Facility,4,NORTHEAST,47.68752,-122.29852,2000,1.0,2,31386,0,31386,Worship Facility,Worship Facility,30000.0,,,,,52.0,1128179.125,False,27.14,0.86,Mono-usage,16,0.0,1.0,0,1
2016,Campus,K-12 School,4,NORTHEAST,47.687,-122.30013,1989,5.0,3,21500,0,21500,K-12 School,K-12 School,96154.0,,,,,44.0,6689184.0,False,202.65,9.43,Mono-usage,27,0.0,1.0,0,1
2016,Multifamily MR (5-9),Mid-Rise Multifamily,3,EAST,47.61255,-122.3239,1989,1.0,5,140778,0,140778,"Multifamily Housing, Parking",Multifamily Housing,96578.0,Parking,44200.0,,,81.0,2834238.5,False,19.76,0.14,Multi-usages,27,0.0,1.0,1,2
2016,Multifamily LR (1-4),Low-Rise Multifamily,4,NORTHEAST,47.66085,-122.28577,1961,4.0,4,30834,0,30834,Multifamily Housing,Multifamily Housing,28876.0,,,,,97.0,606111.0,False,4.23,0.14,Mono-usage,55,0.0,1.0,0,1
2016,Multifamily MR (5-9),Mid-Rise Multifamily,7,MAGNOLIA / QUEEN ANNE,47.62479,-122.36444,2002,1.0,5,21536,0,21536,Multifamily Housing,Multifamily Housing,21536.0,,,,,,464720.5938,False,3.24,0.15,Mono-usage,14,0.0,1.0,0,1
2016,Multifamily LR (1-4),Low-Rise Multifamily,5,NORTHWEST,47.70395,-122.33471,1988,2.0,4,47873,0,47873,Multifamily Housing,Multifamily Housing,47873.0,,,,,32.0,1016146.875,False,7.08,0.15,Mono-usage,28,0.0,1.0,0,1
2016,Multifamily LR (1-4),Low-Rise Multifamily,1,SOUTHWEST,47.54192,-122.38682,1985,1.0,4,39581,0,39581,Multifamily Housing,Multifamily Housing,39581.0,,,,,86.0,853314.5,False,5.95,0.15,Mono-usage,31,0.0,1.0,0,1
2016,Multifamily LR (1-4),Low-Rise Multifamily,7,MAGNOLIA / QUEEN ANNE,47.63785,-122.37352,1989,1.0,4,23177,0,23177,Multifamily Housing,Multifamily Housing,21787.0,,,,,,488515.4063,False,3.41,0.15,Mono-usage,27,0.0,1.0,0,1
2016,Multifamily MR (5-9),Mid-Rise Multifamily,7,MAGNOLIA / QUEEN ANNE,47.63282,-122.34305,1991,1.0,5,54360,0,54360,Multifamily Housing,Multifamily Housing,45319.0,,,,,77.0,1544388.5,False,10.77,0.2,Mono-usage,25,0.0,1.0,0,1
2016,Multifamily LR (1-4),Low-Rise Multifamily,1,SOUTHWEST,47.58143,-122.3751,1990,1.0,3,70207,0,70207,Multifamily Housing,Multifamily Housing,71273.0,,,,,100.0,702481.375,False,4.9,0.07,Mono-usage,26,0.0,1.0,0,1
2016,NonResidential,Small- and Mid-Sized Office,4,LAKE UNION,47.64834,-122.33188,2012,1.0,2,84116,26497,57619,Office,Office,55000.0,,,,,68.0,2641681.75,False,20.08,0.24,Mono-usage,4,0.3150054686385468,0.6849945313614533,0,1
2016,NonResidential,Hotel,7,DOWNTOWN,47.61345,-122.34068,1925,1.0,9,104000,0,104000,"Hotel, Restaurant",Hotel,96000.0,Restaurant,8000.0,,,8.0,8690648.0,False,355.8,3.42,Multi-usages,91,0.0,1.0,1,2
2016,SPS-District K-12,K-12 School,2,GREATER DUWAMISH,47.57405,-122.30301,1971,1.0,1,55206,0,55206,K-12 School,K-12 School,55206.0,,,,,75.0,2345752.5,True,61.84,1.12,Mono-usage,45,0.0,1.0,0,1
2016,NonResidential,Senior Care Community,2,SOUTHEAST,47.57188,-122.29531,1981,1.0,3,78374,0,78374,"Parking, Senior Care Community",Senior Care Community,58665.0,Parking,0.0,,,98.0,3321035.75,False,23.15,0.3,Multi-usages,35,0.0,1.0,1,2
2016,Multifamily LR (1-4),Low-Rise Multifamily,1,SOUTHWEST,47.56874,-122.37178,1992,1.0,4,121037,0,121037,"Multifamily Housing, Parking",Multifamily Housing,81732.0,Parking,39305.0,,,84.0,2391566.25,False,16.67,0.14,Multi-usages,24,0.0,1.0,1,2
2016,NonResidential,Mixed Use Property,6,BALLARD,47.65742,-122.36736,2007,1.0,2,38784,0,38784,"Non-Refrigerated Warehouse, Office",Non-Refrigerated Warehouse,16826.0,Office,16826.0,,,,1841154.25,False,26.11,0.67,Multi-usages,9,0.0,1.0,1,2
2016,Multifamily LR (1-4),Low-Rise Multifamily,7,MAGNOLIA / QUEEN ANNE,47.65346,-122.36987,1984,1.0,4,26568,0,26568,"Multifamily Housing, Parking",Multifamily Housing,26568.0,Parking,5000.0,,,98.0,578854.125,False,4.04,0.15,Multi-usages,32,0.0,1.0,1,2
2016,Multifamily MR (5-9),Mid-Rise Multifamily,6,BALLARD,47.66772,-122.38276,2007,1.0,6,182494,0,182494,"Multifamily Housing, Retail Store",Multifamily Housing,165553.0,Retail Store,14373.0,,,94.0,5249190.0,False,131.87,0.72,Multi-usages,9,0.0,1.0,1,2
2016,Multifamily MR (5-9),Mid-Rise Multifamily,6,BALLARD,47.6679,-122.38309,2007,1.0,6,113462,0,113462,Multifamily Housing,Multifamily Housing,113462.0,,,,,97.0,2167888.25,False,15.11,0.13,Mono-usage,9,0.0,1.0,0,1
2016,NonResidential,Other,2,GREATER DUWAMISH,47.57383,-122.33046,1969,1.0,2,41790,0,41790,"Office, Social/Meeting Hall",Social/Meeting Hall,21790.0,Office,20000.0,,,,2177075.0,False,33.37,0.8,Multi-usages,47,0.0,1.0,1,2
2016,NonResidential,Small- and Mid-Sized Office,7,DOWNTOWN,47.60542,-122.3364,1900,1.0,5,39960,0,39960,"Office, Other",Office,37120.0,Other,2840.0,,,77.0,2178690.5,False,49.98,1.25,Multi-usages,116,0.0,1.0,1,2
2016,NonResidential,Warehouse,7,DOWNTOWN,47.60528,-122.33627,1900,1.0,5,33300,0,33300,"Non-Refrigerated Warehouse, Retail Store",Non-Refrigerated Warehouse,24000.0,Retail Store,6000.0,,,,90558.70313,False,0.63,0.02,Multi-usages,116,0.0,1.0,1,2
2016,NonResidential,Hotel,7,DOWNTOWN,47.60721,-122.33451,1926,1.0,11,36240,0,36240,Hotel,Hotel,36240.0,,,,,98.0,2147968.25,False,120.91,3.34,Mono-usage,90,0.0,1.0,0,1
2016,NonResidential,Other,7,DOWNTOWN,47.60781,-122.33186,1922,1.0,3,39320,6960,32360,Social/Meeting Hall,Social/Meeting Hall,39320.0,,,,,,3042875.5,False,145.48,3.7,Mono-usage,94,0.1770091556459817,0.8229908443540183,0,1
2016,Multifamily MR (5-9),Mid-Rise Multifamily,7,DOWNTOWN,47.60639,-122.3303,1907,1.0,5,41452,0,41452,Multifamily Housing,Multifamily Housing,41452.0,,,,,99.0,1606981.25,False,63.41,1.53,Mono-usage,109,0.0,1.0,0,1
2016,NonResidential,Other,7,DOWNTOWN,47.60547,-122.33118,1908,1.0,5,41536,0,41536,Performing Arts,Performing Arts,41536.0,,,,,,2735166.0,False,19.07,0.46,Mono-usage,108,0.0,1.0,0,1
2016,Multifamily LR (1-4),Low-Rise Multifamily,7,DOWNTOWN,47.60511,-122.33241,1916,0.0,3,45320,0,45320,Multifamily Housing,Multifamily Housing,45320.0,,,,,57.0,3300549.25,False,122.59,2.7,Mono-usage,100,0.0,1.0,0,1
2016,NonResidential,Hotel,7,DOWNTOWN,47.60223,-122.32889,1909,1.0,6,35820,0,35820,Hotel,Hotel,35820.0,,,,,94.0,3321603.0,False,130.58,3.65,Mono-usage,107,0.0,1.0,0,1
2016,Multifamily LR (1-4),Low-Rise Multifamily,6,NORTHWEST,47.69073,-122.36125,2003,1.0,4,42984,0,42984,"Multifamily Housing, Office, Parking",Multifamily Housing,32063.0,Parking,7400.0,Office,1005.0,,1249939.25,False,15.9,0.37,Multi-usages,13,0.0,1.0,1,3
2016,NonResidential,K-12 School,1,SOUTHWEST,47.56542,-122.38502,1922,1.0,2,33462,0,33462,K-12 School,K-12 School,57896.0,,,,,76.0,3987215.5,False,185.23,5.54,Mono-usage,94,0.0,1.0,0,1
2016,NonResidential,K-12 School,1,SOUTHWEST,47.56504,-122.38455,1965,1.0,3,49744,0,49744,K-12 School,K-12 School,49744.0,,,,,98.0,2096835.5,False,89.29,1.79,Mono-usage,51,0.0,1.0,0,1
2016,NonResidential,Worship Facility,1,SOUTHWEST,47.56342,-122.38509,1923,1.0,2,37816,0,37816,"K-12 School, Worship Facility",Worship Facility,19407.0,K-12 School,18701.0,,,60.0,1411305.5,False,43.45,1.15,Multi-usages,93,0.0,1.0,1,2
2016,NonResidential,Mixed Use Property,1,SOUTHWEST,47.5622,-122.38648,1926,0.0,2,23315,0,23315,"Office, Restaurant, Retail Store",Office,7758.0,Retail Store,6919.0,Restaurant,1976.0,,1354000.625,False,35.04,1.5,Multi-usages,90,0.0,1.0,1,3
2016,NonResidential,Mixed Use Property,1,SOUTHWEST,47.56147,-122.38638,1930,1.0,2,20700,0,20700,"Non-Refrigerated Warehouse, Office, Other - Recreation, Restaurant",Non-Refrigerated Warehouse,6900.0,Restaurant,6900.0,Other - Recreation,4323.0,,4265815.0,False,188.67,9.11,Multi-usages,86,0.0,1.0,1,4
2016,Multifamily MR (5-9),Mid-Rise Multifamily,1,SOUTHWEST,47.56146,-122.38578,1979,1.0,9,82876,18274,64602,"Multifamily Housing, Parking",Multifamily Housing,64602.0,Parking,18274.0,,,81.0,3093583.0,False,71.55,0.86,Multi-usages,37,0.2204980935373328,0.7795019064626671,1,2
2016,Multifamily MR (5-9),Mid-Rise Multifamily,1,SOUTHWEST,47.56137,-122.38524,2008,1.0,7,142099,0,142099,"Multifamily Housing, Office, Retail Store, Supermarket/Grocery Store",Multifamily Housing,116160.0,Supermarket/Grocery Store,35318.0,Retail Store,19249.0,29.0,14332778.0,True,188.07,1.32,Multi-usages,8,0.0,1.0,1,4
2016,NonResidential,Other,1,SOUTHWEST,47.56263,-122.38196,1948,1.0,1,41521,13124,28397,"Other - Recreation, Parking, Restaurant",Other - Recreation,26241.0,Parking,13124.0,Restaurant,2574.0,,3343550.0,False,100.21,2.41,Multi-usages,68,0.3160810192432745,0.6839189807567255,1,3
2016,NonResidential,Supermarket / Grocery Store,1,SOUTHWEST,47.56197,-122.38109,1946,1.0,2,25762,0,25762,Supermarket/Grocery Store,Supermarket/Grocery Store,25762.0,,,,,100.0,1906384.875,False,13.29,0.52,Mono-usage,70,0.0,1.0,0,1
2016,Multifamily MR (5-9),Mid-Rise Multifamily,1,SOUTHWEST,47.56141,-122.37967,2010,1.0,7,213016,0,213016,"Multifamily Housing, Parking",Multifamily Housing,127364.0,Parking,2.0,,,99.0,5149928.5,False,128.91,0.61,Multi-usages,6,0.0,1.0,1,2
2016,NonResidential,Other,1,SOUTHWEST,47.56245,-122.37805,1984,1.0,1,33334,0,33334,"Fitness Center/Health Club/Gym, Swimming Pool",Fitness Center/Health Club/Gym,50000.0,Swimming Pool,0.0,,,,6118300.5,False,210.3,6.31,Multi-usages,32,0.0,1.0,1,2
2016,NonResidential,Small- and Mid-Sized Office,1,SOUTHWEST,47.56175,-122.37835,1981,1.0,3,43387,0,43387,Office,Office,45000.0,,,,,60.0,2686765.0,False,34.15,0.79,Mono-usage,35,0.0,1.0,0,1
2016,Multifamily LR (1-4),Low-Rise Multifamily,1,SOUTHWEST,47.56245,-122.37699,1960,1.0,2,23983,0,23983,Multifamily Housing,Multifamily Housing,28750.0,,,,,39.0,908203.625,False,6.33,0.26,Mono-usage,56,0.0,1.0,0,1
2016,Multifamily LR (1-4),Low-Rise Multifamily,1,SOUTHWEST,47.56245,-122.37658,1963,1.0,4,29351,0,29351,"Multifamily Housing, Parking",Multifamily Housing,25891.0,Parking,0.0,,,80.0,614044.6875,False,4.28,0.15,Multi-usages,53,0.0,1.0,1,2
2016,Multifamily MR (5-9),Mixed Use Property,1,SOUTHWEST,47.56162,-122.37655,2003,1.0,7,106976,20986,85990,"Multifamily Housing, Parking, Senior Care Community",Multifamily Housing,52514.0,Senior Care Community,45545.0,Parking,20986.0,35.0,4358944.5,False,73.31,0.69,Multi-usages,13,0.1961748429554292,0.8038251570445707,1,3
2016,Multifamily LR (1-4),Low-Rise Multifamily,3,Central,47.62117,-122.30226,1920,1.0,3,25475,0,25475,Multifamily Housing,Multifamily Housing,25475.0,,,,,86.0,1118772.75,False,50.43,1.98,Mono-usage,96,0.0,1.0,0,1
2016,Multifamily LR (1-4),Low-Rise Multifamily,3,Central,47.61971,-122.30287,1968,1.0,3,40779,0,40779,"Multifamily Housing, Parking",Multifamily Housing,38212.0,Parking,0.0,,,66.0,1234573.875,False,8.61,0.21,Multi-usages,48,0.0,1.0,1,2
2016,Multifamily LR (1-4),Low-Rise Multifamily,7,MAGNOLIA / QUEEN ANNE,47.64425,-122.36125,1965,1.0,3,38328,0,38328,"Multifamily Housing, Parking",Multifamily Housing,30810.0,Parking,4000.0,,,69.0,1093724.375,False,7.62,0.2,Multi-usages,51,0.0,1.0,1,2
2016,NonResidential,Mixed Use Property,5,NORTH,47.72178,-122.29498,1979,1.0,1,39350,0,39350,"Food Service, Retail Store, Supermarket/Grocery Store",Supermarket/Grocery Store,19271.0,Retail Store,19249.0,Food Service,2663.0,,267135.0938,False,1.86,0.05,Multi-usages,37,0.0,1.0,1,3
2016,Multifamily MR (5-9),Mid-Rise Multifamily,5,NORTH,47.72235,-122.29584,2008,1.0,6,193691,0,193691,"Multifamily Housing, Office, Parking",Multifamily Housing,150092.0,Parking,30575.0,Office,3498.0,,6649938.0,False,178.46,0.92,Multi-usages,8,0.0,1.0,1,3
2016,NonResidential,Other,5,NORTH,47.72032,-122.29507,1949,0.0,1,22405,0,22405,"Other, Retail Store",Other,11000.0,Retail Store,7500.0,,,,3498214.75,False,134.57,6.01,Multi-usages,67,0.0,1.0,1,2
2016,Multifamily MR (5-9),Mid-Rise Multifamily,5,NORTH,47.72082,-122.29195,1971,1.0,7,86283,0,86283,Multifamily Housing,Multifamily Housing,86283.0,,,,,54.0,3739029.75,False,69.15,0.8,Mono-usage,45,0.0,1.0,0,1
2016,Multifamily MR (5-9),Mid-Rise Multifamily,5,NORTH,47.71951,-122.29477,2001,1.0,6,57775,0,57775,"Multifamily Housing, Parking, Retail Store",Multifamily Housing,71073.0,Retail Store,17043.0,Parking,11286.0,,2536760.75,False,17.68,0.31,Multi-usages,15,0.0,1.0,1,3
2016,Multifamily MR (5-9),Mid-Rise Multifamily,5,NORTH,47.72226,-122.29316,2001,3.0,5,320739,93260,227479,"Multifamily Housing, Parking",Multifamily Housing,179623.0,Parking,40114.0,,,76.0,9162048.0,False,261.09,0.81,Multi-usages,15,0.2907660122404821,0.7092339877595178,1,2
2016,Multifamily LR (1-4),Low-Rise Multifamily,5,NORTH,47.72008,-122.29031,1986,1.0,3,67624,0,67624,Multifamily Housing,Multifamily Housing,67624.0,,,,,77.0,1541897.875,False,10.75,0.16,Mono-usage,30,0.0,1.0,0,1
2016,SPS-District K-12,Other,5,NORTH,47.72606,-122.28747,2013,1.0,1,32590,0,32590,Other,Other,32590.0,,,,,,1361794.25,False,43.13,1.32,Mono-usage,3,0.0,1.0,0,1
2016,Multifamily LR (1-4),Low-Rise Multifamily,5,NORTHWEST,47.73279,-122.34851,1978,1.0,4,73234,0,73234,"Multifamily Housing, Parking",Multifamily Housing,65000.0,Parking,5000.0,,,72.0,1808401.375,False,12.61,0.17,Multi-usages,38,0.0,1.0,1,2
2016,Multifamily MR (5-9),Mid-Rise Multifamily,7,DOWNTOWN,47.61543,-122.35074,1988,1.0,5,145018,0,145018,"Multifamily Housing, Parking, Restaurant",Multifamily Housing,54168.0,Parking,12660.0,Restaurant,5515.0,25.0,2249449.75,False,15.68,0.11,Multi-usages,28,0.0,1.0,1,3
2016,NonResidential,Warehouse,2,GREATER DUWAMISH,47.552,-122.32262,1985,1.0,1,37500,0,37500,Non-Refrigerated Warehouse,Non-Refrigerated Warehouse,61419.0,,,,,36.0,1811506.375,False,13.16,0.35,Mono-usage,31,0.0,1.0,0,1
2016,NonResidential,Medical Office,3,CENTRAL,47.60132,-122.30477,1990,1.0,2,39000,0,39000,Medical Office,Medical Office,39000.0,,,,,25.0,2615247.75,False,33.92,0.87,Mono-usage,26,0.0,1.0,0,1
2016,NonResidential,Other,1,SOUTHWEST,47.56018,-122.38716,1924,1.0,1,22180,0,22180,"Other - Mall, Restaurant",Other - Mall,14000.0,Restaurant,8180.0,,,,5089083.0,False,147.0,6.63,Multi-usages,92,0.0,1.0,1,2
2016,Multifamily LR (1-4),Low-Rise Multifamily,3,EAST,47.6315,-122.31221,1984,1.0,3,66885,0,66885,"Multifamily Housing, Parking",Multifamily Housing,44900.0,Parking,5170.0,,,70.0,1423929.125,False,9.93,0.15,Multi-usages,32,0.0,1.0,1,2
2016,Multifamily LR (1-4),Low-Rise Multifamily,1,SOUTHWEST,47.56001,-122.38856,2007,1.0,4,28560,0,28560,"Multifamily Housing, Office, Parking",Multifamily Housing,15418.0,Parking,5538.0,Office,2213.0,,738592.0,False,25.93,0.91,Multi-usages,9,0.0,1.0,1,3
2016,Multifamily LR (1-4),Low-Rise Multifamily,3,CENTRAL,47.60109,-122.30551,1980,1.0,3,52166,0,52166,Multifamily Housing,Multifamily Housing,43490.0,,,,,28.0,1433573.25,False,9.99,0.19,Mono-usage,36,0.0,1.0,0,1
2016,SPS-District K-12,K-12 School,2,GREATER DUWAMISH,47.58547,-122.3151,1971,1.0,1,51704,0,51704,K-12 School,K-12 School,51704.0,,,,,62.0,1799402.75,True,41.68,0.81,Mono-usage,45,0.0,1.0,0,1
2016,NonResidential,Distribution Center,2,GREATER DUWAMISH,47.58513,-122.30645,1969,1.0,1,25920,0,25920,"Distribution Center, Office, Refrigerated Warehouse",Distribution Center,19277.0,Refrigerated Warehouse,4051.0,Office,2592.0,,1219744.75,False,12.48,0.48,Multi-usages,47,0.0,1.0,1,3
2016,NonResidential,Refrigerated Warehouse,2,GREATER DUWAMISH,47.58528,-122.30595,1953,1.0,1,25480,0,25480,Refrigerated Warehouse,Refrigerated Warehouse,25480.0,,,,,,741287.1875,False,5.17,0.2,Mono-usage,63,0.0,1.0,0,1
2016,NonResidential,Warehouse,2,GREATER DUWAMISH,47.58482,-122.30501,1970,1.0,2,31000,0,31000,Non-Refrigerated Warehouse,Non-Refrigerated Warehouse,31000.0,,,,,,2301043.75,False,19.93,0.64,Mono-usage,46,0.0,1.0,0,1
2016,NonResidential,Small- and Mid-Sized Office,2,GREATER DUWAMISH,47.58528,-122.305,1961,1.0,1,29740,0,29740,"Non-Refrigerated Warehouse, Office",Office,17804.0,Non-Refrigerated Warehouse,12208.0,,,57.0,1467060.25,False,19.82,0.67,Multi-usages,55,0.0,1.0,1,2
2016,NonResidential,Distribution Center,2,GREATER DUWAMISH,47.58607,-122.30445,1954,1.0,1,23236,0,23236,"Distribution Center, Office, Retail Store",Distribution Center,20736.0,Office,1250.0,Retail Store,1250.0,,433871.0,False,13.02,0.56,Multi-usages,62,0.0,1.0,1,3
2016,NonResidential,Small- and Mid-Sized Office,2,SOUTHEAST,47.58579,-122.3034,2009,1.0,3,38075,0,38075,"K-12 School, Office, Retail Store",Office,29035.0,K-12 School,6213.0,Retail Store,2825.0,,1921801.25,False,19.04,0.5,Multi-usages,7,0.0,1.0,1,3
2016,Multifamily MR (5-9),Mid-Rise Multifamily,3,SOUTHEAST,47.58421,-122.29978,1969,1.0,7,139530,0,139530,"Multifamily Housing, Parking",Multifamily Housing,111176.0,Parking,28354.0,,,77.0,3944933.5,False,46.75,0.34,Multi-usages,47,0.0,1.0,1,2
2016,NonResidential,Small- and Mid-Sized Office,3,SOUTHEAST,47.5859,-122.29957,1970,1.0,2,39170,0,39170,Office,Office,35500.0,,,,,81.0,2130673.75,False,63.06,1.61,Mono-usage,46,0.0,1.0,0,1
2016,Nonresidential COS,Other,3,SOUTHEAST,47.58476,-122.29765,1977,0.0,1,36070,0,36070,Other - Recreation,Other - Recreation,66597.0,,,,,,1441665.375,False,10.05,0.28,Mono-usage,39,0.0,1.0,0,1
2016,Multifamily MR (5-9),Mid-Rise Multifamily,7,MAGNOLIA / QUEEN ANNE,47.61911,-122.35377,2002,1.0,5,34542,9028,25514,"Multifamily Housing, Office, Parking",Multifamily Housing,21169.0,Parking,9028.0,Office,4345.0,,1237655.25,False,40.51,1.17,Multi-usages,14,0.2613629784031034,0.7386370215968965,1,3
2016,NonResidential,Other,2,SOUTHEAST,47.56979,-122.29234,1963,1.0,2,20047,0,20047,Other - Services,Other - Services,20047.0,,,,,,117438.3984,False,0.82,0.04,Mono-usage,53,0.0,1.0,0,1
2016,Multifamily LR (1-4),Low-Rise Multifamily,2,SOUTHEAST,47.57086,-122.29546,1968,1.0,3,37080,0,37080,Multifamily Housing,Multifamily Housing,37080.0,,,,,62.0,1162007.625,False,8.1,0.22,Mono-usage,48,0.0,1.0,0,1
2016,Multifamily LR (1-4),Low-Rise Multifamily,2,SOUTHEAST,47.56791,-122.29643,2002,0.0,3,22108,0,22108,Multifamily Housing,Multifamily Housing,21772.0,,,,,47.0,791035.5,False,5.51,0.25,Mono-usage,14,0.0,1.0,0,1
2016,NonResidential,Retail Store,2,GREATER DUWAMISH,47.57403,-122.3336,1914,1.0,1,20000,0,20000,Retail Store,Retail Store,20000.0,,,,,75.0,557863.6875,False,3.89,0.19,Mono-usage,102,0.0,1.0,0,1
2016,NonResidential,Warehouse,2,GREATER DUWAMISH,47.5741,-122.32541,1955,1.0,2,32400,0,32400,Non-Refrigerated Warehouse,Non-Refrigerated Warehouse,32700.0,,,,,91.0,248616.0,False,1.73,0.05,Mono-usage,61,0.0,1.0,0,1
2016,Multifamily LR (1-4),Mixed Use Property,7,MAGNOLIA / QUEEN ANNE,47.63734,-122.35724,2008,1.0,4,84147,0,84147,"Multifamily Housing, Office, Parking",Multifamily Housing,38682.0,Parking,31384.0,Office,13881.0,85.0,1618535.75,False,11.28,0.13,Multi-usages,8,0.0,1.0,1,3
2016,NonResidential,Supermarket / Grocery Store,7,MAGNOLIA / QUEEN ANNE,47.63776,-122.35606,1962,1.0,1,25159,0,25159,"Parking, Supermarket/Grocery Store",Supermarket/Grocery Store,25883.0,Parking,0.0,,,38.0,8905287.0,False,247.85,9.85,Multi-usages,54,0.0,1.0,1,2
2016,Multifamily LR (1-4),Mixed Use Property,7,MAGNOLIA / QUEEN ANNE,47.63678,-122.35734,2007,1.0,4,83175,0,83175,"Multifamily Housing, Parking, Retail Store",Multifamily Housing,33547.0,Parking,31972.0,Retail Store,17656.0,89.0,2531163.0,False,37.2,0.45,Multi-usages,9,0.0,1.0,1,3
2016,Nonresidential COS,Other,7,MAGNOLIA / QUEEN ANNE,47.63629,-122.35922,1948,1.0,1,27247,0,27247,"Fitness Center/Health Club/Gym, Office, Other - Recreation, Pre-school/Daycare",Other - Recreation,14317.0,Fitness Center/Health Club/Gym,7701.0,Pre-school/Daycare,3045.0,,2332996.5,False,83.1,3.05,Multi-usages,68,0.0,1.0,1,4
2016,Multifamily MR (5-9),Mid-Rise Multifamily,4,NORTHEAST,47.67141,-122.31219,1928,1.0,5,58735,0,58735,Multifamily Housing,Multifamily Housing,58735.0,,,,,96.0,2128963.5,False,93.83,1.6,Mono-usage,88,0.0,1.0,0,1
2016,Multifamily LR (1-4),Low-Rise Multifamily,3,EAST,47.61991,-122.31095,2015,2.0,3,29848,6555,23293,Multifamily Housing,Multifamily Housing,30629.0,,,,,48.0,990361.5,False,6.9,0.23,Mono-usage,1,0.2196127043688019,0.780387295631198,0,1
2016,Multifamily LR (1-4),Low-Rise Multifamily,3,EAST,47.6199,-122.31037,1928,1.0,3,34455,0,34455,"Multifamily Housing, Parking",Multifamily Housing,31455.0,Parking,0.0,,,82.0,1639849.25,False,74.33,2.16,Multi-usages,88,0.0,1.0,1,2
2016,Multifamily LR (1-4),Low-Rise Multifamily,3,EAST,47.61807,-122.32285,1990,1.0,4,28038,0,28038,"Multifamily Housing, Parking",Multifamily Housing,28038.0,Parking,6300.0,,,83.0,759405.6875,False,5.29,0.19,Multi-usages,26,0.0,1.0,1,2
2016,Multifamily LR (1-4),Low-Rise Multifamily,3,EAST,47.62121,-122.32292,1924,1.0,3,24939,0,24939,Multifamily Housing,Multifamily Housing,24939.0,,,,,81.0,595978.0,False,4.15,0.17,Mono-usage,92,0.0,1.0,0,1
2016,NonResidential,Distribution Center,2,GREATER DUWAMISH,47.56489,-122.3409,1955,1.0,1,26680,0,26680,Distribution Center,Distribution Center,33987.0,,,,,92.0,243518.2031,False,1.7,0.06,Mono-usage,61,0.0,1.0,0,1
2016,NonResidential,Warehouse,1,DELRIDGE,47.56447,-122.35335,1953,1.0,1,31521,0,31521,Non-Refrigerated Warehouse,Non-Refrigerated Warehouse,31521.0,,,,,6.0,1788148.0,False,61.71,1.96,Mono-usage,63,0.0,1.0,0,1
2016,NonResidential,Warehouse,2,GREATER DUWAMISH,47.56982,-122.33479,1951,1.0,1,24000,0,24000,"Non-Refrigerated Warehouse, Office",Non-Refrigerated Warehouse,20400.0,Office,3600.0,,,,1257033.5,False,46.64,1.94,Multi-usages,65,0.0,1.0,1,2
2016,NonResidential,Self-Storage Facility,2,GREATER DUWAMISH,47.56487,-122.34181,1952,1.0,1,21900,0,21900,Self-Storage Facility,Self-Storage Facility,21900.0,,,,,,1333637.625,False,65.65,3.0,Mono-usage,64,0.0,1.0,0,1
2016,NonResidential,Retail Store,2,GREATER DUWAMISH,47.56535,-122.34054,1953,1.0,1,39900,0,39900,"Non-Refrigerated Warehouse, Retail Store",Retail Store,25000.0,Non-Refrigerated Warehouse,15000.0,,,100.0,145468.7969,True,5.46,0.14,Multi-usages,63,0.0,1.0,1,2
2016,NonResidential,Warehouse,2,GREATER DUWAMISH,47.56897,-122.33617,1961,1.0,1,38005,0,38005,"Non-Refrigerated Warehouse, Office, Self-Storage Facility",Non-Refrigerated Warehouse,21560.0,Self-Storage Facility,10974.0,Office,5471.0,,752093.625,False,10.75,0.28,Multi-usages,55,0.0,1.0,1,3
2016,NonResidential,Distribution Center,2,GREATER DUWAMISH,47.5678,-122.33622,1998,1.0,1,35579,0,35579,Distribution Center,Distribution Center,35579.0,,,,,72.0,1096646.25,False,39.05,1.1,Mono-usage,18,0.0,1.0,0,1
2016,Multifamily MR (5-9),Mid-Rise Multifamily,4,LAKE UNION,47.65331,-122.34445,2008,1.0,5,40505,14620,25885,"Multifamily Housing, Parking",Multifamily Housing,23495.0,Parking,14620.0,,,98.0,685888.1875,False,4.78,0.12,Multi-usages,8,0.3609430934452536,0.6390569065547463,1,2
2016,NonResidential,Distribution Center,2,GREATER DUWAMISH,47.57382,-122.32672,1975,1.0,1,49950,0,49950,Distribution Center,Distribution Center,49950.0,,,,,77.0,238969.7031,False,1.67,0.03,Mono-usage,41,0.0,1.0,0,1
2016,Multifamily LR (1-4),Low-Rise Multifamily,3,EAST,47.64202,-122.28039,1967,0.0,4,118154,0,118154,"Multifamily Housing, Parking, Swimming Pool",Multifamily Housing,93154.0,Parking,8460.0,Swimming Pool,0.0,33.0,3960898.75,False,50.31,0.43,Multi-usages,49,0.0,1.0,1,3
2016,SPS-District K-12,K-12 School,3,EAST,47.6315,-122.30761,2001,1.0,3,62078,0,62078,K-12 School,K-12 School,62078.0,,,,,97.0,1955013.5,True,50.69,0.82,Mono-usage,15,0.0,1.0,0,1
2016,Multifamily MR (5-9),Mid-Rise Multifamily,7,DOWNTOWN,47.6172,-122.3359,2004,1.0,5,62665,0,62665,"Multifamily Housing, Parking",Multifamily Housing,62565.0,Parking,26240.0,,,58.0,2845068.0,False,94.98,1.52,Multi-usages,12,0.0,1.0,1,2
2016,Multifamily LR (1-4),Low-Rise Multifamily,3,EAST,47.61736,-122.31399,1987,1.0,4,34924,0,34924,Multifamily Housing,Multifamily Housing,34924.0,,,,,79.0,757167.3125,False,5.28,0.15,Mono-usage,29,0.0,1.0,0,1
2016,NonResidential,Worship Facility,7,MAGNOLIA / QUEEN ANNE,47.63927,-122.4032,1947,1.0,2,22612,0,22612,Worship Facility,Worship Facility,22612.0,,,,,87.0,731321.8125,False,31.6,1.4,Mono-usage,69,0.0,1.0,0,1
2016,Multifamily LR (1-4),Low-Rise Multifamily,2,GREATER DUWAMISH,47.58025,-122.31381,2003,1.0,4,27076,0,27076,Multifamily Housing,Multifamily Housing,27076.0,,,,,75.0,693045.0,False,4.83,0.18,Mono-usage,13,0.0,1.0,0,1
2016,Multifamily MR (5-9),Mid-Rise Multifamily,7,MAGNOLIA / QUEEN ANNE,47.61934,-122.35713,1999,1.0,6,48150,0,48150,Multifamily Housing,Multifamily Housing,48150.0,,,,,77.0,1518548.75,False,15.35,0.32,Mono-usage,17,0.0,1.0,0,1
2016,Multifamily MR (5-9),Mid-Rise Multifamily,7,MAGNOLIA / QUEEN ANNE,47.63972,-122.34236,1991,2.0,5,59227,0,59227,Multifamily Housing,Multifamily Housing,59227.0,,,,,58.0,2294737.25,False,71.99,1.22,Mono-usage,25,0.0,1.0,0,1
2016,NonResidential,Other,5,NORTH,47.72599,-122.29314,1976,1.0,2,38787,0,38787,"Automobile Dealership, Parking",Automobile Dealership,38787.0,Parking,0.0,,,,3204685.5,False,67.52,1.74,Multi-usages,40,0.0,1.0,1,2
2016,NonResidential,Self-Storage Facility,5,NORTH,47.72356,-122.29378,1988,2.0,2,50368,0,50368,Self-Storage Facility,Self-Storage Facility,50369.0,,,,,,753275.1875,False,28.58,0.57,Mono-usage,28,0.0,1.0,0,1
2016,NonResidential,Warehouse,2,GREATER DUWAMISH,47.55302,-122.33605,1938,1.0,1,30545,0,30545,"Non-Refrigerated Warehouse, Office",Non-Refrigerated Warehouse,23545.0,Office,7000.0,,,12.0,1577040.875,False,61.53,2.01,Multi-usages,78,0.0,1.0,1,2
2016,Multifamily LR (1-4),Low-Rise Multifamily,3,CENTRAL,47.61359,-122.31337,1907,1.0,3,25248,0,25248,Multifamily Housing,Multifamily Housing,25248.0,,,,,42.0,1866460.25,False,88.89,3.52,Mono-usage,109,0.0,1.0,0,1
2016,Multifamily LR (1-4),Low-Rise Multifamily,3,EAST,47.6148,-122.31314,1910,1.0,3,28380,0,28380,Multifamily Housing,Multifamily Housing,28380.0,,,,,93.0,770736.125,False,10.89,0.38,Mono-usage,106,0.0,1.0,0,1
2016,Multifamily LR (1-4),Low-Rise Multifamily,3,EAST,47.61577,-122.31315,1907,1.0,3,24783,0,24783,Multifamily Housing,Multifamily Housing,24783.0,,,,,38.0,1750099.75,False,82.87,3.34,Mono-usage,109,0.0,1.0,0,1
2016,Multifamily MR (5-9),Mid-Rise Multifamily,7,MAGNOLIA / QUEEN ANNE,47.62942,-122.35771,1926,1.0,5,40572,0,40572,"Multifamily Housing, Parking",Multifamily Housing,37767.0,Parking,2805.0,,,53.0,1349970.5,False,32.33,0.8,Multi-usages,90,0.0,1.0,1,2
2016,Multifamily LR (1-4),Low-Rise Multifamily,7,MAGNOLIA / QUEEN ANNE,47.62982,-122.35706,1948,1.0,3,26044,0,26044,"Multifamily Housing, Parking",Multifamily Housing,26044.0,Parking,0.0,,,86.0,1116475.125,False,33.92,1.3,Multi-usages,68,0.0,1.0,1,2
2016,Multifamily MR (5-9),Mid-Rise Multifamily,7,MAGNOLIA / QUEEN ANNE,47.63019,-122.35625,1970,1.0,8,36926,0,36926,Multifamily Housing,Multifamily Housing,36926.0,,,,,50.0,1764767.25,False,35.26,0.95,Mono-usage,46,0.0,1.0,0,1
2016,Multifamily MR (5-9),Mid-Rise Multifamily,7,MAGNOLIA / QUEEN ANNE,47.63107,-122.35708,1950,1.0,6,91703,7565,84138,"Multifamily Housing, Parking",Multifamily Housing,84138.0,Parking,4500.0,,,86.0,4633186.0,False,199.79,2.18,Multi-usages,66,0.0824945748775939,0.917505425122406,1,2
2016,Multifamily LR (1-4),Low-Rise Multifamily,7,MAGNOLIA / QUEEN ANNE,47.63087,-122.3566,1928,1.0,3,35070,6786,28284,"Multifamily Housing, Parking",Multifamily Housing,35070.0,Parking,6786.0,,,79.0,1993766.375,False,92.58,2.64,Multi-usages,88,0.1934987168520102,0.8065012831479897,1,2
2016,Multifamily LR (1-4),Low-Rise Multifamily,7,MAGNOLIA / QUEEN ANNE,47.63066,-122.35764,1928,1.0,3,21376,0,21376,Multifamily Housing,Multifamily Housing,21376.0,,,,,79.0,1106701.0,False,47.7,2.23,Mono-usage,88,0.0,1.0,0,1
2016,Multifamily LR (1-4),Low-Rise Multifamily,7,MAGNOLIA / QUEEN ANNE,47.63106,-122.35764,1928,1.0,3,28940,2262,26678,"Multifamily Housing, Parking",Multifamily Housing,28940.0,Parking,2262.0,,,19.0,1913558.375,False,90.31,3.12,Multi-usages,88,0.0781617138908085,0.9218382861091914,1,2
2016,NonResidential,K-12 School,7,MAGNOLIA / QUEEN ANNE,47.63111,-122.35814,1922,1.0,3,32691,0,32691,K-12 School,K-12 School,33550.0,,,,,99.0,971990.3125,False,29.82,0.91,Mono-usage,94,0.0,1.0,0,1
2016,Multifamily MR (5-9),Mid-Rise Multifamily,7,MAGNOLIA / QUEEN ANNE,47.63161,-122.35967,1977,1.0,6,40758,0,40758,Multifamily Housing,Multifamily Housing,40758.0,,,,,90.0,1134195.5,False,7.91,0.19,Mono-usage,39,0.0,1.0,0,1
2016,NonResidential,Worship Facility,7,MAGNOLIA / QUEEN ANNE,47.63159,-122.35839,1963,1.0,2,24227,0,24227,Worship Facility,Worship Facility,26210.0,,,,,55.0,1086678.125,False,47.59,1.96,Mono-usage,53,0.0,1.0,0,1
2016,Multifamily LR (1-4),Low-Rise Multifamily,7,MAGNOLIA / QUEEN ANNE,47.63208,-122.35751,1910,1.0,4,24540,0,24540,Multifamily Housing,Multifamily Housing,24540.0,,,,,92.0,739869.6875,False,19.76,0.81,Mono-usage,106,0.0,1.0,0,1
2016,Multifamily LR (1-4),Low-Rise Multifamily,7,MAGNOLIA / QUEEN ANNE,47.63205,-122.35633,1930,1.0,3,37944,0,37944,"Multifamily Housing, Parking",Multifamily Housing,37944.0,Parking,4200.0,,,18.0,2248134.5,False,101.96,2.69,Multi-usages,86,0.0,1.0,1,2
2016,Multifamily LR (1-4),Small- and Mid-Sized Office,7,MAGNOLIA / QUEEN ANNE,47.63217,-122.36532,1917,1.0,4,28546,0,28546,Office,Office,28546.0,,,,,99.0,623107.6875,False,28.44,1.0,Mono-usage,99,0.0,1.0,0,1
2016,Multifamily HR (10+),High-Rise Multifamily,7,DOWNTOWN,47.61733,-122.35376,1999,1.0,13,219874,0,219874,Multifamily Housing,,,,,,,17.0,13217550.0,False,408.82,1.86,Mono-usage,17,0.0,1.0,0,1
2016,Multifamily MR (5-9),Mid-Rise Multifamily,7,MAGNOLIA / QUEEN ANNE,47.62835,-122.35491,1970,1.0,8,73736,7640,66096,Multifamily Housing,Multifamily Housing,62422.0,,,,,42.0,3704086.5,False,127.74,1.73,Mono-usage,46,0.1036128892264294,0.8963871107735706,0,1
2016,Multifamily HR (10+),High-Rise Multifamily,7,DOWNTOWN,47.61222,-122.34456,1981,1.0,33,190610,0,190610,"Multifamily Housing, Parking, Swimming Pool",Multifamily Housing,152674.0,Parking,28598.0,Swimming Pool,0.0,7.0,14619984.0,False,551.53,2.89,Multi-usages,35,0.0,1.0,1,3
2016,Multifamily MR (5-9),Mid-Rise Multifamily,6,NORTHWEST,47.69397,-122.3557,1989,1.0,5,50028,0,50028,"Multifamily Housing, Office",Multifamily Housing,37859.0,Office,2659.0,,,,1386983.375,False,9.67,0.19,Multi-usages,27,0.0,1.0,1,2
2016,NonResidential,Distribution Center,2,GREATER DUWAMISH,47.54365,-122.30785,1956,1.0,1,27000,0,27000,Distribution Center,Distribution Center,27000.0,,,,,61.0,651293.3125,False,18.85,0.7,Mono-usage,60,0.0,1.0,0,1
2016,Multifamily LR (1-4),Low-Rise Multifamily,7,MAGNOLIA / QUEEN ANNE,47.62746,-122.34729,1992,1.0,4,42093,0,42093,Multifamily Housing,Multifamily Housing,31956.0,,,,,16.0,1239315.375,False,8.64,0.21,Mono-usage,24,0.0,1.0,0,1
2016,Multifamily HR (10+),High-Rise Multifamily,7,DOWNTOWN,47.6161,-122.33576,2006,1.0,33,299755,0,299755,"Multifamily Housing, Retail Store",Multifamily Housing,291429.0,Retail Store,6174.0,,,63.0,8815732.0,False,61.46,0.21,Multi-usages,10,0.0,1.0,1,2
2016,Multifamily LR (1-4),Low-Rise Multifamily,5,NORTHWEST,47.72116,-122.35512,1976,1.0,3,27296,4025,23271,"Multifamily Housing, Parking",Multifamily Housing,27296.0,Parking,4025.0,,,95.0,613684.125,True,4.28,0.16,Multi-usages,40,0.1474575029308323,0.8525424970691676,1,2
2016,Multifamily LR (1-4),Low-Rise Multifamily,4,NORTHEAST,47.68173,-122.26408,1985,1.0,3,30542,0,30542,Multifamily Housing,Multifamily Housing,30542.0,,,,,59.0,872326.375,False,6.08,0.2,Mono-usage,31,0.0,1.0,0,1
2016,Multifamily LR (1-4),Low-Rise Multifamily,5,NORTHWEST,47.72298,-122.34795,1989,1.0,4,34368,0,34368,"Multifamily Housing, Parking",Multifamily Housing,34368.0,Parking,0.0,,,15.0,995798.8125,False,6.94,0.2,Multi-usages,27,0.0,1.0,1,2
2016,Multifamily LR (1-4),Low-Rise Multifamily,7,MAGNOLIA / QUEEN ANNE,47.62525,-122.36023,1982,1.0,4,59670,0,59670,Multifamily Housing,Multifamily Housing,59670.0,,,,,66.0,1655800.75,False,11.54,0.19,Mono-usage,34,0.0,1.0,0,1
2016,Multifamily HR (10+),High-Rise Multifamily,3,EAST,47.61028,-122.32524,1950,1.0,13,108228,0,108228,Multifamily Housing,Multifamily Housing,108948.0,,,,,80.0,4533874.5,False,115.56,1.07,Mono-usage,66,0.0,1.0,0,1
2016,Multifamily MR (5-9),Mid-Rise Multifamily,3,EAST,47.62185,-122.32238,1928,1.0,5,20639,0,20639,Multifamily Housing,Multifamily Housing,20639.0,,,,,100.0,509485.6875,False,20.73,1.0,Mono-usage,88,0.0,1.0,0,1
2016,Multifamily LR (1-4),Low-Rise Multifamily,3,NORTHEAST,47.64127,-122.31338,1966,1.0,4,31682,0,31682,Multifamily Housing,Multifamily Housing,31682.0,,,,,55.0,935396.6875,False,6.52,0.21,Mono-usage,50,0.0,1.0,0,1
2016,Multifamily LR (1-4),Low-Rise Multifamily,6,NORTHWEST,47.69094,-122.3502,1997,1.0,3,31017,0,31017,"Multifamily Housing, Office, Parking",Multifamily Housing,31017.0,Parking,3700.0,Office,3000.0,,1076644.75,False,8.7,0.28,Multi-usages,19,0.0,1.0,1,3
2016,SPS-District K-12,K-12 School,4,LAKE UNION,47.64252,-122.32418,1999,1.0,3,95501,0,95501,K-12 School,K-12 School,95501.0,,,,,88.0,3009967.0,True,62.94,0.66,Mono-usage,17,0.0,1.0,0,1
2016,NonResidential,Small- and Mid-Sized Office,4,LAKE UNION,47.64243,-122.32618,1957,1.0,2,21183,0,21183,"Office, Parking",Office,13945.0,Parking,7238.0,,,99.0,361542.0938,False,2.52,0.12,Multi-usages,59,0.0,1.0,1,2
2016,NonResidential,Small- and Mid-Sized Office,4,LAKE UNION,47.64428,-122.32627,1961,1.0,3,29392,3834,25558,"Office, Parking",Office,29392.0,Parking,3834.0,,,91.0,755618.1875,False,6.18,0.21,Multi-usages,55,0.1304436581382689,0.869556341861731,1,2
2016,Multifamily LR (1-4),Low-Rise Multifamily,4,LAKE UNION,47.64533,-122.32637,1996,1.0,4,54721,0,54721,Multifamily Housing,Multifamily Housing,54721.0,,,,,67.0,1241023.75,False,17.26,0.32,Mono-usage,20,0.0,1.0,0,1
2016,NonResidential,Large Office,4,LAKE UNION,47.6465,-122.3252,1985,1.0,5,137738,55504,82234,"Office, Other, Parking",Office,77796.0,Parking,55504.0,Other,4438.0,62.0,4704936.5,False,32.8,0.24,Multi-usages,31,0.4029679536511347,0.5970320463488652,1,3
2016,Multifamily MR (5-9),Mid-Rise Multifamily,4,LAKE UNION,47.64711,-122.32515,2008,1.0,6,165325,0,165325,Multifamily Housing,Multifamily Housing,84295.0,,,,,84.0,3568237.0,False,81.82,0.49,Mono-usage,8,0.0,1.0,0,1
2016,Multifamily MR (5-9),Mid-Rise Multifamily,4,LAKE UNION,47.64676,-122.32456,1958,1.0,6,56144,0,56144,Multifamily Housing,Multifamily Housing,56144.0,,,,,77.0,1497863.375,False,10.44,0.19,Mono-usage,58,0.0,1.0,0,1
2016,Multifamily LR (1-4),Low-Rise Multifamily,4,LAKE UNION,47.64626,-122.32367,1928,1.0,4,37885,0,37885,Multifamily Housing,Multifamily Housing,37885.0,,,,,77.0,1427974.625,False,51.91,1.37,Mono-usage,88,0.0,1.0,0,1
2016,Multifamily LR (1-4),Low-Rise Multifamily,3,NORTHEAST,47.64816,-122.32169,1926,1.0,3,24367,0,24367,"Multifamily Housing, Parking",Multifamily Housing,23867.0,Parking,500.0,,,52.0,612158.1875,False,4.27,0.18,Multi-usages,90,0.0,1.0,1,2
2016,Multifamily LR (1-4),Low-Rise Multifamily,4,LAKE UNION,47.64735,-122.32343,1914,2.0,3,24330,0,24330,"Multifamily Housing, Parking",Multifamily Housing,24330.0,Parking,600.0,,,76.0,838394.8125,False,23.59,0.97,Multi-usages,102,0.0,1.0,1,2
2016,Multifamily LR (1-4),Low-Rise Multifamily,3,NORTHEAST,47.65084,-122.32147,1997,1.0,3,45580,0,45580,"Multifamily Housing, Other - Restaurant/Bar, Parking, Retail Store",Multifamily Housing,24901.0,Parking,17897.0,Other - Restaurant/Bar,2560.0,,1287040.625,False,8.97,0.2,Multi-usages,19,0.0,1.0,1,4
2016,Multifamily MR (5-9),Mid-Rise Multifamily,3,NORTHEAST,47.65058,-122.32159,2008,1.0,6,35746,0,35746,"Multifamily Housing, Parking",Multifamily Housing,20148.0,Parking,15598.0,,,,1176032.125,False,8.2,0.23,Multi-usages,8,0.0,1.0,1,2
2016,NonResidential,Residence Hall,4,LAKE UNION,47.65014,-122.34424,1988,1.0,3,21118,0,21118,Residence Hall/Dormitory,Residence Hall/Dormitory,21118.0,,,,,49.0,1361427.75,False,39.5,1.87,Mono-usage,28,0.0,1.0,0,1
2016,NonResidential,Large Office,4,LAKE UNION,47.64868,-122.34254,2013,1.0,5,206126,79284,126842,"Office, Other, Parking, Restaurant",Office,101941.0,Parking,73177.0,Other,8324.0,98.0,4489661.0,False,72.26,0.35,Multi-usages,3,0.3846385220690257,0.6153614779309743,1,4
2016,NonResidential,Small- and Mid-Sized Office,4,LAKE UNION,47.64866,-122.34509,1900,1.0,2,20500,0,20500,Office,Office,20500.0,,,,,48.0,1326178.125,False,11.27,0.55,Mono-usage,116,0.0,1.0,0,1
2016,Multifamily HR (10+),High-Rise Multifamily,7,DOWNTOWN,47.61208,-122.34287,2004,1.0,23,248225,2206,246019,"Multifamily Housing, Parking, Retail Store",Multifamily Housing,198646.0,Parking,42180.0,Retail Store,7399.0,1.0,18353916.0,False,534.88,2.15,Multi-usages,12,0.0088870983986302,0.9911129016013698,1,3
2016,Multifamily LR (1-4),Low-Rise Multifamily,6,BALLARD,47.6958,-122.37208,1978,1.0,4,35512,0,35512,Multifamily Housing,Multifamily Housing,35512.0,,,,,78.0,961491.3125,False,6.7,0.19,Mono-usage,38,0.0,1.0,0,1
2016,NonResidential,Senior Care Community,6,BALLARD,47.69875,-122.36725,1966,1.0,2,34636,31000,3636,"Parking, Senior Care Community",Senior Care Community,36000.0,Parking,0.0,,,3.0,12148720.0,False,480.9,13.88,Multi-usages,50,0.895022519921469,0.104977480078531,1,2
2016,NonResidential,Worship Facility,4,NORTHEAST,47.67485,-122.29284,1930,1.0,2,25521,0,25521,Worship Facility,Worship Facility,25521.0,,,,,82.0,605186.3125,False,15.47,0.61,Mono-usage,86,0.0,1.0,0,1
2016,NonResidential,K-12 School,4,NORTHEAST,47.67485,-122.29284,1986,1.0,1,23190,0,23190,K-12 School,K-12 School,23190.0,,,,,79.0,1705515.25,False,68.14,2.94,Mono-usage,30,0.0,1.0,0,1
2016,Multifamily LR (1-4),Low-Rise Multifamily,1,SOUTHWEST,47.56584,-122.38655,2008,1.0,4,40326,0,40326,Multifamily Housing,Multifamily Housing,40326.0,,,,,57.0,1366000.125,False,29.97,0.74,Mono-usage,8,0.0,1.0,0,1
2016,Multifamily MR (5-9),Mid-Rise Multifamily,6,BALLARD,47.67121,-122.38786,2012,1.0,6,31248,0,31248,"Multifamily Housing, Parking",Multifamily Housing,33892.0,Parking,5368.0,,,88.0,1000804.625,False,16.99,0.54,Multi-usages,4,0.0,1.0,1,2
2016,Multifamily LR (1-4),Mixed Use Property,4,LAKE UNION,47.6616,-122.32367,1966,4.0,3,126153,0,126153,"Multifamily Housing, Parking, Retail Store",Multifamily Housing,62074.0,Parking,36286.0,Retail Store,27793.0,76.0,4141785.5,False,100.02,0.79,Multi-usages,50,0.0,1.0,1,3
2016,NonResidential,Small- and Mid-Sized Office,6,NORTHWEST,47.68602,-122.35674,1960,1.0,1,20678,0,20678,Office,Office,23100.0,,,,,98.0,770333.0,False,32.63,1.58,Mono-usage,56,0.0,1.0,0,1
2016,NonResidential,K-12 School,6,NORTHWEST,47.68642,-122.35707,1922,1.0,3,28820,0,28820,K-12 School,K-12 School,33780.0,,,,,43.0,2595783.5,False,106.45,3.69,Mono-usage,94,0.0,1.0,0,1
2016,Multifamily LR (1-4),Low-Rise Multifamily,4,LAKE UNION,47.65598,-122.34694,2002,1.0,4,41316,0,41316,"Multifamily Housing, Office",Multifamily Housing,36066.0,Office,5250.0,,,78.0,1713051.875,False,51.13,1.24,Multi-usages,14,0.0,1.0,1,2
2016,Multifamily LR (1-4),Low-Rise Multifamily,1,SOUTHWEST,47.58318,-122.38461,1985,1.0,4,21600,0,21600,Multifamily Housing,Multifamily Housing,21600.0,,,,,79.0,565952.0,False,3.95,0.18,Mono-usage,31,0.0,1.0,0,1
2016,NonResidential,Worship Facility,2,SOUTHEAST,47.51042,-122.26277,1954,1.0,2,27876,0,27876,Worship Facility,Worship Facility,44816.0,,,,,69.0,1829981.375,False,68.97,2.47,Mono-usage,62,0.0,1.0,0,1
2016,SPS-District K-12,K-12 School,7,MAGNOLIA / QUEEN ANNE,47.63796,-122.34897,1925,1.0,1,48789,0,48789,K-12 School,K-12 School,48789.0,,,,,94.0,1298307.625,False,29.41,0.6,Mono-usage,91,0.0,1.0,0,1
2016,Multifamily MR (5-9),Mid-Rise Multifamily,7,DOWNTOWN,47.60571,-122.33759,1902,1.0,6,35844,3459,32385,"Multifamily Housing, Parking",Multifamily Housing,35070.0,Parking,3459.0,,,1.0,2342494.25,False,16.33,0.46,Multi-usages,114,0.0965015065282892,0.9034984934717109,1,2
2016,SPS-District K-12,K-12 School,2,SOUTHEAST,47.55818,-122.28712,1925,1.0,1,33105,0,33105,K-12 School,K-12 School,33105.0,,,,,79.0,1725336.25,True,69.77,2.11,Mono-usage,91,0.0,1.0,0,1
2016,NonResidential,Senior Care Community,2,SOUTHEAST,47.55387,-122.27875,1966,1.0,2,48882,7233,41649,"Parking, Senior Care Community",Senior Care Community,41922.0,Parking,9079.0,,,51.0,6782435.0,False,235.26,4.81,Multi-usages,50,0.1479685773904504,0.8520314226095496,1,2
2016,NonResidential,Warehouse,2,GREATER DUWAMISH,47.55374,-122.32498,1977,1.0,1,22320,0,22320,Non-Refrigerated Warehouse,Non-Refrigerated Warehouse,22320.0,,,,,62.0,439065.9063,False,3.06,0.14,Mono-usage,39,0.0,1.0,0,1
2016,NonResidential,Other,2,GREATER DUWAMISH,47.55297,-122.32472,1976,1.0,1,47105,0,47105,Manufacturing/Industrial Plant,Manufacturing/Industrial Plant,45320.0,,,,,,10234721.0,False,348.22,7.39,Mono-usage,40,0.0,1.0,0,1
2016,NonResidential,Small- and Mid-Sized Office,2,GREATER DUWAMISH,47.55316,-122.32616,1982,1.0,2,40029,0,40029,"Non-Refrigerated Warehouse, Office",Office,31800.0,Non-Refrigerated Warehouse,8200.0,,,69.0,1471914.25,False,10.26,0.26,Multi-usages,34,0.0,1.0,1,2
2016,NonResidential,Small- and Mid-Sized Office,2,GREATER DUWAMISH,47.55196,-122.32518,1970,1.0,2,28304,0,28304,Office,Office,27185.0,,,,,67.0,1269367.5,False,8.85,0.31,Mono-usage,46,0.0,1.0,0,1
2016,NonResidential,Other,2,GREATER DUWAMISH,47.55168,-122.32459,1970,1.0,1,26400,0,26400,"Non-Refrigerated Warehouse, Other - Recreation",Other - Recreation,20560.0,Non-Refrigerated Warehouse,7200.0,,,,452612.5,False,3.16,0.12,Multi-usages,46,0.0,1.0,1,2
2016,NonResidential,Warehouse,2,GREATER DUWAMISH,47.55049,-122.32382,1968,1.0,1,27680,0,27680,"Non-Refrigerated Warehouse, Office",Non-Refrigerated Warehouse,25000.0,Office,2680.0,,,,1778431.75,False,64.81,2.34,Multi-usages,48,0.0,1.0,1,2
2016,NonResidential,Small- and Mid-Sized Office,2,GREATER DUWAMISH,47.55145,-122.32635,1969,1.0,2,25872,0,25872,"Non-Refrigerated Warehouse, Office",Office,23272.0,Non-Refrigerated Warehouse,2600.0,,,,1787119.0,False,45.79,1.77,Multi-usages,47,0.0,1.0,1,2
2016,NonResidential,Small- and Mid-Sized Office,2,GREATER DUWAMISH,47.55127,-122.32576,1969,1.0,2,25872,0,25872,Office,Office,24988.0,,,,,41.0,2399353.5,False,81.96,3.17,Mono-usage,47,0.0,1.0,0,1
2016,NonResidential,Warehouse,2,GREATER DUWAMISH,47.55127,-122.32576,1969,1.0,1,20500,0,20500,Non-Refrigerated Warehouse,Non-Refrigerated Warehouse,21386.0,,,,,65.0,222600.0938,False,1.55,0.08,Mono-usage,47,0.0,1.0,0,1
2016,NonResidential,Small- and Mid-Sized Office,4,LAKE UNION,47.6557,-122.34682,1958,1.0,2,21436,0,21436,Office,Office,21436.0,,,,,95.0,534703.6875,False,3.73,0.17,Mono-usage,58,0.0,1.0,0,1
2016,NonResidential,Mixed Use Property,3,NORTHEAST,47.65205,-122.3218,1998,1.0,1,20233,0,20233,"Non-Refrigerated Warehouse, Office, Other",Office,7245.0,Non-Refrigerated Warehouse,6644.0,Other,6344.0,,630250.125,False,18.16,0.9,Multi-usages,18,0.0,1.0,1,3
2016,Multifamily LR (1-4),Low-Rise Multifamily,6,LAKE UNION,47.65299,-122.35299,1988,1.0,4,22448,0,22448,Multifamily Housing,Multifamily Housing,22448.0,,,,,86.0,508014.5938,False,3.54,0.16,Mono-usage,28,0.0,1.0,0,1
2016,NonResidential,Small- and Mid-Sized Office,6,LAKE UNION,47.65178,-122.351,2006,1.0,4,39926,12400,27526,"Multifamily Housing, Office, Parking, Retail Store",Office,24335.0,Parking,12400.0,Retail Store,2575.0,,1010967.688,False,14.49,0.36,Multi-usages,10,0.3105745629414416,0.6894254370585583,1,4
2016,Multifamily LR (1-4),Low-Rise Multifamily,4,LAKE UNION,47.65303,-122.3469,1994,1.0,4,62681,0,62681,"Multifamily Housing, Office",Multifamily Housing,38993.0,Office,6963.0,,,72.0,1275236.125,False,10.74,0.17,Multi-usages,22,0.0,1.0,1,2
2016,Multifamily MR (5-9),Mid-Rise Multifamily,4,LAKE UNION,47.64943,-122.34637,1990,1.0,7,130983,44625,86358,"Multifamily Housing, Office, Parking",Multifamily Housing,73266.0,Parking,44625.0,Office,13092.0,,3629065.75,False,62.83,0.48,Multi-usages,26,0.3406930670392341,0.6593069329607659,1,3
2016,NonResidential,Small- and Mid-Sized Office,4,LAKE UNION,47.64904,-122.34609,1985,1.0,3,31417,8110,23307,"Office, Parking",Office,26295.0,Parking,12890.0,,,94.0,1126157.25,False,28.09,0.89,Multi-usages,31,0.2581404971830537,0.7418595028169462,1,2
2016,Multifamily MR (5-9),Mid-Rise Multifamily,7,DOWNTOWN,47.61094,-122.34075,1909,1.0,8,55882,0,55882,"Multifamily Housing, Retail Store",Multifamily Housing,48152.0,Retail Store,2645.0,,,,6458021.5,False,264.43,4.73,Multi-usages,107,0.0,1.0,1,2
2016,Multifamily MR (5-9),Mid-Rise Multifamily,7,DOWNTOWN,47.6119,-122.34055,1901,1.0,6,40109,0,40109,"Multifamily Housing, Retail Store",Multifamily Housing,32536.0,Retail Store,6644.0,,,80.0,2151376.5,True,82.93,2.07,Multi-usages,115,0.0,1.0,1,2
2016,NonResidential,Self-Storage Facility,7,DOWNTOWN,47.61179,-122.3404,1928,1.0,6,46580,0,46580,Self-Storage Facility,Self-Storage Facility,46580.0,,,,,,710275.375,False,4.95,0.11,Mono-usage,88,0.0,1.0,0,1
2016,Multifamily HR (10+),High-Rise Multifamily,7,DOWNTOWN,47.61117,-122.34044,1907,1.0,14,148219,0,148219,"Multifamily Housing, Other, Retail Store",Multifamily Housing,126965.0,Other,15660.0,Retail Store,5594.0,67.0,8575114.0,False,312.13,2.11,Multi-usages,109,0.0,1.0,1,3
2016,NonResidential,Retail Store,7,DOWNTOWN,47.61165,-122.34011,1916,1.0,2,25920,0,25920,Retail Store,Retail Store,25920.0,,,,,5.0,478690.0938,False,3.34,0.13,Mono-usage,100,0.0,1.0,0,1
2016,Multifamily MR (5-9),Mid-Rise Multifamily,7,DOWNTOWN,47.61246,-122.34239,1999,1.0,6,139650,0,139650,"Multifamily Housing, Parking, Retail Store",Multifamily Housing,91880.0,Parking,40200.0,Retail Store,7570.0,72.0,3752132.25,False,60.29,0.43,Multi-usages,17,0.0,1.0,1,3
2016,NonResidential,Retail Store,7,DOWNTOWN,47.61236,-122.34144,1919,1.0,2,25920,0,25920,Retail Store,Retail Store,38880.0,,,,,93.0,1011667.5,False,13.71,0.53,Mono-usage,97,0.0,1.0,0,1
2016,NonResidential,Hotel,7,DOWNTOWN,47.61203,-122.34165,1910,1.0,8,61721,0,61721,Hotel,,,,,,,93.0,2897079.75,False,36.92,0.6,Mono-usage,106,0.0,1.0,0,1
2016,Multifamily MR (5-9),Mid-Rise Multifamily,7,DOWNTOWN,47.61334,-122.34394,1918,1.0,5,32760,0,32760,Multifamily Housing,Multifamily Housing,32760.0,,,,,98.0,1046995.188,False,27.93,0.85,Mono-usage,98,0.0,1.0,0,1
2016,Multifamily MR (5-9),Mid-Rise Multifamily,7,DOWNTOWN,47.61351,-122.34312,2007,1.0,6,96980,0,96980,Multifamily Housing,Multifamily Housing,66527.0,,,,,1.0,6503353.5,False,221.1,2.28,Mono-usage,9,0.0,1.0,0,1
2016,NonResidential,Small- and Mid-Sized Office,7,DOWNTOWN,47.61297,-122.34324,1919,1.0,2,25920,0,25920,Office,Office,23995.0,,,,,75.0,1793851.375,False,46.48,1.79,Mono-usage,97,0.0,1.0,0,1
2016,Multifamily MR (5-9),Mid-Rise Multifamily,7,DOWNTOWN,47.61328,-122.34106,1915,1.0,5,32460,0,32460,Multifamily Housing,Multifamily Housing,32460.0,,,,,93.0,1933021.625,False,82.38,2.54,Mono-usage,101,0.0,1.0,0,1
2016,Multifamily HR (10+),High-Rise Multifamily,7,EAST,47.6115,-122.32984,1922,1.0,10,90920,0,90920,Multifamily Housing,Multifamily Housing,100000.0,,,,,95.0,4933374.5,False,195.71,2.15,Mono-usage,94,0.0,1.0,0,1
2016,Multifamily HR (10+),Senior Care Community,7,EAST,47.61088,-122.32932,1954,1.0,19,756740,123891,632849,"Parking, Senior Care Community",Senior Care Community,885760.0,Parking,139190.0,,,71.0,35685224.0,False,1216.05,1.61,Multi-usages,62,0.1637167322990723,0.8362832677009276,1,2
2016,NonResidential,Small- and Mid-Sized Office,3,EAST,47.61098,-122.32766,1925,1.0,4,39760,0,39760,Office,Office,39760.0,,,,,92.0,2478960.0,False,149.91,3.77,Mono-usage,91,0.0,1.0,0,1
2016,NonResidential,Other,3,EAST,47.61109,-122.32721,1920,1.0,3,30971,0,30971,Other,Other,30971.0,,,,,,2823184.0,False,94.85,3.06,Mono-usage,96,0.0,1.0,0,1
2016,NonResidential,Small- and Mid-Sized Office,3,EAST,47.61063,-122.32741,1946,1.0,3,22667,0,22667,Office,Office,22667.0,,,,,1.0,3767135.0,False,148.55,6.55,Mono-usage,70,0.0,1.0,0,1
2016,Multifamily MR (5-9),Mid-Rise Multifamily,3,EAST,47.61075,-122.32689,1925,1.0,5,52620,0,52620,Multifamily Housing,Multifamily Housing,45975.0,,,,,28.0,4571746.5,False,188.58,3.58,Mono-usage,91,0.0,1.0,0,1
2016,NonResidential,Warehouse,6,LAKE UNION,47.64965,-122.34913,1927,1.0,2,33840,0,33840,"Non-Refrigerated Warehouse, Office, Retail Store",Non-Refrigerated Warehouse,18740.0,Office,13660.0,Retail Store,1440.0,,2227638.25,False,60.88,1.8,Multi-usages,89,0.0,1.0,1,3
2016,NonResidential,Mixed Use Property,6,LAKE UNION,47.6502,-122.34959,2001,5.0,3,41827,9226,32601,"Multifamily Housing, Office, Other - Mall, Parking, Restaurant",Multifamily Housing,14273.0,Office,14128.0,Parking,9680.0,,4193371.0,False,110.17,2.63,Multi-usages,15,0.220575226528319,0.7794247734716809,1,5
2016,Multifamily LR (1-4),Low-Rise Multifamily,6,LAKE UNION,47.65061,-122.34946,1907,1.0,4,36660,0,36660,Multifamily Housing,Multifamily Housing,36660.0,,,,,98.0,930368.5,False,25.53,0.7,Mono-usage,109,0.0,1.0,0,1
2016,NonResidential,Small- and Mid-Sized Office,6,LAKE UNION,47.65114,-122.34954,2001,1.0,5,33740,6010,27730,"Office, Parking, Retail Store",Office,15908.0,Retail Store,8762.0,Parking,1500.0,79.0,1291405.25,False,9.0,0.27,Multi-usages,15,0.1781268524007113,0.8218731475992886,1,3
2016,NonResidential,Retail Store,6,LAKE UNION,47.65115,-122.35024,1911,1.0,2,20516,0,20516,"Hotel, Retail Store",Retail Store,10155.0,Hotel,8000.0,,,98.0,1021796.625,False,42.04,2.05,Multi-usages,105,0.0,1.0,1,2
2016,NonResidential,Retail Store,6,LAKE UNION,47.65019,-122.35013,1906,1.0,3,27480,0,27480,"Office, Retail Store",Retail Store,22218.0,Office,8668.0,,,88.0,1215156.25,False,8.47,0.31,Multi-usages,110,0.0,1.0,1,2
2016,Multifamily MR (5-9),Mid-Rise Multifamily,6,LAKE UNION,47.64985,-122.35046,2002,1.0,6,225145,0,225145,"Multifamily Housing, Parking",Multifamily Housing,119585.0,Parking,59786.0,,,93.0,3588718.75,False,25.02,0.11,Multi-usages,14,0.0,1.0,1,2
2016,NonResidential,Mixed Use Property,6,LAKE UNION,47.65061,-122.35159,1947,1.0,1,46958,0,46958,"Bank Branch, Bar/Nightclub, Office, Parking",Office,40313.0,Parking,33976.0,Bar/Nightclub,4579.0,95.0,1818867.875,False,30.32,0.65,Multi-usages,69,0.0,1.0,1,4
2016,NonResidential,Distribution Center,6,LAKE UNION,47.65214,-122.356,1984,1.0,1,26532,0,26532,Distribution Center,Distribution Center,26532.0,,,,,5.0,1934224.25,False,66.53,2.51,Mono-usage,32,0.0,1.0,0,1
2016,NonResidential,Small- and Mid-Sized Office,6,LAKE UNION,47.65186,-122.35531,1981,1.0,2,22388,0,22388,"Multifamily Housing, Office",Office,19600.0,Multifamily Housing,2788.0,,,,576405.125,False,9.46,0.42,Multi-usages,35,0.0,1.0,1,2
2016,NonResidential,Other,6,LAKE UNION,47.65138,-122.35565,1969,1.0,1,30730,0,30730,Other,Other,30730.0,,,,,,3050455.25,False,73.52,2.39,Mono-usage,47,0.0,1.0,0,1
2016,NonResidential,Small- and Mid-Sized Office,6,LAKE UNION,47.65297,-122.35839,1986,1.0,2,35600,0,35600,"Office, Parking",Office,36839.0,Parking,0.0,,,47.0,2173143.75,False,18.34,0.52,Multi-usages,30,0.0,1.0,1,2
2016,Multifamily LR (1-4),Low-Rise Multifamily,7,MAGNOLIA / QUEEN ANNE,47.64936,-122.35836,2004,1.0,4,22625,0,22625,"Multifamily Housing, Parking",Multifamily Housing,22625.0,Parking,7875.0,,,91.0,958798.3125,False,27.47,1.21,Multi-usages,12,0.0,1.0,1,2
2016,NonResidential,Worship Facility,7,MAGNOLIA / QUEEN ANNE,47.64905,-122.36055,1949,1.0,3,62000,0,62000,"Other, Worship Facility",Worship Facility,57200.0,Other,5000.0,,,81.0,1799664.125,False,82.34,1.33,Multi-usages,67,0.0,1.0,1,2
2016,NonResidential,Small- and Mid-Sized Office,7,MAGNOLIA / QUEEN ANNE,47.64805,-122.35534,1981,1.0,2,23600,0,23600,Office,Office,23600.0,,,,,82.0,776248.6875,False,5.41,0.23,Mono-usage,35,0.0,1.0,0,1
2016,Multifamily LR (1-4),Mixed Use Property,7,MAGNOLIA / QUEEN ANNE,47.64848,-122.35589,1991,1.0,4,42705,0,42705,"Multifamily Housing, Office, Other, Parking, Retail Store",Multifamily Housing,19380.0,Parking,12044.0,Retail Store,9200.0,,1739693.25,False,44.71,1.05,Multi-usages,25,0.0,1.0,1,5
2016,NonResidential,Small- and Mid-Sized Office,7,MAGNOLIA / QUEEN ANNE,47.64976,-122.35684,1986,1.0,3,40067,0,40067,Office,Office,40067.0,,,,,43.0,2303732.75,False,16.06,0.4,Mono-usage,30,0.0,1.0,0,1
2016,NonResidential,Small- and Mid-Sized Office,7,MAGNOLIA / QUEEN ANNE,47.64976,-122.35684,1989,1.0,3,26419,6922,19497,Office,Office,26419.0,,,,,67.0,1074989.0,False,7.49,0.28,Mono-usage,27,0.2620084030432643,0.7379915969567357,0,1
2016,NonResidential,Small- and Mid-Sized Office,7,MAGNOLIA / QUEEN ANNE,47.64976,-122.35684,1979,1.0,3,25262,0,25262,Office,Office,25262.0,,,,,54.0,1469556.25,False,23.85,0.94,Mono-usage,37,0.0,1.0,0,1
2016,NonResidential,Other,6,LAKE UNION,47.64975,-122.35289,1996,0.0,3,53103,0,53103,Other,Other,38723.0,,,,,,4877959.0,False,38.12,0.72,Mono-usage,20,0.0,1.0,0,1
2016,NonResidential,Small- and Mid-Sized Office,7,MAGNOLIA / QUEEN ANNE,47.64901,-122.35516,1980,1.0,3,34106,0,34106,Office,Office,32739.0,,,,,57.0,1619177.125,False,11.29,0.33,Mono-usage,36,0.0,1.0,0,1
2016,NonResidential,Small- and Mid-Sized Office,7,MAGNOLIA / QUEEN ANNE,47.64934,-122.35592,1980,1.0,3,34545,0,34545,Office,Office,34545.0,,,,,29.0,2313978.75,False,16.13,0.47,Mono-usage,36,0.0,1.0,0,1
2016,NonResidential,Small- and Mid-Sized Office,7,MAGNOLIA / QUEEN ANNE,47.64865,-122.35435,1980,1.0,3,70296,0,70296,Office,Office,70296.0,,,,,86.0,2782066.5,False,19.39,0.28,Mono-usage,36,0.0,1.0,0,1
2016,NonResidential,Small- and Mid-Sized Office,7,DOWNTOWN,47.59979,-122.33339,1902,1.0,4,27838,0,27838,Office,Office,27838.0,,,,,77.0,1217509.125,False,8.49,0.3,Mono-usage,114,0.0,1.0,0,1
2016,NonResidential,Distribution Center,1,DELRIDGE,47.55105,-122.34695,1971,2.0,2,28368,0,28368,"Distribution Center, Office",Distribution Center,35300.0,Office,9408.0,,,,1856230.625,False,30.02,1.06,Multi-usages,45,0.0,1.0,1,2
2016,Multifamily LR (1-4),Low-Rise Multifamily,7,MAGNOLIA / QUEEN ANNE,47.63291,-122.34513,1988,8.0,4,185403,32397,153006,"Multifamily Housing, Parking",Multifamily Housing,130247.0,Parking,32397.0,,,76.0,4103027.5,False,28.6,0.15,Multi-usages,28,0.1747382728434815,0.8252617271565185,1,2
2016,Multifamily HR (10+),High-Rise Multifamily,7,EAST,47.60892,-122.32896,1928,1.0,11,105776,0,105776,"Multifamily Housing, Retail Store",Multifamily Housing,104426.0,Retail Store,1350.0,,,,5902943.0,False,336.73,3.18,Multi-usages,88,0.0,1.0,1,2
2016,Multifamily MR (5-9),Mid-Rise Multifamily,7,MAGNOLIA / QUEEN ANNE,47.63491,-122.34266,1995,3.0,6,131732,0,131732,"Multifamily Housing, Parking",Multifamily Housing,131732.0,Parking,69598.0,,,80.0,4039667.0,False,32.99,0.25,Multi-usages,21,0.0,1.0,1,2
2016,Multifamily LR (1-4),Low-Rise Multifamily,5,NORTHWEST,47.73269,-122.34952,1970,1.0,3,57247,0,57247,Multifamily Housing,Multifamily Housing,57247.0,,,,,39.0,2870914.75,False,66.19,1.16,Mono-usage,46,0.0,1.0,0,1
2016,Multifamily LR (1-4),Low-Rise Multifamily,5,NORTHWEST,47.73255,-122.35506,2007,1.0,4,95353,0,95353,"Multifamily Housing, Office, Parking, Retail Store",Multifamily Housing,54192.0,Parking,33714.0,Office,6570.0,,1791865.75,False,12.49,0.13,Multi-usages,9,0.0,1.0,1,4
2016,Multifamily LR (1-4),Low-Rise Multifamily,5,NORTHWEST,47.72305,-122.34878,1976,1.0,3,30940,0,30940,Multifamily Housing,Multifamily Housing,30940.0,,,,,82.0,682632.3125,False,4.76,0.15,Mono-usage,40,0.0,1.0,0,1
2016,NonResidential,Other,5,NORTHWEST,47.72471,-122.3412,1964,1.0,2,92080,0,92080,Other,Other,92129.0,,,,,,5155090.5,False,127.1,1.38,Mono-usage,52,0.0,1.0,0,1
2016,Multifamily MR (5-9),Mid-Rise Multifamily,5,NORTHWEST,47.72435,-122.34697,2007,1.0,6,186870,0,186870,"Multifamily Housing, Office, Other, Parking",Multifamily Housing,151444.0,Parking,45569.0,Office,6388.0,86.0,7539963.5,False,234.6,1.26,Multi-usages,9,0.0,1.0,1,4
2016,NonResidential,Other,5,NORTHWEST,47.72288,-122.34065,1961,1.0,1,20236,0,20236,Other - Recreation,Other - Recreation,20236.0,,,,,,1965182.25,False,49.58,2.45,Mono-usage,55,0.0,1.0,0,1
2016,NonResidential,Small- and Mid-Sized Office,5,NORTHWEST,47.72004,-122.34418,1951,1.0,2,39815,0,39815,"Non-Refrigerated Warehouse, Office",Office,27118.0,Non-Refrigerated Warehouse,12697.0,,,62.0,2050600.75,False,40.22,1.01,Multi-usages,65,0.0,1.0,1,2
2016,Multifamily LR (1-4),Low-Rise Multifamily,5,NORTHWEST,47.73375,-122.34851,1978,16.0,3,89068,0,89068,"Multifamily Housing, Parking",Multifamily Housing,74125.0,Parking,6325.0,,,38.0,2980240.5,False,20.78,0.23,Multi-usages,38,0.0,1.0,1,2
2016,Nonresidential COS,Other,5,NORTHWEST,47.72299,-122.34293,1970,1.0,4,25557,0,25557,Residential Care Facility,Residential Care Facility,25557.0,,,,,,2280352.5,False,15.9,0.62,Mono-usage,46,0.0,1.0,0,1
2016,Nonresidential COS,Other,5,NORTHWEST,47.72134,-122.34102,1958,1.0,2,26994,0,26994,"Office, Other - Services",Other - Services,16243.0,Office,10751.0,,,,3076813.25,False,122.73,4.55,Multi-usages,58,0.0,1.0,1,2
2016,NonResidential,Warehouse,5,NORTHWEST,47.72183,-122.34328,1972,1.0,1,48112,0,48112,Non-Refrigerated Warehouse,Non-Refrigerated Warehouse,48112.0,,,,,73.0,1485945.875,False,10.36,0.22,Mono-usage,44,0.0,1.0,0,1
2016,NonResidential,Other,5,NORTHWEST,47.72065,-122.34318,2009,1.0,1,20909,0,20909,"Other - Public Services, Parking",Other - Public Services,19050.0,Parking,0.0,,,,1208029.25,False,32.86,1.57,Multi-usages,7,0.0,1.0,1,2
2016,NonResidential,Small- and Mid-Sized Office,5,NORTHWEST,47.73387,-122.34722,2001,1.0,2,42793,16518,26275,"Office, Parking",Office,26275.0,Parking,16518.0,,,27.0,1772188.5,False,12.35,0.29,Multi-usages,15,0.3859977099058257,0.6140022900941743,1,2
2016,Multifamily MR (5-9),Mid-Rise Multifamily,5,NORTHWEST,47.72644,-122.34923,1964,1.0,7,240192,0,240192,"Multifamily Housing, Parking",Multifamily Housing,164894.0,Parking,11400.0,,,44.0,13171370.0,False,515.85,2.15,Multi-usages,52,0.0,1.0,1,2
2016,Multifamily LR (1-4),Low-Rise Multifamily,5,NORTHWEST,47.72678,-122.35493,1989,1.0,4,52122,0,52122,"Multifamily Housing, Parking",Multifamily Housing,60000.0,Parking,6000.0,,,76.0,1451145.875,False,10.12,0.19,Multi-usages,27,0.0,1.0,1,2
2016,NonResidential,Other,5,NORTHWEST,47.72644,-122.34338,2007,1.0,2,45000,0,45000,Other - Recreation,Other - Recreation,45000.0,,,,,,5912066.0,False,176.79,3.93,Mono-usage,9,0.0,1.0,0,1
2016,Multifamily LR (1-4),Low-Rise Multifamily,5,NORTHWEST,47.72376,-122.35102,1983,1.0,3,59301,0,59301,Multifamily Housing,Multifamily Housing,59301.0,,,,,51.0,1866802.375,False,13.01,0.22,Mono-usage,33,0.0,1.0,0,1
2016,NonResidential,Retail Store,5,NORTHWEST,47.72337,-122.34373,1998,1.0,1,26115,0,26115,Retail Store,Retail Store,26115.0,,,,,43.0,1689372.625,False,36.74,1.41,Mono-usage,18,0.0,1.0,0,1
2016,Multifamily MR (5-9),Mid-Rise Multifamily,5,NORTHWEST,47.72357,-122.34766,2006,1.0,7,262316,0,262316,"Lifestyle Center, Multifamily Housing, Office, Parking",Multifamily Housing,150540.0,Office,52456.0,Parking,47984.0,95.0,7996408.5,False,173.94,0.66,Multi-usages,10,0.0,1.0,1,4
2016,NonResidential,Worship Facility,4,NORTHEAST,47.6702,-122.32066,1949,1.0,1,26033,0,26033,"Parking, Worship Facility",Worship Facility,30044.0,Parking,0.0,,,78.0,1149140.25,False,45.33,1.74,Multi-usages,67,0.0,1.0,1,2
2016,Multifamily LR (1-4),Low-Rise Multifamily,4,NORTHEAST,47.67179,-122.31781,1999,0.0,4,51326,0,51326,"Multifamily Housing, Retail Store",Multifamily Housing,44742.0,Retail Store,6584.0,,,,1827424.125,False,59.06,1.15,Multi-usages,17,0.0,1.0,1,2
2016,NonResidential,K-12 School,7,MAGNOLIA / QUEEN ANNE,47.64344,-122.3509,2007,1.0,4,48660,0,48660,K-12 School,K-12 School,49468.0,,,,,82.0,1881516.125,False,61.98,1.27,Mono-usage,9,0.0,1.0,0,1
2016,NonResidential,Senior Care Community,7,MAGNOLIA / QUEEN ANNE,47.6441,-122.34795,1970,1.0,2,46539,0,46539,Senior Care Community,Senior Care Community,46539.0,,,,,73.0,5400049.5,False,180.38,3.88,Mono-usage,46,0.0,1.0,0,1
2016,Multifamily LR (1-4),Low-Rise Multifamily,7,DOWNTOWN,47.61294,-122.3441,1910,1.0,3,35520,0,35520,"Multifamily Housing, Retail Store",Multifamily Housing,25000.0,Retail Store,10000.0,,,98.0,1509775.0,False,65.02,1.83,Multi-usages,106,0.0,1.0,1,2
2016,NonResidential,Residence Hall,7,DOWNTOWN,47.61283,-122.34392,1909,1.0,4,29796,0,29796,Residence Hall/Dormitory,Residence Hall/Dormitory,29796.0,,,,,47.0,2233262.0,False,79.58,2.67,Mono-usage,107,0.0,1.0,0,1
2016,NonResidential,Retail Store,7,DOWNTOWN,47.6123,-122.34395,1920,1.0,2,26400,0,26400,"Office, Parking, Retail Store",Retail Store,14428.0,Office,7200.0,Parking,2788.0,36.0,983595.875,False,17.12,0.65,Multi-usages,96,0.0,1.0,1,3
2016,NonResidential,Small- and Mid-Sized Office,7,DOWNTOWN,47.61185,-122.3434,1918,1.0,3,38148,0,38148,"Office, Retail Store",Office,37853.0,Retail Store,12495.0,,,98.0,1262255.75,False,8.8,0.23,Multi-usages,98,0.0,1.0,1,2
2016,Multifamily MR (5-9),Mid-Rise Multifamily,7,DOWNTOWN,47.61098,-122.34162,1909,1.0,6,40950,0,40950,Multifamily Housing,Multifamily Housing,24067.0,,,,,37.0,1274555.0,False,8.89,0.22,Mono-usage,107,0.0,1.0,0,1
2016,NonResidential,Mixed Use Property,7,LAKE UNION,47.62231,-122.34145,1928,1.0,2,28800,0,28800,"Non-Refrigerated Warehouse, Office",Non-Refrigerated Warehouse,14400.0,Office,14400.0,,,,456953.0,False,12.77,0.44,Multi-usages,88,0.0,1.0,1,2
2016,NonResidential,Worship Facility,7,MAGNOLIA / QUEEN ANNE,47.62232,-122.36101,1955,1.0,5,31945,0,31945,"Parking, Worship Facility",Worship Facility,31945.0,Parking,0.0,,,4.0,1806468.0,False,12.59,0.39,Multi-usages,61,0.0,1.0,1,2
2016,Multifamily MR (5-9),Mid-Rise Multifamily,7,MAGNOLIA / QUEEN ANNE,47.62307,-122.36173,1992,1.0,5,33183,0,33183,"Multifamily Housing, Office, Parking",Multifamily Housing,20087.0,Parking,10625.0,Office,2471.0,,591622.8125,False,4.12,0.12,Multi-usages,24,0.0,1.0,1,3
2016,Multifamily MR (5-9),Mid-Rise Multifamily,7,MAGNOLIA / QUEEN ANNE,47.62145,-122.35849,2001,1.0,6,80592,30583,50009,"Multifamily Housing, Parking",Multifamily Housing,50009.0,Parking,32454.0,,,,1637794.75,False,12.19,0.15,Multi-usages,15,0.3794793527893587,0.6205206472106413,1,2
2016,Multifamily MR (5-9),Mid-Rise Multifamily,7,MAGNOLIA / QUEEN ANNE,47.62158,-122.35897,1994,0.0,9,228675,0,228675,"Multifamily Housing, Parking",Multifamily Housing,162928.0,Parking,53061.0,,,94.0,5238940.5,False,104.61,0.46,Multi-usages,22,0.0,1.0,1,2
2016,Multifamily MR (5-9),Mid-Rise Multifamily,7,MAGNOLIA / QUEEN ANNE,47.62013,-122.35843,2001,1.0,7,137324,0,137324,"Multifamily Housing, Parking",Multifamily Housing,91685.0,Parking,45639.0,,,100.0,2960159.75,False,72.37,0.53,Multi-usages,15,0.0,1.0,1,2
2016,NonResidential,Small- and Mid-Sized Office,7,MAGNOLIA / QUEEN ANNE,47.6189,-122.35713,1985,1.0,5,85963,33055,52908,"Office, Parking",Office,52908.0,Parking,33055.0,,,43.0,4480961.0,False,31.24,0.36,Multi-usages,31,0.3845259006781987,0.6154740993218012,1,2
2016,Multifamily MR (5-9),Mid-Rise Multifamily,7,MAGNOLIA / QUEEN ANNE,47.62072,-122.35702,2004,1.0,6,101192,41840,59352,Multifamily Housing,Multifamily Housing,59352.0,,,,,45.0,1819315.875,False,13.89,0.14,Mono-usage,12,0.4134714206656653,0.5865285793343348,0,1
2016,Multifamily LR (1-4),Low-Rise Multifamily,7,MAGNOLIA / QUEEN ANNE,47.62279,-122.35708,1912,0.0,3,22200,0,22200,Multifamily Housing,Multifamily Housing,21120.0,,,,,,446877.6875,False,10.75,0.48,Mono-usage,104,0.0,1.0,0,1
2016,Multifamily MR (5-9),Mid-Rise Multifamily,7,MAGNOLIA / QUEEN ANNE,47.62282,-122.35784,1999,1.0,6,65712,21145,44567,"Multifamily Housing, Parking",Multifamily Housing,44567.0,Parking,21145.0,,,96.0,1435730.0,False,23.74,0.36,Multi-usages,17,0.3217829315802288,0.6782170684197711,1,2
2016,Multifamily LR (1-4),Low-Rise Multifamily,7,MAGNOLIA / QUEEN ANNE,47.62194,-122.35646,1908,1.0,3,25800,0,25800,Multifamily Housing,Multifamily Housing,25800.0,,,,,91.0,850430.875,False,23.78,0.92,Mono-usage,108,0.0,1.0,0,1
2016,Multifamily LR (1-4),Low-Rise Multifamily,7,MAGNOLIA / QUEEN ANNE,47.6206,-122.35581,1908,1.0,3,20712,0,20712,Multifamily Housing,Multifamily Housing,20712.0,,,,,91.0,913502.125,False,40.76,1.97,Mono-usage,108,0.0,1.0,0,1
2016,NonResidential,Retail Store,7,DOWNTOWN,47.60683,-122.33771,1900,1.0,4,34680,0,34680,Retail Store,Retail Store,34680.0,,,,,92.0,1169948.875,False,26.38,0.76,Mono-usage,116,0.0,1.0,0,1
2016,NonResidential,Worship Facility,7,DOWNTOWN,47.60867,-122.33265,1968,1.0,3,75058,34510,40548,Worship Facility,Worship Facility,75058.0,,,,,24.0,5587347.0,False,247.97,3.3,Mono-usage,48,0.459777771856431,0.540222228143569,0,1
2016,Multifamily HR (10+),High-Rise Multifamily,7,DOWNTOWN,47.61159,-122.33601,1923,1.0,10,67560,0,67560,"Multifamily Housing, Office, Retail Store",Multifamily Housing,48576.0,Retail Store,12624.0,Office,6360.0,85.0,3318151.5,False,55.71,0.82,Multi-usages,93,0.0,1.0,1,3
2016,NonResidential,Small- and Mid-Sized Office,7,DOWNTOWN,47.61119,-122.33581,1903,1.0,3,57720,0,57720,Office,Office,25000.0,,,,,,24105.5,False,0.17,0.0,Mono-usage,113,0.0,1.0,0,1
2016,NonResidential,Retail Store,7,DOWNTOWN,47.61103,-122.33549,1915,1.0,1,36504,0,36504,Retail Store,Retail Store,16200.0,,,,,2.0,2100982.75,False,20.76,0.57,Mono-usage,101,0.0,1.0,0,1
2016,NonResidential,Small- and Mid-Sized Office,7,DOWNTOWN,47.61091,-122.33667,1907,1.0,6,35200,0,35200,Office,Office,35200.0,,,,,8.0,2998208.25,False,20.9,0.59,Mono-usage,109,0.0,1.0,0,1
2016,NonResidential,Small- and Mid-Sized Office,7,DOWNTOWN,47.60961,-122.33566,1907,1.0,5,35840,0,35840,Office,Office,35840.0,,,,,83.0,1538750.625,False,48.35,1.35,Mono-usage,109,0.0,1.0,0,1
2016,NonResidential,Other,7,DOWNTOWN,47.60985,-122.33527,1941,1.0,2,25920,0,25920,Bank Branch,Bank Branch,23230.0,,,,,60.0,1333432.125,False,9.3,0.36,Mono-usage,75,0.0,1.0,0,1
2016,NonResidential,Small- and Mid-Sized Office,7,DOWNTOWN,47.60952,-122.33558,1928,1.0,4,30525,0,30525,"Office, Retail Store",Office,15609.0,Retail Store,6104.0,,,17.0,2883139.0,False,73.61,2.41,Multi-usages,88,0.0,1.0,1,2
2016,Multifamily MR (5-9),Mid-Rise Multifamily,7,DOWNTOWN,47.61029,-122.33932,1910,1.0,7,42078,0,42078,Multifamily Housing,Multifamily Housing,42078.0,,,,,81.0,1502069.875,False,38.85,0.92,Mono-usage,106,0.0,1.0,0,1
2016,Multifamily LR (1-4),Low-Rise Multifamily,7,DOWNTOWN,47.60906,-122.33757,1907,1.0,3,27250,0,27250,Multifamily Housing,Multifamily Housing,30000.0,,,,,65.0,1160087.875,False,32.47,1.19,Mono-usage,109,0.0,1.0,0,1
2016,NonResidential,Other,7,EAST,47.61186,-122.32857,1964,1.0,4,49243,0,49243,Other/Specialty Hospital,Other/Specialty Hospital,52284.0,,,,,,8476183.0,False,101.34,2.06,Mono-usage,52,0.0,1.0,0,1
2016,Multifamily MR (5-9),Mid-Rise Multifamily,7,EAST,47.61187,-122.3278,1925,1.0,5,47154,0,47154,"Multifamily Housing, Parking",Multifamily Housing,37676.0,Parking,9478.0,,,92.0,2228083.75,False,94.02,1.99,Multi-usages,91,0.0,1.0,1,2
2016,Multifamily MR (5-9),Mid-Rise Multifamily,7,EAST,47.6116,-122.32774,1962,1.0,5,39895,0,39895,"Multifamily Housing, Parking",Multifamily Housing,31979.0,Parking,3848.0,,,26.0,3472834.0,False,159.98,4.01,Multi-usages,54,0.0,1.0,1,2
2016,Multifamily LR (1-4),Low-Rise Multifamily,7,EAST,47.61266,-122.328,1925,1.0,4,63681,0,63681,"Multifamily Housing, Parking",Multifamily Housing,55671.0,Parking,8010.0,,,53.0,2380206.5,False,74.64,1.17,Multi-usages,91,0.0,1.0,1,2
2016,Multifamily MR (5-9),Mid-Rise Multifamily,7,EAST,47.61242,-122.3277,1925,1.0,6,57930,0,57930,"Multifamily Housing, Parking",Multifamily Housing,50965.0,Parking,6965.0,,,86.0,1956439.375,False,46.6,0.8,Multi-usages,91,0.0,1.0,1,2
2016,Multifamily MR (5-9),Mid-Rise Multifamily,7,EAST,47.61255,-122.32712,1991,1.0,5,62480,0,62480,Multifamily Housing,Multifamily Housing,62480.0,,,,,72.0,2014500.375,False,14.04,0.22,Mono-usage,25,0.0,1.0,0,1
2016,Multifamily HR (10+),High-Rise Multifamily,7,EAST,47.61191,-122.32666,1962,1.0,18,250883,0,250883,Multifamily Housing,Multifamily Housing,250883.0,,,,,93.0,10939331.0,False,479.7,1.91,Mono-usage,54,0.0,1.0,0,1
2016,NonResidential,Other,3,EAST,47.6097,-122.325,1912,0.0,3,20411,0,20411,Social/Meeting Hall,Social/Meeting Hall,20411.0,,,,,,2014475.875,False,71.23,3.49,Mono-usage,104,0.0,1.0,0,1
2016,Multifamily LR (1-4),Low-Rise Multifamily,3,EAST,47.61048,-122.32419,1905,1.0,4,24840,0,24840,Multifamily Housing,Multifamily Housing,24840.0,,,,,86.0,755856.875,False,21.66,0.87,Mono-usage,111,0.0,1.0,0,1
2016,Multifamily LR (1-4),Low-Rise Multifamily,3,EAST,47.61099,-122.32474,1997,1.0,4,132024,0,132024,Multifamily Housing,Multifamily Housing,68148.0,,,,,50.0,3079143.5,False,79.81,0.6,Mono-usage,19,0.0,1.0,0,1
2016,Multifamily MR (5-9),Mid-Rise Multifamily,3,EAST,47.61136,-122.32454,1928,1.0,5,82776,0,82776,"Multifamily Housing, Office, Parking, Restaurant",Multifamily Housing,57534.0,Parking,23242.0,Office,2000.0,,1824054.5,False,12.72,0.15,Multi-usages,88,0.0,1.0,1,4
2016,Multifamily MR (5-9),Mid-Rise Multifamily,3,EAST,47.61187,-122.32477,1993,1.0,5,111954,0,111954,"Multifamily Housing, Parking",Multifamily Housing,70072.0,Parking,41882.0,,,89.0,3751417.0,False,106.73,0.95,Multi-usages,23,0.0,1.0,1,2
2016,Multifamily HR (10+),High-Rise Multifamily,3,EAST,47.61248,-122.32556,2000,1.0,13,207022,0,207022,"Multifamily Housing, Parking",Multifamily Housing,158076.0,Parking,48946.0,,,1.0,19526080.0,False,709.11,3.43,Multi-usages,16,0.0,1.0,1,2
2016,Multifamily LR (1-4),Low-Rise Multifamily,3,EAST,47.61241,-122.32417,1916,1.0,4,77246,0,77246,Multifamily Housing,Multifamily Housing,77246.0,,,,,74.0,2265836.0,False,69.54,0.9,Mono-usage,100,0.0,1.0,0,1
2016,Multifamily MR (5-9),Mid-Rise Multifamily,3,EAST,47.61152,-122.32301,1987,1.0,5,42331,0,42331,Multifamily Housing,Multifamily Housing,42331.0,,,,,76.0,1224642.5,False,8.54,0.2,Mono-usage,29,0.0,1.0,0,1
2016,NonResidential,Medical Office,3,EAST,47.61065,-122.32125,1962,1.0,2,30855,10285,20570,Medical Office,Medical Office,21571.0,,,,,2.0,2946756.25,False,85.55,2.77,Mono-usage,54,0.3333333333333333,0.6666666666666666,0,1
2016,NonResidential,Small- and Mid-Sized Office,3,EAST,47.61194,-122.32177,1910,1.0,3,73549,0,73549,"Office, Worship Facility",Office,41632.0,Worship Facility,31917.0,,,90.0,2828950.5,False,107.45,1.46,Multi-usages,106,0.0,1.0,1,2
2016,Multifamily MR (5-9),Mid-Rise Multifamily,3,EAST,47.61266,-122.3232,1998,1.0,5,32870,0,32870,"Multifamily Housing, Parking",Multifamily Housing,21877.0,Parking,7875.0,,,40.0,870633.5,False,6.07,0.18,Multi-usages,18,0.0,1.0,1,2
2016,NonResidential,Other,3,EAST,47.60865694,-122.3205368,1988,1.0,5,45780,11400,34380,"Other - Education, Parking",Other - Education,45780.0,Parking,4500.0,,,,10834087.0,False,462.4,10.1,Multi-usages,28,0.2490170380078637,0.7509829619921363,1,2
2016,NonResidential,Medical Office,3,EAST,47.60865416,-122.3205904,1963,0.0,3,39115,0,39115,Medical Office,Medical Office,50000.0,,,,,42.0,3735308.5,False,60.04,1.53,Mono-usage,53,0.0,1.0,0,1
2016,NonResidential,Other,7,EAST,47.60901,-122.32994,1916,1.0,3,38038,0,38038,"Food Service, Office, Other - Entertainment/Public Assembly",Other - Entertainment/Public Assembly,35886.0,Office,1184.0,Food Service,436.0,,1107290.625,False,55.61,1.46,Multi-usages,100,0.0,1.0,1,3
2016,NonResidential,Worship Facility,7,EAST,47.60821,-122.3296,1962,1.0,3,37796,0,37796,"Parking, Worship Facility",Worship Facility,53000.0,Parking,17600.0,,,55.0,2465983.5,False,123.41,3.27,Multi-usages,54,0.0,1.0,1,2
2016,Multifamily HR (10+),High-Rise Multifamily,7,EAST,47.6085,-122.32787,1949,1.0,14,333244,76762,256482,Multifamily Housing,Multifamily Housing,256482.0,,,,,71.0,11737324.0,False,295.38,0.89,Mono-usage,67,0.2303477331924956,0.7696522668075044,0,1
2016,Multifamily LR (1-4),Low-Rise Multifamily,3,EAST,47.60895,-122.32749,1923,1.0,4,43606,0,43606,Multifamily Housing,Multifamily Housing,35632.0,,,,,73.0,1224045.25,False,8.53,0.2,Mono-usage,93,0.0,1.0,0,1
2016,Multifamily LR (1-4),Low-Rise Multifamily,3,EAST,47.60932,-122.32713,1924,1.0,4,58503,0,58503,Multifamily Housing,Multifamily Housing,58503.0,,,,,67.0,3758731.0,False,170.83,2.92,Mono-usage,92,0.0,1.0,0,1
2016,Nonresidential COS,Small- and Mid-Sized Office,6,Ballard,47.66256,-122.36483,1993,1.0,1,27744,0,27744,"Data Center, Office, Other",Office,18380.0,Other,6060.0,Data Center,3304.0,,5355753.0,False,37.34,1.35,Multi-usages,23,0.0,1.0,1,3
2016,NonResidential,Warehouse,6,BALLARD,47.66388,-122.36831,1960,1.0,1,36444,0,36444,Non-Refrigerated Warehouse,Non-Refrigerated Warehouse,36444.0,,,,,80.0,161311.0938,False,1.12,0.03,Mono-usage,56,0.0,1.0,0,1
2016,NonResidential,Warehouse,6,BALLARD,47.65907,-122.36783,1950,1.0,1,27553,0,27553,Non-Refrigerated Warehouse,Non-Refrigerated Warehouse,27553.0,,,,,63.0,966677.125,False,31.61,1.15,Mono-usage,66,0.0,1.0,0,1
2016,NonResidential,Distribution Center,6,BALLARD,47.6583,-122.36638,1951,3.0,1,57310,0,57310,Distribution Center,Distribution Center,57310.0,,,,,,1253745.5,False,34.87,0.61,Mono-usage,65,0.0,1.0,0,1
2016,NonResidential,Mixed Use Property,7,LAKE UNION,47.62296,-122.33884,1920,1.0,2,25920,0,25920,"Office, Other, Other - Services, Residence Hall/Dormitory, Restaurant",Office,10109.0,Other - Services,7016.0,Restaurant,3609.0,,989079.5,False,16.57,0.64,Multi-usages,96,0.0,1.0,1,5
2016,NonResidential,Restaurant,7,LAKE UNION,47.62354,-122.33808,1919,1.0,3,40686,0,40686,Restaurant,Restaurant,40686.0,,,,,,2106073.5,False,73.0,1.79,Mono-usage,97,0.0,1.0,0,1
2016,NonResidential,Retail Store,7,LAKE UNION,47.62399,-122.33804,1964,1.0,2,45271,0,45271,Retail Store,Retail Store,45271.0,,,,,57.0,2553763.5,False,82.72,1.83,Mono-usage,52,0.0,1.0,0,1
2016,NonResidential,Small- and Mid-Sized Office,7,LAKE UNION,47.62437,-122.33802,1920,1.0,3,28380,12180,16200,Office,Office,28380.0,,,,,62.0,1372213.375,False,35.77,1.26,Mono-usage,96,0.4291754756871035,0.5708245243128964,0,1
2016,NonResidential,Large Office,7,LAKE UNION,47.62296,-122.3362,2009,1.0,5,508160,0,508160,"Food Service, Office, Parking",Office,329850.0,Parking,162894.0,Food Service,11846.0,77.0,28053172.0,False,487.53,0.96,Multi-usages,7,0.0,1.0,1,3
2016,NonResidential,Small- and Mid-Sized Office,7,LAKE UNION,47.62353,-122.33622,1926,1.0,3,26176,0,26176,Office,Office,23730.0,,,,,95.0,966907.375,False,32.09,1.23,Mono-usage,90,0.0,1.0,0,1
2016,NonResidential,Small- and Mid-Sized Office,3,LAKE UNION,47.62799,-122.33132,1926,1.0,1,37740,0,37740,"Office, Parking",Office,37481.0,Parking,0.0,,,1.0,7442314.5,False,73.48,1.95,Multi-usages,90,0.0,1.0,1,2
2016,Nonresidential COS,Other,7,MAGNOLIA / QUEEN ANNE,47.62208,-122.35398,1961,1.0,1,26000,0,26000,Other,Other,49847.0,,,,,,5277482.5,False,184.09,7.08,Mono-usage,55,0.0,1.0,0,1
2016,Multifamily MR (5-9),Mid-Rise Multifamily,7,MAGNOLIA / QUEEN ANNE,47.61934,-122.35322,2008,1.0,7,178911,0,178911,"Multifamily Housing, Parking",Multifamily Housing,184395.0,Parking,36878.0,,,97.0,5232420.5,False,161.15,0.9,Multi-usages,8,0.0,1.0,1,2
2016,NonResidential,Worship Facility,7,MAGNOLIA / QUEEN ANNE,47.61876,-122.3534,2009,1.0,3,23241,0,23241,Worship Facility,Worship Facility,23241.0,,,,,66.0,739210.5,False,20.64,0.89,Mono-usage,7,0.0,1.0,0,1
2016,NonResidential,Other,7,MAGNOLIA / QUEEN ANNE,47.61974,-122.3511,1962,1.0,1,155795,0,155795,Other,Other,155795.0,,,,,,17673018.0,False,255.83,1.64,Mono-usage,54,0.0,1.0,0,1
2016,Nonresidential COS,Other,7,MAGNOLIA / QUEEN ANNE,47.62208,-122.35398,2002,1.0,1,21018,0,21018,Other,Other,21018.0,,,,,,1761137.5,False,24.62,1.17,Mono-usage,14,0.0,1.0,0,1
2016,Nonresidential COS,Other,7,MAGNOLIA / QUEEN ANNE,47.62208,-122.35398,1998,1.0,1,30533,0,30533,Museum,Museum,28631.0,,,,,,5903015.0,False,192.12,6.29,Mono-usage,18,0.0,1.0,0,1
2016,NonResidential,Other,7,MAGNOLIA / QUEEN ANNE,47.62049,-122.3493,1961,1.0,2,33971,0,33971,Other - Recreation,Other - Recreation,50000.0,,,,,,17686444.0,False,523.95,15.42,Mono-usage,55,0.0,1.0,0,1
2016,Nonresidential COS,Other,7,MAGNOLIA / QUEEN ANNE,47.62082,-122.35251,1992,1.0,2,40600,0,40600,Other,Other,33000.0,,,,,,2485521.0,False,41.06,1.01,Mono-usage,24,0.0,1.0,0,1
2016,NonResidential,Small- and Mid-Sized Office,7,LAKE UNION,47.62055,-122.33881,1999,1.0,4,38038,0,38038,"Office, Parking",Office,38038.0,Parking,19600.0,,,84.0,2003807.75,False,13.97,0.37,Multi-usages,17,0.0,1.0,1,2
2016,NonResidential,Small- and Mid-Sized Office,7,LAKE UNION,47.62028,-122.33717,2007,1.0,4,64596,24596,40000,"Office, Parking",Office,41591.0,Parking,21350.0,,,92.0,2524228.25,False,77.8,1.2,Multi-usages,9,0.3807666109356616,0.6192333890643383,1,2
2016,NonResidential,Small- and Mid-Sized Office,7,LAKE UNION,47.62038,-122.33759,1928,1.0,3,41466,6062,35404,"Laboratory, Office, Parking",Office,35404.0,Laboratory,5000.0,Parking,1250.0,1.0,9190442.0,False,234.03,5.64,Multi-usages,88,0.1461920609656103,0.8538079390343897,1,3
2016,Multifamily LR (1-4),Low-Rise Multifamily,1,DELRIDGE,47.53445,-122.34774,1967,1.0,3,21385,0,21385,Multifamily Housing,Multifamily Housing,21385.0,,,,,68.0,540105.625,False,3.77,0.18,Mono-usage,49,0.0,1.0,0,1
2016,NonResidential,Large Office,7,LAKE UNION,47.62004,-122.33807,2013,1.0,6,130710,100800,29910,"Bank Branch, Office, Parking, Restaurant",Office,120548.0,Parking,88960.0,Bank Branch,5436.0,92.0,7429423.0,False,86.51,0.66,Multi-usages,3,0.7711728253385357,0.2288271746614643,1,4
2016,NonResidential,Small- and Mid-Sized Office,7,LAKE UNION,47.62054,-122.33807,1926,1.0,4,35780,0,35780,"Office, Parking, Retail Store",Office,22341.0,Retail Store,8214.0,Parking,5225.0,77.0,1912760.75,False,13.33,0.37,Multi-usages,90,0.0,1.0,1,3
2016,Multifamily MR (5-9),Mid-Rise Multifamily,7,LAKE UNION,47.61942,-122.33753,2013,1.0,7,102120,26466,75654,"Multifamily Housing, Parking",Multifamily Housing,72880.0,Parking,26466.0,,,100.0,2156624.75,False,47.68,0.47,Multi-usages,3,0.259165687426557,0.740834312573443,1,2
2016,NonResidential,Mixed Use Property,7,MAGNOLIA / QUEEN ANNE,47.6223,-122.35653,1964,1.0,4,25132,7308,17824,"Office, Parking, Restaurant",Office,8061.0,Parking,8000.0,Restaurant,2095.0,41.0,564754.1875,False,3.94,0.16,Multi-usages,52,0.290784657010982,0.709215342989018,1,3
2016,Multifamily MR (5-9),Mid-Rise Multifamily,7,MAGNOLIA / QUEEN ANNE,47.62361,-122.35455,2012,1.0,7,301831,0,301831,Multifamily Housing,Multifamily Housing,204794.0,,,,,100.0,6716839.0,False,241.75,0.8,Mono-usage,4,0.0,1.0,0,1
2016,Multifamily LR (1-4),Low-Rise Multifamily,7,MAGNOLIA / QUEEN ANNE,47.62428,-122.35501,1929,1.0,3,32908,0,32908,Multifamily Housing,Multifamily Housing,24276.0,,,,,84.0,1439860.25,False,60.59,1.84,Mono-usage,87,0.0,1.0,0,1
2016,Nonresidential COS,Other,7,DOWNTOWN,47.60192,-122.33282,1966,1.0,1,49680,0,49680,Other,Other,49680.0,,,,,,2844685.0,False,119.34,2.4,Mono-usage,50,0.0,1.0,0,1
2016,Nonresidential COS,Other,7,DOWNTOWN,47.60219,-122.3313,1962,1.0,1,36314,0,36314,Other,Other,36314.0,,,,,,1832808.75,False,44.33,1.22,Mono-usage,54,0.0,1.0,0,1
2016,NonResidential,Other,7,DOWNTOWN,47.60849,-122.33924,1916,1.0,2,25920,0,25920,"Other - Entertainment/Public Assembly, Restaurant, Retail Store",Other - Entertainment/Public Assembly,11888.0,Restaurant,4329.0,Retail Store,4029.0,,1257774.625,False,8.77,0.34,Multi-usages,100,0.0,1.0,1,3
2016,NonResidential,Small- and Mid-Sized Office,7,DOWNTOWN,47.60994,-122.33997,1919,1.0,4,47686,0,47686,"Office, Retail Store",Office,25500.0,Retail Store,8500.0,,,72.0,2071670.25,False,77.48,1.62,Multi-usages,97,0.0,1.0,1,2
2016,NonResidential,Other,7,DOWNTOWN,47.60711,-122.33886,1900,1.0,3,49760,0,49760,Other,Other,24019.0,,,,,,44293.5,False,0.31,0.01,Mono-usage,116,0.0,1.0,0,1
2016,Multifamily HR (10+),High-Rise Multifamily,7,DOWNTOWN,47.60635,-122.33817,2000,1.0,28,1256335,285688,970647,"Multifamily Housing, Office, Parking, Swimming Pool",Multifamily Housing,940245.0,Parking,285688.0,Office,30402.0,42.0,47952868.0,False,1148.5,0.91,Multi-usages,16,0.2273979472035723,0.7726020527964277,1,4
2016,Campus,Mixed Use Property,7,DOWNTOWN,47.60805,-122.33978,1900,1.0,2,49280,0,49280,"Food Sales, Office, Restaurant, Retail Store, Self-Storage Facility, Social/Meeting Hall",Retail Store,15614.0,Restaurant,9240.0,Social/Meeting Hall,8199.0,,5437110.5,False,98.28,1.99,Multi-usages,116,0.0,1.0,1,6
2016,Multifamily MR (5-9),Mid-Rise Multifamily,7,DOWNTOWN,47.6078,-122.34014,1989,1.0,8,42765,0,42765,Multifamily Housing,Multifamily Housing,30377.0,,,,,11.0,1926134.875,False,13.43,0.31,Mono-usage,27,0.0,1.0,0,1
2016,Multifamily LR (1-4),Low-Rise Multifamily,7,DOWNTOWN,47.60763,-122.34005,1915,1.0,4,31578,0,31578,"Multifamily Housing, Retail Store",Multifamily Housing,27510.0,Retail Store,6299.0,,,17.0,2018011.875,False,94.01,2.98,Multi-usages,101,0.0,1.0,1,2
2016,Campus,Low-Rise Multifamily,7,DOWNTOWN,47.60918,-122.34079,1942,1.0,4,45500,0,45500,"Bar/Nightclub, Food Sales, Multifamily Housing, Restaurant, Retail Store, Self-Storage Facility",Multifamily Housing,22669.0,Retail Store,10455.0,Restaurant,3668.0,,3778355.0,False,26.34,0.58,Multi-usages,74,0.0,1.0,1,6
2016,Campus,Restaurant,7,DOWNTOWN,47.60895,-122.34052,1912,1.0,2,25380,0,25380,"Food Sales, Office, Restaurant",Restaurant,17114.0,Food Sales,6426.0,Office,1840.0,,6901554.0,False,218.79,8.62,Multi-usages,104,0.0,1.0,1,3
2016,NonResidential,Small- and Mid-Sized Office,7,DOWNTOWN,47.60836,-122.34157,1915,1.0,6,40715,0,40715,"Non-Refrigerated Warehouse, Office, Retail Store",Office,20895.0,Retail Store,16260.0,Non-Refrigerated Warehouse,3560.0,,2827772.75,False,44.89,1.1,Multi-usages,101,0.0,1.0,1,3
2016,Multifamily LR (1-4),Low-Rise Multifamily,7,EAST,47.60954,-122.33025,1926,1.0,1,164120,0,164120,Multifamily Housing,Multifamily Housing,165000.0,,,,,4.0,7559797.0,False,348.21,2.12,Mono-usage,90,0.0,1.0,0,1
2016,Multifamily MR (5-9),Mid-Rise Multifamily,7,DOWNTOWN,47.61012,-122.34073,1909,1.0,6,51578,0,51578,Multifamily Housing,Multifamily Housing,51578.0,,,,,65.0,2406996.75,False,110.73,2.15,Mono-usage,107,0.0,1.0,0,1
2016,Multifamily MR (5-9),Mid-Rise Multifamily,7,DOWNTOWN,47.61205,-122.34738,1994,1.0,6,97517,0,97517,"Multifamily Housing, Parking, Retail Store",Multifamily Housing,62475.0,Parking,32691.0,Retail Store,2351.0,,2015117.25,False,14.05,0.14,Multi-usages,22,0.0,1.0,1,3
2016,NonResidential,Mixed Use Property,7,DOWNTOWN,47.61113,-122.34556,1990,1.0,4,82065,34800,47265,"Office, Parking, Retail Store",Parking,36036.0,Office,27594.0,Retail Store,13945.0,91.0,1717130.875,False,11.97,0.15,Multi-usages,26,0.4240541034545786,0.5759458965454213,1,3
2016,Multifamily MR (5-9),Mid-Rise Multifamily,7,DOWNTOWN,47.61064,-122.3425,1901,1.0,6,70850,0,70850,"Medical Office, Multifamily Housing, Other - Restaurant/Bar, Retail Store",Multifamily Housing,37014.0,Medical Office,9912.0,Other - Restaurant/Bar,3155.0,,2458760.5,False,17.14,0.24,Multi-usages,115,0.0,1.0,1,4
2016,NonResidential,Small- and Mid-Sized Office,7,DOWNTOWN,47.61041,-122.34214,1910,1.0,4,36160,0,36160,Office,Office,36160.0,,,,,47.0,1862176.875,False,12.98,0.36,Mono-usage,106,0.0,1.0,0,1
2016,NonResidential,Mixed Use Property,7,DOWNTOWN,47.61014,-122.34251,1918,1.0,1,34617,0,34617,"Food Sales, Manufacturing/Industrial Plant, Office, Other - Entertainment/Public Assembly, Other - Restaurant/Bar, Restaurant, Retail Store, Self-Storage Facility",Other - Restaurant/Bar,6455.0,Office,5813.0,Manufacturing/Industrial Plant,5581.0,,5136604.5,False,143.34,4.14,Multi-usages,98,0.0,1.0,1,8
2016,Multifamily MR (5-9),Mid-Rise Multifamily,7,DOWNTOWN,47.61033,-122.34184,1914,1.0,5,39528,0,39528,"Multifamily Housing, Office, Restaurant, Retail Store",Multifamily Housing,22968.0,Retail Store,10400.0,Restaurant,2900.0,,2122581.25,False,34.16,0.86,Multi-usages,102,0.0,1.0,1,4
2016,Multifamily MR (5-9),Mid-Rise Multifamily,7,DOWNTOWN,47.61135,-122.34483,2001,1.0,8,68628,0,68628,"Multifamily Housing, Parking, Retail Store",Multifamily Housing,47683.0,Parking,12570.0,Retail Store,7704.0,70.0,2044374.75,False,38.51,0.56,Multi-usages,15,0.0,1.0,1,3
2016,Multifamily MR (5-9),Mid-Rise Multifamily,7,DOWNTOWN,47.61305,-122.3466,2010,1.0,8,54550,0,54550,"Multifamily Housing, Parking, Retail Store",Multifamily Housing,41599.0,Parking,12044.0,Retail Store,907.0,,2188559.0,False,45.81,0.84,Multi-usages,6,0.0,1.0,1,3
2016,Multifamily HR (10+),High-Rise Multifamily,7,DOWNTOWN,47.61277,-122.34614,1970,1.0,16,95700,0,95700,"Multifamily Housing, Parking",Multifamily Housing,80471.0,Parking,15229.0,,,66.0,3730953.5,False,72.5,0.76,Multi-usages,46,0.0,1.0,1,2
2016,NonResidential,Small- and Mid-Sized Office,7,DOWNTOWN,47.6123,-122.34611,1909,1.0,5,66900,0,66900,Office,Office,68048.0,,,,,100.0,1634178.25,False,14.13,0.21,Mono-usage,107,0.0,1.0,0,1
2016,NonResidential,Mixed Use Property,7,DOWNTOWN,47.61252,-122.34565,1910,1.0,3,29340,0,29340,"Multifamily Housing, Office, Restaurant",Office,12714.0,Multifamily Housing,11592.0,Restaurant,2836.0,,2160420.0,False,75.99,2.59,Multi-usages,106,0.0,1.0,1,3
2016,Multifamily LR (1-4),Low-Rise Multifamily,7,DOWNTOWN,47.61252,-122.34565,1900,1.0,3,27140,0,27140,"Food Service, Multifamily Housing",Multifamily Housing,14269.0,Food Service,12511.0,,,,2209512.0,False,82.92,3.06,Multi-usages,116,0.0,1.0,1,2
2016,NonResidential,Other,7,DOWNTOWN,47.61341,-122.34597,1930,0.0,2,22710,0,22710,Food Service,Food Service,22710.0,,,,,,287763.5,False,2.01,0.09,Mono-usage,86,0.0,1.0,0,1
2016,Multifamily MR (5-9),Mid-Rise Multifamily,7,DOWNTOWN,47.61345,-122.34525,1995,1.0,5,63861,0,63861,"Multifamily Housing, Parking",Multifamily Housing,63861.0,Parking,16910.0,,,41.0,4054994.25,False,125.13,1.96,Multi-usages,21,0.0,1.0,1,2
2016,Multifamily MR (5-9),Mid-Rise Multifamily,7,DOWNTOWN,47.61319,-122.34481,1923,1.0,6,50376,0,50376,Multifamily Housing,Multifamily Housing,79402.0,,,,,65.0,1813285.25,False,12.64,0.25,Mono-usage,93,0.0,1.0,0,1
2016,NonResidential,Small- and Mid-Sized Office,4,LAKE UNION,47.6367,-122.3285,2000,1.0,3,50499,13540,36959,"Office, Parking",Office,36959.0,Parking,13540.0,,,13.0,3205182.5,False,22.46,0.44,Multi-usages,16,0.2681241212697281,0.7318758787302719,1,2
2016,NonResidential,Small- and Mid-Sized Office,4,LAKE UNION,47.63616,-122.32718,1964,1.0,5,54465,9605,44860,"Office, Parking",Office,57972.0,Parking,0.0,,,68.0,3600571.25,False,41.22,0.76,Multi-usages,52,0.1763517855503534,0.8236482144496465,1,2
2016,NonResidential,K-12 School,3,EAST,47.63239,-122.32072,1930,1.0,2,45960,0,45960,K-12 School,K-12 School,45960.0,,,,,56.0,4167253.75,False,182.81,3.98,Mono-usage,86,0.0,1.0,0,1
2016,Multifamily LR (1-4),Low-Rise Multifamily,4,LAKE UNION,47.64272,-122.32866,1974,1.0,4,37361,4735,32626,Multifamily Housing,Multifamily Housing,27732.0,,,,,61.0,880115.5,False,0.0,0.0,Mono-usage,42,0.1267364363908888,0.8732635636091111,0,1
2016,Multifamily LR (1-4),Low-Rise Multifamily,3,EAST,47.63364,-122.32271,1949,1.0,3,21112,0,21112,Multifamily Housing,Multifamily Housing,21112.0,,,,,96.0,833747.0,False,34.02,1.61,Mono-usage,67,0.0,1.0,0,1
2016,Multifamily LR (1-4),Low-Rise Multifamily,5,North,47.72641,-122.31519,1987,1.0,3,22646,0,22646,Multifamily Housing,Multifamily Housing,22646.0,,,,,61.0,673030.0,False,4.69,0.21,Mono-usage,29,0.0,1.0,0,1
2016,NonResidential,Small- and Mid-Sized Office,7,LAKE UNION,47.61992,-122.34539,1959,1.0,2,21128,0,21128,Office,Office,21128.0,,,,,97.0,436604.0938,False,3.04,0.14,Mono-usage,57,0.0,1.0,0,1
2016,Multifamily MR (5-9),Mid-Rise Multifamily,7,LAKE UNION,47.6189,-122.34588,2010,1.0,6,191832,138292,53540,"Multifamily Housing, Parking, Retail Store",Multifamily Housing,192322.0,Parking,103018.0,Retail Store,11602.0,96.0,4519997.0,False,193.47,1.01,Multi-usages,6,0.7209016222528045,0.2790983777471955,1,3
2016,NonResidential,Mixed Use Property,7,LAKE UNION,47.61893,-122.34473,2008,1.0,4,274442,0,274442,"Hotel, Multifamily Housing, Parking, Retail Store",Hotel,108763.0,Parking,105499.0,Multifamily Housing,58152.0,,9155568.0,False,220.26,0.8,Multi-usages,8,0.0,1.0,1,4
2016,NonResidential,Small- and Mid-Sized Office,7,LAKE UNION,47.61952,-122.34462,2013,1.0,3,51552,0,51552,"Data Center, Office",Office,54150.0,Data Center,650.0,,,,1539066.375,False,10.73,0.21,Multi-usages,3,0.0,1.0,1,2
2016,NonResidential,Hotel,7,LAKE UNION,47.62014,-122.34456,1959,1.0,4,38520,0,38520,Hotel,Hotel,38500.0,,,,,37.0,2804534.0,False,75.25,1.95,Mono-usage,57,0.0,1.0,0,1
2016,NonResidential,Hotel,7,LAKE UNION,47.62174,-122.34417,1961,1.0,3,29186,4256,24930,Hotel,Hotel,19000.0,,,,,95.0,867184.375,False,30.22,1.04,Mono-usage,55,0.1458233399575138,0.8541766600424862,0,1
2016,Multifamily MR (5-9),Mid-Rise Multifamily,7,LAKE UNION,47.61868,-122.34266,2008,1.0,6,60364,0,60364,"Multifamily Housing, Parking",Multifamily Housing,61380.0,Parking,6314.0,,,86.0,1754477.25,False,39.35,0.65,Multi-usages,8,0.0,1.0,1,2
2016,NonResidential,Worship Facility,7,LAKE UNION,47.6201,-122.34071,1960,1.0,1,27338,0,27338,Worship Facility,Worship Facility,27338.0,,,,,56.0,581289.0,False,4.05,0.15,Mono-usage,56,0.0,1.0,0,1
2016,Multifamily MR (5-9),Mid-Rise Multifamily,7,LAKE UNION,47.62067,-122.34071,2005,1.0,6,79480,14480,65000,"Multifamily Housing, Parking",Multifamily Housing,65000.0,Parking,14480.0,,,98.0,1889761.125,False,52.74,0.66,Multi-usages,11,0.1821841972823351,0.8178158027176649,1,2
2016,NonResidential,Other,3,EAST,47.64132,-122.31644,1999,1.0,2,85750,65640,20110,"K-12 School, Parking",Parking,65000.0,K-12 School,20000.0,,,,2045592.0,False,77.76,0.91,Multi-usages,17,0.7654810495626823,0.2345189504373178,1,2
2016,Multifamily LR (1-4),Low-Rise Multifamily,7,MAGNOLIA / QUEEN ANNE,47.62304,-122.3624,1967,1.0,4,40086,0,40086,"Multifamily Housing, Parking",Multifamily Housing,28860.0,Parking,4752.0,,,70.0,879235.8125,False,6.13,0.15,Multi-usages,49,0.0,1.0,1,2
2016,NonResidential,Laboratory,7,MAGNOLIA / QUEEN ANNE,47.6224,-122.36248,1962,1.0,2,34416,0,34416,"Laboratory, Office, Parking",Laboratory,20649.0,Office,13767.0,Parking,2000.0,,12015936.0,False,422.45,12.27,Multi-usages,54,0.0,1.0,1,3
2016,NonResidential,Small- and Mid-Sized Office,7,MAGNOLIA / QUEEN ANNE,47.61954,-122.35847,1930,1.0,3,45864,0,45864,Office,Office,45864.0,,,,,94.0,2590622.0,False,115.43,2.52,Mono-usage,86,0.0,1.0,0,1
2016,Multifamily LR (1-4),Low-Rise Multifamily,5,North,47.72645,-122.3131,1985,1.0,3,72459,0,72459,"Multifamily Housing, Parking",Multifamily Housing,66263.0,Parking,0.0,,,86.0,2175940.25,False,15.17,0.21,Multi-usages,31,0.0,1.0,1,2
2016,NonResidential,K-12 School,5,NORTHWEST,47.72726,-122.32835,1999,1.0,2,49252,0,49252,K-12 School,K-12 School,61099.0,,,,,23.0,3485865.5,False,104.91,2.13,Mono-usage,17,0.0,1.0,0,1
2016,Multifamily LR (1-4),Low-Rise Multifamily,1,SOUTHWEST,47.56336,-122.38774,1975,1.0,4,33948,0,33948,Multifamily Housing,Multifamily Housing,24242.0,,,,,100.0,191497.9063,False,1.34,0.04,Mono-usage,41,0.0,1.0,0,1
2016,Multifamily LR (1-4),Low-Rise Multifamily,7,MAGNOLIA / QUEEN ANNE,47.65818,-122.40283,1976,1.0,3,20930,0,20930,"Multifamily Housing, Parking",Multifamily Housing,20930.0,Parking,4000.0,,,,529033.5,False,3.69,0.18,Multi-usages,40,0.0,1.0,1,2
2016,Multifamily LR (1-4),Low-Rise Multifamily,5,North,47.71496,-122.3129,1989,1.0,4,51510,11878,39632,Multifamily Housing,Multifamily Housing,51510.0,,,,,59.0,1172903.375,False,8.18,0.16,Mono-usage,27,0.2305960007765482,0.7694039992234517,0,1
2016,Multifamily LR (1-4),Low-Rise Multifamily,5,North,47.71306,-122.31309,1970,1.0,4,36408,0,36408,Multifamily Housing,Multifamily Housing,36408.0,,,,,,898495.1875,False,6.26,0.17,Mono-usage,46,0.0,1.0,0,1
2016,Multifamily LR (1-4),Senior Care Community,5,North,47.71235,-122.31323,1962,1.0,4,89391,0,89391,"Parking, Senior Care Community",Senior Care Community,91694.0,Parking,3131.0,,,49.0,5572010.0,False,120.6,1.35,Multi-usages,54,0.0,1.0,1,2
2016,Multifamily LR (1-4),Low-Rise Multifamily,5,North,47.7124,-122.31414,1978,1.0,4,51387,0,51387,Multifamily Housing,Multifamily Housing,53972.0,,,,,81.0,1183042.125,False,8.25,0.16,Mono-usage,38,0.0,1.0,0,1
2016,SPS-District K-12,K-12 School,5,North,47.71343,-122.31466,1950,1.0,1,34005,0,34005,K-12 School,K-12 School,50337.0,,,,,94.0,991918.0,True,10.15,0.3,Mono-usage,66,0.0,1.0,0,1
2016,Multifamily LR (1-4),Low-Rise Multifamily,4,NORTH,47.68982,-122.32335,1989,1.0,4,25763,0,25763,"Multifamily Housing, Office, Parking",Multifamily Housing,18353.0,Parking,5204.0,Office,2206.0,,507428.9063,False,3.54,0.14,Multi-usages,27,0.0,1.0,1,3
2016,SPS-District K-12,K-12 School,1,SOUTHWEST,47.56549,-122.39689,1949,1.0,1,41221,0,41221,K-12 School,K-12 School,60814.0,,,,,83.0,2246747.5,True,46.46,1.13,Mono-usage,67,0.0,1.0,0,1
2016,Multifamily MR (5-9),Mid-Rise Multifamily,4,LAKE UNION,47.63361,-122.3249,2005,1.0,6,106524,0,106524,"Multifamily Housing, Parking",Multifamily Housing,59414.0,Parking,47110.0,,,75.0,2919980.75,False,22.53,0.21,Multi-usages,11,0.0,1.0,1,2
2016,NonResidential,Small- and Mid-Sized Office,4,LAKE UNION,47.63245,-122.32529,1987,1.0,3,33176,0,33176,"Office, Parking",Office,33176.0,Parking,15000.0,,,89.0,1426279.5,False,35.96,1.08,Multi-usages,29,0.0,1.0,1,2
2016,NonResidential,Retail Store,4,LAKE UNION,47.63246,-122.32658,1993,1.0,3,25194,3764,21430,"Medical Office, Office, Retail Store",Retail Store,10751.0,Medical Office,8044.0,Office,2635.0,,1878742.875,False,55.95,2.22,Multi-usages,23,0.1494006509486385,0.8505993490513615,1,3
2016,Multifamily LR (1-4),Low-Rise Multifamily,1,DELRIDGE,47.53384,-122.34899,1980,1.0,3,31288,0,31288,"Multifamily Housing, Parking",Multifamily Housing,24459.0,Parking,6829.0,,,77.0,692127.875,False,4.83,0.15,Multi-usages,36,0.0,1.0,1,2
2016,Multifamily MR (5-9),Mid-Rise Multifamily,4,NORTHEAST,47.66268,-122.31985,2008,1.0,6,50803,0,50803,"Multifamily Housing, Parking",Multifamily Housing,38897.0,Parking,12000.0,,,61.0,1695682.125,False,11.87,0.23,Multi-usages,8,0.0,1.0,1,2
2016,SPS-District K-12,K-12 School,2,SOUTHEAST,47.52499,-122.27466,2000,1.0,2,75605,0,75605,K-12 School,K-12 School,75605.0,,,,,83.0,2274873.5,True,50.67,0.67,Mono-usage,16,0.0,1.0,0,1
2016,SPS-District K-12,K-12 School,2,SOUTHEAST,47.52526,-122.27092,2008,1.0,2,29525,0,29525,K-12 School,K-12 School,29525.0,,,,,77.0,1297812.75,True,24.42,0.83,Mono-usage,8,0.0,1.0,0,1
2016,Multifamily LR (1-4),Low-Rise Multifamily,2,SOUTHEAST,47.52284,-122.27265,1962,1.0,3,30891,0,30891,Multifamily Housing,Multifamily Housing,30891.0,,,,,48.0,980603.375,False,6.84,0.22,Mono-usage,54,0.0,1.0,0,1
2016,Multifamily LR (1-4),Low-Rise Multifamily,2,SOUTHEAST,47.52214,-122.27161,2000,1.0,2,40542,0,40542,Multifamily Housing,Multifamily Housing,40542.0,,,,,60.0,1489363.875,False,10.38,0.26,Mono-usage,16,0.0,1.0,0,1
2016,NonResidential,Worship Facility,2,GREATER DUWAMISH,47.55072,-122.30265,1977,1.0,99,21948,0,21948,Worship Facility,Worship Facility,21948.0,,,,,80.0,326001.1875,False,2.27,0.1,Mono-usage,39,0.0,1.0,0,1
2016,NonResidential,Other,3,EAST,47.64033,-122.29135,1927,1.0,3,31191,0,31191,"Other - Recreation, Self-Storage Facility",Other - Recreation,30095.0,Self-Storage Facility,1096.0,,,,5876439.0,False,167.98,5.39,Multi-usages,89,0.0,1.0,1,2
2016,NonResidential,Other,5,NORTH,47.72039,-122.29729,1947,1.0,1,37377,0,37377,"Office, Repair Services (Vehicle, Shoe, Locksmith, etc), Retail Store","Repair Services (Vehicle, Shoe, Locksmith, etc)",31303.0,Retail Store,3468.0,Office,840.0,,3040978.0,False,111.73,2.99,Multi-usages,69,0.0,1.0,1,6
2016,Multifamily MR (5-9),Mid-Rise Multifamily,1,SOUTHWEST,47.59491,-122.38654,1975,1.0,5,41510,0,41510,Multifamily Housing,Multifamily Housing,41510.0,,,,,74.0,1225792.75,False,20.12,0.48,Mono-usage,41,0.0,1.0,0,1
2016,NonResidential,Warehouse,2,GREATER DUWAMISH,47.53906,-122.32031,1977,1.0,1,29380,0,29380,"Non-Refrigerated Warehouse, Office, Other",Non-Refrigerated Warehouse,16768.0,Office,6837.0,Other,5775.0,33.0,856088.625,False,5.97,0.2,Multi-usages,39,0.0,1.0,1,3
2016,Multifamily MR (5-9),Mid-Rise Multifamily,4,NORTHEAST,47.67602,-122.31634,2006,3.0,6,61887,0,61887,"Multifamily Housing, Parking",Multifamily Housing,61887.0,Parking,61812.0,,,100.0,1757601.25,False,12.25,0.2,Multi-usages,10,0.0,1.0,1,2
2016,Multifamily LR (1-4),Low-Rise Multifamily,3,CENTRAL,47.62182,-122.29819,1978,1.0,2,56340,0,56340,Multifamily Housing,Multifamily Housing,56340.0,,,,,89.0,1053290.75,False,7.34,0.13,Mono-usage,38,0.0,1.0,0,1
2016,Multifamily LR (1-4),Low-Rise Multifamily,3,EAST,47.62728,-122.32468,1928,1.0,3,25538,0,25538,Multifamily Housing,Multifamily Housing,25538.0,,,,,92.0,741999.6875,False,20.9,0.82,Mono-usage,88,0.0,1.0,0,1
2016,Multifamily LR (1-4),Low-Rise Multifamily,3,EAST,47.62586,-122.32576,1949,1.0,3,44672,0,44672,Multifamily Housing,Multifamily Housing,44672.0,,,,,54.0,2664566.5,False,117.19,2.62,Mono-usage,67,0.0,1.0,0,1
2016,Multifamily LR (1-4),Low-Rise Multifamily,3,EAST,47.62644,-122.32578,1989,1.0,4,33692,8167,25525,"Multifamily Housing, Parking",Multifamily Housing,21696.0,Parking,8167.0,,,87.0,603223.1875,False,4.21,0.12,Multi-usages,27,0.2424017570936721,0.7575982429063279,1,2
2016,Multifamily LR (1-4),Low-Rise Multifamily,3,EAST,47.62542,-122.32738,1930,1.0,3,39613,0,39613,"Multifamily Housing, Parking",Multifamily Housing,33848.0,Parking,13085.0,,,52.0,2062909.125,False,77.16,1.95,Multi-usages,86,0.0,1.0,1,2
2016,Multifamily MR (5-9),Mid-Rise Multifamily,3,EAST,47.62614,-122.32716,1958,1.0,5,28833,0,28833,Multifamily Housing,Multifamily Housing,28833.0,,,,,88.0,1134742.125,False,21.55,0.75,Mono-usage,58,0.0,1.0,0,1
2016,Multifamily LR (1-4),Low-Rise Multifamily,3,EAST,47.62835,-122.32653,1925,1.0,2,24325,0,24325,"Multifamily Housing, Parking",Multifamily Housing,24325.0,Parking,6900.0,,,27.0,1664948.75,False,75.58,3.11,Multi-usages,91,0.0,1.0,1,2
2016,NonResidential,Worship Facility,3,EAST,47.60321889,-122.3205567,1922,1.0,2,22688,0,22688,Worship Facility,Worship Facility,22688.0,,,,,87.0,331675.0,False,7.07,0.31,Mono-usage,94,0.0,1.0,0,1
2016,Multifamily LR (1-4),Low-Rise Multifamily,3,EAST,47.60413,-122.31998,1968,0.0,4,33192,0,33192,Multifamily Housing,Multifamily Housing,33192.0,,,,,39.0,1086491.75,False,7.57,0.23,Mono-usage,48,0.0,1.0,0,1
2016,Multifamily MR (5-9),Mid-Rise Multifamily,3,EAST,47.605,-122.31979,1989,1.0,5,21902,0,21902,Multifamily Housing,Multifamily Housing,21902.0,,,,,83.0,591845.3125,False,4.13,0.19,Mono-usage,27,0.0,1.0,0,1
2016,Multifamily MR (5-9),Mid-Rise Multifamily,3,EAST,47.60456,-122.31974,1999,1.0,6,46442,18092,28350,"Multifamily Housing, Parking",Multifamily Housing,46442.0,Parking,18092.0,,,96.0,1271753.25,False,14.45,0.31,Multi-usages,17,0.3895611730760949,0.610438826923905,1,2
2016,Multifamily LR (1-4),Low-Rise Multifamily,3,EAST,47.6053772,-122.3204651,1995,0.0,3,21005,0,21005,Multifamily Housing,Multifamily Housing,21014.0,,,,,17.0,1022614.313,False,26.27,1.25,Mono-usage,21,0.0,1.0,0,1
2016,Multifamily MR (5-9),Mid-Rise Multifamily,3,EAST,47.60572,-122.31992,2007,1.0,6,52405,0,52405,Multifamily Housing,Multifamily Housing,52101.0,,,,,53.0,3641620.75,False,139.73,2.67,Mono-usage,9,0.0,1.0,0,1
2016,Multifamily MR (5-9),Mid-Rise Multifamily,3,EAST,47.6054,-122.31967,2000,1.0,6,30648,0,30648,"Multifamily Housing, Parking",Multifamily Housing,22777.0,Parking,0.0,,,89.0,649874.875,False,4.53,0.15,Multi-usages,16,0.0,1.0,1,2
2016,Multifamily LR (1-4),Low-Rise Multifamily,3,EAST,47.60551,-122.31905,1985,1.0,4,37485,0,37485,Multifamily Housing,Multifamily Housing,37485.0,,,,,73.0,1256456.625,False,25.36,0.68,Mono-usage,31,0.0,1.0,0,1
2016,Multifamily MR (5-9),Mid-Rise Multifamily,3,EAST,47.60504,-122.31848,1999,1.0,5,109924,43976,65948,"Multifamily Housing, Parking",Multifamily Housing,65948.0,Parking,43976.0,,,98.0,2845946.0,False,74.42,0.68,Multi-usages,17,0.4000582220443215,0.5999417779556785,1,2
2016,Multifamily MR (5-9),Mid-Rise Multifamily,3,EAST,47.60322,-122.3186,2001,1.0,5,72989,0,72989,"Multifamily Housing, Parking",Multifamily Housing,45572.0,Parking,27417.0,,,95.0,1552597.875,False,10.82,0.15,Multi-usages,15,0.0,1.0,1,2
2016,Multifamily LR (1-4),Low-Rise Multifamily,3,EAST,47.60284,-122.31837,1901,1.0,3,43128,0,43128,Multifamily Housing,Multifamily Housing,43128.0,,,,,68.0,1628250.75,False,42.1,0.98,Mono-usage,115,0.0,1.0,0,1
2016,Multifamily LR (1-4),Low-Rise Multifamily,3,EAST,47.60334,-122.31774,1901,1.0,3,24046,0,24046,Multifamily Housing,Multifamily Housing,24046.0,,,,,33.0,1518729.625,False,56.62,2.35,Mono-usage,115,0.0,1.0,0,1
2016,Multifamily LR (1-4),Low-Rise Multifamily,3,EAST,47.60411,-122.31775,1978,1.0,3,22082,0,22082,Multifamily Housing,Multifamily Housing,22082.0,,,,,20.0,1009476.0,False,11.53,0.52,Mono-usage,38,0.0,1.0,0,1
2016,Multifamily MR (5-9),Mid-Rise Multifamily,3,EAST,47.60457,-122.31773,1994,1.0,6,45640,0,45640,Multifamily Housing,Multifamily Housing,31318.0,,,,,71.0,789630.125,False,5.5,0.12,Mono-usage,22,0.0,1.0,0,1
2016,Multifamily MR (5-9),Mid-Rise Multifamily,3,EAST,47.60473,-122.31781,1998,1.0,5,41527,0,41527,"Multifamily Housing, Parking",Multifamily Housing,27005.0,Parking,14522.0,,,91.0,787889.8125,False,5.49,0.13,Multi-usages,18,0.0,1.0,1,2
2016,Multifamily LR (1-4),Low-Rise Multifamily,3,EAST,47.60630519,-122.3205897,1908,1.0,3,26062,0,26062,"Multifamily Housing, Retail Store, Self-Storage Facility, Supermarket/Grocery Store",Multifamily Housing,15262.0,Self-Storage Facility,7200.0,Retail Store,2400.0,,1093477.5,False,43.19,1.66,Multi-usages,108,0.0,1.0,1,4
2016,Multifamily LR (1-4),Low-Rise Multifamily,3,NORTHEAST,47.65094,-122.32205,2002,1.0,4,65471,0,65471,Multifamily Housing,Multifamily Housing,65471.0,,,,,74.0,2075744.5,False,57.69,0.88,Mono-usage,14,0.0,1.0,0,1
2016,Multifamily LR (1-4),Low-Rise Multifamily,4,LAKE UNION,47.63959,-122.32617,2007,1.0,4,26375,0,26375,Multifamily Housing,Multifamily Housing,26375.0,,,,,,1201630.125,False,37.72,1.43,Mono-usage,9,0.0,1.0,0,1
2016,NonResidential,Other,2,SOUTHEAST,47.56028,-122.28914,1962,1.0,2,22364,0,22364,"Adult Education, Parking",Adult Education,22364.0,Parking,0.0,,,,1467029.75,False,54.44,2.43,Multi-usages,54,0.0,1.0,1,2
2016,NonResidential,Small- and Mid-Sized Office,2,GREATER DUWAMISH,47.54693,-122.28718,1982,1.0,2,41262,0,41262,Office,Office,40738.0,,,,,84.0,1903455.875,False,13.27,0.32,Mono-usage,34,0.0,1.0,0,1
2016,Multifamily LR (1-4),Low-Rise Multifamily,7,MAGNOLIA / QUEEN ANNE,47.61989,-122.35603,1908,1.0,3,26250,0,26250,Multifamily Housing,Multifamily Housing,26250.0,,,,,96.0,1056003.0,False,44.93,1.71,Mono-usage,108,0.0,1.0,0,1
2016,Multifamily MR (5-9),Mid-Rise Multifamily,7,MAGNOLIA / QUEEN ANNE,47.62044,-122.3565,2009,1.0,7,32143,0,32143,Multifamily Housing,Multifamily Housing,22852.0,,,,,53.0,1260416.0,False,35.39,1.1,Mono-usage,7,0.0,1.0,0,1
2016,Multifamily LR (1-4),Low-Rise Multifamily,7,MAGNOLIA / QUEEN ANNE,47.62076,-122.35627,1948,1.0,3,22177,0,22177,"Multifamily Housing, Parking",Multifamily Housing,22177.0,Parking,0.0,,,82.0,500237.0,False,3.49,0.16,Multi-usages,68,0.0,1.0,1,2
2016,Multifamily LR (1-4),Low-Rise Multifamily,7,MAGNOLIA / QUEEN ANNE,47.61872,-122.35593,1908,1.0,4,43712,0,43712,Multifamily Housing,Multifamily Housing,43712.0,,,,,79.0,2284507.5,False,96.4,2.21,Mono-usage,108,0.0,1.0,0,1
2016,Multifamily MR (5-9),Mid-Rise Multifamily,7,MAGNOLIA / QUEEN ANNE,47.6191,-122.35446,2007,1.0,6,83270,0,83270,Multifamily Housing,Multifamily Housing,52947.0,,,,,79.0,1866283.125,False,39.1,0.47,Mono-usage,9,0.0,1.0,0,1
2016,Multifamily MR (5-9),Mid-Rise Multifamily,7,MAGNOLIA / QUEEN ANNE,47.61946,-122.35492,1922,1.0,5,43998,0,43998,Multifamily Housing,Multifamily Housing,43998.0,,,,,99.0,2090543.75,False,95.5,2.17,Mono-usage,94,0.0,1.0,0,1
2016,Multifamily MR (5-9),Mid-Rise Multifamily,7,MAGNOLIA / QUEEN ANNE,47.62422,-122.36094,1969,1.0,9,55604,0,55604,Multifamily Housing,Multifamily Housing,55604.0,,,,,97.0,1859725.375,False,45.11,0.81,Mono-usage,47,0.0,1.0,0,1
2016,Multifamily LR (1-4),Low-Rise Multifamily,7,MAGNOLIA / QUEEN ANNE,47.6235,-122.3617,1959,1.0,4,25056,0,25056,"Multifamily Housing, Parking",Multifamily Housing,25056.0,Parking,1774.0,,,79.0,628676.375,False,4.38,0.17,Multi-usages,57,0.0,1.0,1,2
2016,Multifamily LR (1-4),Low-Rise Multifamily,7,MAGNOLIA / QUEEN ANNE,47.62386,-122.36169,1990,1.0,4,46800,0,46800,"Multifamily Housing, Parking",Multifamily Housing,37340.0,Parking,9460.0,,,92.0,847799.875,False,5.91,0.13,Multi-usages,26,0.0,1.0,1,2
2016,Multifamily LR (1-4),Low-Rise Multifamily,7,MAGNOLIA / QUEEN ANNE,47.62407,-122.35836,2002,1.0,4,50903,0,50903,"Fitness Center/Health Club/Gym, Multifamily Housing, Personal Services (Health/Beauty, Dry Cleaning, etc)",Multifamily Housing,47877.0,Fitness Center/Health Club/Gym,1595.0,"Personal Services (Health/Beauty, Dry Cleaning, etc)",1431.0,88.0,945020.1875,False,6.59,0.13,Multi-usages,14,0.0,1.0,1,5
2016,Multifamily LR (1-4),Low-Rise Multifamily,7,MAGNOLIA / QUEEN ANNE,47.62344,-122.35842,1930,1.0,3,22320,0,22320,Multifamily Housing,Multifamily Housing,22320.0,,,,,88.0,1353612.75,False,62.19,2.79,Mono-usage,86,0.0,1.0,0,1
2016,Multifamily HR (10+),High-Rise Multifamily,7,LAKE UNION,47.6189,-122.34671,2014,1.0,10,336003,0,336003,Multifamily Housing,Multifamily Housing,339545.0,,,,,92.0,10126597.0,False,260.38,0.77,Mono-usage,2,0.0,1.0,0,1
2016,NonResidential,Small- and Mid-Sized Office,7,LAKE UNION,47.62038,-122.34668,1953,1.0,2,43183,0,43183,"Data Center, Office",Office,26580.0,Data Center,11497.0,,,,7408342.0,False,92.45,2.14,Multi-usages,63,0.0,1.0,1,2
2016,Multifamily LR (1-4),Low-Rise Multifamily,1,SOUTHWEST,47.55193,-122.38662,1966,1.0,4,26873,0,26873,"Multifamily Housing, Office, Parking",Multifamily Housing,22350.0,Office,3911.0,Parking,612.0,,638917.8125,False,4.45,0.17,Multi-usages,50,0.0,1.0,1,3
2016,Multifamily LR (1-4),Low-Rise Multifamily,1,SOUTHWEST,47.55058,-122.38675,1968,1.0,3,20010,0,20010,Multifamily Housing,Multifamily Housing,20010.0,,,,,69.0,634056.0,False,4.42,0.22,Mono-usage,48,0.0,1.0,0,1
2016,NonResidential,Worship Facility,4,NORTH,47.68566,-122.31849,1908,1.0,3,45680,0,45680,Worship Facility,Worship Facility,45680.0,,,,,79.0,2077039.375,False,86.81,1.9,Mono-usage,108,0.0,1.0,0,1
2016,Multifamily MR (5-9),Mid-Rise Multifamily,7,LAKE UNION,47.62094,-122.33328,2003,1.0,8,201197,0,201197,"Multifamily Housing, Parking",Multifamily Housing,149697.0,Parking,51634.0,,,98.0,4628171.0,False,102.04,0.51,Multi-usages,13,0.0,1.0,1,2
2016,Multifamily MR (5-9),Mid-Rise Multifamily,7,LAKE UNION,47.62222,-122.33337,2000,1.0,5,36413,0,36413,Multifamily Housing,Multifamily Housing,36413.0,,,,,13.0,2017898.5,False,52.57,1.44,Mono-usage,16,0.0,1.0,0,1
2016,Multifamily MR (5-9),Mid-Rise Multifamily,7,LAKE UNION,47.62289,-122.33335,1997,1.0,6,88004,0,88004,"Multifamily Housing, Office, Parking",Multifamily Housing,52211.0,Parking,24574.0,Office,10066.0,100.0,1935494.25,False,54.86,0.62,Multi-usages,19,0.0,1.0,1,3
2016,Multifamily MR (5-9),Mid-Rise Multifamily,7,LAKE UNION,47.62444,-122.33261,2001,1.0,6,79402,0,79402,"Multifamily Housing, Retail Store",Multifamily Housing,49049.0,Retail Store,1327.0,,,,1747487.75,False,12.18,0.15,Multi-usages,15,0.0,1.0,1,2
2016,Multifamily LR (1-4),Low-Rise Multifamily,7,LAKE UNION,47.62442,-122.33209,1926,1.0,3,23837,0,23837,Multifamily Housing,Multifamily Housing,23837.0,,,,,82.0,759060.8125,False,16.87,0.71,Mono-usage,90,0.0,1.0,0,1
2016,Multifamily LR (1-4),Low-Rise Multifamily,7,LAKE UNION,47.62353,-122.33264,1997,1.0,4,24880,0,24880,Multifamily Housing,Multifamily Housing,24889.0,,,,,13.0,2001481.0,False,71.15,2.86,Mono-usage,19,0.0,1.0,0,1
2016,Multifamily MR (5-9),Mid-Rise Multifamily,7,LAKE UNION,47.62381,-122.33208,2006,1.0,7,261980,0,261980,"Multifamily Housing, Parking",Multifamily Housing,209116.0,Parking,34853.0,,,94.0,6962255.0,False,201.31,0.77,Multi-usages,10,0.0,1.0,1,2
2016,Multifamily MR (5-9),Mid-Rise Multifamily,7,LAKE UNION,47.62293,-122.33263,2009,1.0,6,36389,0,36389,Multifamily Housing,Multifamily Housing,36389.0,,,,,51.0,1374299.375,False,9.58,0.26,Mono-usage,7,0.0,1.0,0,1
2016,Multifamily MR (5-9),Mid-Rise Multifamily,7,LAKE UNION,47.62271,-122.33258,2010,1.0,6,49559,0,49559,Multifamily Housing,Multifamily Housing,49559.0,,,,,66.0,3348280.5,False,123.23,2.49,Mono-usage,6,0.0,1.0,0,1
2016,NonResidential,Senior Care Community,7,LAKE UNION,47.61935,-122.33389,2006,1.0,14,724148,0,724148,Senior Care Community,Senior Care Community,726000.0,,,,,8.0,37797084.0,False,913.07,1.26,Mono-usage,10,0.0,1.0,0,1
2016,Multifamily LR (1-4),Low-Rise Multifamily,7,LAKE UNION,47.61957,-122.33261,1916,1.0,3,24000,0,24000,Multifamily Housing,Multifamily Housing,24000.0,,,,,91.0,929950.125,False,32.13,1.34,Mono-usage,100,0.0,1.0,0,1
2016,Multifamily MR (5-9),Mid-Rise Multifamily,4,NORTHEAST,47.68764,-122.26789,1974,1.0,7,143539,22098,121441,Multifamily Housing,Multifamily Housing,112731.0,,,,,42.0,6769769.0,False,207.71,1.45,Mono-usage,42,0.1539511909655215,0.8460488090344784,0,1
2016,Multifamily LR (1-4),Low-Rise Multifamily,1,SOUTHWEST,47.52225,-122.37718,1988,1.0,3,31499,6198,25301,"Multifamily Housing, Parking",Multifamily Housing,25301.0,Parking,6198.0,,,90.0,673907.3125,False,4.7,0.15,Multi-usages,28,0.1967681513698847,0.8032318486301152,1,2
2016,NonResidential,Worship Facility,1,SOUTHWEST,47.53439,-122.37699,1957,1.0,1,23562,0,23562,"Office, Worship Facility",Worship Facility,18278.0,Office,15212.0,,,96.0,531737.1875,False,3.71,0.16,Multi-usages,59,0.0,1.0,1,2
2016,Multifamily LR (1-4),Low-Rise Multifamily,1,SOUTHWEST,47.55901,-122.38114,1980,1.0,3,27922,0,27922,Multifamily Housing,Multifamily Housing,27922.0,,,,,81.0,684739.6875,False,4.77,0.17,Mono-usage,36,0.0,1.0,0,1
2016,Multifamily MR (5-9),Mid-Rise Multifamily,4,LAKE UNION,47.65904,-122.3418,2001,1.0,5,53281,16572,36709,"Multifamily Housing, Parking",Multifamily Housing,36700.0,Parking,6000.0,,,98.0,811703.6875,False,5.66,0.11,Multi-usages,15,0.3110301983821625,0.6889698016178375,1,2
2016,NonResidential,Small- and Mid-Sized Office,6,Ballard,47.65804,-122.36537,1999,1.0,4,28844,0,28844,"Office, Other",Office,10292.0,Other,10200.0,,,,910718.6875,False,6.35,0.22,Multi-usages,17,0.0,1.0,1,2
2016,SPS-District K-12,K-12 School,1,DELRIDGE,47.54176,-122.37349,1988,1.0,2,54528,0,54528,K-12 School,K-12 School,54285.0,,,,,75.0,1972078.625,True,13.75,0.25,Mono-usage,28,0.0,1.0,0,1
2016,Multifamily HR (10+),High-Rise Multifamily,7,DOWNTOWN,47.60976,-122.33962,2008,1.0,38,330693,260,330433,Multifamily Housing,Multifamily Housing,330433.0,,,,,47.0,20781390.0,False,671.55,2.03,Mono-usage,8,0.0007862277096884,0.9992137722903116,0,1
2016,Multifamily HR (10+),High-Rise Multifamily,7,DOWNTOWN,47.60634,-122.33184,2007,1.0,42,170000,0,170000,Multifamily Housing,Multifamily Housing,170000.0,,,,,21.0,8188381.0,False,225.66,1.33,Mono-usage,9,0.0,1.0,0,1
2016,NonResidential,Warehouse,2,GREATER DUWAMISH,47.56067,-122.32646,1989,1.0,1,21101,0,21101,"Non-Refrigerated Warehouse, Office",Non-Refrigerated Warehouse,18373.0,Office,2728.0,,,,675772.875,False,27.97,1.33,Multi-usages,27,0.0,1.0,1,2
2016,NonResidential,Refrigerated Warehouse,2,GREATER DUWAMISH,47.56067,-122.32705,1914,1.0,2,45594,0,45594,Refrigerated Warehouse,Refrigerated Warehouse,45594.0,,,,,75.0,1351267.875,False,9.42,0.21,Mono-usage,102,0.0,1.0,0,1
2016,NonResidential,Other,2,GREATER DUWAMISH,47.55013,-122.33044,1950,1.0,1,26660,0,26660,Manufacturing/Industrial Plant,Manufacturing/Industrial Plant,26660.0,,,,,,2241280.5,False,15.62,0.59,Mono-usage,66,0.0,1.0,0,1
2016,NonResidential,Warehouse,2,GREATER DUWAMISH,47.56056,-122.32593,1975,1.0,1,28126,0,28126,"Non-Refrigerated Warehouse, Office",Non-Refrigerated Warehouse,21780.0,Office,6346.0,,,44.0,870625.8125,False,18.63,0.66,Multi-usages,41,0.0,1.0,1,2
2016,NonResidential,Warehouse,2,GREATER DUWAMISH,47.54813,-122.32553,1964,1.0,1,35000,0,35000,Non-Refrigerated Warehouse,Non-Refrigerated Warehouse,35000.0,,,,,53.0,378714.4063,False,2.64,0.08,Mono-usage,52,0.0,1.0,0,1
2016,NonResidential,Warehouse,2,GREATER DUWAMISH,47.54948,-122.32536,1962,1.0,1,26150,0,26150,Non-Refrigerated Warehouse,Non-Refrigerated Warehouse,26150.0,,,,,6.0,1208407.625,False,26.55,1.02,Mono-usage,54,0.0,1.0,0,1
2016,NonResidential,Small- and Mid-Sized Office,2,GREATER DUWAMISH,47.54974,-122.3261,1967,1.0,2,24000,0,24000,Office,Office,24000.0,,,,,73.0,1088556.25,False,7.59,0.32,Mono-usage,49,0.0,1.0,0,1
2016,NonResidential,K-12 School,3,EAST,47.64132,-122.31644,1968,1.0,5,43594,0,43594,K-12 School,K-12 School,40809.0,,,,,38.0,2478045.5,False,73.26,1.68,Mono-usage,48,0.0,1.0,0,1
2016,Multifamily LR (1-4),Low-Rise Multifamily,7,MAGNOLIA / QUEEN ANNE,47.63547,-122.3456,1948,1.0,4,40326,0,40326,Multifamily Housing,Multifamily Housing,40326.0,,,,,42.0,2715249.75,False,118.41,2.94,Mono-usage,68,0.0,1.0,0,1
2016,Multifamily MR (5-9),Mid-Rise Multifamily,3,EAST,47.618,-122.32711,1995,1.0,5,26088,0,26088,Multifamily Housing,Multifamily Housing,26088.0,,,,,66.0,892455.875,False,22.56,0.86,Mono-usage,21,0.0,1.0,0,1
2016,Multifamily MR (5-9),Mid-Rise Multifamily,7,DOWNTOWN,47.59942,-122.33459,1900,0.0,5,48092,0,48092,"Multifamily Housing, Parking, Retail Store",Multifamily Housing,28366.0,Parking,8082.0,Retail Store,8082.0,,1035044.875,False,7.22,0.15,Multi-usages,116,0.0,1.0,1,3
2016,Multifamily MR (5-9),Mid-Rise Multifamily,7,DOWNTOWN,47.61455,-122.35024,1914,1.0,6,34023,0,34023,Multifamily Housing,Multifamily Housing,34023.0,,,,,,898115.375,False,14.3,0.42,Mono-usage,102,0.0,1.0,0,1
2016,Multifamily LR (1-4),Low-Rise Multifamily,6,BALLARD,47.6909,-122.37175,1980,1.0,4,45421,0,45421,Multifamily Housing,Multifamily Housing,41595.0,,,,,90.0,937054.1875,False,13.18,0.29,Mono-usage,36,0.0,1.0,0,1
2016,NonResidential,Distribution Center,4,LAKE UNION,47.65791,-122.34274,1912,1.0,1,28080,0,28080,"Distribution Center, Office",Distribution Center,25580.0,Office,2500.0,,,,794724.625,False,18.54,0.66,Multi-usages,104,0.0,1.0,1,2
2016,Multifamily LR (1-4),Low-Rise Multifamily,7,MAGNOLIA / QUEEN ANNE,47.65314,-122.38918,1973,1.0,4,60601,0,60601,"Multifamily Housing, Parking",Multifamily Housing,48306.0,Parking,12295.0,,,95.0,924073.0,False,6.44,0.11,Multi-usages,43,0.0,1.0,1,2
2016,Multifamily LR (1-4),Other,7,MAGNOLIA / QUEEN ANNE,47.65257,-122.38779,1969,1.0,4,32054,0,32054,"Other, Parking",Other,27000.0,Parking,5000.0,,,,807185.5,False,5.63,0.18,Multi-usages,47,0.0,1.0,1,2
2016,Multifamily LR (1-4),Low-Rise Multifamily,7,MAGNOLIA / QUEEN ANNE,47.65324,-122.38855,1970,1.0,4,29222,0,29222,Multifamily Housing,Multifamily Housing,28000.0,,,,,54.0,796351.125,False,5.55,0.19,Mono-usage,46,0.0,1.0,0,1
2016,Multifamily MR (5-9),Mid-Rise Multifamily,3,EAST,47.61388,-122.31755,2008,1.0,6,27468,0,27468,"Multifamily Housing, Parking, Retail Store",Multifamily Housing,23600.0,Parking,10900.0,Retail Store,3000.0,,1163748.875,False,16.72,0.61,Multi-usages,8,0.0,1.0,1,3
2016,Multifamily LR (1-4),Low-Rise Multifamily,4,LAKE UNION,47.65875,-122.34274,1989,1.0,4,61227,0,61227,"Multifamily Housing, Parking",Multifamily Housing,44674.0,Parking,16553.0,,,93.0,1141763.75,False,7.96,0.13,Multi-usages,27,0.0,1.0,1,2
2016,Multifamily MR (5-9),Mid-Rise Multifamily,7,MAGNOLIA / QUEEN ANNE,47.62418,-122.3642,1997,1.0,5,30236,0,30236,"Multifamily Housing, Parking",Multifamily Housing,30236.0,Parking,4900.0,,,65.0,951675.5,False,6.63,0.22,Multi-usages,19,0.0,1.0,1,2
2016,Multifamily MR (5-9),Mid-Rise Multifamily,7,DOWNTOWN,47.61322,-122.34984,1990,1.0,5,320651,0,320651,"Multifamily Housing, Parking",Multifamily Housing,214625.0,Parking,106026.0,,,50.0,7286313.5,False,109.46,0.34,Multi-usages,26,0.0,1.0,1,2
2016,Multifamily LR (1-4),Low-Rise Multifamily,3,EAST,47.64079,-122.31972,1985,1.0,3,45235,38,45197,Multifamily Housing,Multifamily Housing,45235.0,,,,,61.0,980773.375,False,6.84,0.15,Mono-usage,31,0.0008400574776168,0.9991599425223832,0,1
2016,Multifamily MR (5-9),Mid-Rise Multifamily,3,EAST,47.60573,-122.31782,2002,1.0,6,65604,0,65604,Multifamily Housing,Multifamily Housing,65604.0,,,,,88.0,1697909.625,False,11.84,0.18,Mono-usage,14,0.0,1.0,0,1
2016,Multifamily MR (5-9),Mid-Rise Multifamily,4,LAKE UNION,47.633,-122.32507,2009,1.0,8,322771,109495,213276,"Multifamily Housing, Parking",Multifamily Housing,200601.0,Parking,109495.0,,,89.0,8669367.0,False,240.39,0.74,Multi-usages,7,0.339234317829049,0.6607656821709509,1,2
2016,Multifamily HR (10+),High-Rise Multifamily,7,DOWNTOWN,47.61296,-122.33926,2010,1.0,31,480789,0,480789,"Multifamily Housing, Parking, Retail Store",Multifamily Housing,581843.0,Parking,205632.0,Retail Store,11682.0,86.0,19897354.0,False,509.36,1.06,Multi-usages,6,0.0,1.0,1,3
2016,Multifamily LR (1-4),Low-Rise Multifamily,6,NORTHWEST,47.69086,-122.35094,2000,1.0,4,35837,0,35837,"Multifamily Housing, Office",Multifamily Housing,28356.0,Office,6022.0,,,61.0,1073328.625,False,7.48,0.21,Multi-usages,16,0.0,1.0,1,2
2016,Multifamily LR (1-4),Low-Rise Multifamily,5,NORTHWEST,47.72581,-122.35617,1968,1.0,3,41567,0,41567,Multifamily Housing,Multifamily Housing,40924.0,,,,,84.0,974305.625,False,6.79,0.16,Mono-usage,48,0.0,1.0,0,1
2016,NonResidential,Senior Care Community,5,NORTHWEST,47.72618,-122.35642,1954,1.0,2,51298,0,51298,Senior Care Community,Senior Care Community,51298.0,,,,,85.0,5655578.0,False,203.73,3.97,Mono-usage,62,0.0,1.0,0,1
2016,Multifamily HR (10+),High-Rise Multifamily,5,NORTHWEST,47.72101,-122.35725,1990,1.0,10,284970,0,284970,Multifamily Housing,Multifamily Housing,256413.0,,,,,77.0,11828824.0,False,474.86,1.67,Mono-usage,26,0.0,1.0,0,1
2016,NonResidential,Worship Facility,5,NORTHWEST,47.72558,-122.3578,1962,1.0,1,22047,0,22047,"Parking, Worship Facility",Worship Facility,22898.0,Parking,0.0,,,100.0,265774.9063,False,1.85,0.08,Multi-usages,54,0.0,1.0,1,2
2016,Multifamily LR (1-4),Low-Rise Multifamily,5,NORTHWEST,47.72687,-122.35607,1967,1.0,3,116143,0,116143,Multifamily Housing,Multifamily Housing,113346.0,,,,,77.0,3024478.5,False,21.08,0.18,Mono-usage,49,0.0,1.0,0,1
2016,Multifamily LR (1-4),Low-Rise Multifamily,5,NORTHWEST,47.72762,-122.35611,1976,1.0,3,44656,0,44656,Multifamily Housing,Multifamily Housing,44656.0,,,,,68.0,1091162.75,False,7.61,0.17,Mono-usage,40,0.0,1.0,0,1
2016,Multifamily LR (1-4),Low-Rise Multifamily,5,NORTHWEST,47.72526,-122.35608,1968,1.0,3,26159,0,26159,Multifamily Housing,Multifamily Housing,25950.0,,,,,76.0,677536.3125,False,4.72,0.18,Mono-usage,48,0.0,1.0,0,1
2016,NonResidential,Warehouse,1,GREATER DUWAMISH,47.5213,-122.32182,1979,1.0,1,31600,0,31600,Non-Refrigerated Warehouse,Non-Refrigerated Warehouse,31600.0,,,,,3.0,3363535.5,False,103.28,3.27,Mono-usage,37,0.0,1.0,0,1
2016,NonResidential,Warehouse,1,GREATER DUWAMISH,47.52024,-122.32137,2007,1.0,1,35289,0,35289,Non-Refrigerated Warehouse,Non-Refrigerated Warehouse,35289.0,,,,,63.0,876425.0,False,23.9,0.68,Mono-usage,9,0.0,1.0,0,1
2016,NonResidential,Warehouse,1,GREATER DUWAMISH,47.51899,-122.321,1981,1.0,1,28920,0,28920,Non-Refrigerated Warehouse,Non-Refrigerated Warehouse,30000.0,,,,,50.0,1750419.0,False,80.09,2.77,Mono-usage,35,0.0,1.0,0,1
2016,NonResidential,Warehouse,1,GREATER DUWAMISH,47.5193,-122.3213,1978,1.0,1,22176,0,22176,Non-Refrigerated Warehouse,Non-Refrigerated Warehouse,22176.0,,,,,60.0,736428.625,False,32.77,1.48,Mono-usage,38,0.0,1.0,0,1
2016,NonResidential,Warehouse,1,GREATER DUWAMISH,47.51968,-122.3212,1978,1.0,1,31300,0,31300,Non-Refrigerated Warehouse,Non-Refrigerated Warehouse,31300.0,,,,,89.0,362874.0,True,9.08,0.29,Mono-usage,38,0.0,1.0,0,1
2016,NonResidential,Warehouse,1,GREATER DUWAMISH,47.51918,-122.31957,1979,1.0,1,22000,0,22000,"Non-Refrigerated Warehouse, Parking",Non-Refrigerated Warehouse,22000.0,Parking,0.0,,,14.0,700627.625,True,4.88,0.22,Multi-usages,37,0.0,1.0,1,2
2016,NonResidential,Small- and Mid-Sized Office,5,NORTH,47.70079,-122.32714,1974,1.0,3,39927,0,39927,"Office, Parking",Office,39541.0,Parking,0.0,,,38.0,3568419.5,False,24.88,0.62,Multi-usages,42,0.0,1.0,1,2
2016,NonResidential,Other,5,NORTH,47.69883,-122.32479,1979,1.0,1,30610,0,30610,"Office, Other - Recreation",Other - Recreation,23320.0,Office,7290.0,,,,4294550.0,False,135.81,4.44,Multi-usages,37,0.0,1.0,1,2
2016,NonResidential,Medical Office,5,NORTH,47.70007,-122.32533,1980,1.0,2,26930,6350,20580,Medical Office,Medical Office,26930.0,,,,,64.0,1002995.0,False,6.99,0.26,Mono-usage,36,0.2357965094689937,0.7642034905310063,0,1
2016,NonResidential,Medical Office,5,NORTH,47.70087,-122.32379,1968,1.0,2,38745,0,38745,"Medical Office, Parking",Medical Office,65069.0,Parking,0.0,,,76.0,2890379.0,False,49.62,1.28,Multi-usages,48,0.0,1.0,1,2
2016,NonResidential,Self-Storage Facility,4,NORTHEAST,47.66353,-122.29505,1959,1.0,2,20296,0,20296,Self-Storage Facility,Self-Storage Facility,20296.0,,,,,,855665.125,False,5.97,0.29,Mono-usage,57,0.0,1.0,0,1
2016,NonResidential,Mixed Use Property,4,NORTHEAST,47.66246,-122.29342,1945,1.0,2,22135,0,22135,"Medical Office, Non-Refrigerated Warehouse, Office, Retail Store",Medical Office,10388.0,Office,8116.0,Retail Store,3200.0,,1261634.5,False,27.41,1.24,Multi-usages,71,0.0,1.0,1,4
2016,NonResidential,Medical Office,4,NORTHEAST,47.66183,-122.29264,1967,1.0,3,38378,0,38378,"Medical Office, Parking",Medical Office,35066.0,Parking,3312.0,,,86.0,1645605.125,False,53.73,1.4,Multi-usages,49,0.0,1.0,1,2
2016,NonResidential,Warehouse,4,NORTHEAST,47.66294,-122.29521,1980,1.0,2,33576,0,33576,Non-Refrigerated Warehouse,Non-Refrigerated Warehouse,33576.0,,,,,64.0,1275231.75,False,49.73,1.48,Mono-usage,36,0.0,1.0,0,1
2016,NonResidential,Supermarket / Grocery Store,4,NORTHEAST,47.66205,-122.29545,1975,1.0,1,33005,0,33005,"Parking, Supermarket/Grocery Store",Supermarket/Grocery Store,34982.0,Parking,0.0,,,21.0,10642754.0,False,225.67,6.84,Multi-usages,41,0.0,1.0,1,2
2016,Multifamily LR (1-4),Low-Rise Multifamily,6,NORTHWEST,47.67888,-122.35563,2007,1.0,4,67910,0,67910,Multifamily Housing,Multifamily Housing,67910.0,,,,,41.0,1906597.0,False,26.46,0.39,Mono-usage,9,0.0,1.0,0,1
2016,Multifamily LR (1-4),Low-Rise Multifamily,7,MAGNOLIA / QUEEN ANNE,47.62753,-122.348,1965,1.0,3,22208,0,22208,Multifamily Housing,Multifamily Housing,22208.0,,,,,46.0,570799.8125,False,3.98,0.18,Mono-usage,51,0.0,1.0,0,1
2016,Multifamily HR (10+),High-Rise Multifamily,7,DOWNTOWN,47.61631,-122.35209,2000,1.0,12,264239,29236,235003,"Food Sales, Multifamily Housing, Parking",Multifamily Housing,200837.0,Parking,29236.0,Food Sales,3582.0,33.0,11258880.0,False,285.62,1.08,Multi-usages,16,0.1106422594696468,0.8893577405303532,1,3
2016,Multifamily HR (10+),High-Rise Multifamily,3,EAST,47.61105,-122.32263,1982,1.0,33,231352,0,231352,Multifamily Housing,Multifamily Housing,231352.0,,,,,11.0,13631685.0,False,372.55,1.61,Mono-usage,34,0.0,1.0,0,1
2016,NonResidential,Other,3,EAST,47.61074,-122.32259,1981,1.0,1,20971,0,20971,"Bank Branch, Medical Office, Parking, Retail Store",Parking,23483.0,Retail Store,10360.0,Medical Office,8509.0,,729397.1875,False,5.08,0.24,Multi-usages,35,0.0,1.0,1,4
2016,Multifamily MR (5-9),Mid-Rise Multifamily,7,DOWNTOWN,47.61019,-122.33859,1913,1.0,8,43884,0,43884,"Multifamily Housing, Office",Multifamily Housing,31320.0,Office,17925.0,,,93.0,1568382.25,False,43.52,0.99,Multi-usages,103,0.0,1.0,1,2
2016,Multifamily MR (5-9),Mid-Rise Multifamily,7,MAGNOLIA / QUEEN ANNE,47.6239,-122.36437,2000,1.0,5,45715,0,45715,Multifamily Housing,,,,,,,72.0,1289661.25,False,8.99,0.2,Mono-usage,16,0.0,1.0,0,1
2016,Multifamily MR (5-9),Mixed Use Property,5,NORTH,47.70833,-122.32256,2008,1.0,5,614114,124061,490053,"Multifamily Housing, Parking, Retail Store",Parking,124061.0,Multifamily Housing,116794.0,Retail Store,54555.0,,10992344.0,False,173.23,0.28,Multi-usages,8,0.2020162380274672,0.7979837619725327,1,3
2016,Multifamily LR (1-4),Low-Rise Multifamily,2,GREATER DUWAMISH,47.55044,-122.28815,2005,1.0,4,32038,0,32038,Multifamily Housing,Multifamily Housing,32038.0,,,,,52.0,1162226.375,False,17.3,0.54,Mono-usage,11,0.0,1.0,0,1
2016,NonResidential,Small- and Mid-Sized Office,7,MAGNOLIA / QUEEN ANNE,47.63981,-122.39907,1927,1.0,3,23910,0,23910,"Office, Retail Store",Office,20000.0,Retail Store,3910.0,,,,873577.3125,False,15.11,0.63,Multi-usages,89,0.0,1.0,1,2
2016,Multifamily HR (10+),High-Rise Multifamily,7,EAST,47.6122,-122.32976,1957,1.0,16,151680,0,151680,"Multifamily Housing, Parking",Multifamily Housing,151680.0,Parking,18530.0,,,40.0,10213132.0,False,423.51,2.79,Multi-usages,59,0.0,1.0,1,2
2016,NonResidential,Worship Facility,6,BALLARD,47.67477,-122.38241,1910,1.0,2,21765,0,21765,Worship Facility,Worship Facility,21765.0,,,,,80.0,431390.4063,False,17.38,0.8,Mono-usage,106,0.0,1.0,0,1
2016,Multifamily LR (1-4),Low-Rise Multifamily,6,BALLARD,47.67144,-122.3868,1977,1.0,3,24032,0,24032,Multifamily Housing,Multifamily Housing,24032.0,,,,,,566878.3125,False,3.95,0.16,Mono-usage,39,0.0,1.0,0,1
2016,Multifamily LR (1-4),Low-Rise Multifamily,6,BALLARD,47.67115,-122.38506,1985,1.0,4,27553,0,27553,Multifamily Housing,Multifamily Housing,27553.0,,,,,56.0,780294.875,False,5.44,0.2,Mono-usage,31,0.0,1.0,0,1
2016,Multifamily MR (5-9),Mid-Rise Multifamily,7,MAGNOLIA / QUEEN ANNE,47.62666,-122.34265,2014,1.0,6,305537,0,305537,"Multifamily Housing, Parking",Multifamily Housing,240477.0,Parking,69979.0,,,96.0,9360612.0,False,281.47,0.92,Multi-usages,2,0.0,1.0,1,2
2016,Multifamily MR (5-9),Mid-Rise Multifamily,7,MAGNOLIA / QUEEN ANNE,47.6276,-122.3421,2005,1.0,6,373664,113092,260572,Multifamily Housing,Multifamily Housing,180788.0,,,,,94.0,7450969.0,False,300.11,0.8,Mono-usage,11,0.3026569324312751,0.6973430675687249,0,1
2016,Multifamily LR (1-4),Low-Rise Multifamily,3,CENTRAL,47.60941,-122.31636,2000,1.0,4,209575,59804,149771,"Multifamily Housing, Other, Parking",Multifamily Housing,141603.0,Parking,59804.0,Other,8168.0,29.0,5950438.5,False,52.04,0.25,Multi-usages,16,0.285358463557199,0.7146415364428009,1,3
2016,Campus,University,3,EAST,47.61065,-122.31711,1939,1.0,2,2200000,0,2200000,"College/University, Parking",College/University,1719643.0,Parking,318960.0,,,,114648520.0,False,3243.48,1.47,Multi-usages,77,0.0,1.0,1,2
2016,Multifamily LR (1-4),Low-Rise Multifamily,3,CENTRAL,47.61269,-122.31524,1909,1.0,3,24316,0,24316,"Multifamily Housing, Parking",Multifamily Housing,20316.0,Parking,0.0,,,45.0,1241355.375,False,34.0,1.4,Multi-usages,107,0.0,1.0,1,2
2016,NonResidential,Worship Facility,3,CENTRAL,47.6101,-122.30838,1901,1.0,2,26560,0,26560,Worship Facility,Worship Facility,26560.0,,,,,1.0,1751483.875,False,64.88,2.44,Mono-usage,115,0.0,1.0,0,1
2016,NonResidential,Warehouse,4,LAKE UNION,47.65022,-122.34174,1957,1.0,2,20140,0,20140,Non-Refrigerated Warehouse,Non-Refrigerated Warehouse,20140.0,,,,,49.0,116486.6016,False,0.81,0.04,Mono-usage,59,0.0,1.0,0,1
2016,Multifamily LR (1-4),Low-Rise Multifamily,3,EAST,47.62517,-122.31919,1930,1.0,3,38500,0,38500,"Multifamily Housing, Parking",Multifamily Housing,31659.0,Parking,6841.0,,,88.0,1422406.25,False,61.19,1.59,Multi-usages,86,0.0,1.0,1,2
2016,Multifamily HR (10+),High-Rise Multifamily,3,EAST,47.61023,-122.32484,1930,1.0,14,90000,0,90000,"Multifamily Housing, Parking",Multifamily Housing,90000.0,Parking,6000.0,,,87.0,4369513.5,False,186.65,2.07,Multi-usages,86,0.0,1.0,1,2
2016,Multifamily LR (1-4),Low-Rise Multifamily,7,MAGNOLIA / QUEEN ANNE,47.63203,-122.35702,1996,1.0,4,46184,0,46184,"Multifamily Housing, Parking, Retail Store",Multifamily Housing,30430.0,Parking,10565.0,Retail Store,5189.0,39.0,1773864.5,False,12.37,0.27,Multi-usages,20,0.0,1.0,1,3
2016,Multifamily MR (5-9),Mid-Rise Multifamily,7,MAGNOLIA / QUEEN ANNE,47.63017,-122.34677,1967,1.0,5,20598,0,20598,Multifamily Housing,Multifamily Housing,20598.0,,,,,71.0,629306.8125,False,4.39,0.21,Mono-usage,49,0.0,1.0,0,1
2016,Multifamily HR (10+),High-Rise Multifamily,7,DOWNTOWN,47.61754,-122.35225,2008,1.0,13,224105,0,224105,"Financial Office, Multifamily Housing, Parking, Supermarket/Grocery Store",Multifamily Housing,196689.0,Parking,23100.0,Financial Office,2247.0,,7945081.0,False,175.27,0.78,Multi-usages,8,0.0,1.0,1,4
2016,Multifamily LR (1-4),Low-Rise Multifamily,2,GREATER DUWAMISH,47.56234,-122.29469,2004,1.0,4,80155,0,80155,Multifamily Housing,Multifamily Housing,77823.0,,,,,91.0,1882845.75,False,44.61,0.56,Mono-usage,12,0.0,1.0,0,1
2016,Multifamily LR (1-4),Low-Rise Multifamily,3,EAST,47.61631,-122.31165,1929,1.0,4,58608,6030,52578,"Multifamily Housing, Parking",Multifamily Housing,58601.0,Parking,1000.0,,,72.0,4220038.0,False,192.63,3.29,Multi-usages,87,0.1028869778869778,0.8971130221130221,1,2
2016,Multifamily MR (5-9),Mid-Rise Multifamily,3,EAST,47.6206,-122.32368,1994,1.0,6,32989,0,32989,Multifamily Housing,Multifamily Housing,48560.0,,,,,94.0,1245197.5,False,27.27,0.83,Mono-usage,22,0.0,1.0,0,1
2016,Multifamily LR (1-4),Low-Rise Multifamily,2,SOUTHEAST,47.54262,-122.27324,1967,1.0,3,25174,0,25174,Multifamily Housing,Multifamily Housing,25174.0,,,,,22.0,878509.5,False,6.12,0.24,Mono-usage,49,0.0,1.0,0,1
2016,Multifamily LR (1-4),Low-Rise Multifamily,2,SOUTHEAST,47.54303,-122.27418,1983,1.0,4,52228,0,52228,Multifamily Housing,Multifamily Housing,52228.0,,,,,43.0,1698074.625,False,11.84,0.23,Mono-usage,33,0.0,1.0,0,1
2016,NonResidential,Retail Store,2,GREATER DUWAMISH,47.53846,-122.28305,1992,1.0,2,38845,0,38845,"Parking, Retail Store",Retail Store,38845.0,Parking,6000.0,,,82.0,6917280.0,False,215.56,5.55,Multi-usages,24,0.0,1.0,1,2
2016,NonResidential,Supermarket / Grocery Store,2,GREATER DUWAMISH,47.53747,-122.28308,1953,1.0,1,26092,0,26092,"Parking, Supermarket/Grocery Store",Supermarket/Grocery Store,25946.0,Parking,0.0,,,40.0,7619445.0,False,173.75,6.66,Multi-usages,63,0.0,1.0,1,2
2016,SPS-District K-12,K-12 School,5,NORTH,47.70743,-122.28463,1955,1.0,1,38582,0,38582,K-12 School,K-12 School,40374.0,,,,,85.0,1848878.5,True,64.54,1.67,Mono-usage,61,0.0,1.0,0,1
2016,Multifamily LR (1-4),Low-Rise Multifamily,2,GREATER DUWAMISH,47.56294,-122.29524,2006,1.0,4,51405,756,50649,"Multifamily Housing, Parking",Multifamily Housing,50649.0,Parking,756.0,,,55.0,1993273.0,False,57.03,1.11,Multi-usages,10,0.0147067405894368,0.9852932594105632,1,2
2016,NonResidential,Small- and Mid-Sized Office,2,GREATER DUWAMISH,47.55045,-122.32749,1967,1.0,1,25500,0,25500,Office,Office,25500.0,,,,,98.0,1213869.75,False,55.3,2.17,Mono-usage,49,0.0,1.0,0,1
2016,NonResidential,Warehouse,2,GREATER DUWAMISH,47.5478,-122.32307,1961,1.0,1,41895,0,41895,"Non-Refrigerated Warehouse, Office",Non-Refrigerated Warehouse,37524.0,Office,2596.0,,,,1242311.5,False,25.09,0.6,Multi-usages,55,0.0,1.0,1,2
2016,NonResidential,Retail Store,2,GREATER DUWAMISH,47.54912,-122.32184,1958,1.0,2,56193,0,56193,Retail Store,Retail Store,56193.0,,,,,,2497942.75,False,46.9,0.83,Mono-usage,58,0.0,1.0,0,1
2016,Multifamily MR (5-9),Mid-Rise Multifamily,7,DOWNTOWN,47.61066,-122.33815,2002,1.0,6,66459,0,66459,"Multifamily Housing, Retail Store",Multifamily Housing,48409.0,Retail Store,9568.0,,,41.0,3040924.25,False,50.0,0.75,Multi-usages,14,0.0,1.0,1,2
2016,Multifamily LR (1-4),Low-Rise Multifamily,6,BALLARD,47.67504,-122.37529,1986,1.0,4,44957,0,44957,"Multifamily Housing, Parking",Multifamily Housing,30044.0,Parking,6000.0,,,71.0,926261.1875,False,6.46,0.14,Multi-usages,30,0.0,1.0,1,2
2016,Multifamily LR (1-4),Low-Rise Multifamily,6,BALLARD,47.67284,-122.37513,1991,1.0,4,42401,0,42401,"Multifamily Housing, Parking",Multifamily Housing,32753.0,Parking,9648.0,,,90.0,1050982.0,False,7.33,0.17,Multi-usages,25,0.0,1.0,1,2
2016,NonResidential,K-12 School,6,BALLARD,47.6712,-122.37568,1922,1.0,3,35448,0,35448,K-12 School,K-12 School,35448.0,,,,,97.0,1379932.5,False,60.34,1.7,Mono-usage,94,0.0,1.0,0,1
2016,NonResidential,Supermarket / Grocery Store,6,BALLARD,47.66986,-122.37418,1966,1.0,1,29214,0,29214,Supermarket/Grocery Store,Supermarket/Grocery Store,29214.0,,,,,8.0,9336239.0,False,208.53,7.14,Mono-usage,50,0.0,1.0,0,1
2016,Multifamily LR (1-4),Low-Rise Multifamily,6,BALLARD,47.66839,-122.37155,1980,1.0,3,31792,0,31792,"Multifamily Housing, Parking",Multifamily Housing,21176.0,Parking,10616.0,,,67.0,696605.0,False,4.86,0.15,Multi-usages,36,0.0,1.0,1,2
2016,Multifamily LR (1-4),Low-Rise Multifamily,6,BALLARD,47.6681,-122.3716,1996,1.0,4,30854,0,30854,"Multifamily Housing, Office",Multifamily Housing,25288.0,Office,5566.0,,,14.0,1014405.375,False,7.07,0.23,Multi-usages,20,0.0,1.0,1,2
2016,NonResidential,Supermarket / Grocery Store,6,BALLARD,47.66828,-122.37428,2000,1.0,1,89103,43035,46068,"Parking, Supermarket/Grocery Store",Supermarket/Grocery Store,47034.0,Parking,0.0,,,34.0,14029480.0,False,384.85,4.32,Multi-usages,16,0.4829803710312784,0.5170196289687216,1,2
2016,NonResidential,Other,6,BALLARD,47.66621,-122.37502,1961,1.0,1,32000,0,32000,"Office, Other - Recreation",Other - Recreation,29880.0,Office,4700.0,,,,1331122.125,False,45.38,1.42,Multi-usages,55,0.0,1.0,1,2
2016,NonResidential,Mixed Use Property,6,BALLARD,47.66389,-122.37307,1910,1.0,2,31140,0,31140,"Non-Refrigerated Warehouse, Other, Retail Store",Other,14840.0,Retail Store,9400.0,Non-Refrigerated Warehouse,6900.0,,935580.3125,False,38.86,1.25,Multi-usages,106,0.0,1.0,1,3
2016,NonResidential,Warehouse,6,BALLARD,47.6644,-122.37246,1975,1.0,3,41478,0,41478,"Non-Refrigerated Warehouse, Office",Non-Refrigerated Warehouse,31932.0,Office,9546.0,,,3.0,3035962.25,False,78.22,1.89,Multi-usages,41,0.0,1.0,1,2
2016,NonResidential,Warehouse,6,BALLARD,47.66411,-122.37185,1980,1.0,1,39840,0,39840,Non-Refrigerated Warehouse,Non-Refrigerated Warehouse,39840.0,,,,,2.0,752104.0,False,5.24,0.13,Mono-usage,36,0.0,1.0,0,1
2016,Multifamily LR (1-4),Low-Rise Multifamily,6,BALLARD,47.67151,-122.38454,1928,1.0,4,24828,0,24828,Multifamily Housing,Multifamily Housing,24828.0,,,,,28.0,2159932.0,False,102.73,4.14,Mono-usage,88,0.0,1.0,0,1
2016,Multifamily LR (1-4),Low-Rise Multifamily,6,BALLARD,47.67117,-122.38422,1987,1.0,4,43380,0,43380,Multifamily Housing,Multifamily Housing,27860.0,,,,,69.0,792734.8125,False,5.53,0.13,Mono-usage,29,0.0,1.0,0,1
2016,Multifamily LR (1-4),Low-Rise Multifamily,6,BALLARD,47.67136,-122.37982,1984,1.0,4,36248,0,36248,Multifamily Housing,Multifamily Housing,36248.0,,,,,67.0,982332.8125,False,6.85,0.19,Mono-usage,32,0.0,1.0,0,1
2016,Multifamily LR (1-4),Low-Rise Multifamily,6,BALLARD,47.67042,-122.37749,1985,1.0,4,26347,0,26347,Multifamily Housing,Multifamily Housing,26347.0,,,,,30.0,907758.5,False,6.33,0.24,Mono-usage,31,0.0,1.0,0,1
2016,Multifamily MR (5-9),Mid-Rise Multifamily,6,BALLARD,47.67043,-122.37975,1989,1.0,5,53041,0,53041,Multifamily Housing,Multifamily Housing,53041.0,,,,,83.0,2274920.5,False,71.87,1.35,Mono-usage,27,0.0,1.0,0,1
2016,Multifamily MR (5-9),Mid-Rise Multifamily,6,BALLARD,47.67055,-122.38672,2009,1.0,8,447755,121280,326475,"Multifamily Housing, Parking, Supermarket/Grocery Store",Multifamily Housing,282899.0,Parking,121280.0,Supermarket/Grocery Store,43576.0,67.0,18011944.0,False,279.21,0.62,Multi-usages,7,0.2708624135967214,0.7291375864032785,1,3
2016,Multifamily MR (5-9),Mid-Rise Multifamily,6,BALLARD,47.66967,-122.38966,1969,1.0,7,52926,0,52926,Multifamily Housing,Multifamily Housing,52926.0,,,,,17.0,2979413.5,False,43.6,0.82,Mono-usage,47,0.0,1.0,0,1
2016,Nonresidential COS,Other,6,BALLARD,47.66984,-122.3842,2004,1.0,1,30576,15576,15000,"Library, Other - Services",Library,15000.0,Other - Services,3100.0,,,,1533245.75,False,38.52,1.26,Multi-usages,12,0.5094191522762951,0.4905808477237048,1,2
2016,Multifamily MR (5-9),Mid-Rise Multifamily,6,BALLARD,47.66994,-122.38124,1999,1.0,6,46070,0,46070,Multifamily Housing,Multifamily Housing,33850.0,,,,,91.0,887022.875,False,6.18,0.13,Mono-usage,17,0.0,1.0,0,1
2016,Multifamily MR (5-9),Mid-Rise Multifamily,6,BALLARD,47.66923,-122.38046,1993,1.0,6,40740,0,40740,"Multifamily Housing, Office, Parking",Multifamily Housing,24572.0,Parking,12083.0,Office,4085.0,,694903.8125,False,4.84,0.12,Multi-usages,23,0.0,1.0,1,3
2016,NonResidential,Other,6,BALLARD,47.66894,-122.38242,1924,1.0,2,21528,0,21528,Social/Meeting Hall,Social/Meeting Hall,21528.0,,,,,,306911.0938,False,6.61,0.31,Mono-usage,92,0.0,1.0,0,1
2016,NonResidential,Other,6,BALLARD,47.66908,-122.38627,1928,1.0,2,30000,0,30000,"Parking, Strip Mall",Strip Mall,25828.0,Parking,0.0,,,,1094940.75,False,13.14,0.44,Multi-usages,88,0.0,1.0,1,2
2016,Multifamily MR (5-9),Mid-Rise Multifamily,6,BALLARD,47.66842,-122.37834,2008,1.0,8,243928,0,243928,"Multifamily Housing, Parking, Retail Store",Multifamily Housing,228299.0,Parking,117799.0,Retail Store,6606.0,88.0,6914839.5,False,163.74,0.67,Multi-usages,8,0.0,1.0,1,3
2016,Multifamily MR (5-9),Mid-Rise Multifamily,7,MAGNOLIA / QUEEN ANNE,47.6249,-122.36459,2003,1.0,5,28879,0,28879,Multifamily Housing,Multifamily Housing,24070.0,,,,,,524144.6875,False,3.65,0.13,Mono-usage,13,0.0,1.0,0,1
2016,Multifamily LR (1-4),Low-Rise Multifamily,7,MAGNOLIA / QUEEN ANNE,47.62374,-122.35829,1997,1.0,4,20406,0,20406,Multifamily Housing,Multifamily Housing,20406.0,,,,,,584545.625,False,14.22,0.7,Mono-usage,19,0.0,1.0,0,1
2016,Multifamily MR (5-9),Mid-Rise Multifamily,7,DOWNTOWN,47.60846,-122.34167,1910,1.0,6,34909,0,34909,Multifamily Housing,Multifamily Housing,34909.0,,,,,90.0,726124.625,False,5.06,0.14,Mono-usage,106,0.0,1.0,0,1
2016,Multifamily MR (5-9),Mid-Rise Multifamily,2,DOWNTOWN,47.59731,-122.33369,1909,1.0,6,201656,0,201656,"Multifamily Housing, Retail Store",Multifamily Housing,152893.0,Retail Store,14536.0,,,75.0,4059424.75,False,28.3,0.14,Multi-usages,107,0.0,1.0,1,2
2016,Multifamily LR (1-4),Low-Rise Multifamily,6,NORTHWEST,47.67903,-122.32412,2007,1.0,4,82486,0,82486,"Multifamily Housing, Parking",Multifamily Housing,38348.0,Parking,11880.0,,,65.0,1191189.25,False,8.3,0.1,Multi-usages,9,0.0,1.0,1,2
2016,Multifamily LR (1-4),Low-Rise Multifamily,2,SOUTHEAST,47.53558,-122.27061,1959,1.0,3,45201,0,45201,Multifamily Housing,Multifamily Housing,45201.0,,,,,60.0,1445538.625,False,10.08,0.22,Mono-usage,57,0.0,1.0,0,1
2016,Multifamily LR (1-4),Low-Rise Multifamily,2,SOUTHEAST,47.53628,-122.27074,1962,1.0,3,43330,0,43330,Multifamily Housing,Multifamily Housing,43330.0,,,,,47.0,1332927.125,False,9.29,0.21,Mono-usage,54,0.0,1.0,0,1
2016,Multifamily LR (1-4),Low-Rise Multifamily,3,Central,47.6182,-122.30779,1996,1.0,3,32112,0,32112,Multifamily Housing,Multifamily Housing,26756.0,,,,,99.0,564988.8125,False,9.25,0.29,Mono-usage,20,0.0,1.0,0,1
2016,Multifamily MR (5-9),Mid-Rise Multifamily,1,SOUTHWEST,47.5595,-122.3839,2005,1.0,5,29888,0,29888,Multifamily Housing,Multifamily Housing,29888.0,,,,,60.0,1049436.25,False,21.32,0.71,Mono-usage,11,0.0,1.0,0,1
2016,Multifamily HR (10+),High-Rise Multifamily,3,EAST,47.62272,-122.32742,1992,1.0,10,31152,0,31152,"Multifamily Housing, Parking",Multifamily Housing,25968.0,Parking,4652.0,,,34.0,1170864.125,False,12.15,0.39,Multi-usages,24,0.0,1.0,1,2
2016,Multifamily LR (1-4),Low-Rise Multifamily,7,MAGNOLIA / QUEEN ANNE,47.63162,-122.34582,1984,1.0,3,23210,0,23210,"Multifamily Housing, Parking",Multifamily Housing,21788.0,Parking,1422.0,,,69.0,601818.625,False,4.2,0.18,Multi-usages,32,0.0,1.0,1,2
2016,Multifamily LR (1-4),Low-Rise Multifamily,6,LAKE UNION,47.65246,-122.35029,1979,1.0,4,27533,0,27533,Multifamily Housing,Multifamily Housing,27533.0,,,,,61.0,864420.875,False,15.22,0.55,Mono-usage,37,0.0,1.0,0,1
2016,Multifamily LR (1-4),Low-Rise Multifamily,2,SOUTHEAST,47.55609,-122.28651,1969,1.0,3,30216,0,30216,Multifamily Housing,Multifamily Housing,30216.0,,,,,53.0,987987.3125,False,6.89,0.23,Mono-usage,47,0.0,1.0,0,1
2016,Multifamily MR (5-9),Mid-Rise Multifamily,2,DOWNTOWN,47.59802,-122.32599,1999,1.0,8,35364,3029,32335,"Medical Office, Multifamily Housing, Parking",Multifamily Housing,23125.0,Parking,7200.0,Medical Office,5039.0,100.0,637053.1875,False,21.24,0.6,Multi-usages,17,0.0856520755570636,0.9143479244429364,1,3
2016,Multifamily LR (1-4),Low-Rise Multifamily,6,BALLARD,47.66634,-122.38004,1960,1.0,4,41076,0,41076,Multifamily Housing,Multifamily Housing,41046.0,,,,,88.0,913117.6875,False,6.37,0.16,Mono-usage,56,0.0,1.0,0,1
2016,Multifamily LR (1-4),Low-Rise Multifamily,6,BALLARD,47.66662,-122.38034,1960,1.0,4,24948,0,24948,Multifamily Housing,Multifamily Housing,24948.0,,,,,98.0,616130.0,False,4.3,0.17,Mono-usage,56,0.0,1.0,0,1
2016,NonResidential,Other,6,BALLARD,47.67482,-122.37316,1942,1.0,2,30087,0,30087,Other,Other,30554.0,,,,,,5274642.0,False,36.77,1.22,Mono-usage,74,0.0,1.0,0,1
2016,NonResidential,Worship Facility,6,BALLARD,47.66327,-122.37439,1975,1.0,1,40445,0,40445,Worship Facility,Worship Facility,40445.0,,,,,92.0,786253.6875,False,29.24,0.72,Mono-usage,41,0.0,1.0,0,1
2016,NonResidential,Retail Store,6,BALLARD,47.66318,-122.37283,1996,1.0,1,23500,0,23500,Retail Store,Retail Store,23500.0,,,,,53.0,1137967.5,False,13.29,0.57,Mono-usage,20,0.0,1.0,0,1
2016,NonResidential,Retail Store,6,Ballard,47.67518,-122.36549,1967,1.0,1,22420,0,22420,Retail Store,Retail Store,23067.0,,,,,82.0,1404253.75,False,31.79,1.42,Mono-usage,49,0.0,1.0,0,1
2016,Multifamily LR (1-4),Low-Rise Multifamily,7,MAGNOLIA / QUEEN ANNE,47.65661,-122.38781,1968,1.0,4,23728,0,23728,Multifamily Housing,Multifamily Housing,23728.0,,,,,73.0,639566.875,False,4.46,0.19,Mono-usage,48,0.0,1.0,0,1
2016,Multifamily LR (1-4),Low-Rise Multifamily,7,MAGNOLIA / QUEEN ANNE,47.64823,-122.38276,2007,1.0,4,42763,0,42763,"Multifamily Housing, Parking",Multifamily Housing,28880.0,Parking,13883.0,,,58.0,986353.125,False,11.79,0.28,Multi-usages,9,0.0,1.0,1,2
2016,NonResidential,Supermarket / Grocery Store,7,MAGNOLIA / QUEEN ANNE,47.64909,-122.37788,1961,1.0,1,25842,0,25842,Supermarket/Grocery Store,Supermarket/Grocery Store,25987.0,,,,,35.0,8518313.0,False,237.54,9.19,Mono-usage,55,0.0,1.0,0,1
2016,Multifamily LR (1-4),Low-Rise Multifamily,6,NORTHWEST,47.69757,-122.35576,1979,1.0,3,20448,0,20448,Multifamily Housing,Multifamily Housing,20448.0,,,,,86.0,448600.5,False,3.13,0.15,Mono-usage,37,0.0,1.0,0,1
2016,NonResidential,Small- and Mid-Sized Office,7,MAGNOLIA / QUEEN ANNE,47.65018,-122.37787,1992,1.0,3,26389,0,26389,"Fitness Center/Health Club/Gym, Office",Office,16766.0,Fitness Center/Health Club/Gym,9623.0,,,,1208035.375,False,8.42,0.32,Multi-usages,24,0.0,1.0,1,2
2016,NonResidential,Small- and Mid-Sized Office,7,MAGNOLIA / QUEEN ANNE,47.65252,-122.37587,1982,1.0,3,25859,0,25859,"Office, Parking",Office,25859.0,Parking,4000.0,,,88.0,858780.625,False,14.9,0.58,Multi-usages,34,0.0,1.0,1,2
2016,NonResidential,Warehouse,7,MAGNOLIA / QUEEN ANNE,47.66238,-122.38831,1974,1.0,1,25600,0,25600,"Non-Refrigerated Warehouse, Office",Non-Refrigerated Warehouse,20600.0,Office,5000.0,,,1.0,1730600.625,False,34.26,1.34,Multi-usages,42,0.0,1.0,1,2
2016,NonResidential,Other,7,MAGNOLIA / QUEEN ANNE,47.66126,-122.38751,1965,1.0,1,23169,0,23169,Manufacturing/Industrial Plant,Manufacturing/Industrial Plant,10200.0,,,,,,222255.9063,False,1.55,0.07,Mono-usage,51,0.0,1.0,0,1
2016,NonResidential,Small- and Mid-Sized Office,7,MAGNOLIA / QUEEN ANNE,47.66106,-122.38576,2008,1.0,4,41784,8399,33385,"Office, Parking",Office,33385.0,Parking,8399.0,,,89.0,1294615.25,False,9.03,0.22,Multi-usages,8,0.2010099559640053,0.7989900440359946,1,2
2016,NonResidential,Warehouse,7,MAGNOLIA / QUEEN ANNE,47.66206,-122.38948,1960,1.0,1,56884,0,56884,Non-Refrigerated Warehouse,Non-Refrigerated Warehouse,56884.0,,,,,71.0,1388345.125,False,37.49,0.66,Mono-usage,56,0.0,1.0,0,1
2016,Multifamily MR (5-9),Mid-Rise Multifamily,7,MAGNOLIA / QUEEN ANNE,47.64154,-122.37565,2000,0.0,6,34582,0,34582,"Multifamily Housing, Parking",Multifamily Housing,17334.0,Parking,13300.0,,,,1083156.5,False,7.55,0.22,Multi-usages,16,0.0,1.0,1,2
2016,Multifamily LR (1-4),Low-Rise Multifamily,6,BALLARD,47.69101,-122.37497,1988,1.0,3,23835,0,23835,"Multifamily Housing, Parking",Multifamily Housing,23835.0,Parking,8241.0,,,93.0,555153.125,False,3.87,0.16,Multi-usages,28,0.0,1.0,1,2
2016,NonResidential,Retail Store,6,BALLARD,47.6917,-122.37617,1989,1.0,1,32810,0,32810,Retail Store,Retail Store,32810.0,,,,,66.0,2017967.75,False,46.44,1.42,Mono-usage,27,0.0,1.0,0,1
2016,Multifamily LR (1-4),Low-Rise Multifamily,3,Central,47.61927,-122.30764,1999,1.0,3,42260,0,42260,"Multifamily Housing, Parking",Multifamily Housing,30716.0,Parking,0.0,,,64.0,841821.0,False,5.87,0.14,Multi-usages,17,0.0,1.0,1,2
2016,Multifamily LR (1-4),Low-Rise Multifamily,3,Central,47.61994,-122.30765,1910,1.0,3,22704,0,22704,Multifamily Housing,Multifamily Housing,22704.0,,,,,84.0,1287159.25,False,59.84,2.64,Mono-usage,106,0.0,1.0,0,1
2016,NonResidential,Self-Storage Facility,7,MAGNOLIA / QUEEN ANNE,47.64455,-122.37581,1980,1.0,3,30989,0,30989,Self-Storage Facility,Self-Storage Facility,30989.0,,,,,,97690.39844,False,0.68,0.02,Mono-usage,36,0.0,1.0,0,1
2016,NonResidential,Self-Storage Facility,7,MAGNOLIA / QUEEN ANNE,47.64418,-122.37587,1915,1.0,3,39952,0,39952,Self-Storage Facility,Self-Storage Facility,39952.0,,,,,,57133.19922,False,0.4,0.01,Mono-usage,101,0.0,1.0,0,1
2016,Multifamily LR (1-4),Low-Rise Multifamily,7,MAGNOLIA / QUEEN ANNE,47.64408,-122.37511,1963,1.0,4,28674,0,28674,Multifamily Housing,Multifamily Housing,28674.0,,,,,84.0,706505.6875,False,9.36,0.33,Mono-usage,53,0.0,1.0,0,1
2016,Multifamily LR (1-4),Low-Rise Multifamily,7,MAGNOLIA / QUEEN ANNE,47.64137,-122.37449,1962,1.0,3,21240,0,21240,Multifamily Housing,Multifamily Housing,21240.0,,,,,71.0,533370.625,False,3.72,0.18,Mono-usage,54,0.0,1.0,0,1
2016,Multifamily LR (1-4),Low-Rise Multifamily,7,MAGNOLIA / QUEEN ANNE,47.65487,-122.37462,1990,1.0,4,115575,0,115575,Multifamily Housing,Multifamily Housing,115575.0,,,,,68.0,4337107.5,False,102.3,0.89,Mono-usage,26,0.0,1.0,0,1
2016,NonResidential,Small- and Mid-Sized Office,7,MAGNOLIA / QUEEN ANNE,47.65504,-122.37402,1961,1.0,2,20022,0,20022,Office,Office,20784.0,,,,,80.0,657385.8125,False,4.58,0.23,Mono-usage,55,0.0,1.0,0,1
2016,NonResidential,Distribution Center,7,MAGNOLIA / QUEEN ANNE,47.65563,-122.37194,1960,1.0,2,36498,0,36498,"Distribution Center, Non-Refrigerated Warehouse",Distribution Center,18229.0,Non-Refrigerated Warehouse,17200.0,,,89.0,520011.8125,False,14.81,0.41,Multi-usages,56,0.0,1.0,1,2
2016,NonResidential,Distribution Center,7,MAGNOLIA / QUEEN ANNE,47.66161,-122.39075,1968,1.0,1,35946,0,35946,"Distribution Center, Office",Distribution Center,31845.0,Office,4101.0,,,,469499.8125,False,11.08,0.31,Multi-usages,48,0.0,1.0,1,2
2016,NonResidential,Small- and Mid-Sized Office,7,MAGNOLIA / QUEEN ANNE,47.66006,-122.38631,2007,1.0,4,30152,5680,24472,"Office, Parking",Office,25184.0,Parking,4968.0,,,96.0,845044.125,False,5.94,0.2,Multi-usages,9,0.1883788803396126,0.8116211196603874,1,2
2016,NonResidential,Small- and Mid-Sized Office,7,MAGNOLIA / QUEEN ANNE,47.65881,-122.38382,1979,1.0,4,22365,0,22365,Office,Office,21617.0,,,,,71.0,727385.8125,False,5.07,0.23,Mono-usage,37,0.0,1.0,0,1
2016,NonResidential,Small- and Mid-Sized Office,7,MAGNOLIA / QUEEN ANNE,47.65801,-122.3839,1994,1.0,4,30172,0,30172,Office,Office,30172.0,,,,,82.0,904059.875,False,6.3,0.21,Mono-usage,22,0.0,1.0,0,1
2016,Multifamily MR (5-9),Mid-Rise Multifamily,6,BALLARD,47.6677,-122.37717,2008,1.0,6,75638,0,75638,Multifamily Housing,Multifamily Housing,50179.0,,,,,76.0,1568550.75,False,10.93,0.14,Mono-usage,8,0.0,1.0,0,1
2016,Multifamily LR (1-4),Low-Rise Multifamily,6,BALLARD,47.66624,-122.37861,1988,1.0,3,23466,0,23466,"Multifamily Housing, Non-Refrigerated Warehouse, Parking",Multifamily Housing,17945.0,Parking,1320.0,Non-Refrigerated Warehouse,606.0,,442375.8125,False,3.08,0.13,Multi-usages,28,0.0,1.0,1,3
2016,Multifamily MR (5-9),Mid-Rise Multifamily,6,BALLARD,47.66623,-122.37714,1990,1.0,5,30199,0,30199,Multifamily Housing,Multifamily Housing,20540.0,,,,,60.0,782494.3125,False,5.46,0.18,Mono-usage,26,0.0,1.0,0,1
2016,NonResidential,Warehouse,6,BALLARD,47.66353,-122.38064,1927,1.0,4,42500,0,42500,"Non-Refrigerated Warehouse, Retail Store",Non-Refrigerated Warehouse,42500.0,Retail Store,5091.0,,,100.0,241478.5938,False,1.68,0.04,Multi-usages,89,0.0,1.0,1,2
2016,NonResidential,Small- and Mid-Sized Office,6,BALLARD,47.66691,-122.38416,1901,1.0,4,23032,0,23032,"Office, Restaurant, Retail Store",Office,14448.0,Restaurant,5300.0,Retail Store,1460.0,,1121537.75,False,7.82,0.34,Multi-usages,115,0.0,1.0,1,3
2016,Multifamily MR (5-9),Mid-Rise Multifamily,6,BALLARD,47.66741,-122.38349,2008,1.0,6,197368,0,197368,"Multifamily Housing, Parking, Retail Store",Multifamily Housing,144947.0,Parking,43521.0,Retail Store,8900.0,28.0,8287440.5,False,175.3,0.89,Multi-usages,8,0.0,1.0,1,3
2016,NonResidential,Other,6,BALLARD,47.66646,-122.38263,1900,1.0,3,45750,4914,40836,"Other, Parking",Other,42850.0,Parking,2900.0,,,,7240274.0,False,303.81,6.64,Multi-usages,116,0.1074098360655737,0.8925901639344263,1,2
2016,Multifamily LR (1-4),Low-Rise Multifamily,6,BALLARD,47.66613,-122.38149,1911,1.0,4,30200,0,30200,Multifamily Housing,Multifamily Housing,30200.0,,,,,100.0,698367.6875,False,21.69,0.72,Mono-usage,105,0.0,1.0,0,1
2016,NonResidential,Small- and Mid-Sized Office,6,BALLARD,47.66497,-122.38047,1968,1.0,2,23500,0,23500,Office,Office,23500.0,,,,,26.0,1686405.0,False,34.52,1.47,Mono-usage,48,0.0,1.0,0,1
2016,NonResidential,Small- and Mid-Sized Office,6,BALLARD,47.66431,-122.37988,1966,1.0,1,22282,0,22282,Office,Office,22282.0,,,,,93.0,579888.3125,False,16.67,0.75,Mono-usage,50,0.0,1.0,0,1
2016,NonResidential,Self-Storage Facility,6,BALLARD,47.66351,-122.37961,1902,1.0,2,24000,0,24000,Self-Storage Facility,Self-Storage Facility,24000.0,,,,,,502898.6875,False,17.39,0.72,Mono-usage,114,0.0,1.0,0,1
2016,Multifamily LR (1-4),Low-Rise Multifamily,6,BALLARD,47.66624,-122.38062,1964,1.0,4,36000,0,36000,"Multifamily Housing, Parking",Multifamily Housing,32471.0,Parking,3529.0,,,72.0,868859.8125,False,6.06,0.17,Multi-usages,52,0.0,1.0,1,2
2016,NonResidential,Mixed Use Property,6,BALLARD,47.66852,-122.38175,1909,1.0,3,27085,0,27085,"Multifamily Housing, Office, Other, Strip Mall",Strip Mall,9500.0,Office,8196.0,Multifamily Housing,6700.0,,1995131.75,False,60.67,2.24,Multi-usages,107,0.0,1.0,1,4
2016,Multifamily LR (1-4),Low-Rise Multifamily,5,NORTHEAST,47.69639,-122.30507,1979,1.0,4,75154,0,75154,Multifamily Housing,Multifamily Housing,75154.0,,,,,70.0,1930938.0,False,19.7,0.26,Mono-usage,37,0.0,1.0,0,1
2016,Multifamily LR (1-4),Low-Rise Multifamily,5,NORTHWEST,47.69724,-122.34847,1987,1.0,3,24156,0,24156,"Multifamily Housing, Parking",Multifamily Housing,20475.0,Parking,6308.0,,,84.0,520206.6875,False,3.63,0.15,Multi-usages,29,0.0,1.0,1,2
2016,Multifamily LR (1-4),Low-Rise Multifamily,5,North,47.72958,-122.31321,1975,1.0,3,79963,0,79963,"Multifamily Housing, Parking",Multifamily Housing,73187.0,Parking,3248.0,,,13.0,2127534.0,False,14.83,0.19,Multi-usages,41,0.0,1.0,1,2
2016,Multifamily LR (1-4),Low-Rise Multifamily,6,NORTHWEST,47.6992,-122.35582,1994,1.0,3,46439,0,46439,Multifamily Housing,Multifamily Housing,46439.0,,,,,,1427294.375,False,30.49,0.66,Mono-usage,22,0.0,1.0,0,1
2016,Multifamily LR (1-4),Low-Rise Multifamily,5,NORTHWEST,47.72251,-122.3551,1988,1.0,4,57693,0,57693,Multifamily Housing,Multifamily Housing,57693.0,,,,,91.0,1207092.75,False,8.42,0.15,Mono-usage,28,0.0,1.0,0,1
2016,Multifamily LR (1-4),Low-Rise Multifamily,5,NORTHWEST,47.72786,-122.35586,1995,1.0,3,26040,0,26040,Multifamily Housing,Multifamily Housing,26040.0,,,,,39.0,885865.875,False,6.18,0.24,Mono-usage,21,0.0,1.0,0,1
2016,Nonresidential COS,Other,5,NORTH,47.70544,-122.2918,1996,0.0,2,29258,0,29258,"Fitness Center/Health Club/Gym, Other - Recreation, Swimming Pool",Other - Recreation,31991.0,Fitness Center/Health Club/Gym,2648.0,Swimming Pool,0.0,,8086943.5,False,309.14,10.57,Multi-usages,20,0.0,1.0,1,3
2016,NonResidential,Small- and Mid-Sized Office,5,NORTH,47.719,-122.29966,1931,1.0,2,37500,0,37500,Office,Office,37500.0,,,,,58.0,2235765.5,False,44.26,1.18,Mono-usage,85,0.0,1.0,0,1
2016,Multifamily LR (1-4),Low-Rise Multifamily,5,NORTH,47.70647,-122.30126,1990,1.0,3,28392,0,28392,"Multifamily Housing, Parking, Retail Store",Multifamily Housing,21642.0,Parking,11386.0,Retail Store,6750.0,56.0,1212883.75,False,8.46,0.3,Multi-usages,26,0.0,1.0,1,3
2016,NonResidential,K-12 School,5,NORTHWEST,47.73143,-122.32784,1930,1.0,3,23983,0,23983,K-12 School,K-12 School,23983.0,,,,,61.0,1164364.75,False,33.28,1.39,Mono-usage,86,0.0,1.0,0,1
2016,NonResidential,Distribution Center,1,DELRIDGE,47.55832,-122.35239,1980,1.0,1,24100,0,24100,"Distribution Center, Non-Refrigerated Warehouse",Distribution Center,20100.0,Non-Refrigerated Warehouse,3500.0,,,22.0,809870.8125,False,30.49,1.27,Multi-usages,36,0.0,1.0,1,2
2016,NonResidential,Worship Facility,1,SOUTHWEST,47.51709,-122.37797,1971,1.0,1,23772,0,23772,Worship Facility,Worship Facility,23772.0,,,,,100.0,100841.7031,False,0.7,0.03,Mono-usage,45,0.0,1.0,0,1
2016,Multifamily LR (1-4),Low-Rise Multifamily,1,SOUTHWEST,47.54685,-122.37676,1979,1.0,3,24371,0,24371,Multifamily Housing,Multifamily Housing,20319.0,,,,,10.0,781682.5,False,5.45,0.22,Mono-usage,37,0.0,1.0,0,1
2016,NonResidential,K-12 School,4,NORTHEAST,47.66665,-122.31818,2004,3.0,2,31343,0,31343,K-12 School,K-12 School,51515.0,,,,,5.0,3846501.25,False,128.66,4.1,Mono-usage,12,0.0,1.0,0,1
2016,Multifamily LR (1-4),Low-Rise Multifamily,1,SOUTHWEST,47.55667,-122.3874,1980,1.0,4,34142,0,34142,Multifamily Housing,Multifamily Housing,34142.0,,,,,79.0,764832.6875,False,5.33,0.16,Mono-usage,36,0.0,1.0,0,1
2016,Multifamily MR (5-9),Mid-Rise Multifamily,7,MAGNOLIA / QUEEN ANNE,47.62531,-122.36513,1995,1.0,5,32927,415,32512,Multifamily Housing,Multifamily Housing,32927.0,,,,,62.0,1137513.625,False,29.66,0.9,Mono-usage,21,0.0126036383515048,0.9873963616484952,0,1
2016,Multifamily HR (10+),High-Rise Multifamily,7,DOWNTOWN,47.61388,-122.34405,1979,1.0,27,117069,0,117069,"Multifamily Housing, Parking, Retail Store, Swimming Pool",Multifamily Housing,164210.0,Parking,25600.0,Retail Store,6200.0,,5952875.0,False,45.6,0.39,Multi-usages,37,0.0,1.0,1,4
2016,Multifamily MR (5-9),Mid-Rise Multifamily,4,NORTHEAST,47.66206,-122.31924,1996,1.0,6,30713,0,30713,"Multifamily Housing, Office",Multifamily Housing,21454.0,Office,4139.0,,,,783651.5,False,18.11,0.59,Multi-usages,20,0.0,1.0,1,2
2016,Multifamily MR (5-9),Mid-Rise Multifamily,6,NORTHWEST,47.67946,-122.32427,2003,1.0,6,125774,0,125774,"Food Sales, Food Service, Medical Office, Multifamily Housing, Other",Multifamily Housing,79586.0,Other,12051.0,Food Sales,3764.0,,2735056.0,False,30.13,0.24,Multi-usages,13,0.0,1.0,1,5
2016,NonResidential,Mixed Use Property,6,NORTHWEST,47.68582,-122.33709,1996,1.0,3,55912,22850,33062,"Office, Parking, Retail Store",Parking,24052.0,Office,23501.0,Retail Store,9561.0,,2450442.75,False,17.08,0.31,Multi-usages,20,0.4086779224495636,0.5913220775504364,1,3
2016,NonResidential,Other,7,MAGNOLIA / QUEEN ANNE,47.65843,-122.38435,1957,1.0,2,20294,0,20294,"Office, Other",Other,18000.0,Office,2294.0,,,,1735995.75,False,67.45,3.32,Multi-usages,59,0.0,1.0,1,2
2016,NonResidential,Small- and Mid-Sized Office,7,MAGNOLIA / QUEEN ANNE,47.65708,-122.38383,1983,1.0,4,40571,10849,29722,Office,Office,24008.0,,,,,64.0,1286817.375,False,8.97,0.22,Mono-usage,33,0.2674077543072638,0.7325922456927362,0,1
2016,NonResidential,Small- and Mid-Sized Office,7,MAGNOLIA / QUEEN ANNE,47.65649,-122.38383,1983,1.0,4,41707,15659,26048,"Office, Parking",Office,41707.0,Parking,12000.0,,,78.0,1755788.5,False,12.24,0.29,Multi-usages,33,0.3754525619200614,0.6245474380799386,1,2
2016,NonResidential,Mixed Use Property,7,MAGNOLIA / QUEEN ANNE,47.65118,-122.37875,1960,1.0,2,57644,0,57644,"Non-Refrigerated Warehouse, Office, Other - Services",Office,20176.0,Other - Services,19440.0,Non-Refrigerated Warehouse,15490.0,,2189735.0,False,42.87,0.74,Multi-usages,56,0.0,1.0,1,3
2016,NonResidential,Warehouse,7,MAGNOLIA / QUEEN ANNE,47.64913,-122.37929,1955,1.0,2,39497,0,39497,"Non-Refrigerated Warehouse, Office",Non-Refrigerated Warehouse,25547.0,Office,13950.0,,,9.0,1700057.375,False,28.28,0.72,Multi-usages,61,0.0,1.0,1,2
2016,Multifamily LR (1-4),Low-Rise Multifamily,7,MAGNOLIA / QUEEN ANNE,47.64393,-122.38313,2001,1.0,3,69881,0,69881,Multifamily Housing,Multifamily Housing,69881.0,,,,,88.0,1544146.625,False,25.12,0.36,Mono-usage,15,0.0,1.0,0,1
2016,Multifamily MR (5-9),Mid-Rise Multifamily,7,MAGNOLIA / QUEEN ANNE,47.64271,-122.3755,1991,1.0,5,38255,18278,19977,"Multifamily Housing, Office, Parking",Multifamily Housing,39141.0,Parking,18278.0,Office,5047.0,99.0,934980.875,False,6.52,0.17,Multi-usages,25,0.47779375245066,0.52220624754934,1,3
2016,Multifamily LR (1-4),Low-Rise Multifamily,7,MAGNOLIA / QUEEN ANNE,47.64104,-122.37539,1963,1.0,3,21094,0,21094,Multifamily Housing,Multifamily Housing,21094.0,,,,,78.0,584575.625,False,4.08,0.19,Mono-usage,53,0.0,1.0,0,1
2016,Multifamily MR (5-9),Mid-Rise Multifamily,7,MAGNOLIA / QUEEN ANNE,47.64274,-122.38516,1988,1.0,7,28799,0,28799,"Multifamily Housing, Parking",Multifamily Housing,22694.0,Parking,6105.0,,,89.0,720516.125,False,5.02,0.17,Multi-usages,28,0.0,1.0,1,2
2016,Multifamily LR (1-4),Low-Rise Multifamily,5,NORTHWEST,47.7012,-122.35506,1992,1.0,4,34813,0,34813,"Multifamily Housing, Parking",Multifamily Housing,27892.0,Parking,6964.0,,,83.0,867456.875,False,6.05,0.17,Multi-usages,24,0.0,1.0,1,2
2016,Multifamily LR (1-4),Low-Rise Multifamily,3,EAST,47.62037,-122.32768,1961,1.0,4,23727,0,23727,Multifamily Housing,Multifamily Housing,23727.0,,,,,57.0,800626.6875,False,5.58,0.24,Mono-usage,55,0.0,1.0,0,1
2016,Multifamily LR (1-4),Low-Rise Multifamily,3,EAST,47.62037,-122.32705,1959,1.0,4,22992,0,22992,Multifamily Housing,Multifamily Housing,22992.0,,,,,44.0,719272.875,False,5.01,0.22,Mono-usage,57,0.0,1.0,0,1
2016,Multifamily LR (1-4),Low-Rise Multifamily,3,EAST,47.62017,-122.3272,1958,1.0,3,27852,0,27852,Multifamily Housing,Multifamily Housing,27852.0,,,,,82.0,824320.1875,False,5.75,0.21,Mono-usage,58,0.0,1.0,0,1
2016,Multifamily LR (1-4),Low-Rise Multifamily,3,EAST,47.61967,-122.327,1906,1.0,3,24560,0,24560,Multifamily Housing,Multifamily Housing,20235.0,,,,,23.0,768755.125,False,19.23,0.78,Mono-usage,110,0.0,1.0,0,1
2016,Nonresidential COS,Other,3,EAST,47.6303,-122.3142,1932,1.0,1,33087,0,33087,Other - Entertainment/Public Assembly,Other - Entertainment/Public Assembly,53776.0,,,,,,3548858.25,False,121.9,3.68,Mono-usage,84,0.0,1.0,0,1
2016,Multifamily LR (1-4),Low-Rise Multifamily,7,LAKE UNION,47.62463,-122.32953,1908,1.0,3,29970,0,29970,Multifamily Housing,Multifamily Housing,29970.0,,,,,100.0,594139.125,False,30.34,1.01,Mono-usage,108,0.0,1.0,0,1
2016,Multifamily LR (1-4),Low-Rise Multifamily,5,North,47.7099,-122.32705,1951,1.0,2,143498,0,143498,Multifamily Housing,Multifamily Housing,143498.0,,,,,99.0,7405070.0,False,375.56,2.62,Mono-usage,65,0.0,1.0,0,1
2016,NonResidential,Small- and Mid-Sized Office,5,NORTHWEST,47.70793,-122.33316,1982,1.0,2,27574,0,27574,Office,Office,27574.0,,,,,73.0,1211349.25,False,8.44,0.31,Mono-usage,34,0.0,1.0,0,1
2016,Multifamily LR (1-4),Low-Rise Multifamily,5,NORTHWEST,47.70549,-122.3336,1968,1.0,4,227233,0,227233,Multifamily Housing,Multifamily Housing,235590.0,,,,,84.0,5176196.5,False,36.09,0.16,Mono-usage,48,0.0,1.0,0,1
2016,Multifamily LR (1-4),Low-Rise Multifamily,5,NORTHWEST,47.70552,-122.33074,1986,1.0,4,123841,0,123841,Multifamily Housing,Multifamily Housing,81462.0,,,,,65.0,2733003.75,False,31.04,0.25,Mono-usage,30,0.0,1.0,0,1
2016,Multifamily LR (1-4),Low-Rise Multifamily,5,North,47.71095,-122.3217,1977,1.0,3,24288,0,24288,Multifamily Housing,Multifamily Housing,24288.0,,,,,75.0,599591.625,False,4.18,0.17,Mono-usage,39,0.0,1.0,0,1
2016,NonResidential,Retail Store,5,NORTH,47.70747,-122.32249,1965,1.0,1,24982,0,24982,Retail Store,Retail Store,24982.0,,,,,99.0,335245.0,True,2.34,0.09,Mono-usage,51,0.0,1.0,0,1
2016,Multifamily LR (1-4),Low-Rise Multifamily,5,North,47.7112,-122.32703,1987,1.0,3,112424,0,112424,"Multifamily Housing, Parking",Multifamily Housing,82706.0,Parking,1500.0,,,90.0,2455923.5,False,17.12,0.15,Multi-usages,29,0.0,1.0,1,2
2016,NonResidential,Senior Care Community,5,North,47.71069,-122.32674,1998,1.0,5,43661,0,43661,"Parking, Senior Care Community",Senior Care Community,43661.0,Parking,0.0,,,4.0,3936421.5,False,82.57,1.89,Multi-usages,18,0.0,1.0,1,2
2016,Multifamily LR (1-4),Senior Care Community,5,North,47.70973,-122.32269,1992,1.0,4,94711,0,94711,Senior Care Community,Senior Care Community,94717.0,,,,,36.0,4567879.0,False,101.76,1.07,Mono-usage,24,0.0,1.0,0,1
2016,Multifamily LR (1-4),Low-Rise Multifamily,5,NORTH,47.70776,-122.32015,1986,1.0,4,56996,0,56996,"Multifamily Housing, Parking",Multifamily Housing,41685.0,Parking,10504.0,,,56.0,1364214.75,False,9.51,0.17,Multi-usages,30,0.0,1.0,1,2
2016,Multifamily LR (1-4),Low-Rise Multifamily,5,North,47.71894,-122.31769,1963,1.0,3,79014,0,79014,"Multifamily Housing, Parking",Multifamily Housing,81722.0,Parking,0.0,,,70.0,2278160.0,False,15.88,0.2,Multi-usages,53,0.0,1.0,1,2
2016,Multifamily MR (5-9),Senior Care Community,5,North,47.70939,-122.32178,1992,1.0,5,21620,0,21620,"Office, Senior Care Community",Senior Care Community,22000.0,Office,2400.0,,,,1962351.25,False,66.93,3.1,Multi-usages,24,0.0,1.0,1,2
2016,NonResidential,Small- and Mid-Sized Office,5,NORTHWEST,47.70842,-122.3332,1987,1.0,3,76105,27307,48798,Office,Office,76105.0,,,,,91.0,2472350.25,False,17.24,0.23,Mono-usage,29,0.3588069115038433,0.6411930884961566,0,1
2016,Multifamily LR (1-4),Low-Rise Multifamily,5,North,47.7166,-122.31702,1989,1.0,3,21422,0,21422,Multifamily Housing,Multifamily Housing,21422.0,,,,,75.0,610744.6875,False,4.26,0.2,Mono-usage,27,0.0,1.0,0,1
2016,Multifamily LR (1-4),Low-Rise Multifamily,4,LAKE UNION,47.63958,-122.3275,1928,1.0,3,20384,0,20384,Multifamily Housing,Multifamily Housing,20384.0,,,,,100.0,653175.8125,False,26.31,1.29,Mono-usage,88,0.0,1.0,0,1
2016,Multifamily LR (1-4),Low-Rise Multifamily,4,LAKE UNION,47.63935,-122.32497,1977,1.0,3,20383,0,20383,"Multifamily Housing, Parking",Multifamily Housing,20383.0,Parking,768.0,,,,431815.6875,False,3.01,0.15,Multi-usages,39,0.0,1.0,1,2
2016,Multifamily LR (1-4),Low-Rise Multifamily,5,North,47.71095,-122.321,1976,1.0,3,24288,0,24288,Multifamily Housing,Multifamily Housing,24288.0,,,,,67.0,639407.375,False,4.46,0.18,Mono-usage,40,0.0,1.0,0,1
2016,NonResidential,Mixed Use Property,5,North,47.70983,-122.31865,1952,1.0,2,32009,0,32009,"Non-Refrigerated Warehouse, Office, Retail Store",Non-Refrigerated Warehouse,17500.0,Retail Store,15770.0,Office,4000.0,,1998725.25,False,44.28,1.38,Multi-usages,64,0.0,1.0,1,3
2016,Multifamily LR (1-4),Low-Rise Multifamily,5,North,47.71054,-122.32101,1979,1.0,3,24552,0,24552,Multifamily Housing,Multifamily Housing,24552.0,,,,,46.0,705262.125,False,4.92,0.2,Mono-usage,37,0.0,1.0,0,1
2016,Multifamily MR (5-9),Mid-Rise Multifamily,5,North,47.71025,-122.3202,1970,1.0,7,88340,0,88340,Multifamily Housing,Multifamily Housing,88340.0,,,,,63.0,3600897.25,False,63.45,0.72,Mono-usage,46,0.0,1.0,0,1
2016,NonResidential,Retail Store,5,NORTH,47.70708,-122.32251,1966,1.0,1,41615,0,41615,Retail Store,Retail Store,41615.0,,,,,69.0,1900006.25,True,13.25,0.32,Mono-usage,50,0.0,1.0,0,1
2016,NonResidential,Medical Office,5,NORTH,47.70676,-122.32264,1988,1.0,3,28841,0,28841,Medical Office,Medical Office,28841.0,,,,,55.0,1459199.75,False,33.42,1.16,Mono-usage,28,0.0,1.0,0,1
2016,NonResidential,Self-Storage Facility,5,NORTH,47.70782,-122.31873,1977,2.0,2,33344,0,33344,"Office, Parking, Self-Storage Facility",Self-Storage Facility,31360.0,Office,984.0,Parking,0.0,,123767.2031,False,0.86,0.03,Multi-usages,39,0.0,1.0,1,3
2016,Nonresidential COS,Other,5,NORTH,47.70541,-122.32232,2005,2.0,1,30498,0,30498,Other - Recreation,Other - Recreation,30498.0,,,,,,2436063.0,False,80.19,2.63,Mono-usage,11,0.0,1.0,0,1
2016,Multifamily MR (5-9),Senior Care Community,5,North,47.70978,-122.32156,1972,1.0,8,124904,0,124904,Senior Care Community,Senior Care Community,124848.0,,,,,15.0,6682175.0,False,135.11,1.08,Mono-usage,44,0.0,1.0,0,1
2016,Multifamily LR (1-4),Low-Rise Multifamily,5,North,47.71625,-122.31769,1989,1.0,4,44645,0,44645,"Multifamily Housing, Parking",Multifamily Housing,37588.0,Parking,7057.0,,,55.0,1299001.625,False,9.06,0.2,Multi-usages,27,0.0,1.0,1,2
2016,Multifamily LR (1-4),Mixed Use Property,7,DOWNTOWN,47.61181,-122.34417,1901,1.0,3,44104,0,44104,"Multifamily Housing, Office, Retail Store",Multifamily Housing,21000.0,Office,11100.0,Retail Store,11100.0,,1169932.75,False,8.16,0.19,Multi-usages,115,0.0,1.0,1,3
2016,Multifamily LR (1-4),Low-Rise Multifamily,1,SOUTHWEST,47.57749,-122.40901,1988,1.0,4,24711,0,24711,Multifamily Housing,Multifamily Housing,24711.0,,,,,81.0,552822.125,False,3.85,0.16,Mono-usage,28,0.0,1.0,0,1
2016,NonResidential,K-12 School,1,DELRIDGE,47.51698,-122.35946,1924,1.0,2,42975,0,42975,K-12 School,K-12 School,21405.0,,,,,92.0,959352.0,False,42.96,1.0,Mono-usage,92,0.0,1.0,0,1
2016,Multifamily LR (1-4),Low-Rise Multifamily,5,NORTHWEST,47.71391,-122.35512,1974,1.0,3,21552,0,21552,Multifamily Housing,Multifamily Housing,21552.0,,,,,58.0,552015.625,False,3.85,0.18,Mono-usage,42,0.0,1.0,0,1
2016,NonResidential,Other,1,DELRIDGE,47.53366,-122.33733,1963,1.0,1,23260,0,23260,"Office, Repair Services (Vehicle, Shoe, Locksmith, etc)","Repair Services (Vehicle, Shoe, Locksmith, etc)",13075.0,Office,10185.0,,,,1612105.75,False,52.41,2.25,Multi-usages,53,0.0,1.0,1,5
2016,Multifamily LR (1-4),Low-Rise Multifamily,1,DELRIDGE,47.53212,-122.34509,1988,1.0,3,298714,0,298714,"Multifamily Housing, Other",Multifamily Housing,142989.0,Other,3155.0,,,61.0,4746244.5,False,39.57,0.13,Multi-usages,28,0.0,1.0,1,2
2016,NonResidential,Small- and Mid-Sized Office,1,DELRIDGE,47.53309,-122.33977,1988,1.0,2,30659,0,30659,"Data Center, Non-Refrigerated Warehouse, Office",Office,27262.0,Non-Refrigerated Warehouse,8653.0,Data Center,285.0,88.0,2619088.5,False,55.85,1.82,Multi-usages,28,0.0,1.0,1,3
2016,NonResidential,Other,7,MAGNOLIA / QUEEN ANNE,47.63132,-122.34136,1920,1.0,2,27144,0,27144,Other,Other,27144.0,,,,,,1012024.313,False,32.58,1.2,Mono-usage,96,0.0,1.0,0,1
2016,NonResidential,Other,5,NORTHWEST,47.70969,-122.34557,1970,5.0,1,23166,0,23166,Other,Other,23166.0,,,,,,3475804.25,False,184.6,7.97,Mono-usage,46,0.0,1.0,0,1
2016,NonResidential,Medical Office,5,NORTHWEST,47.70558,-122.33486,1979,1.0,2,34759,0,34759,"Medical Office, Parking",Medical Office,44667.0,Parking,0.0,,,81.0,1633105.375,False,11.39,0.33,Multi-usages,37,0.0,1.0,1,2
2016,NonResidential,Hospital,5,NORTHWEST,47.71425,-122.33689,1966,8.0,1,415632,0,415632,"Hospital (General Medical & Surgical), Parking",Hospital (General Medical & Surgical),483520.0,Parking,266833.0,,,85.0,98960776.0,False,3278.11,7.89,Multi-usages,50,0.0,1.0,1,2
2016,Multifamily LR (1-4),Low-Rise Multifamily,5,NORTHWEST,47.71244,-122.34181,1999,1.0,3,29810,0,29810,"Multifamily Housing, Office, Parking",Multifamily Housing,37296.0,Office,40.0,Parking,0.0,,1943933.625,False,13.55,0.45,Multi-usages,17,0.0,1.0,1,3
2016,Multifamily LR (1-4),Low-Rise Multifamily,5,NORTHWEST,47.72659,-122.3306,1968,1.0,3,24163,0,24163,Multifamily Housing,Multifamily Housing,24052.0,,,,,84.0,567608.625,False,3.96,0.16,Mono-usage,48,0.0,1.0,0,1
2016,NonResidential,Worship Facility,5,NORTHWEST,47.71745,-122.33221,1965,1.0,2,44719,0,44719,"Medical Office, Office, Worship Facility",Worship Facility,45909.0,Medical Office,1025.0,Office,972.0,,1614026.25,False,53.21,1.19,Multi-usages,51,0.0,1.0,1,3
2016,Multifamily LR (1-4),Low-Rise Multifamily,3,Central,47.61866,-122.30572,1972,1.0,3,20368,0,20368,Multifamily Housing,Multifamily Housing,20368.0,,,,,32.0,586848.1875,False,4.09,0.2,Mono-usage,44,0.0,1.0,0,1
2016,Multifamily LR (1-4),Low-Rise Multifamily,3,Central,47.61824,-122.30588,1927,1.0,3,22059,0,22059,Multifamily Housing,Multifamily Housing,22059.0,,,,,57.0,1747034.0,False,78.29,3.55,Mono-usage,89,0.0,1.0,0,1
2016,NonResidential,Supermarket / Grocery Store,2,GREATER DUWAMISH,47.57894,-122.31287,1965,1.0,1,21603,0,21603,Supermarket/Grocery Store,Supermarket/Grocery Store,21603.0,,,,,16.0,5833800.0,False,129.89,6.01,Mono-usage,51,0.0,1.0,0,1
2016,Multifamily HR (10+),High-Rise Multifamily,7,MAGNOLIA / QUEEN ANNE,47.62393,-122.36362,1963,1.0,11,65538,0,65538,Multifamily Housing,Multifamily Housing,65538.0,,,,,32.0,2493240.25,False,22.29,0.34,Mono-usage,53,0.0,1.0,0,1
2016,Multifamily HR (10+),High-Rise Multifamily,7,DOWNTOWN,47.61612,-122.34973,1980,1.0,18,125258,0,125258,"Multifamily Housing, Office, Swimming Pool",Multifamily Housing,112950.0,Office,8636.0,Swimming Pool,0.0,67.0,4826430.0,False,117.79,0.94,Multi-usages,36,0.0,1.0,1,3
2016,Multifamily LR (1-4),Low-Rise Multifamily,1,SOUTHWEST,47.59098,-122.38256,2000,1.0,3,26148,0,26148,Multifamily Housing,Multifamily Housing,26148.0,,,,,,1002458.875,False,18.72,0.72,Mono-usage,16,0.0,1.0,0,1
2016,Multifamily LR (1-4),Low-Rise Multifamily,6,LAKE UNION,47.66094,-122.35583,1988,1.0,4,24847,0,24847,Multifamily Housing,Multifamily Housing,24847.0,,,,,72.0,647321.5,False,4.51,0.18,Mono-usage,28,0.0,1.0,0,1
2016,Multifamily LR (1-4),Low-Rise Multifamily,1,SOUTHWEST,47.58869,-122.38083,1985,1.0,4,26827,0,26827,Multifamily Housing,Multifamily Housing,22356.0,,,,,,785144.8125,False,5.47,0.2,Mono-usage,31,0.0,1.0,0,1
2016,Multifamily MR (5-9),Mid-Rise Multifamily,1,SOUTHWEST,47.58729,-122.3792,1973,2.0,5,63414,6181,57233,Multifamily Housing,Multifamily Housing,63414.0,,,,,10.0,2299216.0,False,44.6,0.7,Mono-usage,43,0.0974705900905162,0.9025294099094836,0,1
2016,Multifamily MR (5-9),Mid-Rise Multifamily,1,SOUTHWEST,47.57313,-122.37115,2000,1.0,6,68400,0,68400,Multifamily Housing,Multifamily Housing,68400.0,,,,,85.0,1167734.75,False,8.14,0.12,Mono-usage,16,0.0,1.0,0,1
2016,Multifamily LR (1-4),Low-Rise Multifamily,4,LAKE UNION,47.64384,-122.32588,1986,1.0,4,25440,7600,17840,"Multifamily Housing, Parking",Multifamily Housing,21200.0,Parking,7600.0,,,83.0,623526.625,False,4.35,0.17,Multi-usages,30,0.2987421383647798,0.7012578616352201,1,2
2016,Multifamily LR (1-4),Low-Rise Multifamily,3,CENTRAL,47.60001,-122.28562,1986,1.0,3,33331,0,33331,"Multifamily Housing, Parking",Multifamily Housing,27791.0,Parking,5540.0,,,,776996.875,False,5.42,0.16,Multi-usages,30,0.0,1.0,1,2
2016,Multifamily LR (1-4),Low-Rise Multifamily,1,SOUTHWEST,47.57054,-122.41178,1968,1.0,3,68815,0,68815,Multifamily Housing,Multifamily Housing,68815.0,,,,,64.0,1702992.0,False,11.87,0.17,Mono-usage,48,0.0,1.0,0,1
2016,Multifamily MR (5-9),Mid-Rise Multifamily,1,SOUTHWEST,47.59431,-122.38462,1994,1.0,6,31027,0,31027,Multifamily Housing,Multifamily Housing,33500.0,,,,,,991759.125,False,14.81,0.48,Mono-usage,22,0.0,1.0,0,1
2016,NonResidential,Medical Office,3,EAST,47.62014,-122.31228,1964,1.0,3,591981,0,591981,"Medical Office, Other/Specialty Hospital, Outpatient Rehabilitation/Physical Therapy, Parking",Medical Office,520187.0,Parking,282392.0,Other/Specialty Hospital,54159.0,60.0,102673696.0,False,3238.24,5.47,Multi-usages,52,0.0,1.0,1,4
2016,NonResidential,Distribution Center,1,DELRIDGE,47.53158,-122.33568,1979,1.0,1,42900,0,42900,Distribution Center,Distribution Center,43050.0,,,,,53.0,436252.5,False,3.04,0.07,Mono-usage,37,0.0,1.0,0,1
2016,Campus,Other,1,DELRIDGE,47.51885,-122.33421,2005,5.0,1,57952,0,57952,Adult Education,Adult Education,57952.0,,,,,,3091387.5,False,96.15,1.66,Mono-usage,11,0.0,1.0,0,1
2016,NonResidential,Other,1,DELRIDGE,47.52956,-122.33592,1971,1.0,1,26232,0,26232,"Office, Other - Services",Other - Services,18262.0,Office,7970.0,,,,3094090.0,False,122.71,4.68,Multi-usages,45,0.0,1.0,1,2
2016,Multifamily MR (5-9),Mid-Rise Multifamily,1,DELRIDGE,47.52119,-122.33548,2010,1.0,6,435501,0,435501,"Multifamily Housing, Office, Other, Parking",Multifamily Housing,338660.0,Parking,39820.0,Office,25747.0,94.0,13223740.0,False,305.05,0.7,Multi-usages,6,0.0,1.0,1,4
2016,Multifamily LR (1-4),Low-Rise Multifamily,6,NORTHWEST,47.68114,-122.32616,1972,1.0,4,25472,3000,22472,Multifamily Housing,Multifamily Housing,20842.0,,,,,,364966.9063,False,2.54,0.1,Mono-usage,44,0.1177763819095477,0.8822236180904522,0,1
2016,Multifamily LR (1-4),Low-Rise Multifamily,6,NORTHWEST,47.68572,-122.33639,1978,1.0,4,28918,0,28918,Multifamily Housing,Multifamily Housing,28918.0,,,,,,756337.8125,False,6.31,0.22,Mono-usage,38,0.0,1.0,0,1
2016,Multifamily LR (1-4),Low-Rise Multifamily,6,NORTHWEST,47.6805,-122.35489,1990,1.0,4,43035,0,43035,"Multifamily Housing, Parking",Multifamily Housing,28543.0,Parking,10807.0,,,77.0,831855.875,False,5.8,0.13,Multi-usages,26,0.0,1.0,1,2
2016,NonResidential,Warehouse,3,DOWNTOWN,47.59783,-122.31554,1956,1.0,2,25840,0,25840,Non-Refrigerated Warehouse,Non-Refrigerated Warehouse,25840.0,,,,,92.0,313528.0938,False,2.19,0.08,Mono-usage,60,0.0,1.0,0,1
2016,NonResidential,Small- and Mid-Sized Office,2,DOWNTOWN,47.59721,-122.31838,1988,1.0,1,45145,0,45145,Office,Office,43813.0,,,,,,1268459.0,False,43.63,0.97,Mono-usage,28,0.0,1.0,0,1
2016,Multifamily MR (5-9),Mid-Rise Multifamily,2,DOWNTOWN,47.59718,-122.31895,1988,1.0,6,68669,0,68669,Multifamily Housing,Multifamily Housing,68669.0,,,,,81.0,1734822.375,False,12.09,0.18,Mono-usage,28,0.0,1.0,0,1
2016,NonResidential,Small- and Mid-Sized Office,3,DOWNTOWN,47.59728,-122.31587,2001,1.0,5,70332,22095,48237,"Office, Parking",Office,44417.0,Parking,25915.0,,,89.0,1981115.25,False,19.12,0.27,Multi-usages,15,0.3141528749360177,0.6858471250639823,1,2
2016,Multifamily LR (1-4),Low-Rise Multifamily,2,GREATER DUWAMISH,47.58826,-122.31689,1992,1.0,3,24192,0,24192,Multifamily Housing,Multifamily Housing,24192.0,,,,,,501553.3125,False,3.5,0.14,Mono-usage,24,0.0,1.0,0,1
2016,Multifamily MR (5-9),Mid-Rise Multifamily,7,EAST,47.61233,-122.32895,1965,1.0,5,44616,0,44616,Multifamily Housing,Multifamily Housing,44616.0,,,,,62.0,1612167.25,False,11.24,0.25,Mono-usage,51,0.0,1.0,0,1
2016,Multifamily LR (1-4),Low-Rise Multifamily,5,North,47.71103,-122.32479,1978,1.0,3,135955,0,135955,"Multifamily Housing, Parking",Multifamily Housing,143098.0,Parking,0.0,,,61.0,4027134.75,False,50.55,0.37,Multi-usages,38,0.0,1.0,1,2
2016,Multifamily LR (1-4),Low-Rise Multifamily,4,LAKE UNION,47.64778,-122.33668,2005,1.0,4,66013,0,66013,"Multifamily Housing, Parking",Multifamily Housing,48550.0,Parking,12032.0,,,36.0,1750362.25,False,12.2,0.18,Multi-usages,11,0.0,1.0,1,2
2016,Multifamily MR (5-9),Mid-Rise Multifamily,7,MAGNOLIA / QUEEN ANNE,47.63283,-122.34616,1960,1.0,5,21822,0,21822,Multifamily Housing,Multifamily Housing,21822.0,,,,,55.0,721983.5,False,5.03,0.23,Mono-usage,56,0.0,1.0,0,1
2016,Multifamily LR (1-4),Mid-Rise Multifamily,7,MAGNOLIA / QUEEN ANNE,47.63435,-122.34671,1969,1.0,5,30569,0,30569,Multifamily Housing,Multifamily Housing,30921.0,,,,,1.0,6834431.0,False,54.25,1.77,Mono-usage,47,0.0,1.0,0,1
2016,Multifamily LR (1-4),Low-Rise Multifamily,7,MAGNOLIA / QUEEN ANNE,47.63115,-122.34591,1978,1.0,4,34590,0,34590,Multifamily Housing,Multifamily Housing,34590.0,,,,,67.0,659652.625,False,4.6,0.13,Mono-usage,38,0.0,1.0,0,1
2016,Multifamily LR (1-4),Low-Rise Multifamily,6,Northwest,47.66857,-122.33325,2000,1.0,3,37964,0,37964,Multifamily Housing,Multifamily Housing,37964.0,,,,,18.0,1162493.625,False,8.1,0.21,Mono-usage,16,0.0,1.0,0,1
2016,Multifamily LR (1-4),Low-Rise Multifamily,3,EAST,47.60466,-122.32272,1907,1.0,3,22402,0,22402,Multifamily Housing,Multifamily Housing,22402.0,,,,,64.0,686757.875,False,7.09,0.32,Mono-usage,109,0.0,1.0,0,1
2016,Multifamily MR (5-9),Mid-Rise Multifamily,7,EAST,47.60728,-122.32808,2008,1.0,7,97490,0,97490,"Multifamily Housing, Office, Parking, Retail Store",Multifamily Housing,61082.0,Parking,27493.0,Retail Store,8615.0,,2823792.25,False,67.24,0.69,Multi-usages,8,0.0,1.0,1,4
2016,Multifamily MR (5-9),Mid-Rise Multifamily,3,EAST,47.60601,-122.32756,1911,1.0,5,30985,0,30985,"Multifamily Housing, Parking",Multifamily Housing,31841.0,Parking,0.0,,,81.0,1162120.375,False,8.1,0.26,Multi-usages,105,0.0,1.0,1,2
2016,Multifamily LR (1-4),Low-Rise Multifamily,3,EAST,47.60502,-122.32705,1991,1.0,4,109874,0,109874,"Multifamily Housing, Parking",Multifamily Housing,71226.0,Parking,38648.0,,,60.0,3432655.0,False,76.67,0.7,Multi-usages,25,0.0,1.0,1,2
2016,Multifamily LR (1-4),Low-Rise Multifamily,5,NORTH,47.72077,-122.29833,1999,1.0,4,37692,0,37692,Multifamily Housing,Multifamily Housing,23986.0,,,,,81.0,648879.3125,False,4.52,0.12,Mono-usage,17,0.0,1.0,0,1
2016,Multifamily LR (1-4),Low-Rise Multifamily,5,NORTH,47.71951,-122.29863,1966,1.0,4,31744,0,31744,Multifamily Housing,Multifamily Housing,31744.0,,,,,70.0,745336.8125,False,5.2,0.16,Mono-usage,50,0.0,1.0,0,1
2016,Multifamily LR (1-4),Low-Rise Multifamily,3,CENTRAL,47.61319,-122.31525,1907,1.0,3,35000,0,35000,Multifamily Housing,Multifamily Housing,35000.0,,,,,41.0,872114.5,False,6.08,0.17,Mono-usage,109,0.0,1.0,0,1
2016,SPS-District K-12,K-12 School,2,GREATER DUWAMISH,47.55813,-122.3189,1971,1.0,1,50546,0,50546,K-12 School,K-12 School,53234.0,,,,,94.0,1155080.5,True,12.15,0.24,Mono-usage,45,0.0,1.0,0,1
2016,Multifamily LR (1-4),Low-Rise Multifamily,7,MAGNOLIA / QUEEN ANNE,47.62572,-122.36081,1930,1.0,4,36837,0,36837,"Multifamily Housing, Parking",Multifamily Housing,36837.0,Parking,0.0,,,30.0,1412424.25,False,44.4,1.21,Multi-usages,86,0.0,1.0,1,2
2016,Multifamily LR (1-4),Low-Rise Multifamily,7,MAGNOLIA / QUEEN ANNE,47.6254,-122.36112,1930,1.0,4,39520,0,39520,Multifamily Housing,Multifamily Housing,39520.0,,,,,68.0,2466700.5,False,109.55,2.77,Mono-usage,86,0.0,1.0,0,1
2016,Multifamily LR (1-4),Low-Rise Multifamily,7,MAGNOLIA / QUEEN ANNE,47.62477,-122.36154,1929,1.0,4,41420,0,41420,Multifamily Housing,Multifamily Housing,41420.0,,,,,63.0,1189942.75,False,32.35,0.78,Mono-usage,87,0.0,1.0,0,1
2016,Multifamily LR (1-4),Low-Rise Multifamily,7,MAGNOLIA / QUEEN ANNE,47.6252,-122.36176,1930,1.0,3,20798,0,20798,Multifamily Housing,Multifamily Housing,20798.0,,,,,89.0,1266387.0,False,60.94,2.93,Mono-usage,86,0.0,1.0,0,1
2016,Multifamily LR (1-4),Low-Rise Multifamily,7,MAGNOLIA / QUEEN ANNE,47.62489,-122.36219,1930,1.0,4,32693,0,32693,"Multifamily Housing, Parking",Multifamily Housing,27035.0,Parking,0.0,,,66.0,1870457.75,False,86.86,2.66,Multi-usages,86,0.0,1.0,1,2
2016,Multifamily LR (1-4),Low-Rise Multifamily,1,SOUTHWEST,47.55801,-122.38651,1958,1.0,3,29811,6258,23553,"Multifamily Housing, Parking",Multifamily Housing,23553.0,Parking,6258.0,,,69.0,721549.625,False,5.03,0.17,Multi-usages,58,0.2099225118244943,0.7900774881755057,1,2
2016,Multifamily MR (5-9),Mid-Rise Multifamily,1,SOUTHWEST,47.55773,-122.38639,1989,1.0,5,22606,0,22606,"Multifamily Housing, Office",Multifamily Housing,19531.0,Office,3075.0,,,,566183.0,False,3.95,0.17,Multi-usages,27,0.0,1.0,1,2
2016,Multifamily LR (1-4),Low-Rise Multifamily,6,BALLARD,47.69041,-122.37759,2001,1.0,3,23381,0,23381,"Multifamily Housing, Parking",Multifamily Housing,23381.0,Parking,3500.0,,,,420148.1875,False,2.93,0.13,Multi-usages,15,0.0,1.0,1,2
2016,NonResidential,Supermarket / Grocery Store,6,BALLARD,47.6899,-122.37619,1994,1.0,1,45522,0,45522,"Parking, Supermarket/Grocery Store",Supermarket/Grocery Store,45522.0,Parking,0.0,,,22.0,12250422.0,False,326.74,7.18,Multi-usages,22,0.0,1.0,1,2
2016,NonResidential,Retail Store,5,NORTHWEST,47.72286,-122.34612,1979,1.0,2,20088,0,20088,"Office, Parking, Retail Store",Retail Store,16080.0,Office,3500.0,Parking,508.0,,326778.6875,False,2.28,0.11,Multi-usages,37,0.0,1.0,1,3
2016,Multifamily LR (1-4),Low-Rise Multifamily,1,SOUTHWEST,47.57844,-122.41169,1990,1.0,4,27328,0,27328,"Multifamily Housing, Parking, Restaurant",Multifamily Housing,23466.0,Restaurant,3862.0,Parking,3508.0,23.0,1110150.625,False,7.74,0.28,Multi-usages,26,0.0,1.0,1,3
2016,Multifamily MR (5-9),Mid-Rise Multifamily,1,SOUTHWEST,47.5568,-122.38644,2014,1.0,7,72356,0,72356,"Multifamily Housing, Parking",Multifamily Housing,62989.0,Parking,28670.0,,,91.0,2495819.0,False,53.61,0.74,Multi-usages,2,0.0,1.0,1,2
2016,Multifamily LR (1-4),Low-Rise Multifamily,1,SOUTHWEST,47.55231,-122.38753,1969,1.0,3,24180,0,24180,Multifamily Housing,Multifamily Housing,24180.0,,,,,64.0,540323.3125,False,3.77,0.16,Mono-usage,47,0.0,1.0,0,1
2016,Multifamily LR (1-4),Low-Rise Multifamily,1,SOUTHWEST,47.55122,-122.3877,1980,1.0,4,23932,0,23932,Multifamily Housing,Multifamily Housing,23932.0,,,,,,654625.5,False,4.56,0.19,Mono-usage,36,0.0,1.0,0,1
2016,Campus,Other,1,GREATER DUWAMISH,47.57049,-122.34857,1989,5.0,2,138907,0,138907,Other,Other,139557.0,,,,,,7837692.5,False,179.55,1.29,Mono-usage,27,0.0,1.0,0,1
2016,NonResidential,Small- and Mid-Sized Office,1,GREATER DUWAMISH,47.56999,-122.34703,1997,1.0,2,40657,0,40657,"Office, Parking",Office,40657.0,Parking,0.0,,,57.0,2826828.0,False,23.6,0.58,Multi-usages,19,0.0,1.0,1,2
2016,NonResidential,Warehouse,1,GREATER DUWAMISH,47.57279,-122.35066,1900,1.0,1,20200,0,20200,"Non-Refrigerated Warehouse, Office",Non-Refrigerated Warehouse,18700.0,Office,1500.0,,,,269016.6875,False,2.25,0.11,Multi-usages,116,0.0,1.0,1,2
2016,Multifamily HR (10+),High-Rise Multifamily,3,EAST,47.60492,-122.32532,1967,1.0,17,212938,0,212938,"Multifamily Housing, Other/Specialty Hospital",Multifamily Housing,199136.0,Other/Specialty Hospital,13802.0,,,81.0,10769230.0,False,349.55,1.64,Multi-usages,49,0.0,1.0,1,2
2016,Multifamily LR (1-4),Low-Rise Multifamily,3,EAST,47.60523,-122.3249,1930,1.0,3,32688,0,32688,"Multifamily Housing, Parking",Multifamily Housing,29370.0,Parking,3318.0,,,74.0,1721727.25,False,78.42,2.4,Multi-usages,86,0.0,1.0,1,2
2016,Multifamily LR (1-4),Low-Rise Multifamily,3,EAST,47.60538,-122.3257,1948,1.0,3,50145,0,50145,"Multifamily Housing, Parking",Multifamily Housing,46445.0,Parking,3700.0,,,66.0,2944680.75,False,128.54,2.56,Multi-usages,68,0.0,1.0,1,2
2016,Multifamily HR (10+),High-Rise Multifamily,3,EAST,47.60668,-122.32619,2008,1.0,26,629615,174156,455459,"Multifamily Housing, Parking",Multifamily Housing,629615.0,Parking,121056.0,,,15.0,25970248.0,False,567.6,0.9,Multi-usages,8,0.2766071329304416,0.7233928670695584,1,2
2016,Multifamily LR (1-4),Low-Rise Multifamily,3,EAST,47.60733,-122.32727,1920,1.0,4,24900,0,24900,Multifamily Housing,Multifamily Housing,24900.0,,,,,68.0,1872278.625,False,85.78,3.44,Mono-usage,96,0.0,1.0,0,1
2016,Multifamily LR (1-4),Low-Rise Multifamily,3,EAST,47.60746,-122.32699,1929,1.0,4,25380,0,25380,Multifamily Housing,Multifamily Housing,25380.0,,,,,79.0,1988760.875,False,97.4,3.84,Mono-usage,87,0.0,1.0,0,1
2016,Multifamily MR (5-9),Mid-Rise Multifamily,3,EAST,47.60707,-122.32651,2009,1.0,6,32489,0,32489,Multifamily Housing,Multifamily Housing,20346.0,,,,,18.0,2023858.75,False,48.08,1.48,Mono-usage,7,0.0,1.0,0,1
2016,Multifamily HR (10+),High-Rise Multifamily,7,EAST,47.60759,-122.32814,2006,1.0,17,332781,95356,237425,Multifamily Housing,Multifamily Housing,173204.0,,,,,1.0,13491170.0,False,235.32,0.71,Mono-usage,10,0.2865428014219562,0.7134571985780438,0,1
2016,Multifamily LR (1-4),Low-Rise Multifamily,7,EAST,47.60796,-122.32717,1902,1.0,4,54770,0,54770,"Multifamily Housing, Restaurant, Retail Store",Multifamily Housing,50120.0,Restaurant,3500.0,Retail Store,1150.0,,2960377.25,False,114.33,2.09,Multi-usages,114,0.0,1.0,1,3
2016,Multifamily LR (1-4),Low-Rise Multifamily,7,EAST,47.60771,-122.32717,1906,1.0,4,33872,0,33872,"Multifamily Housing, Parking",Multifamily Housing,26100.0,Parking,1893.0,,,100.0,400354.3125,False,5.81,0.17,Multi-usages,110,0.0,1.0,1,2
2016,NonResidential,Residence Hall,3,EAST,47.6073,-122.32585,1904,1.0,1,44086,0,44086,Residence Hall/Dormitory,Residence Hall/Dormitory,44091.0,,,,,29.0,3652708.75,False,184.0,4.17,Mono-usage,112,0.0,1.0,0,1
2016,NonResidential,Small- and Mid-Sized Office,3,EAST,47.60663,-122.32526,1970,1.0,7,54372,20824,33548,"Office, Parking",Office,54372.0,Parking,15000.0,,,94.0,1403820.0,False,9.79,0.18,Multi-usages,46,0.3829912454940042,0.6170087545059957,1,2
2016,Multifamily LR (1-4),Low-Rise Multifamily,3,EAST,47.60629,-122.32444,1956,1.0,3,24039,0,24039,Multifamily Housing,Multifamily Housing,24039.0,,,,,30.0,831071.3125,False,5.79,0.24,Mono-usage,60,0.0,1.0,0,1
2016,Multifamily MR (5-9),Mid-Rise Multifamily,3,EAST,47.60583,-122.32469,1960,1.0,7,45564,0,45564,Multifamily Housing,Multifamily Housing,45564.0,,,,,53.0,3014332.0,False,132.1,2.9,Mono-usage,56,0.0,1.0,0,1
2016,Multifamily HR (10+),High-Rise Multifamily,3,EAST,47.60445,-122.32171,1967,1.0,11,92183,0,92183,Multifamily Housing,Multifamily Housing,92183.0,,,,,49.0,5104947.0,False,259.77,2.82,Mono-usage,49,0.0,1.0,0,1
2016,Multifamily LR (1-4),Low-Rise Multifamily,3,EAST,47.60522,-122.32274,1925,1.0,4,25316,0,25316,Multifamily Housing,Multifamily Housing,25316.0,,,,,7.0,1515854.875,False,56.7,2.24,Mono-usage,91,0.0,1.0,0,1
2016,Multifamily LR (1-4),Low-Rise Multifamily,3,EAST,47.6051,-122.32149,1957,1.0,3,51098,0,51098,Multifamily Housing,Multifamily Housing,51098.0,,,,,75.0,1859782.625,False,12.97,0.25,Mono-usage,59,0.0,1.0,0,1
2016,Multifamily MR (5-9),Mid-Rise Multifamily,3,EAST,47.60486,-122.32224,1999,1.0,6,57042,0,57042,"Multifamily Housing, Parking",Multifamily Housing,42952.0,Parking,14090.0,,,82.0,1195351.25,False,8.33,0.15,Multi-usages,17,0.0,1.0,1,2
2016,NonResidential,Other,3,EAST,47.60709,-122.32416,1951,1.0,1,47699,0,47699,"Museum, Parking",Museum,47000.0,Parking,0.0,,,,14524386.0,False,712.39,14.94,Multi-usages,65,0.0,1.0,1,2
2016,NonResidential,Medical Office,3,EAST,47.60862,-122.32372,1945,1.0,0,274568,0,274568,"Medical Office, Parking",Medical Office,228133.0,Parking,135954.0,,,52.0,25311526.0,False,1110.07,4.04,Multi-usages,71,0.0,1.0,1,2
2016,NonResidential,Small- and Mid-Sized Office,3,EAST,47.60819,-122.32282,1956,1.0,3,21282,0,21282,Office,Office,19658.0,,,,,69.0,1245923.75,False,62.23,2.92,Mono-usage,60,0.0,1.0,0,1
2016,Multifamily HR (10+),High-Rise Multifamily,3,EAST,47.61056,-122.32525,1982,1.0,17,76855,0,76855,Multifamily Housing,,,,,,,10.0,2718223.0,False,18.95,0.25,Mono-usage,34,0.0,1.0,0,1
2016,NonResidential,Other,2,SOUTHEAST,47.54563,-122.27616,1921,1.0,2,41022,0,41022,Other,Other,41022.0,,,,,,3787648.25,False,26.41,0.64,Mono-usage,95,0.0,1.0,0,1
2016,Multifamily LR (1-4),Low-Rise Multifamily,5,NORTH,47.72742,-122.29525,1982,1.0,4,93087,0,93087,"Multifamily Housing, Parking",Multifamily Housing,59165.0,Parking,14556.0,,,67.0,1967434.5,False,21.55,0.23,Multi-usages,34,0.0,1.0,1,2
2016,Multifamily LR (1-4),Low-Rise Multifamily,5,NORTH,47.72741,-122.29477,1965,1.0,3,86835,0,86835,"Multifamily Housing, Retail Store",Multifamily Housing,52000.0,Retail Store,9300.0,,,55.0,2299535.25,False,30.86,0.36,Multi-usages,51,0.0,1.0,1,2
2016,NonResidential,Other,1,DELRIDGE,47.57058,-122.35626,1966,1.0,2,28109,0,28109,Other,Other,28109.0,,,,,,3612526.75,False,38.39,1.37,Mono-usage,50,0.0,1.0,0,1
2016,Multifamily LR (1-4),Low-Rise Multifamily,5,NORTH,47.72898,-122.2941,1990,3.0,4,128649,0,128649,"Multifamily Housing, Parking",Multifamily Housing,113994.0,Parking,14655.0,,,42.0,3776252.25,False,26.33,0.2,Multi-usages,26,0.0,1.0,1,2
2016,NonResidential,Small- and Mid-Sized Office,5,NORTH,47.72986,-122.29278,1985,1.0,3,33580,12990,20590,"Office, Parking",Office,20590.0,Parking,12990.0,,,100.0,409578.4063,False,2.86,0.09,Multi-usages,31,0.3868374032162001,0.6131625967837999,1,2
2016,Multifamily MR (5-9),Senior Care Community,5,NORTH,47.72892,-122.29183,2010,1.0,7,165914,41141,124773,"Parking, Senior Care Community",Senior Care Community,124773.0,Parking,41141.0,,,100.0,4217623.0,False,99.39,0.6,Multi-usages,6,0.2479658136142821,0.752034186385718,1,2
2016,Multifamily LR (1-4),Low-Rise Multifamily,5,NORTH,47.72241,-122.29669,2001,1.0,4,21388,0,21388,"Multifamily Housing, Parking, Retail Store",Multifamily Housing,16386.0,Parking,4180.0,Retail Store,822.0,,530700.125,False,3.7,0.17,Multi-usages,15,0.0,1.0,1,3
2016,Multifamily MR (5-9),Mid-Rise Multifamily,5,NORTH,47.72186,-122.29733,2000,1.0,6,103554,0,103554,Multifamily Housing,Multifamily Housing,80250.0,,,,,92.0,1971236.0,False,13.74,0.13,Mono-usage,16,0.0,1.0,0,1
2016,NonResidential,Warehouse,5,NORTH,47.72051,-122.30103,1977,1.0,1,21936,0,21936,Non-Refrigerated Warehouse,Non-Refrigerated Warehouse,21936.0,,,,,100.0,113130.0,False,2.69,0.12,Mono-usage,39,0.0,1.0,0,1
2016,NonResidential,Other,5,NORTH,47.72083,-122.29979,1969,1.0,1,30160,0,30160,Other,Other,30139.0,,,,,,1045838.5,False,44.26,1.47,Mono-usage,47,0.0,1.0,0,1
2016,Multifamily LR (1-4),Low-Rise Multifamily,1,SOUTHWEST,47.54732,-122.38753,1991,1.0,4,28645,0,28645,"Multifamily Housing, Office, Parking",Multifamily Housing,24665.0,Office,3980.0,Parking,3642.0,,703847.375,False,4.91,0.17,Multi-usages,25,0.0,1.0,1,3
2016,Multifamily LR (1-4),Low-Rise Multifamily,1,SOUTHWEST,47.54411,-122.38762,1991,1.0,4,34544,0,34544,"Multifamily Housing, Retail Store",Multifamily Housing,24813.0,Retail Store,5690.0,,,,923492.6875,False,13.09,0.38,Multi-usages,25,0.0,1.0,1,2
2016,Multifamily LR (1-4),Low-Rise Multifamily,1,SOUTHWEST,47.54365,-122.38766,1960,1.0,3,22195,0,22195,Multifamily Housing,Multifamily Housing,22195.0,,,,,67.0,604183.1875,False,4.21,0.19,Mono-usage,56,0.0,1.0,0,1
2016,Multifamily MR (5-9),Mid-Rise Multifamily,1,SOUTHWEST,47.5923,-122.38322,1976,1.0,5,72155,0,72155,"Multifamily Housing, Parking",Multifamily Housing,72155.0,Parking,18039.0,,,61.0,1999039.75,False,39.77,0.55,Multi-usages,40,0.0,1.0,1,2
2016,NonResidential,Mixed Use Property,7,DOWNTOWN,47.61056,-122.33661,1909,1.0,11,111137,0,111137,"Bank Branch, Multifamily Housing, Office, Other, Retail Store",Office,42939.0,Multifamily Housing,40878.0,Bank Branch,10887.0,,9546165.0,False,294.65,2.65,Multi-usages,107,0.0,1.0,1,5
2016,Multifamily LR (1-4),Low-Rise Multifamily,1,SOUTHWEST,47.54914,-122.38758,1989,1.0,3,30080,0,30080,Multifamily Housing,Multifamily Housing,30080.0,,,,,85.0,629027.3125,False,4.39,0.15,Mono-usage,27,0.0,1.0,0,1
2016,Multifamily HR (10+),High-Rise Multifamily,7,DOWNTOWN,47.61633,-122.34894,1993,1.0,25,260685,5480,255205,"Multifamily Housing, Office, Parking, Restaurant, Retail Store, Swimming Pool, Urgent Care/Clinic/Other Outpatient",Multifamily Housing,305179.0,Parking,93906.0,Office,4412.0,,14361382.0,False,351.53,1.35,Multi-usages,23,0.0210215394057962,0.9789784605942036,1,7
2016,Multifamily LR (1-4),Low-Rise Multifamily,2,GREATER DUWAMISH,47.59018,-122.31687,1963,1.0,4,20467,0,20467,Multifamily Housing,Multifamily Housing,20467.0,,,,,59.0,493000.0,False,3.44,0.17,Mono-usage,53,0.0,1.0,0,1
2016,NonResidential,Other,1,Delridge,47.56319,-122.35067,1997,1.0,1,40189,0,40189,"Office, Other - Utility, Parking",Other - Utility,28347.0,Office,9113.0,Parking,0.0,,1509292.0,False,37.65,0.94,Multi-usages,19,0.0,1.0,1,3
2016,NonResidential,Small- and Mid-Sized Office,1,DELRIDGE,47.56877,-122.36369,1988,1.0,2,66484,0,66484,"Non-Refrigerated Warehouse, Office, Retail Store",Office,49334.0,Non-Refrigerated Warehouse,18000.0,Retail Store,9000.0,69.0,3046543.0,False,21.24,0.32,Multi-usages,28,0.0,1.0,1,3
2016,NonResidential,Small- and Mid-Sized Office,3,EAST,47.60789,-122.32249,1959,1.0,3,25151,0,25151,Office,Office,24155.0,,,,,85.0,1356874.75,False,62.05,2.47,Mono-usage,57,0.0,1.0,0,1
2016,NonResidential,Hotel,3,EAST,47.60958,-122.32646,1928,1.0,6,35770,0,35770,Hotel,Hotel,35770.0,,,,,56.0,2640980.25,False,112.34,3.14,Mono-usage,88,0.0,1.0,0,1
2016,Multifamily MR (5-9),Mid-Rise Multifamily,3,EAST,47.60973,-122.32594,1925,1.0,5,51900,0,51900,Multifamily Housing,Multifamily Housing,51900.0,,,,,77.0,2746152.0,False,125.42,2.42,Mono-usage,91,0.0,1.0,0,1
2016,NonResidential,Hotel,3,EAST,47.60981,-122.32687,1928,1.0,9,48006,0,48006,Hotel,Hotel,48006.0,,,,,85.0,3239754.0,False,101.31,2.11,Mono-usage,88,0.0,1.0,0,1
2016,NonResidential,Mixed Use Property,2,DOWNTOWN,47.59949,-122.31851,1960,1.0,2,29631,0,29631,"Office, Restaurant, Supermarket/Grocery Store",Supermarket/Grocery Store,16000.0,Office,13000.0,Restaurant,5000.0,,5144392.0,False,146.93,4.96,Multi-usages,56,0.0,1.0,1,3
2016,NonResidential,Small- and Mid-Sized Office,2,DOWNTOWN,47.59727,-122.32196,1989,1.0,2,23472,0,23472,"Office, Other, Retail Store",Office,20695.0,Other,1065.0,Retail Store,945.0,,1625308.625,False,46.45,1.98,Multi-usages,27,0.0,1.0,1,3
2016,Nonresidential COS,Small- and Mid-Sized Office,2,GREATER DUWAMISH,47.5956,-122.32292,1973,1.0,2,21315,0,21315,Office,Office,20424.0,,,,,34.0,2796425.0,False,110.66,5.19,Mono-usage,43,0.0,1.0,0,1
2016,Multifamily MR (5-9),Mid-Rise Multifamily,1,SOUTHWEST,47.59296,-122.39038,1996,1.0,5,23821,0,23821,Multifamily Housing,Multifamily Housing,23821.0,,,,,,924438.125,False,32.04,1.35,Mono-usage,20,0.0,1.0,0,1
2016,Multifamily HR (10+),High-Rise Multifamily,3,EAST,47.61273,-122.32481,1980,1.0,11,53290,0,53290,"Multifamily Housing, Parking",Multifamily Housing,53290.0,Parking,28184.0,,,83.0,1703504.875,False,11.88,0.22,Multi-usages,36,0.0,1.0,1,2
2016,Multifamily LR (1-4),Low-Rise Multifamily,4,LAKE UNION,47.64934,-122.32396,1991,1.0,4,32040,0,32040,Multifamily Housing,Multifamily Housing,32040.0,,,,,81.0,727703.5,False,5.07,0.16,Mono-usage,25,0.0,1.0,0,1
2016,Multifamily LR (1-4),Low-Rise Multifamily,7,MAGNOLIA / QUEEN ANNE,47.62484,-122.3629,1985,1.0,4,22716,0,22716,Multifamily Housing,Multifamily Housing,22298.0,,,,,17.0,835093.1875,False,5.82,0.26,Mono-usage,31,0.0,1.0,0,1
2016,Multifamily LR (1-4),Low-Rise Multifamily,7,MAGNOLIA / QUEEN ANNE,47.62526,-122.3629,1967,1.0,4,43477,0,43477,"Multifamily Housing, Parking, Swimming Pool",Multifamily Housing,33292.0,Parking,7185.0,Swimming Pool,0.0,52.0,1820814.75,False,44.51,1.02,Multi-usages,49,0.0,1.0,1,3
2016,Multifamily MR (5-9),Mid-Rise Multifamily,7,MAGNOLIA / QUEEN ANNE,47.62575,-122.36296,1930,1.0,5,31040,0,31040,Multifamily Housing,Multifamily Housing,25845.0,,,,,93.0,644081.125,False,4.6,0.15,Mono-usage,86,0.0,1.0,0,1
2016,Multifamily LR (1-4),Low-Rise Multifamily,7,MAGNOLIA / QUEEN ANNE,47.62616,-122.36357,1982,1.0,4,109864,22000,87864,"Multifamily Housing, Parking",Multifamily Housing,87864.0,Parking,22000.0,,,90.0,2081072.625,False,14.51,0.13,Multi-usages,34,0.2002475788247287,0.7997524211752712,1,2
2016,Multifamily LR (1-4),Low-Rise Multifamily,7,MAGNOLIA / QUEEN ANNE,47.62563,-122.36358,1982,1.0,4,25357,0,25357,Multifamily Housing,Multifamily Housing,25357.0,,,,,,570228.6875,False,7.13,0.28,Mono-usage,34,0.0,1.0,0,1
2016,Multifamily LR (1-4),Low-Rise Multifamily,7,MAGNOLIA / QUEEN ANNE,47.62796,-122.3597,1975,1.0,4,24084,0,24084,"Multifamily Housing, Parking",Multifamily Housing,24084.0,Parking,4800.0,,,,1177379.75,False,34.62,1.44,Multi-usages,41,0.0,1.0,1,2
2016,Multifamily LR (1-4),Low-Rise Multifamily,7,MAGNOLIA / QUEEN ANNE,47.62691,-122.35639,1915,1.0,4,24280,0,24280,Multifamily Housing,Multifamily Housing,24280.0,,,,,68.0,829440.625,False,24.26,1.0,Mono-usage,101,0.0,1.0,0,1
2016,Multifamily LR (1-4),Low-Rise Multifamily,7,MAGNOLIA / QUEEN ANNE,47.62651,-122.35632,1958,1.0,4,36732,0,36732,Multifamily Housing,Multifamily Housing,36732.0,,,,,83.0,888593.6875,False,6.19,0.17,Mono-usage,58,0.0,1.0,0,1
2016,Multifamily LR (1-4),Low-Rise Multifamily,7,MAGNOLIA / QUEEN ANNE,47.62749,-122.35648,1929,1.0,4,41137,0,41137,Multifamily Housing,Multifamily Housing,41669.0,,,,,79.0,1790148.625,False,80.15,1.95,Mono-usage,87,0.0,1.0,0,1
2016,Multifamily LR (1-4),Low-Rise Multifamily,7,MAGNOLIA / QUEEN ANNE,47.62847,-122.35645,1913,1.0,3,21234,0,21234,Multifamily Housing,Multifamily Housing,21234.0,,,,,91.0,740230.375,False,24.93,1.17,Mono-usage,103,0.0,1.0,0,1
2016,Multifamily MR (5-9),Mid-Rise Multifamily,7,MAGNOLIA / QUEEN ANNE,47.62828,-122.35635,1962,1.0,5,29454,0,29454,"Multifamily Housing, Parking",Multifamily Housing,25671.0,Parking,3783.0,,,87.0,652429.875,False,4.55,0.15,Multi-usages,54,0.0,1.0,1,2
2016,Multifamily LR (1-4),Low-Rise Multifamily,7,MAGNOLIA / QUEEN ANNE,47.62855,-122.35713,1962,1.0,4,25596,0,25596,Multifamily Housing,Multifamily Housing,25596.0,,,,,87.0,602191.1875,False,4.2,0.16,Mono-usage,54,0.0,1.0,0,1
2016,Multifamily LR (1-4),Low-Rise Multifamily,7,MAGNOLIA / QUEEN ANNE,47.62801,-122.35701,1948,1.0,3,23120,0,23120,Multifamily Housing,Multifamily Housing,23120.0,,,,,83.0,999924.3125,False,42.1,1.82,Mono-usage,68,0.0,1.0,0,1
2016,Multifamily MR (5-9),Mid-Rise Multifamily,7,MAGNOLIA / QUEEN ANNE,47.62763,-122.35669,1958,1.0,6,39212,0,39212,Multifamily Housing,Multifamily Housing,39212.0,,,,,83.0,1313366.0,False,9.16,0.23,Mono-usage,58,0.0,1.0,0,1
2016,Multifamily LR (1-4),Low-Rise Multifamily,7,MAGNOLIA / QUEEN ANNE,47.628,-122.35769,1960,1.0,4,22093,0,22093,"Multifamily Housing, Parking",Multifamily Housing,22093.0,Parking,800.0,,,76.0,536511.5,False,3.74,0.17,Multi-usages,56,0.0,1.0,1,2
2016,Multifamily LR (1-4),Low-Rise Multifamily,7,MAGNOLIA / QUEEN ANNE,47.62522,-122.35707,1906,1.0,2,22113,0,22113,"Multifamily Housing, Retail Store",Multifamily Housing,15900.0,Retail Store,6213.0,,,87.0,679565.625,False,4.74,0.21,Multi-usages,110,0.0,1.0,1,2
2016,NonResidential,Small- and Mid-Sized Office,7,MAGNOLIA / QUEEN ANNE,47.62481,-122.35762,1984,1.0,4,57110,15812,41298,"Office, Parking",Office,36867.0,Parking,28390.0,,,69.0,2190460.0,False,24.31,0.43,Multi-usages,32,0.2768691997898792,0.7231308002101208,1,2
2016,Multifamily LR (1-4),Low-Rise Multifamily,7,MAGNOLIA / QUEEN ANNE,47.62561,-122.35763,1914,1.0,4,40370,0,40370,Multifamily Housing,Multifamily Housing,40370.0,,,,,51.0,982153.875,False,6.85,0.17,Mono-usage,102,0.0,1.0,0,1
2016,Multifamily LR (1-4),Low-Rise Multifamily,7,MAGNOLIA / QUEEN ANNE,47.62526,-122.35471,1924,1.0,4,51150,0,51150,Multifamily Housing,Multifamily Housing,48320.0,,,,,70.0,3245598.0,False,145.21,2.84,Mono-usage,92,0.0,1.0,0,1
2016,Multifamily MR (5-9),Mid-Rise Multifamily,7,MAGNOLIA / QUEEN ANNE,47.62657,-122.3584,1950,1.0,8,129860,0,129860,"Multifamily Housing, Parking",Multifamily Housing,83306.0,Parking,46554.0,,,96.0,5838129.0,False,250.84,1.93,Multi-usages,66,0.0,1.0,1,2
2016,Multifamily LR (1-4),Low-Rise Multifamily,2,GREATER DUWAMISH,47.588,-122.3177,1968,1.0,4,35796,0,35796,Multifamily Housing,Multifamily Housing,35796.0,,,,,43.0,1158549.25,False,8.08,0.23,Mono-usage,48,0.0,1.0,0,1
2016,NonResidential,Small- and Mid-Sized Office,7,DOWNTOWN,47.61833,-122.35871,1979,1.0,3,34030,0,34030,Office,Office,34030.0,,,,,50.0,1748629.875,False,22.26,0.65,Mono-usage,37,0.0,1.0,0,1
2016,Multifamily LR (1-4),Low-Rise Multifamily,5,NORTH,47.73357,-122.29501,1975,1.0,3,72671,0,72671,Multifamily Housing,Multifamily Housing,58795.0,,,,,46.0,2082754.75,False,16.13,0.22,Mono-usage,41,0.0,1.0,0,1
2016,Multifamily LR (1-4),Low-Rise Multifamily,5,NORTH,47.7336,-122.29434,1967,1.0,2,22382,0,22382,Multifamily Housing,Multifamily Housing,22382.0,,,,,67.0,678980.125,False,4.73,0.21,Mono-usage,49,0.0,1.0,0,1
2016,Multifamily LR (1-4),Low-Rise Multifamily,5,NORTH,47.73225,-122.29494,1977,1.0,3,27639,0,27639,Multifamily Housing,Multifamily Housing,23810.0,,,,,73.0,671004.625,False,4.68,0.17,Mono-usage,39,0.0,1.0,0,1
2016,Multifamily LR (1-4),Low-Rise Multifamily,5,NORTH,47.73316,-122.29595,1970,1.0,2,101613,0,101613,Multifamily Housing,Multifamily Housing,101613.0,,,,,99.0,2302943.0,False,38.41,0.38,Mono-usage,46,0.0,1.0,0,1
2016,Multifamily LR (1-4),Low-Rise Multifamily,5,NORTH,47.73351,-122.29679,1986,1.0,3,30942,0,30942,Multifamily Housing,Multifamily Housing,30942.0,,,,,60.0,900973.0,False,6.28,0.2,Mono-usage,30,0.0,1.0,0,1
2016,NonResidential,Restaurant,1,SOUTHWEST,47.58654,-122.37644,1902,1.0,2,20398,0,20398,"Office, Restaurant",Restaurant,19232.0,Office,1166.0,,,,9313513.0,False,334.15,16.38,Multi-usages,114,0.0,1.0,1,2
2016,NonResidential,Distribution Center,2,GREATER DUWAMISH,47.5746,-122.32637,1952,1.0,1,41308,0,41308,Distribution Center,Distribution Center,41308.0,,,,,7.0,1642471.5,False,38.57,0.93,Mono-usage,64,0.0,1.0,0,1
2016,Multifamily LR (1-4),Low-Rise Multifamily,7,MAGNOLIA / QUEEN ANNE,47.62586,-122.36388,1930,1.0,3,36751,0,36751,Multifamily Housing,Multifamily Housing,36751.0,,,,,33.0,2552098.5,False,114.63,3.12,Mono-usage,86,0.0,1.0,0,1
2016,Multifamily LR (1-4),Low-Rise Multifamily,1,SOUTHWEST,47.53979,-122.39409,1978,1.0,4,39888,0,39888,Multifamily Housing,Multifamily Housing,39888.0,,,,,29.0,2504814.5,False,91.53,2.29,Mono-usage,38,0.0,1.0,0,1
2016,Multifamily LR (1-4),Low-Rise Multifamily,5,NORTH,47.71677,-122.31219,2000,1.0,3,30833,0,30833,Multifamily Housing,Multifamily Housing,30833.0,,,,,64.0,709209.875,False,4.94,0.16,Mono-usage,16,0.0,1.0,0,1
2016,Multifamily MR (5-9),Mid-Rise Multifamily,7,MAGNOLIA / QUEEN ANNE,47.61963,-122.357,2001,1.0,6,28453,0,28453,"Multifamily Housing, Parking",Multifamily Housing,28453.0,Parking,15000.0,,,96.0,825716.8125,False,5.93,0.21,Multi-usages,15,0.0,1.0,1,2
2016,Multifamily MR (5-9),Mid-Rise Multifamily,3,EAST,47.6214,-122.32765,1966,1.0,7,28291,0,28291,Multifamily Housing,Multifamily Housing,28291.0,,,,,93.0,669217.6875,False,4.67,0.17,Mono-usage,50,0.0,1.0,0,1
2016,Multifamily LR (1-4),Low-Rise Multifamily,7,MAGNOLIA / QUEEN ANNE,47.62514,-122.34784,1999,1.0,4,34459,0,34459,Multifamily Housing,Multifamily Housing,39350.0,,,,,81.0,897359.6875,False,6.26,0.18,Mono-usage,17,0.0,1.0,0,1
2016,Multifamily MR (5-9),Mid-Rise Multifamily,1,SOUTHWEST,47.55769,-122.38708,2002,1.0,6,40025,0,40025,Multifamily Housing,Multifamily Housing,40025.0,,,,,67.0,1568668.375,False,34.3,0.86,Mono-usage,14,0.0,1.0,0,1
2016,Multifamily MR (5-9),Mid-Rise Multifamily,3,EAST,47.62551,-122.32633,1981,1.0,8,25012,0,25012,Multifamily Housing,Multifamily Housing,25012.0,,,,,,783208.625,False,5.46,0.22,Mono-usage,35,0.0,1.0,0,1
2016,Multifamily MR (5-9),Mid-Rise Multifamily,7,MAGNOLIA / QUEEN ANNE,47.62933,-122.35628,1968,1.0,7,35750,5041,30709,Multifamily Housing,Multifamily Housing,35750.0,,,,,100.0,1243200.75,False,34.48,0.96,Mono-usage,48,0.141006993006993,0.858993006993007,0,1
2016,Multifamily MR (5-9),Mid-Rise Multifamily,7,MAGNOLIA / QUEEN ANNE,47.63781,-122.34421,1984,1.0,5,34726,0,34726,Multifamily Housing,Multifamily Housing,34726.0,,,,,70.0,865348.0,False,6.03,0.17,Mono-usage,32,0.0,1.0,0,1
2016,Multifamily LR (1-4),Low-Rise Multifamily,3,EAST,47.61701,-122.31171,1980,1.0,3,49106,0,49106,Multifamily Housing,Multifamily Housing,49106.0,,,,,34.0,1190733.5,False,8.3,0.17,Mono-usage,36,0.0,1.0,0,1
2016,Multifamily LR (1-4),Low-Rise Multifamily,3,EAST,47.61656,-122.32379,1965,1.0,3,24754,0,24754,Multifamily Housing,Multifamily Housing,24754.0,,,,,66.0,676499.875,False,4.72,0.19,Mono-usage,51,0.0,1.0,0,1
2016,Multifamily LR (1-4),Low-Rise Multifamily,5,NORTH,47.72048,-122.31233,2002,1.0,3,30870,0,30870,Multifamily Housing,Multifamily Housing,32360.0,,,,,66.0,788659.375,False,5.5,0.18,Mono-usage,14,0.0,1.0,0,1
2016,Multifamily MR (5-9),Mid-Rise Multifamily,2,DOWNTOWN,47.6015,-122.32722,2001,1.0,7,109284,0,109284,"Multifamily Housing, Parking",Multifamily Housing,78669.0,Parking,30615.0,,,100.0,1739286.75,False,12.13,0.11,Multi-usages,15,0.0,1.0,1,2
2016,Multifamily LR (1-4),Low-Rise Multifamily,7,MAGNOLIA / QUEEN ANNE,47.62747,-122.35447,1999,1.0,4,28766,0,28766,Multifamily Housing,Multifamily Housing,28766.0,,,,,,789209.8125,False,17.89,0.62,Mono-usage,17,0.0,1.0,0,1
2016,Multifamily LR (1-4),Low-Rise Multifamily,7,MAGNOLIA / QUEEN ANNE,47.62741,-122.34577,1981,1.0,4,24570,0,24570,"Multifamily Housing, Parking",Multifamily Housing,24570.0,Parking,2780.0,,,62.0,690259.0,False,4.81,0.2,Multi-usages,35,0.0,1.0,1,2
2016,Multifamily MR (5-9),Mid-Rise Multifamily,3,EAST,47.61323,-122.31641,2007,1.0,5,50749,0,50749,"Multifamily Housing, Retail Store",Multifamily Housing,39432.0,Retail Store,11317.0,,,79.0,1501111.75,False,11.71,0.23,Multi-usages,9,0.0,1.0,1,2
2016,Multifamily MR (5-9),Mid-Rise Multifamily,3,EAST,47.61343,-122.31641,2007,1.0,6,91520,0,91520,"Multifamily Housing, Retail Store",Multifamily Housing,82368.0,Retail Store,9152.0,,,57.0,3304112.0,False,25.59,0.28,Multi-usages,9,0.0,1.0,1,2
2016,Multifamily LR (1-4),Low-Rise Multifamily,4,LAKE UNION,47.64786,-122.32378,2004,1.0,4,62504,11128,51376,Multifamily Housing,Multifamily Housing,53931.0,,,,,50.0,1006989.688,False,7.07,0.11,Mono-usage,12,0.1780366056572379,0.8219633943427621,0,1
2016,Multifamily MR (5-9),Mid-Rise Multifamily,7,DOWNTOWN,47.6148,-122.34568,2003,1.0,7,39962,0,39962,Multifamily Housing,Multifamily Housing,39962.0,,,,,74.0,1516831.75,False,45.08,1.13,Mono-usage,13,0.0,1.0,0,1
2016,NonResidential,Mixed Use Property,7,DOWNTOWN,47.60195,-122.33516,1913,1.0,3,43878,0,43878,"Multifamily Housing, Non-Refrigerated Warehouse, Office, Retail Store",Multifamily Housing,12000.0,Office,8262.0,Retail Store,6312.0,,769771.3125,False,5.37,0.12,Multi-usages,103,0.0,1.0,1,4
2016,NonResidential,Other,7,MAGNOLIA / QUEEN ANNE,47.62591,-122.35843,1912,1.0,3,34976,0,34976,Performing Arts,Performing Arts,34976.0,,,,,,873711.125,False,15.7,0.45,Mono-usage,104,0.0,1.0,0,1
2016,Multifamily LR (1-4),Low-Rise Multifamily,7,MAGNOLIA / QUEEN ANNE,47.62584,-122.35896,1947,1.0,3,22604,0,22604,Multifamily Housing,Multifamily Housing,22604.0,,,,,51.0,1351808.75,False,61.25,2.71,Mono-usage,69,0.0,1.0,0,1
2016,Multifamily LR (1-4),Low-Rise Multifamily,7,MAGNOLIA / QUEEN ANNE,47.62662,-122.35876,1909,1.0,4,46296,0,46296,Multifamily Housing,Multifamily Housing,46296.0,,,,,28.0,2942890.75,False,138.31,2.99,Mono-usage,107,0.0,1.0,0,1
2016,Multifamily LR (1-4),Low-Rise Multifamily,7,MAGNOLIA / QUEEN ANNE,47.62752,-122.35831,1929,1.0,3,36282,4882,31400,"Multifamily Housing, Parking",Multifamily Housing,31400.0,Parking,4882.0,,,90.0,961476.1875,False,25.47,0.7,Multi-usages,87,0.1345570806460503,0.8654429193539496,1,2
2016,Multifamily MR (5-9),Mid-Rise Multifamily,7,MAGNOLIA / QUEEN ANNE,47.62692,-122.35893,1970,1.0,9,54820,0,54820,"Multifamily Housing, Parking",Multifamily Housing,44547.0,Parking,10273.0,,,54.0,2338567.75,False,41.15,0.75,Multi-usages,46,0.0,1.0,1,2
2016,Multifamily MR (5-9),Mid-Rise Multifamily,7,MAGNOLIA / QUEEN ANNE,47.62747,-122.35961,1960,1.0,6,44016,0,44016,"Multifamily Housing, Parking",Multifamily Housing,37296.0,Parking,6720.0,,,100.0,761504.875,False,5.31,0.12,Multi-usages,56,0.0,1.0,1,2
2016,Multifamily LR (1-4),Low-Rise Multifamily,7,MAGNOLIA / QUEEN ANNE,47.627,-122.36028,1930,1.0,3,31552,0,31552,Multifamily Housing,Multifamily Housing,31552.0,,,,,73.0,1648730.5,False,75.13,2.38,Mono-usage,86,0.0,1.0,0,1
2016,Multifamily LR (1-4),Low-Rise Multifamily,7,MAGNOLIA / QUEEN ANNE,47.62643,-122.35956,1925,1.0,3,29533,0,29533,Multifamily Housing,Multifamily Housing,29533.0,,,,,96.0,1355062.75,False,58.85,1.99,Mono-usage,91,0.0,1.0,0,1
2016,Multifamily LR (1-4),Low-Rise Multifamily,7,MAGNOLIA / QUEEN ANNE,47.6261,-122.35953,1930,1.0,3,20688,0,20688,Multifamily Housing,Multifamily Housing,20688.0,,,,,30.0,1493131.75,False,68.8,3.33,Mono-usage,86,0.0,1.0,0,1
2016,Multifamily LR (1-4),Low-Rise Multifamily,7,DOWNTOWN,47.60304,-122.33362,1946,1.0,3,22972,0,22972,Multifamily Housing,Multifamily Housing,22972.0,,,,,49.0,1385975.75,False,63.14,2.75,Mono-usage,70,0.0,1.0,0,1
2016,Multifamily LR (1-4),Low-Rise Multifamily,7,MAGNOLIA / QUEEN ANNE,47.62611,-122.36129,1985,1.0,4,49034,0,49034,"Multifamily Housing, Parking",Multifamily Housing,49034.0,Parking,3540.0,,,85.0,1342943.25,False,9.36,0.19,Multi-usages,31,0.0,1.0,1,2
2016,Multifamily LR (1-4),Low-Rise Multifamily,7,MAGNOLIA / QUEEN ANNE,47.627,-122.36372,1962,1.0,4,33164,0,33164,"Multifamily Housing, Parking",Multifamily Housing,27008.0,Parking,6156.0,,,91.0,611911.5,False,4.27,0.13,Multi-usages,54,0.0,1.0,1,2
2016,Multifamily LR (1-4),Low-Rise Multifamily,7,MAGNOLIA / QUEEN ANNE,47.62782,-122.36583,1907,1.0,4,38407,0,38407,Multifamily Housing,Multifamily Housing,38407.0,,,,,57.0,1208168.75,False,8.42,0.22,Mono-usage,109,0.0,1.0,0,1
2016,Multifamily MR (5-9),Mid-Rise Multifamily,7,MAGNOLIA / QUEEN ANNE,47.62767,-122.36518,1955,1.0,6,88422,0,88422,Multifamily Housing,Multifamily Housing,75086.0,,,,,86.0,4409881.5,False,184.51,2.09,Mono-usage,61,0.0,1.0,0,1
2016,Multifamily LR (1-4),Low-Rise Multifamily,7,MAGNOLIA / QUEEN ANNE,47.62862,-122.36827,1907,1.0,4,34498,0,34498,Multifamily Housing,Multifamily Housing,34498.0,,,,,100.0,910639.1875,False,41.13,1.19,Mono-usage,109,0.0,1.0,0,1
2016,Multifamily LR (1-4),Low-Rise Multifamily,5,NORTH,47.73052,-122.29555,1985,1.0,4,56074,0,56074,"Multifamily Housing, Parking",Multifamily Housing,56074.0,Parking,0.0,,,71.0,1566177.0,False,10.92,0.19,Multi-usages,31,0.0,1.0,1,2
2016,Multifamily LR (1-4),Low-Rise Multifamily,5,NORTH,47.73108,-122.29422,1981,1.0,4,43132,0,43132,Multifamily Housing,Multifamily Housing,43132.0,,,,,46.0,1228837.25,False,8.57,0.2,Mono-usage,35,0.0,1.0,0,1
2016,Multifamily MR (5-9),Mid-Rise Multifamily,5,NORTH,47.73072,-122.29476,1968,1.0,5,25671,0,25671,Multifamily Housing,Multifamily Housing,25671.0,,,,,92.0,680395.875,False,4.74,0.18,Mono-usage,48,0.0,1.0,0,1
2016,Multifamily LR (1-4),Low-Rise Multifamily,5,NORTH,47.73082,-122.29418,1993,1.0,4,31379,0,31379,"Multifamily Housing, Parking",Multifamily Housing,31379.0,Parking,5829.0,,,66.0,882759.1875,False,6.15,0.2,Multi-usages,23,0.0,1.0,1,2
2016,Multifamily LR (1-4),Low-Rise Multifamily,5,NORTH,47.73014,-122.29514,1969,1.0,4,24052,0,24052,"Multifamily Housing, Parking",Multifamily Housing,24052.0,Parking,1280.0,,,34.0,792939.3125,False,5.53,0.23,Multi-usages,47,0.0,1.0,1,2
2016,Multifamily MR (5-9),Mid-Rise Multifamily,5,NORTH,47.73182,-122.29322,2003,1.0,6,119355,0,119355,Multifamily Housing,Multifamily Housing,72985.0,,,,,70.0,2059083.25,False,14.35,0.12,Mono-usage,13,0.0,1.0,0,1
2016,NonResidential,Warehouse,7,MAGNOLIA / QUEEN ANNE,47.65674,-122.37223,1957,1.0,1,38255,0,38255,Non-Refrigerated Warehouse,Non-Refrigerated Warehouse,38255.0,,,,,12.0,985401.8125,False,33.8,0.88,Mono-usage,59,0.0,1.0,0,1
2016,Campus,Other,7,MAGNOLIA / QUEEN ANNE,47.65561,-122.38063,1955,23.0,1,260241,0,260241,Other,Other,260241.0,,,,,,34012980.0,False,565.55,2.17,Mono-usage,61,0.0,1.0,0,1
2016,Multifamily LR (1-4),Low-Rise Multifamily,4,NORTHEAST,47.67965,-122.26401,1970,1.0,4,144779,0,144779,Multifamily Housing,Multifamily Housing,144779.0,,,,,57.0,4042957.75,False,28.19,0.19,Mono-usage,46,0.0,1.0,0,1
2016,Multifamily LR (1-4),Low-Rise Multifamily,6,NORTHWEST,47.6815,-122.32507,1967,1.0,3,20210,0,20210,"Multifamily Housing, Parking",Multifamily Housing,20000.0,Parking,700.0,,,87.0,536642.875,False,10.43,0.52,Multi-usages,49,0.0,1.0,1,2
2016,Multifamily LR (1-4),Low-Rise Multifamily,2,SOUTHEAST,47.53104,-122.26968,1956,2.0,2,21708,0,21708,Multifamily Housing,Multifamily Housing,21708.0,,,,,52.0,1464009.25,False,60.5,2.79,Mono-usage,60,0.0,1.0,0,1
2016,Multifamily LR (1-4),Low-Rise Multifamily,2,SOUTHEAST,47.53647,-122.2688,2006,1.0,2,55842,0,55842,"Multifamily Housing, Parking",Multifamily Housing,42762.0,Parking,13080.0,,,29.0,1388812.0,False,9.68,0.17,Multi-usages,10,0.0,1.0,1,2
2016,Multifamily HR (10+),High-Rise Multifamily,3,EAST,47.62464,-122.32444,1970,1.0,12,97160,15303,81857,"Multifamily Housing, Parking",Multifamily Housing,108000.0,Parking,12000.0,,,17.0,3971959.75,False,27.69,0.28,Multi-usages,46,0.1575030876904075,0.8424969123095924,1,2
2016,Multifamily LR (1-4),Low-Rise Multifamily,3,Central,47.61991,-122.3098,1929,1.0,4,23875,0,23875,Multifamily Housing,Multifamily Housing,23875.0,,,,,51.0,1258978.375,False,52.79,2.21,Mono-usage,87,0.0,1.0,0,1
2016,Multifamily LR (1-4),Low-Rise Multifamily,6,BALLARD,47.67334,-122.40606,1999,1.0,4,28467,0,28467,"Multifamily Housing, Office",Multifamily Housing,21804.0,Office,3032.0,,,,485122.4063,False,3.38,0.12,Multi-usages,17,0.0,1.0,1,2
2016,NonResidential,Small- and Mid-Sized Office,6,LAKE UNION,47.65103,-122.35541,1989,1.0,3,48924,0,48924,"Office, Parking",Office,31325.0,Parking,13143.0,,,71.0,2282551.25,False,59.24,1.21,Multi-usages,27,0.0,1.0,1,2
2016,Multifamily MR (5-9),Mid-Rise Multifamily,7,MAGNOLIA / QUEEN ANNE,47.62177,-122.35636,2001,1.0,6,22551,0,22551,"Medical Office, Multifamily Housing, Parking",Multifamily Housing,21642.0,Parking,4200.0,Medical Office,909.0,,914488.625,False,11.51,0.51,Multi-usages,15,0.0,1.0,1,3
2016,Multifamily LR (1-4),Low-Rise Multifamily,4,LAKE UNION,47.63794,-122.32867,1989,1.0,2,21643,0,21643,Multifamily Housing,Multifamily Housing,21643.0,,,,,,943183.3125,False,37.54,1.73,Mono-usage,27,0.0,1.0,0,1
2016,Multifamily LR (1-4),Low-Rise Multifamily,7,MAGNOLIA / QUEEN ANNE,47.62657,-122.35334,1994,1.0,4,26964,4304,22660,Multifamily Housing,Multifamily Housing,22664.0,,,,,89.0,585077.125,False,10.17,0.38,Mono-usage,22,0.1596202343865895,0.8403797656134104,0,1
2016,Multifamily MR (5-9),Mid-Rise Multifamily,7,DOWNTOWN,47.61386,-122.3489,1998,1.0,8,139301,0,139301,"Multifamily Housing, Other, Restaurant, Supermarket/Grocery Store",Multifamily Housing,94506.0,Supermarket/Grocery Store,1448.0,Restaurant,1066.0,,3375091.5,False,30.78,0.22,Multi-usages,18,0.0,1.0,1,4
2016,NonResidential,Small- and Mid-Sized Office,4,LAKE UNION,47.64168,-122.32562,1959,1.0,4,50333,18036,32297,Office,Office,50333.0,,,,,88.0,1602084.375,False,11.17,0.22,Mono-usage,57,0.3583334988973436,0.6416665011026563,0,1
2016,NonResidential,Small- and Mid-Sized Office,4,LAKE UNION,47.6404,-122.32553,1986,1.0,4,57432,21906,35526,"Office, Parking",Office,34160.0,Parking,19650.0,,,,2520483.25,False,17.57,0.31,Multi-usages,30,0.3814249895528625,0.6185750104471375,1,2
2016,NonResidential,Small- and Mid-Sized Office,4,LAKE UNION,47.63995,-122.32557,1969,1.0,3,25912,7956,17956,"Office, Parking",Office,17332.0,Parking,9162.0,,,,666740.3125,False,4.65,0.18,Multi-usages,47,0.3070392096326026,0.6929607903673973,1,2
2016,NonResidential,Small- and Mid-Sized Office,4,LAKE UNION,47.64113,-122.32625,2000,1.0,3,57132,21908,35224,"Office, Parking",Office,33705.0,Parking,21908.0,,,73.0,1994967.75,False,13.91,0.24,Multi-usages,16,0.3834628579430091,0.6165371420569908,1,2
2016,Multifamily MR (5-9),Mid-Rise Multifamily,1,DELRIDGE,47.54539,-122.37544,1968,1.0,6,49510,0,49510,Multifamily Housing,Multifamily Housing,49510.0,,,,,21.0,2765612.25,False,44.19,0.89,Mono-usage,48,0.0,1.0,0,1
2016,Multifamily LR (1-4),Low-Rise Multifamily,1,DELRIDGE,47.54371,-122.37605,1977,1.0,3,23664,0,23664,"Multifamily Housing, Parking",Multifamily Housing,22124.0,Parking,0.0,,,24.0,1034808.875,False,7.21,0.3,Multi-usages,39,0.0,1.0,1,2
2016,Multifamily LR (1-4),Low-Rise Multifamily,1,DELRIDGE,47.54733,-122.37377,2006,1.0,3,42169,800,41369,Multifamily Housing,Multifamily Housing,36628.0,,,,,55.0,1123073.25,False,7.83,0.19,Mono-usage,10,0.0189712822215371,0.9810287177784628,0,1
2016,Multifamily LR (1-4),Low-Rise Multifamily,1,DELRIDGE,47.54634,-122.37349,2006,1.0,4,56334,0,56334,Multifamily Housing,Multifamily Housing,56934.0,,,,,76.0,1934971.0,False,44.97,0.8,Mono-usage,10,0.0,1.0,0,1
2016,Multifamily LR (1-4),Senior Care Community,1,DELRIDGE,47.54542,-122.3734,2008,1.0,3,144682,0,144682,"Restaurant, Senior Care Community",Senior Care Community,120513.0,Restaurant,24169.0,,,96.0,5121586.0,False,25.11,0.17,Multi-usages,8,0.0,1.0,1,2
2016,NonResidential,Worship Facility,1,DELRIDGE,47.52172,-122.35487,1957,1.0,2,24224,0,24224,"Parking, Worship Facility",Worship Facility,24224.0,Parking,0.0,,,52.0,968026.3125,False,26.73,1.1,Multi-usages,59,0.0,1.0,1,2
2016,NonResidential,Worship Facility,1,DELRIDGE,47.51989,-122.35489,1963,1.0,1,23706,0,23706,Worship Facility,Worship Facility,23706.0,,,,,78.0,400770.9063,False,13.12,0.55,Mono-usage,53,0.0,1.0,0,1
2016,Multifamily MR (5-9),Mid-Rise Multifamily,7,MAGNOLIA / QUEEN ANNE,47.62742,-122.35361,1963,1.0,5,27288,0,27288,Multifamily Housing,Multifamily Housing,27288.0,,,,,53.0,1406687.5,False,54.67,2.0,Mono-usage,53,0.0,1.0,0,1
2016,NonResidential,Warehouse,2,GREATER DUWAMISH,47.5465,-122.31704,1963,1.0,1,31900,0,31900,"Non-Refrigerated Warehouse, Office",Non-Refrigerated Warehouse,28000.0,Office,4000.0,,,,1964681.25,False,13.7,0.43,Multi-usages,53,0.0,1.0,1,2
2016,Multifamily LR (1-4),Low-Rise Multifamily,1,SOUTHWEST,47.58229,-122.40147,1957,1.0,3,20184,0,20184,Multifamily Housing,Multifamily Housing,20184.0,,,,,100.0,164817.9063,False,1.15,0.06,Mono-usage,59,0.0,1.0,0,1
2016,NonResidential,Other,1,SOUTHWEST,47.5219,-122.38787,1917,1.0,1,49066,0,49066,Social/Meeting Hall,Social/Meeting Hall,49000.0,,,,,,3835202.0,False,178.86,3.65,Mono-usage,99,0.0,1.0,0,1
2016,NonResidential,Worship Facility,1,SOUTHWEST,47.52097,-122.38688,1952,1.0,3,30740,0,30740,"Other - Recreation, Worship Facility",Worship Facility,28293.0,Other - Recreation,11630.0,,,,1686262.25,False,61.3,1.99,Multi-usages,64,0.0,1.0,1,2
2016,Multifamily LR (1-4),Low-Rise Multifamily,2,SOUTHEAST,47.52481,-122.26961,1962,1.0,4,21540,0,21540,Multifamily Housing,Multifamily Housing,21540.0,,,,,72.0,783104.125,False,5.46,0.25,Mono-usage,54,0.0,1.0,0,1
2016,Multifamily LR (1-4),Low-Rise Multifamily,2,SOUTHEAST,47.52175,-122.26466,1947,1.0,2,332900,0,332900,Multifamily Housing,Multifamily Housing,332900.0,,,,,32.0,12549118.0,False,88.58,0.27,Mono-usage,69,0.0,1.0,0,1
2016,NonResidential,Supermarket / Grocery Store,2,SOUTHEAST,47.52262,-122.26922,1959,1.0,1,67450,0,67450,Supermarket/Grocery Store,Supermarket/Grocery Store,42760.0,,,,,97.0,2842819.5,False,55.86,0.83,Mono-usage,57,0.0,1.0,0,1
2016,Multifamily MR (5-9),Mid-Rise Multifamily,7,MAGNOLIA / QUEEN ANNE,47.64163,-122.34634,2006,1.0,6,67796,11761,56035,"Multifamily Housing, Parking",Multifamily Housing,39469.0,Parking,23160.0,,,4.0,3996541.5,False,80.06,1.18,Multi-usages,10,0.1734763112868015,0.8265236887131984,1,2
2016,Multifamily LR (1-4),Low-Rise Multifamily,7,MAGNOLIA / QUEEN ANNE,47.64115,-122.34575,1987,1.0,4,120693,8543,112150,"Multifamily Housing, Parking",Multifamily Housing,120693.0,Parking,14857.0,,,84.0,3608955.75,False,88.1,0.73,Multi-usages,29,0.070782895445469,0.9292171045545308,1,2
2016,NonResidential,Warehouse,7,MAGNOLIA / QUEEN ANNE,47.65649,-122.37507,1948,1.0,1,46970,0,46970,Non-Refrigerated Warehouse,Non-Refrigerated Warehouse,46970.0,,,,,,882896.5,False,6.16,0.13,Mono-usage,68,0.0,1.0,0,1
2016,NonResidential,Warehouse,7,MAGNOLIA / QUEEN ANNE,47.6331,-122.37582,1931,1.0,1,47554,0,47554,"Non-Refrigerated Warehouse, Office, Other, Parking, Retail Store",Non-Refrigerated Warehouse,18133.0,Office,8679.0,Retail Store,2388.0,,1035554.688,False,16.04,0.34,Multi-usages,85,0.0,1.0,1,5
2016,NonResidential,Small- and Mid-Sized Office,7,MAGNOLIA / QUEEN ANNE,47.63063,-122.37428,1979,1.0,2,43016,5400,37616,Office,Office,43016.0,,,,,100.0,1234095.5,False,60.57,1.41,Mono-usage,37,0.1255346847684582,0.8744653152315418,0,1
2016,NonResidential,Mixed Use Property,7,MAGNOLIA / QUEEN ANNE,47.63034,-122.37412,1931,1.0,1,24196,0,24196,"Medical Office, Non-Refrigerated Warehouse, Office, Other",Other,8711.0,Non-Refrigerated Warehouse,6792.0,Office,5306.0,,1055033.0,False,22.29,0.92,Multi-usages,85,0.0,1.0,1,4
2016,NonResidential,Small- and Mid-Sized Office,7,MAGNOLIA / QUEEN ANNE,47.63128,-122.37387,1940,1.0,2,20671,0,20671,Office,Office,20671.0,,,,,98.0,638507.125,False,24.76,1.2,Mono-usage,76,0.0,1.0,0,1
2016,Multifamily LR (1-4),Low-Rise Multifamily,3,CENTRAL,47.60194,-122.31115,1985,1.0,2,24150,0,24150,Multifamily Housing,Multifamily Housing,20125.0,,,,,46.0,713893.1875,False,4.98,0.21,Mono-usage,31,0.0,1.0,0,1
2016,NonResidential,Warehouse,2,GREATER DUWAMISH,47.58065,-122.33356,1927,1.0,1,21600,0,21600,Non-Refrigerated Warehouse,Non-Refrigerated Warehouse,21600.0,,,,,57.0,499828.5938,False,14.36,0.66,Mono-usage,89,0.0,1.0,0,1
2016,Multifamily MR (5-9),Mid-Rise Multifamily,3,EAST,47.61393,-122.32384,1999,1.0,5,30418,0,30418,Multifamily Housing,Multifamily Housing,21474.0,,,,,,440242.8125,False,3.07,0.1,Mono-usage,17,0.0,1.0,0,1
2016,Multifamily LR (1-4),Low-Rise Multifamily,7,MAGNOLIA / QUEEN ANNE,47.62812,-122.3665,2000,1.0,4,21754,0,21754,"Multifamily Housing, Parking",Multifamily Housing,19189.0,Parking,2565.0,,,,1131615.125,False,39.57,1.82,Multi-usages,16,0.0,1.0,1,2
2016,Multifamily LR (1-4),Low-Rise Multifamily,6,BALLARD,47.67472,-122.39807,1997,1.0,3,29378,0,29378,Multifamily Housing,Multifamily Housing,24589.0,,,,,33.0,899266.125,False,18.95,0.65,Mono-usage,19,0.0,1.0,0,1
2016,NonResidential,Worship Facility,1,SOUTHWEST,47.50959,-122.37417,1977,1.0,1,35844,0,35844,Worship Facility,Worship Facility,35844.0,,,,,14.0,866126.375,False,6.04,0.17,Mono-usage,39,0.0,1.0,0,1
2016,NonResidential,Small- and Mid-Sized Office,4,LAKE UNION,47.66116,-122.34172,1916,1.0,3,31774,0,31774,"Office, Parking, Retail Store",Office,19896.0,Retail Store,13941.0,Parking,0.0,85.0,1639136.25,False,18.87,0.59,Multi-usages,100,0.0,1.0,1,3
2016,Multifamily LR (1-4),Low-Rise Multifamily,4,LAKE UNION,47.66124,-122.3435,2006,1.0,4,106218,0,106218,Multifamily Housing,Multifamily Housing,67842.0,,,,,79.0,2917787.5,False,79.53,0.75,Mono-usage,10,0.0,1.0,0,1
2016,Multifamily MR (5-9),Mid-Rise Multifamily,4,LAKE UNION,47.66032,-122.34149,1997,1.0,5,217146,0,217146,"Multifamily Housing, Parking, Social/Meeting Hall",Multifamily Housing,154063.0,Parking,57639.0,Social/Meeting Hall,5444.0,31.0,7564643.0,False,151.95,0.7,Multi-usages,19,0.0,1.0,1,3
2016,Multifamily LR (1-4),Low-Rise Multifamily,5,NORTH,47.69248,-122.30599,1979,1.0,2,33852,0,33852,"Multifamily Housing, Parking",Multifamily Housing,33852.0,Parking,512.0,,,75.0,921786.375,False,6.43,0.19,Multi-usages,37,0.0,1.0,1,2
2016,Multifamily LR (1-4),Low-Rise Multifamily,6,BALLARD,47.69084,-122.37757,1976,1.0,3,20599,0,20599,"Multifamily Housing, Parking",Multifamily Housing,17514.0,Parking,3085.0,,,,505601.0,False,3.52,0.17,Multi-usages,40,0.0,1.0,1,2
2016,Multifamily HR (10+),High-Rise Multifamily,3,EAST,47.62395,-122.32442,1965,1.0,11,66150,11290,54860,Multifamily Housing,Multifamily Housing,66150.0,,,,,21.0,2496807.5,False,17.41,0.26,Mono-usage,51,0.1706727135298563,0.8293272864701436,0,1
2016,Multifamily LR (1-4),Low-Rise Multifamily,3,EAST,47.62339,-122.31337,1926,1.0,3,29896,0,29896,Multifamily Housing,Multifamily Housing,25507.0,,,,,24.0,817695.6875,False,5.7,0.19,Mono-usage,90,0.0,1.0,0,1
2016,Multifamily LR (1-4),Low-Rise Multifamily,3,EAST,47.62404,-122.31448,1910,1.0,3,20022,0,20022,Multifamily Housing,Multifamily Housing,20022.0,,,,,100.0,464155.1875,True,20.09,1.0,Mono-usage,106,0.0,1.0,0,1
2016,Multifamily LR (1-4),Low-Rise Multifamily,5,NORTH,47.69812,-122.32627,1984,1.0,3,49291,0,49291,Multifamily Housing,Multifamily Housing,49291.0,,,,,81.0,1125886.625,False,7.85,0.16,Mono-usage,32,0.0,1.0,0,1
2016,Multifamily HR (10+),High-Rise Multifamily,3,CENTRAL,47.60042,-122.30931,1972,1.0,10,97978,0,97978,Multifamily Housing,Multifamily Housing,97978.0,,,,,85.0,2630929.5,False,18.34,0.19,Mono-usage,44,0.0,1.0,0,1
2016,Multifamily MR (5-9),Mid-Rise Multifamily,3,CENTRAL,47.59942,-122.31001,2008,1.0,6,87041,18582,68459,Multifamily Housing,Multifamily Housing,69584.0,Other,5893.0,Food Sales,3341.0,64.0,2003948.375,True,13.97,0.16,Multi-usages,8,0.2134855987408233,0.7865144012591767,0,1
2016,Multifamily MR (5-9),Mid-Rise Multifamily,3,CENTRAL,47.59938,-122.30875,2008,1.0,6,371442,0,371442,"Fitness Center/Health Club/Gym, Multifamily Housing, Other - Restaurant/Bar, Parking, Personal Services (Health/Beauty, Dry Cleaning, etc), Restaurant",Multifamily Housing,235146.0,Parking,157763.0,Fitness Center/Health Club/Gym,2351.0,97.0,9977330.0,False,290.88,0.78,Multi-usages,8,0.0,1.0,1,8
2016,Multifamily LR (1-4),Low-Rise Multifamily,7,MAGNOLIA / QUEEN ANNE,47.64069,-122.3429,1964,1.0,4,21608,0,21608,Multifamily Housing,Multifamily Housing,21608.0,,,,,79.0,505949.0938,False,3.53,0.16,Mono-usage,52,0.0,1.0,0,1
2016,Multifamily LR (1-4),Low-Rise Multifamily,6,BALLARD,47.69069,-122.39256,1991,1.0,3,33733,0,33733,"Multifamily Housing, Parking",Multifamily Housing,24435.0,Parking,9298.0,,,90.0,905926.875,False,25.13,0.74,Multi-usages,25,0.0,1.0,1,2
2016,NonResidential,Warehouse,2,GREATER DUWAMISH,47.56121,-122.33872,1953,1.0,1,26094,0,26094,Non-Refrigerated Warehouse,Non-Refrigerated Warehouse,26094.0,,,,,19.0,709990.8125,False,4.95,0.19,Mono-usage,63,0.0,1.0,0,1
2016,NonResidential,Small- and Mid-Sized Office,2,GREATER DUWAMISH,47.56121,-122.33872,1983,1.0,2,23687,0,23687,Office,Office,23687.0,,,,,68.0,1084553.75,False,7.56,0.32,Mono-usage,33,0.0,1.0,0,1
2016,NonResidential,Small- and Mid-Sized Office,2,GREATER DUWAMISH,47.56121,-122.33872,1983,1.0,2,24221,0,24221,Office,Office,24221.0,,,,,20.0,1435562.75,False,10.01,0.41,Mono-usage,33,0.0,1.0,0,1
2016,NonResidential,Mixed Use Property,7,DOWNTOWN,47.60546,-122.34091,1900,1.0,2,71919,14083,57836,"Office, Parking, Retail Store",Office,34550.0,Retail Store,23085.0,Parking,11465.0,37.0,5381105.0,False,37.51,0.52,Multi-usages,116,0.1958175169287671,0.804182483071233,1,3
2016,NonResidential,Small- and Mid-Sized Office,7,DOWNTOWN,47.60546,-122.34091,1900,1.0,2,32027,0,32027,"Office, Retail Store",Office,17526.0,Retail Store,14501.0,,,54.0,3999505.25,False,128.41,4.01,Multi-usages,116,0.0,1.0,1,2
2016,NonResidential,Small- and Mid-Sized Office,7,DOWNTOWN,47.6032,-122.33663,1906,1.0,3,32160,0,32160,"Office, Retail Store",Office,35693.0,Retail Store,14219.0,,,,2805826.0,False,19.56,0.61,Multi-usages,110,0.0,1.0,1,2
2016,NonResidential,Other,2,GREATER DUWAMISH,47.59549,-122.32538,1992,1.0,3,47836,7572,40264,"Other - Lodging/Residential, Parking",Other - Lodging/Residential,43336.0,Parking,4500.0,,,,3540225.75,False,109.59,2.29,Multi-usages,24,0.1582908269922234,0.8417091730077766,1,2
2016,NonResidential,Small- and Mid-Sized Office,2,GREATER DUWAMISH,47.58802,-122.32111,1914,1.0,3,34425,0,34425,"Non-Refrigerated Warehouse, Office",Office,34425.0,Non-Refrigerated Warehouse,15536.0,,,84.0,2018385.75,False,50.07,1.45,Multi-usages,102,0.0,1.0,1,2
2016,Multifamily MR (5-9),Mid-Rise Multifamily,3,CENTRAL,47.61308,-122.31373,2009,1.0,7,142586,0,142586,"Multifamily Housing, Office, Parking, Personal Services (Health/Beauty, Dry Cleaning, etc), Restaurant, Retail Store",Multifamily Housing,94700.0,Parking,32565.0,Restaurant,4881.0,,4354499.0,False,178.97,1.26,Multi-usages,7,0.0,1.0,1,8
2016,SPS-District K-12,K-12 School,2,GREATER DUWAMISH,47.55226,-122.29629,1971,1.0,2,52609,0,52609,K-12 School,K-12 School,52609.0,,,,,67.0,1801941.75,True,46.51,0.88,Mono-usage,45,0.0,1.0,0,1
2016,Multifamily MR (5-9),Mid-Rise Multifamily,1,SOUTHWEST,47.58951,-122.39347,1993,1.0,6,29358,0,29358,Multifamily Housing,Multifamily Housing,29358.0,,,,,,803938.0,False,19.7,0.67,Mono-usage,23,0.0,1.0,0,1
2016,Multifamily MR (5-9),Mid-Rise Multifamily,7,LAKE UNION,47.62374,-122.33338,1999,1.0,6,92841,0,92841,"K-12 School, Multifamily Housing, Office",Multifamily Housing,46893.0,K-12 School,1076.0,Office,900.0,,1712279.875,False,14.84,0.16,Multi-usages,17,0.0,1.0,1,3
2016,NonResidential,Medical Office,1,SOUTHWEST,47.57296,-122.38643,1984,1.0,3,40304,12000,28304,"Medical Office, Parking",Medical Office,20106.0,Parking,16412.0,,,5.0,1961581.5,False,13.67,0.34,Multi-usages,32,0.297737197300516,0.7022628026994839,1,2
2016,Multifamily MR (5-9),Mid-Rise Multifamily,6,BALLARD,47.69494,-122.37576,1981,1.0,5,82082,0,82082,"Multifamily Housing, Parking",Multifamily Housing,62472.0,Parking,13326.0,,,11.0,2594119.0,False,25.09,0.31,Multi-usages,35,0.0,1.0,1,2
2016,Multifamily LR (1-4),Low-Rise Multifamily,1,SOUTHWEST,47.56198,-122.38978,1995,1.0,4,33852,0,33852,Multifamily Housing,Multifamily Housing,33852.0,,,,,88.0,1203400.5,False,40.96,1.21,Mono-usage,21,0.0,1.0,0,1
2016,Multifamily HR (10+),High-Rise Multifamily,7,DOWNTOWN,47.60805,-122.33978,1985,1.0,13,154889,0,154889,"Multifamily Housing, Office",Multifamily Housing,93207.0,Office,61682.0,,,73.0,4268054.0,False,91.53,0.59,Multi-usages,31,0.0,1.0,1,2
2016,Multifamily MR (5-9),Mid-Rise Multifamily,2,SOUTHEAST,47.57108,-122.2916,2004,1.0,7,193946,0,193946,"Lifestyle Center, Multifamily Housing, Office, Parking",Multifamily Housing,163183.0,Office,36869.0,Parking,21811.0,80.0,8819864.0,False,218.99,1.13,Multi-usages,12,0.0,1.0,1,4
2016,NonResidential,Distribution Center,1,GREATER DUWAMISH,47.52878,-122.32771,1990,1.0,1,29619,0,29619,"Distribution Center, Office",Distribution Center,15000.0,Office,14619.0,,,50.0,1280263.75,False,42.45,1.43,Multi-usages,26,0.0,1.0,1,2
2016,Multifamily LR (1-4),Low-Rise Multifamily,3,CENTRAL,47.59769,-122.31036,1968,1.0,3,34846,0,34846,Multifamily Housing,Multifamily Housing,34846.0,,,,,67.0,1034827.313,False,7.21,0.21,Mono-usage,48,0.0,1.0,0,1
2016,NonResidential,K-12 School,3,CENTRAL,47.59692,-122.30601,1922,1.0,2,21592,0,21592,K-12 School,K-12 School,20700.0,,,,,47.0,1431784.0,False,54.24,2.51,Mono-usage,94,0.0,1.0,0,1
2016,Multifamily MR (5-9),Mid-Rise Multifamily,3,CENTRAL,47.60054,-122.31351,1980,0.0,6,62538,0,62538,Multifamily Housing,Multifamily Housing,62780.0,,,,,82.0,1872413.0,False,13.05,0.21,Mono-usage,36,0.0,1.0,0,1
2016,NonResidential,K-12 School,5,NORTH,47.69061,-122.31992,1931,1.0,2,23923,0,23923,K-12 School,K-12 School,23923.0,,,,,69.0,805643.5,False,19.51,0.82,Mono-usage,85,0.0,1.0,0,1
2016,NonResidential,Small- and Mid-Sized Office,3,CENTRAL,47.59976,-122.31441,1907,1.0,3,25200,0,25200,"Office, Retail Store",Office,16000.0,Retail Store,8000.0,,,47.0,1748444.25,False,37.08,1.47,Multi-usages,109,0.0,1.0,1,2
2016,NonResidential,Small- and Mid-Sized Office,3,CENTRAL,47.59973,-122.31331,1947,1.0,1,45068,0,45068,Office,Office,45068.0,,,,,100.0,284857.3125,False,8.59,0.19,Mono-usage,69,0.0,1.0,0,1
2016,NonResidential,Small- and Mid-Sized Office,3,CENTRAL,47.59693,-122.31124,1963,1.0,2,28296,0,28296,Office,Office,26899.0,,,,,80.0,1328461.25,False,9.26,0.33,Mono-usage,53,0.0,1.0,0,1
2016,Multifamily MR (5-9),Other,7,DOWNTOWN,47.60791,-122.3414,1982,1.0,5,124260,81900,42360,"Multifamily Housing, Office, Parking",Parking,81900.0,Multifamily Housing,31924.0,Office,4049.0,,1527695.5,False,10.65,0.09,Multi-usages,34,0.6591018831482376,0.3408981168517624,1,3
2016,Multifamily MR (5-9),Mid-Rise Multifamily,3,Central,47.61727,-122.30682,1998,1.0,6,71597,0,71597,"Multifamily Housing, Retail Store",Multifamily Housing,40043.0,Retail Store,4480.0,,,,1570758.25,False,10.95,0.15,Multi-usages,18,0.0,1.0,1,2
2016,NonResidential,Small- and Mid-Sized Office,3,CENTRAL,47.61744,-122.30514,1999,1.0,3,31357,0,31357,"Medical Office, Office, Parking",Office,25500.0,Medical Office,5000.0,Parking,0.0,55.0,1965075.625,False,22.48,0.72,Multi-usages,17,0.0,1.0,1,3
2016,NonResidential,Distribution Center,2,GREATER DUWAMISH,47.55945,-122.33601,1968,1.0,1,160000,0,160000,Distribution Center,Distribution Center,160000.0,,,,,94.0,1157976.5,False,8.07,0.05,Mono-usage,48,0.0,1.0,0,1
2016,NonResidential,Warehouse,2,GREATER DUWAMISH,47.55601,-122.33627,1960,1.0,1,53550,0,53550,Non-Refrigerated Warehouse,Non-Refrigerated Warehouse,53550.0,,,,,11.0,4590246.5,False,174.62,3.26,Mono-usage,56,0.0,1.0,0,1
2016,NonResidential,Warehouse,2,GREATER DUWAMISH,47.55716,-122.33744,1924,1.0,1,38412,0,38412,"Non-Refrigerated Warehouse, Office",Non-Refrigerated Warehouse,32000.0,Office,8000.0,,,62.0,1628540.0,False,67.05,1.75,Multi-usages,92,0.0,1.0,1,2
2016,NonResidential,Self-Storage Facility,2,GREATER DUWAMISH,47.55662,-122.33728,1930,1.0,1,25881,0,25881,Self-Storage Facility,Self-Storage Facility,25881.0,,,,,,545426.375,False,3.8,0.15,Mono-usage,86,0.0,1.0,0,1
2016,Multifamily MR (5-9),Mid-Rise Multifamily,4,NORTHEAST,47.68195,-122.26481,1979,1.0,5,91560,0,91560,Multifamily Housing,Multifamily Housing,91560.0,,,,,76.0,2506927.5,False,17.48,0.19,Mono-usage,37,0.0,1.0,0,1
2016,Multifamily MR (5-9),Mid-Rise Multifamily,3,CENTRAL,47.59985,-122.30297,2001,1.0,5,23286,0,23286,"Multifamily Housing, Parking, Retail Store",Multifamily Housing,22282.0,Parking,10904.0,Retail Store,2236.0,,941688.875,False,6.56,0.28,Multi-usages,15,0.0,1.0,1,3
2016,Multifamily LR (1-4),Low-Rise Multifamily,5,NORTHWEST,47.69644,-122.35504,1989,1.0,4,37456,0,37456,Multifamily Housing,Multifamily Housing,37456.0,,,,,72.0,985966.625,False,6.87,0.18,Mono-usage,27,0.0,1.0,0,1
2016,Multifamily MR (5-9),Mid-Rise Multifamily,3,EAST,47.61815,-122.32771,1963,1.0,8,50784,0,50784,Multifamily Housing,Multifamily Housing,50784.0,,,,,63.0,1802805.125,False,27.7,0.55,Mono-usage,53,0.0,1.0,0,1
2016,Multifamily HR (10+),High-Rise Multifamily,3,EAST,47.61249,-122.32303,1960,1.0,10,38220,0,38220,Multifamily Housing,Multifamily Housing,38220.0,,,,,40.0,3356932.25,False,149.53,3.91,Mono-usage,56,0.0,1.0,0,1
2016,Multifamily LR (1-4),Low-Rise Multifamily,3,CENTRAL,47.60838,-122.31049,1981,1.0,4,35251,0,35251,Multifamily Housing,Multifamily Housing,35254.0,,,,,46.0,798322.375,False,5.57,0.16,Mono-usage,35,0.0,1.0,0,1
2016,NonResidential,Small- and Mid-Sized Office,2,GREATER DUWAMISH,47.55498,-122.32497,1953,1.0,1,24291,0,24291,Office,Office,24023.0,,,,,98.0,655422.375,False,19.61,0.81,Mono-usage,63,0.0,1.0,0,1
2016,NonResidential,Warehouse,2,GREATER DUWAMISH,47.55458,-122.32639,1966,1.0,1,36544,0,36544,Non-Refrigerated Warehouse,Non-Refrigerated Warehouse,36544.0,,,,,5.0,1269847.75,False,8.85,0.24,Mono-usage,50,0.0,1.0,0,1
2016,Multifamily LR (1-4),Low-Rise Multifamily,5,NORTH,47.69646,-122.31716,1999,1.0,4,35456,0,35456,Multifamily Housing,Multifamily Housing,35456.0,,,,,86.0,953432.1875,False,22.93,0.65,Mono-usage,17,0.0,1.0,0,1
2016,NonResidential,Warehouse,2,GREATER DUWAMISH,47.58387,-122.32092,1949,1.0,1,20796,0,20796,Non-Refrigerated Warehouse,Non-Refrigerated Warehouse,20796.0,,,,,,1324092.125,False,51.1,2.46,Mono-usage,67,0.0,1.0,0,1
2016,NonResidential,Distribution Center,2,GREATER DUWAMISH,47.5822,-122.321,1947,1.0,1,21349,0,21349,"Distribution Center, Office",Distribution Center,13000.0,Office,8349.0,,,70.0,659761.875,False,17.04,0.8,Multi-usages,69,0.0,1.0,1,2
2016,NonResidential,Warehouse,2,GREATER DUWAMISH,47.58082,-122.32031,1936,1.0,1,38630,0,38630,Non-Refrigerated Warehouse,Non-Refrigerated Warehouse,38500.0,,,,,33.0,416885.5938,False,2.91,0.08,Mono-usage,80,0.0,1.0,0,1
2016,NonResidential,Warehouse,2,GREATER DUWAMISH,47.58032,-122.32083,1950,1.0,1,20724,0,20724,"Non-Refrigerated Warehouse, Office",Non-Refrigerated Warehouse,19224.0,Office,1500.0,,,,1832031.5,False,83.3,4.02,Multi-usages,66,0.0,1.0,1,2
2016,NonResidential,Other,2,GREATER DUWAMISH,47.5793,-122.32226,1960,1.0,1,24109,0,24109,"Manufacturing/Industrial Plant, Parking",Manufacturing/Industrial Plant,24109.0,Parking,0.0,,,,4747403.5,False,33.1,1.37,Multi-usages,56,0.0,1.0,1,2
2016,NonResidential,Refrigerated Warehouse,2,GREATER DUWAMISH,47.58118,-122.32211,1955,1.0,1,25375,0,25375,"Office, Refrigerated Warehouse",Refrigerated Warehouse,23419.0,Office,2266.0,,,,4069301.5,False,28.37,1.12,Multi-usages,61,0.0,1.0,1,2
2016,Nonresidential COS,Warehouse,2,GREATER DUWAMISH,47.5829,-122.32417,1985,1.0,1,22803,0,22803,"Non-Refrigerated Warehouse, Other",Non-Refrigerated Warehouse,19373.0,Other,3430.0,,,78.0,764094.5,False,21.5,0.94,Multi-usages,31,0.0,1.0,1,2
2016,Nonresidential COS,Mixed Use Property,2,GREATER DUWAMISH,47.5829,-122.32417,1985,1.0,1,23100,0,23100,"Office, Other - Public Services",Office,11550.0,Other - Public Services,11550.0,,,,4323672.0,False,157.07,6.8,Multi-usages,31,0.0,1.0,1,2
2016,NonResidential,Refrigerated Warehouse,2,GREATER DUWAMISH,47.58252,-122.32193,1951,1.0,1,41550,0,41550,Refrigerated Warehouse,Refrigerated Warehouse,41550.0,,,,,94.0,642645.1875,False,4.48,0.11,Mono-usage,65,0.0,1.0,0,1
2016,NonResidential,Other,1,GREATER DUWAMISH,47.52305,-122.31899,1994,1.0,2,54170,0,54170,Other,Other,54170.0,,,,,,5804784.5,False,178.35,3.29,Mono-usage,22,0.0,1.0,0,1
2016,SPS-District K-12,K-12 School,1,GREATER DUWAMISH,47.52361,-122.32469,2000,1.0,2,64493,0,64493,K-12 School,K-12 School,64493.0,,,,,85.0,1989763.875,True,28.57,0.44,Mono-usage,16,0.0,1.0,0,1
2016,NonResidential,K-12 School,2,SOUTHEAST,47.55095,-122.27978,1912,1.0,2,42252,0,42252,K-12 School,K-12 School,42252.0,,,,,49.0,2203758.5,False,102.35,2.42,Mono-usage,104,0.0,1.0,0,1
2016,NonResidential,Self-Storage Facility,2,GREATER DUWAMISH,47.54514,-122.28596,1955,1.0,1,23100,0,23100,Self-Storage Facility,Self-Storage Facility,23250.0,,,,,,863703.0,False,13.87,0.6,Mono-usage,61,0.0,1.0,0,1
2016,NonResidential,Worship Facility,2,SOUTHEAST,47.5419,-122.28302,1981,1.0,3,22895,0,22895,"Parking, Worship Facility",Worship Facility,22895.0,Parking,0.0,,,96.0,440419.1875,False,12.92,0.56,Multi-usages,35,0.0,1.0,1,2
2016,NonResidential,Retail Store,2,GREATER DUWAMISH,47.53922,-122.28295,2002,1.0,2,54211,17471,36740,"Parking, Retail Store, Supermarket/Grocery Store",Retail Store,30000.0,Supermarket/Grocery Store,5000.0,Parking,4000.0,100.0,1267463.125,True,8.84,0.16,Multi-usages,14,0.3222777665049529,0.6777222334950471,1,3
2016,Multifamily LR (1-4),Low-Rise Multifamily,2,SOUTHEAST,47.52888,-122.26961,1921,1.0,3,22170,0,22170,"Multifamily Housing, Retail Store",Multifamily Housing,15000.0,Retail Store,7200.0,,,,706879.5,False,7.31,0.33,Multi-usages,95,0.0,1.0,1,2
2016,Multifamily LR (1-4),Low-Rise Multifamily,2,SOUTHEAST,47.52827,-122.26955,1962,1.0,4,21640,0,21640,Multifamily Housing,Multifamily Housing,21640.0,,,,,89.0,592221.0,False,4.13,0.19,Mono-usage,54,0.0,1.0,0,1
2016,Multifamily LR (1-4),Low-Rise Multifamily,2,SOUTHEAST,47.52971,-122.2696,2010,1.0,4,88043,0,88043,"Multifamily Housing, Parking",Multifamily Housing,66286.0,Parking,21744.0,,,82.0,2468322.5,False,59.7,0.68,Multi-usages,6,0.0,1.0,1,2
2016,SPS-District K-12,K-12 School,2,SOUTHEAST,47.49917,-122.26306,1961,1.0,1,41428,0,41428,K-12 School,K-12 School,41428.0,,,,,90.0,1404702.25,True,44.27,1.07,Mono-usage,55,0.0,1.0,0,1
2016,Multifamily MR (5-9),Mid-Rise Multifamily,2,SOUTHEAST,47.57059,-122.29047,2005,1.0,7,289471,81556,207915,"Lifestyle Center, Multifamily Housing, Office, Parking",Multifamily Housing,175880.0,Parking,89425.0,Office,13528.0,75.0,9367205.0,False,312.6,1.08,Multi-usages,11,0.2817415216032003,0.7182584783967997,1,4
2016,Multifamily LR (1-4),Low-Rise Multifamily,6,Northwest,47.67561,-122.324,1983,1.0,4,35577,0,35577,"Multifamily Housing, Parking",Multifamily Housing,28567.0,Parking,7010.0,,,55.0,1026041.125,False,7.15,0.2,Multi-usages,33,0.0,1.0,1,2
2016,Multifamily LR (1-4),Low-Rise Multifamily,6,NORTHWEST,47.68124,-122.34493,2009,1.0,4,41474,14084,27390,"Multifamily Housing, Office",Multifamily Housing,19386.0,Office,3900.0,,,,823032.375,False,5.74,0.14,Multi-usages,7,0.3395862468052273,0.6604137531947726,1,2
2016,Multifamily LR (1-4),Low-Rise Multifamily,5,NORTH,47.69522,-122.31731,1970,1.0,3,22045,1869,20176,"Multifamily Housing, Parking",Multifamily Housing,22000.0,Parking,1279.0,,,59.0,615327.8125,False,4.29,0.19,Multi-usages,46,0.0847811295078249,0.9152188704921752,1,2
2016,Multifamily LR (1-4),Low-Rise Multifamily,5,NORTHEAST,47.69175,-122.30396,1990,1.0,4,37091,0,37091,Multifamily Housing,Multifamily Housing,37091.0,,,,,87.0,793060.875,False,5.53,0.15,Mono-usage,26,0.0,1.0,0,1
2016,Multifamily LR (1-4),Low-Rise Multifamily,5,NORTH,47.69321,-122.30597,1990,0.0,3,30110,0,30110,"Multifamily Housing, Parking",Multifamily Housing,26012.0,Parking,4098.0,,,96.0,522791.0938,False,3.64,0.12,Multi-usages,26,0.0,1.0,1,2
2016,NonResidential,Self-Storage Facility,5,NORTHEAST,47.69316,-122.30487,2006,1.0,6,48179,7132,41047,Self-Storage Facility,Self-Storage Facility,48179.0,,,,,,797170.3125,False,12.22,0.25,Mono-usage,10,0.148031299943959,0.851968700056041,0,1
2016,Multifamily LR (1-4),Low-Rise Multifamily,5,NORTHEAST,47.69744,-122.30455,1970,1.0,4,25300,0,25300,Multifamily Housing,Multifamily Housing,25300.0,,,,,81.0,646505.1875,False,4.51,0.18,Mono-usage,46,0.0,1.0,0,1
2016,Multifamily LR (1-4),Low-Rise Multifamily,5,NORTH,47.69694,-122.31729,1993,1.0,4,26390,0,26390,Multifamily Housing,Multifamily Housing,14502.0,,,,,,826416.5,False,5.76,0.22,Mono-usage,23,0.0,1.0,0,1
2016,NonResidential,Warehouse,2,GREATER DUWAMISH,47.59294,-122.32555,1937,1.0,1,52325,0,52325,Non-Refrigerated Warehouse,Non-Refrigerated Warehouse,52325.0,,,,,67.0,808968.1875,False,18.03,0.34,Mono-usage,79,0.0,1.0,0,1
2016,NonResidential,Other,2,GREATER DUWAMISH,47.59322,-122.32491,1920,1.0,4,20600,0,20600,"Repair Services (Vehicle, Shoe, Locksmith, etc)","Repair Services (Vehicle, Shoe, Locksmith, etc)",20600.0,,,,,,270838.5,False,9.71,0.47,Mono-usage,96,0.0,1.0,1,4
2016,Campus,Other,2,GREATER DUWAMISH,47.59042,-122.32498,1991,10.0,0,230971,0,230971,"Other, Parking",Other,230970.0,Parking,0.0,,,,21022288.0,False,405.05,1.75,Multi-usages,25,0.0,1.0,1,2
2016,NonResidential,Retail Store,2,GREATER DUWAMISH,47.58698,-122.32397,1944,1.0,1,25880,0,25880,Retail Store,Retail Store,25880.0,,,,,100.0,162960.0,False,1.14,0.04,Mono-usage,72,0.0,1.0,0,1
2016,NonResidential,Warehouse,2,GREATER DUWAMISH,47.58336,-122.32525,1960,1.0,1,45842,0,45842,"Non-Refrigerated Warehouse, Office",Non-Refrigerated Warehouse,49802.0,Office,22198.0,,,99.0,819354.625,False,12.55,0.27,Multi-usages,56,0.0,1.0,1,2
2016,NonResidential,Other,2,GREATER DUWAMISH,47.57936,-122.32322,1972,1.0,1,31365,0,31365,Other,Other,31365.0,,,,,,652991.6875,False,5.09,0.16,Mono-usage,44,0.0,1.0,0,1
2016,NonResidential,Other,2,GREATER DUWAMISH,47.57959,-122.32557,1910,1.0,1,32100,0,32100,Other,Other,32100.0,,,,,,758008.875,False,25.77,0.8,Mono-usage,106,0.0,1.0,0,1
2016,NonResidential,Warehouse,2,GREATER DUWAMISH,47.57895,-122.32551,1966,1.0,1,20520,0,20520,"Non-Refrigerated Warehouse, Office",Non-Refrigerated Warehouse,15400.0,Office,5120.0,,,20.0,1167887.75,False,40.85,1.99,Multi-usages,50,0.0,1.0,1,2
2016,NonResidential,Warehouse,2,GREATER DUWAMISH,47.57833,-122.32563,1945,1.0,1,22972,0,22972,Non-Refrigerated Warehouse,Non-Refrigerated Warehouse,22972.0,,,,,12.0,495481.0,False,3.45,0.15,Mono-usage,71,0.0,1.0,0,1
2016,NonResidential,Warehouse,2,GREATER DUWAMISH,47.57934,-122.32501,1953,1.0,1,24990,0,24990,"Non-Refrigerated Warehouse, Office",Non-Refrigerated Warehouse,25649.0,Office,6728.0,,,80.0,523614.0938,False,8.7,0.35,Multi-usages,63,0.0,1.0,1,2
2016,NonResidential,Retail Store,2,GREATER DUWAMISH,47.57667,-122.32542,1951,1.0,2,24000,0,24000,"Office, Retail Store",Retail Store,22740.0,Office,4860.0,,,,1318947.25,False,40.94,1.71,Multi-usages,65,0.0,1.0,1,2
2016,NonResidential,Warehouse,2,GREATER DUWAMISH,47.56845,-122.32732,1963,1.0,1,100386,0,100386,"Non-Refrigerated Warehouse, Other - Services",Non-Refrigerated Warehouse,50628.0,Other - Services,49758.0,,,,3626431.5,False,95.93,0.96,Multi-usages,53,0.0,1.0,1,2
2016,NonResidential,Distribution Center,2,GREATER DUWAMISH,47.56758,-122.32638,1966,1.0,1,24354,0,24354,"Distribution Center, Office",Distribution Center,18470.0,Office,5884.0,,,10.0,735907.8125,False,17.29,0.71,Multi-usages,50,0.0,1.0,1,2
2016,NonResidential,Distribution Center,2,GREATER DUWAMISH,47.56823,-122.32506,1959,1.0,1,33600,0,33600,"Distribution Center, Office",Distribution Center,24000.0,Office,9600.0,,,58.0,847419.375,False,15.35,0.46,Multi-usages,57,0.0,1.0,1,2
2016,NonResidential,Other,2,GREATER DUWAMISH,47.56671,-122.32446,1974,1.0,1,20819,0,20819,Manufacturing/Industrial Plant,Manufacturing/Industrial Plant,20819.0,,,,,,1694930.375,False,51.27,2.46,Mono-usage,42,0.0,1.0,0,1
2016,NonResidential,Warehouse,2,GREATER DUWAMISH,47.5668,-122.32499,1967,1.0,1,23296,0,23296,"Non-Refrigerated Warehouse, Office",Non-Refrigerated Warehouse,19471.0,Office,3825.0,,,,1429855.75,False,40.01,1.72,Multi-usages,49,0.0,1.0,1,2
2016,NonResidential,Mixed Use Property,2,GREATER DUWAMISH,47.57019,-122.32352,1954,1.0,1,35222,0,35222,"Non-Refrigerated Warehouse, Parking, Repair Services (Vehicle, Shoe, Locksmith, etc), Retail Store",Non-Refrigerated Warehouse,15000.0,"Repair Services (Vehicle, Shoe, Locksmith, etc)",15000.0,Retail Store,4232.0,,1758134.625,False,40.42,1.15,Multi-usages,62,0.0,1.0,1,7
2016,NonResidential,Refrigerated Warehouse,2,GREATER DUWAMISH,47.5668,-122.32149,1957,1.0,1,25520,0,25520,Refrigerated Warehouse,Refrigerated Warehouse,25200.0,,,,,100.0,1610794.75,False,59.0,2.31,Mono-usage,59,0.0,1.0,0,1
2016,Multifamily LR (1-4),Low-Rise Multifamily,2,GREATER DUWAMISH,47.58962,-122.31764,1983,1.0,4,28176,0,28176,"Multifamily Housing, Parking",Multifamily Housing,28176.0,Parking,6200.0,,,98.0,648634.875,False,4.52,0.16,Multi-usages,33,0.0,1.0,1,2
2016,Multifamily LR (1-4),Low-Rise Multifamily,2,GREATER DUWAMISH,47.53871,-122.28511,2001,1.0,3,59846,0,59846,Multifamily Housing,Multifamily Housing,59846.0,,,,,72.0,1986556.25,False,39.61,0.66,Mono-usage,15,0.0,1.0,0,1
2016,Multifamily LR (1-4),Senior Care Community,2,GREATER DUWAMISH,47.54027,-122.28551,2001,1.0,3,66363,0,66363,Senior Care Community,Senior Care Community,66363.0,,,,,91.0,2168701.5,False,39.75,0.6,Mono-usage,15,0.0,1.0,0,1
2016,Multifamily LR (1-4),Low-Rise Multifamily,2,GREATER DUWAMISH,47.54027,-122.28551,2001,1.0,3,121635,0,121635,Multifamily Housing,Multifamily Housing,121635.0,,,,,3.0,7308538.0,False,160.8,1.32,Mono-usage,15,0.0,1.0,0,1
2016,Multifamily LR (1-4),Low-Rise Multifamily,7,MAGNOLIA / QUEEN ANNE,47.6424,-122.38439,1969,1.0,4,22207,0,22207,Multifamily Housing,Multifamily Housing,22206.0,,,,,,628543.0,False,15.87,0.71,Mono-usage,47,0.0,1.0,0,1
2016,Multifamily LR (1-4),Low-Rise Multifamily,2,SOUTHEAST,47.52845,-122.2708,1953,1.0,2,20645,0,20645,Multifamily Housing,Multifamily Housing,20645.0,,,,,,767642.8125,False,5.35,0.26,Mono-usage,63,0.0,1.0,0,1
2016,Multifamily LR (1-4),Low-Rise Multifamily,5,NORTH,47.69779,-122.28988,1968,1.0,4,20278,0,20278,Multifamily Housing,Multifamily Housing,20278.0,,,,,77.0,498649.3125,False,3.48,0.17,Mono-usage,48,0.0,1.0,0,1
2016,Multifamily LR (1-4),Low-Rise Multifamily,3,EAST,47.62177,-122.32338,1925,1.0,3,20832,0,20832,Multifamily Housing,Multifamily Housing,20832.0,,,,,34.0,1633141.125,False,71.16,3.42,Mono-usage,91,0.0,1.0,0,1
2016,Multifamily LR (1-4),Low-Rise Multifamily,1,DELRIDGE,47.54969,-122.36408,1993,1.0,3,67313,0,67313,Multifamily Housing,Multifamily Housing,67313.0,,,,,36.0,2557933.75,False,17.83,0.26,Mono-usage,23,0.0,1.0,0,1
2016,Multifamily LR (1-4),Low-Rise Multifamily,1,DELRIDGE,47.5425,-122.36012,2005,1.0,2,25951,0,25951,Multifamily Housing,Multifamily Housing,25951.0,,,,,38.0,850615.8125,False,5.93,0.23,Mono-usage,11,0.0,1.0,0,1
2016,NonResidential,Other,2,GREATER DUWAMISH,47.58754,-122.3224,1952,1.0,1,25460,0,25460,Other,Other,8223.0,,,,,,834711.875,False,5.82,0.23,Mono-usage,64,0.0,1.0,0,1
2016,Multifamily LR (1-4),Low-Rise Multifamily,1,DELRIDGE,47.54141,-122.36166,1987,1.0,3,85695,0,85695,Multifamily Housing,Multifamily Housing,85695.0,,,,,72.0,2251887.5,True,15.7,0.18,Mono-usage,29,0.0,1.0,0,1
2016,Multifamily LR (1-4),Low-Rise Multifamily,1,DELRIDGE,47.54047,-122.36169,1970,1.0,3,46986,0,46986,Multifamily Housing,Multifamily Housing,46986.0,,,,,72.0,1433398.75,False,9.99,0.21,Mono-usage,46,0.0,1.0,0,1
2016,SPS-District K-12,K-12 School,1,DELRIDGE,47.53961,-122.35866,1970,1.0,1,41526,0,41526,K-12 School,K-12 School,41526.0,,,,,79.0,1814947.0,True,56.04,1.35,Mono-usage,46,0.0,1.0,0,1
2016,Multifamily LR (1-4),Low-Rise Multifamily,6,NORTHWEST,47.70414,-122.35789,1987,1.0,3,41332,0,41332,"Multifamily Housing, Parking",Multifamily Housing,32676.0,Parking,8656.0,,,81.0,941257.3125,False,6.56,0.16,Multi-usages,29,0.0,1.0,1,2
2016,NonResidential,Small- and Mid-Sized Office,5,NORTH,47.70008,-122.30321,1974,1.0,2,24291,0,24291,Office,Office,24291.0,,,,,87.0,920430.625,False,6.42,0.26,Mono-usage,42,0.0,1.0,0,1
2016,NonResidential,Retail Store,5,NORTH,47.70053,-122.3038,1958,1.0,2,20738,0,20738,Retail Store,Retail Store,20738.0,,,,,44.0,526752.8125,False,3.67,0.18,Mono-usage,58,0.0,1.0,0,1
2016,Multifamily LR (1-4),Low-Rise Multifamily,5,NORTH,47.70093,-122.32275,1990,1.0,4,27344,0,27344,"Multifamily Housing, Parking",Multifamily Housing,21616.0,Parking,5728.0,,,31.0,806370.3125,False,5.62,0.21,Multi-usages,26,0.0,1.0,1,2
2016,NonResidential,Mixed Use Property,5,NORTH,47.70175,-122.30269,2000,1.0,4,30948,0,30948,"Office, Other",Office,11729.0,Other,11729.0,,,,919746.3125,False,6.41,0.21,Multi-usages,16,0.0,1.0,1,2
2016,Multifamily LR (1-4),Low-Rise Multifamily,5,NORTH,47.7026,-122.30211,1991,1.0,4,63670,0,63670,Multifamily Housing,Multifamily Housing,63670.0,,,,,37.0,2100813.5,False,14.65,0.23,Mono-usage,25,0.0,1.0,0,1
2016,NonResidential,Medical Office,5,NORTH,47.7044,-122.32285,1986,1.0,2,28385,7056,21329,Medical Office,Medical Office,20575.0,,,,,1.0,2654316.0,False,18.5,0.65,Mono-usage,30,0.2485819975339087,0.7514180024660913,0,1
2016,Multifamily LR (1-4),Low-Rise Multifamily,5,NORTH,47.7033,-122.32209,1989,1.0,4,64195,0,64195,"Multifamily Housing, Parking",Multifamily Housing,48965.0,Parking,15230.0,,,72.0,1532390.25,False,10.68,0.17,Multi-usages,27,0.0,1.0,1,2
2016,Multifamily LR (1-4),Low-Rise Multifamily,5,NORTH,47.69239,-122.31738,1992,1.0,4,22935,0,22935,"Multifamily Housing, Parking",Multifamily Housing,22935.0,Parking,10400.0,,,,493969.6875,False,3.44,0.15,Multi-usages,24,0.0,1.0,1,2
2016,Multifamily MR (5-9),Mid-Rise Multifamily,3,EAST,47.61554,-122.31572,2014,1.0,6,84389,0,84389,"Multifamily Housing, Parking",Multifamily Housing,84389.0,Parking,3452.0,,,91.0,2526375.0,False,61.21,0.73,Multi-usages,2,0.0,1.0,1,2
2016,Multifamily LR (1-4),Low-Rise Multifamily,3,EAST,47.61742,-122.31521,1923,1.0,4,30920,0,30920,"Multifamily Housing, Parking",Multifamily Housing,30920.0,Parking,7260.0,,,73.0,1166069.875,False,27.14,0.88,Multi-usages,93,0.0,1.0,1,2
2016,NonResidential,Warehouse,2,GREATER DUWAMISH,47.57254,-122.32549,1978,1.0,1,21755,0,21755,"Non-Refrigerated Warehouse, Office",Non-Refrigerated Warehouse,17650.0,Office,2400.0,,,,844076.8125,False,17.51,0.8,Multi-usages,38,0.0,1.0,1,2
2016,NonResidential,Other,2,GREATER DUWAMISH,47.57217,-122.32421,1960,1.0,1,27933,0,27933,Other,Other,27933.0,,,,,,6129780.0,False,42.73,1.53,Mono-usage,56,0.0,1.0,0,1
2016,NonResidential,Small- and Mid-Sized Office,2,GREATER DUWAMISH,47.57013,-122.3244,1983,1.0,1,23143,0,23143,"Non-Refrigerated Warehouse, Office",Office,15609.0,Non-Refrigerated Warehouse,7534.0,,,75.0,1139980.625,False,38.87,1.68,Multi-usages,33,0.0,1.0,1,2
2016,NonResidential,Small- and Mid-Sized Office,2,GREATER DUWAMISH,47.57075,-122.32724,1962,1.0,1,28800,0,28800,"Non-Refrigerated Warehouse, Office",Office,28800.0,Non-Refrigerated Warehouse,7350.0,,,73.0,2107743.75,False,60.12,2.09,Multi-usages,54,0.0,1.0,1,2
2016,NonResidential,Warehouse,2,GREATER DUWAMISH,47.57294,-122.32811,1952,1.0,1,39600,0,39600,Non-Refrigerated Warehouse,Non-Refrigerated Warehouse,39600.0,,,,,85.0,405050.4063,False,2.82,0.07,Mono-usage,64,0.0,1.0,0,1
2016,NonResidential,Warehouse,2,GREATER DUWAMISH,47.57199,-122.32811,1952,1.0,1,39600,0,39600,Non-Refrigerated Warehouse,Non-Refrigerated Warehouse,39600.0,,,,,91.0,468396.9063,False,9.25,0.23,Mono-usage,64,0.0,1.0,0,1
2016,NonResidential,Distribution Center,2,GREATER DUWAMISH,47.57747,-122.32844,1937,1.0,1,41248,0,41248,Distribution Center,Distribution Center,41430.0,,,,,37.0,1108310.875,False,16.5,0.4,Mono-usage,79,0.0,1.0,0,1
2016,NonResidential,Other,2,GREATER DUWAMISH,47.57587,-122.32789,2009,1.0,1,36400,0,36400,"Other, Retail Store",Other,21400.0,Retail Store,15000.0,,,,1567746.75,False,46.16,1.27,Multi-usages,7,0.0,1.0,1,2
2016,Multifamily LR (1-4),Low-Rise Multifamily,1,DELRIDGE,47.52265,-122.35888,1968,1.0,3,35448,0,35448,"Multifamily Housing, Parking",Multifamily Housing,30932.0,Parking,4516.0,,,76.0,819803.6875,False,5.72,0.16,Multi-usages,48,0.0,1.0,1,2
2016,NonResidential,Other,1,SOUTHWEST,47.56398,-122.38727,1920,1.0,1,31332,0,31332,Other,Other,31332.0,,,,,,3573328.25,False,24.91,0.8,Mono-usage,96,0.0,1.0,0,1
2016,Multifamily LR (1-4),Low-Rise Multifamily,1,SOUTHWEST,47.56451,-122.38773,1969,1.0,4,23596,0,23596,Multifamily Housing,Multifamily Housing,19953.0,,,,,91.0,501897.6875,False,3.5,0.15,Mono-usage,47,0.0,1.0,0,1
2016,NonResidential,Worship Facility,1,SOUTHWEST,47.57177,-122.38716,1948,1.0,2,35864,0,35864,Worship Facility,Worship Facility,35864.0,,,,,75.0,1228113.5,False,43.64,1.22,Mono-usage,68,0.0,1.0,0,1
2016,Multifamily LR (1-4),Low-Rise Multifamily,1,SOUTHWEST,47.57098,-122.38725,1996,1.0,4,42048,11249,30799,"Multifamily Housing, Parking",Multifamily Housing,30799.0,Parking,11249.0,,,54.0,901015.1875,False,6.28,0.15,Multi-usages,20,0.2675275875190259,0.7324724124809742,1,2
2016,Multifamily MR (5-9),Mid-Rise Multifamily,2,SOUTHEAST,47.52077,-122.26216,1967,1.0,6,71000,0,71000,Multifamily Housing,Multifamily Housing,71000.0,,,,,100.0,1041652.813,False,7.26,0.1,Mono-usage,49,0.0,1.0,0,1
2016,Multifamily LR (1-4),Low-Rise Multifamily,2,GREATER DUWAMISH,47.5903,-122.31824,1969,1.0,4,32922,0,32922,Multifamily Housing,Multifamily Housing,32922.0,,,,,81.0,776237.375,False,5.41,0.16,Mono-usage,47,0.0,1.0,0,1
2016,NonResidential,Worship Facility,2,GREATER DUWAMISH,47.55464,-122.31576,1954,1.0,1,20484,0,20484,Worship Facility,Worship Facility,20484.0,,,,,69.0,822636.625,False,38.38,1.87,Mono-usage,62,0.0,1.0,0,1
2016,NonResidential,Medical Office,4,NORTHEAST,47.66169,-122.28558,1984,1.0,4,45264,17622,27642,Medical Office,Medical Office,21743.0,,,,,4.0,1849331.25,False,12.89,0.28,Mono-usage,32,0.3893160127253446,0.6106839872746553,0,1
2016,NonResidential,Medical Office,4,NORTHEAST,47.66159,-122.28606,1987,2.0,4,36932,14576,22356,Medical Office,Medical Office,27642.0,,,,,,2824096.75,False,19.69,0.53,Mono-usage,29,0.3946712877721217,0.6053287122278782,0,1
2016,Multifamily LR (1-4),Low-Rise Multifamily,5,NORTH,47.71854,-122.2917,1980,1.0,4,20808,0,20808,Multifamily Housing,Multifamily Housing,20808.0,,,,,78.0,535649.875,False,3.73,0.18,Mono-usage,36,0.0,1.0,0,1
2016,NonResidential,Other,3,CENTRAL,47.60775,-122.31198,1973,1.0,4,45082,0,45082,Other/Specialty Hospital,Other/Specialty Hospital,45082.0,,,,,,4262316.5,False,93.5,2.07,Mono-usage,43,0.0,1.0,0,1
2016,NonResidential,Worship Facility,6,NORTHWEST,47.68351,-122.35482,1951,0.0,2,41600,0,41600,Worship Facility,Worship Facility,41600.0,,,,,58.0,1195165.25,False,30.99,0.74,Mono-usage,65,0.0,1.0,0,1
2016,Multifamily MR (5-9),Mid-Rise Multifamily,3,EAST,47.62632,-122.3263,1981,1.0,7,61745,0,61745,"Multifamily Housing, Parking",Multifamily Housing,49378.0,Parking,13987.0,,,96.0,1210798.375,False,8.44,0.14,Multi-usages,35,0.0,1.0,1,2
2016,NonResidential,Small- and Mid-Sized Office,4,LAKE UNION,47.63567,-122.32522,1960,1.0,2,34110,0,34110,Office,Office,34110.0,,,,,31.0,2563985.5,False,17.87,0.52,Mono-usage,56,0.0,1.0,0,1
2016,Multifamily LR (1-4),Low-Rise Multifamily,4,LAKE UNION,47.6352,-122.32454,1994,1.0,4,42712,0,42712,"Multifamily Housing, Parking",Multifamily Housing,42712.0,Parking,13937.0,,,99.0,871805.3125,False,6.08,0.14,Multi-usages,22,0.0,1.0,1,2
2016,Multifamily LR (1-4),Low-Rise Multifamily,4,LAKE UNION,47.63516,-122.32502,1999,1.0,3,43969,0,43969,"Multifamily Housing, Parking",Multifamily Housing,27072.0,Parking,16897.0,,,89.0,754098.5,False,5.26,0.12,Multi-usages,17,0.0,1.0,1,2
2016,Multifamily MR (5-9),Mid-Rise Multifamily,6,BALLARD,47.669,-122.37802,2007,1.0,8,128571,0,128571,"Financial Office, Multifamily Housing, Retail Store",Multifamily Housing,69438.0,Financial Office,3754.0,Retail Store,778.0,,3010890.0,False,73.14,0.57,Multi-usages,9,0.0,1.0,1,3
2016,Multifamily LR (1-4),Low-Rise Multifamily,1,SOUTHWEST,47.56126,-122.38713,1925,1.0,3,21239,0,21239,Multifamily Housing,Multifamily Housing,21239.0,,,,,,454124.3125,False,3.23,0.15,Mono-usage,91,0.0,1.0,0,1
2016,Multifamily MR (5-9),Mid-Rise Multifamily,1,SOUTHWEST,47.5628,-122.38904,1997,1.0,5,26843,0,26843,"Multifamily Housing, Parking",Multifamily Housing,21815.0,Parking,5028.0,,,99.0,607817.1875,False,17.92,0.67,Multi-usages,19,0.0,1.0,1,2
2016,Multifamily LR (1-4),Low-Rise Multifamily,1,SOUTHWEST,47.56194,-122.38919,1969,1.0,4,26280,0,26280,Multifamily Housing,Multifamily Housing,24695.0,,,,,81.0,816510.875,False,18.42,0.7,Mono-usage,47,0.0,1.0,0,1
2016,Multifamily LR (1-4),Low-Rise Multifamily,1,SOUTHWEST,47.53323,-122.37693,1980,1.0,4,26970,0,26970,"Multifamily Housing, Non-Refrigerated Warehouse, Parking",Multifamily Housing,26970.0,Parking,2800.0,Non-Refrigerated Warehouse,400.0,,676032.625,False,4.71,0.17,Multi-usages,36,0.0,1.0,1,3
2016,Multifamily MR (5-9),Mid-Rise Multifamily,3,EAST,47.61856,-122.32194,2005,1.0,5,46225,0,46225,"Multifamily Housing, Parking",Multifamily Housing,39865.0,Parking,8992.0,,,83.0,1640591.375,False,45.58,0.99,Multi-usages,11,0.0,1.0,1,2
2016,Multifamily LR (1-4),Low-Rise Multifamily,3,EAST,47.6185,-122.31581,1928,1.0,4,34040,0,34040,"Multifamily Housing, Parking",Multifamily Housing,25729.0,Parking,8311.0,,,94.0,1019487.188,False,28.66,0.84,Multi-usages,88,0.0,1.0,1,2
2016,NonResidential,Warehouse,2,GREATER DUWAMISH,47.57798,-122.32783,1970,1.0,1,23750,0,23750,"Non-Refrigerated Warehouse, Office",Non-Refrigerated Warehouse,19430.0,Office,1470.0,,,,522972.1875,False,3.65,0.15,Multi-usages,46,0.0,1.0,1,2
2016,NonResidential,Warehouse,2,GREATER DUWAMISH,47.57832,-122.32649,1970,1.0,1,43390,0,43390,"Non-Refrigerated Warehouse, Office",Non-Refrigerated Warehouse,36430.0,Office,6960.0,,,87.0,533742.8125,False,3.72,0.09,Multi-usages,46,0.0,1.0,1,2
2016,NonResidential,Warehouse,2,GREATER DUWAMISH,47.58238,-122.32719,1959,1.0,1,35400,0,35400,Non-Refrigerated Warehouse,Non-Refrigerated Warehouse,35400.0,,,,,84.0,419978.6875,False,9.29,0.26,Mono-usage,57,0.0,1.0,0,1
2016,NonResidential,Distribution Center,2,GREATER DUWAMISH,47.58517,-122.32853,1966,1.0,1,28144,0,28144,"Distribution Center, Office",Distribution Center,22201.0,Office,6087.0,,,19.0,858701.0,False,8.22,0.29,Multi-usages,50,0.0,1.0,1,2
2016,NonResidential,Warehouse,2,GREATER DUWAMISH,47.5842,-122.32826,1916,1.0,3,71283,0,71283,"Non-Refrigerated Warehouse, Office",Non-Refrigerated Warehouse,57910.0,Office,13373.0,,,41.0,2491238.25,False,43.17,0.61,Multi-usages,100,0.0,1.0,1,2
2016,NonResidential,Warehouse,2,GREATER DUWAMISH,47.58661,-122.3281,1989,1.0,1,23792,0,23792,"Non-Refrigerated Warehouse, Office",Non-Refrigerated Warehouse,22992.0,Office,800.0,,,,2852102.75,False,19.88,0.84,Multi-usages,27,0.0,1.0,1,2
2016,NonResidential,Small- and Mid-Sized Office,2,GREATER DUWAMISH,47.58895,-122.32833,1979,1.0,2,47368,0,47368,"Office, Parking",Office,47368.0,Parking,0.0,,,99.0,1042652.625,False,7.27,0.15,Multi-usages,37,0.0,1.0,1,2
2016,NonResidential,Mixed Use Property,2,GREATER DUWAMISH,47.58874,-122.32662,1931,1.0,1,46183,0,46183,"Food Service, Non-Refrigerated Warehouse, Retail Store",Non-Refrigerated Warehouse,18871.0,Food Service,14000.0,Retail Store,13312.0,,1890502.5,False,27.92,0.6,Multi-usages,85,0.0,1.0,1,3
2016,NonResidential,Small- and Mid-Sized Office,3,CENTRAL,47.60592,-122.31367,1984,1.0,5,72613,22788,49825,"Office, Parking",Office,49825.0,Parking,22788.0,,,84.0,2602213.75,False,41.96,0.58,Multi-usages,32,0.3138281024059052,0.6861718975940947,1,2
2016,Multifamily LR (1-4),Low-Rise Multifamily,3,CENTRAL,47.60585,-122.30927,1962,1.0,2,20931,0,20931,Multifamily Housing,Multifamily Housing,20931.0,,,,,39.0,1433504.375,False,64.35,3.07,Mono-usage,54,0.0,1.0,0,1
2016,NonResidential,Retail Store,2,SOUTHEAST,47.56514,-122.28781,1968,1.0,1,36071,0,36071,Retail Store,Retail Store,36071.0,,,,,97.0,1519952.125,True,50.76,1.41,Mono-usage,48,0.0,1.0,0,1
2016,SPS-District K-12,K-12 School,2,SOUTHEAST,47.56591,-122.28339,1989,1.0,3,51672,0,51672,K-12 School,K-12 School,51672.0,,,,,97.0,1436510.375,False,20.3,0.39,Mono-usage,27,0.0,1.0,0,1
2016,Nonresidential COS,Medical Office,2,SOUTHEAST,47.56364,-122.28572,1990,1.0,2,38352,11082,27270,"Medical Office, Office",Medical Office,19987.0,Office,7505.0,,,36.0,2108861.75,False,14.7,0.38,Multi-usages,26,0.2889549436795995,0.7110450563204005,1,2
2016,Multifamily LR (1-4),Low-Rise Multifamily,2,SOUTHEAST,47.56363,-122.28648,1966,1.0,2,21300,0,21300,Multifamily Housing,Multifamily Housing,21300.0,,,,,,588969.8125,False,4.11,0.19,Mono-usage,50,0.0,1.0,0,1
2016,Nonresidential COS,Mixed Use Property,2,SOUTHEAST,47.56214,-122.28143,1995,1.0,1,28425,0,28425,"Fitness Center/Health Club/Gym, Office, Other - Recreation",Fitness Center/Health Club/Gym,14081.0,Other - Recreation,12824.0,Office,1479.0,,2133797.75,False,57.25,2.01,Multi-usages,21,0.0,1.0,1,3
2016,Multifamily LR (1-4),Low-Rise Multifamily,6,NORTHWEST,47.70384,-122.35581,1987,1.0,4,70094,0,70094,"Multifamily Housing, Parking",Multifamily Housing,45929.0,Parking,24165.0,,,94.0,1400053.875,False,9.76,0.14,Multi-usages,29,0.0,1.0,1,2
2016,Multifamily LR (1-4),Low-Rise Multifamily,5,NORTH,47.71812,-122.2974,1987,1.0,4,134490,0,134490,"Multifamily Housing, Parking",Multifamily Housing,93472.0,Parking,41018.0,,,80.0,2712983.75,False,18.91,0.14,Multi-usages,29,0.0,1.0,1,2
2016,Multifamily LR (1-4),Low-Rise Multifamily,5,NORTH,47.71728,-122.29775,1976,1.0,3,36172,0,36172,"Multifamily Housing, Parking",Multifamily Housing,27172.0,Parking,0.0,,,73.0,716940.625,False,5.0,0.14,Multi-usages,40,0.0,1.0,1,2
2016,NonResidential,Other,5,NORTH,47.7139,-122.29794,2009,1.0,3,35115,0,35115,Automobile Dealership,Automobile Dealership,35115.0,,,,,,1922953.25,False,31.94,0.91,Mono-usage,7,0.0,1.0,0,1
2016,Multifamily LR (1-4),Low-Rise Multifamily,5,NORTHWEST,47.70089,-122.34555,1985,1.0,4,38100,0,38100,"Multifamily Housing, Parking",Multifamily Housing,32432.0,Parking,1000.0,,,73.0,1054581.375,False,7.35,0.19,Multi-usages,31,0.0,1.0,1,2
2016,NonResidential,Mixed Use Property,5,NORTHWEST,47.69734,-122.34639,1972,1.0,1,66704,0,66704,"Distribution Center, Non-Refrigerated Warehouse, Office, Other - Education, Parking",Other - Education,23904.0,Distribution Center,18500.0,Non-Refrigerated Warehouse,18500.0,,600516.875,False,19.77,0.3,Multi-usages,44,0.0,1.0,1,5
2016,Nonresidential COS,Warehouse,5,NORTHWEST,47.70117,-122.34284,1969,1.0,1,25658,0,25658,"Non-Refrigerated Warehouse, Office",Non-Refrigerated Warehouse,18854.0,Office,6804.0,,,,1063960.125,False,18.87,0.74,Multi-usages,47,0.0,1.0,1,2
2016,Multifamily LR (1-4),Low-Rise Multifamily,3,EAST,47.61894,-122.3162,1908,1.0,3,23490,0,23490,Multifamily Housing,Multifamily Housing,23490.0,,,,,58.0,1652833.25,False,75.64,3.22,Mono-usage,108,0.0,1.0,0,1
2016,Multifamily MR (5-9),Mid-Rise Multifamily,3,EAST,47.61949539,-122.3220656,2006,1.0,5,131050,43315,87735,"Multifamily Housing, Parking",Multifamily Housing,66679.0,Parking,32901.0,,,60.0,3129057.0,False,28.89,0.22,Multi-usages,10,0.3305227012590614,0.6694772987409385,1,2
2016,Multifamily LR (1-4),Low-Rise Multifamily,3,EAST,47.61911,-122.32244,1928,1.0,4,40800,0,40800,Multifamily Housing,Multifamily Housing,40800.0,,,,,87.0,2288635.0,False,103.19,2.53,Mono-usage,88,0.0,1.0,0,1
2016,Multifamily MR (5-9),Mid-Rise Multifamily,3,EAST,47.61932,-122.32257,1965,1.0,5,39226,0,39226,Multifamily Housing,Multifamily Housing,39226.0,,,,,77.0,911088.8125,False,6.35,0.16,Mono-usage,51,0.0,1.0,0,1
2016,NonResidential,Small- and Mid-Sized Office,3,EAST,47.61345,-122.3198,1907,1.0,2,36000,0,36000,"Office, Other",Office,27600.0,Other,8400.0,,,95.0,1046187.625,False,18.04,0.5,Multi-usages,109,0.0,1.0,1,2
2016,Multifamily LR (1-4),Low-Rise Multifamily,3,EAST,47.61391,-122.31852,1905,1.0,3,23469,0,23469,Multifamily Housing,Multifamily Housing,23469.0,,,,,11.0,1559452.75,False,65.77,2.8,Mono-usage,111,0.0,1.0,0,1
2016,Multifamily LR (1-4),Low-Rise Multifamily,3,EAST,47.6131,-122.3177,1916,1.0,3,21000,0,21000,Multifamily Housing,Multifamily Housing,21000.0,,,,,15.0,1666762.125,False,69.88,3.33,Mono-usage,100,0.0,1.0,0,1
2016,NonResidential,Mixed Use Property,3,EAST,47.61324,-122.31724,1913,1.0,1,36000,0,36000,"Parking, Retail Store",Parking,18000.0,Retail Store,18000.0,,,59.0,1162163.125,False,26.52,0.74,Multi-usages,103,0.0,1.0,1,2
2016,NonResidential,Warehouse,3,EAST,47.61467,-122.31777,1915,1.0,2,43200,0,43200,Non-Refrigerated Warehouse,Non-Refrigerated Warehouse,43200.0,,,,,38.0,1929851.5,False,49.18,1.14,Mono-usage,101,0.0,1.0,0,1
2016,NonResidential,Small- and Mid-Sized Office,2,GREATER DUWAMISH,47.59501,-122.32852,1913,1.0,4,53840,12870,40970,"Office, Parking",Office,42800.0,Parking,10400.0,,,71.0,2912454.75,False,46.85,0.87,Multi-usages,103,0.2390416047548291,0.7609583952451708,1,2
2016,NonResidential,Retail Store,2,GREATER DUWAMISH,47.58801,-122.32944,1975,1.0,1,43794,0,43794,"Office, Retail Store",Retail Store,34038.0,Office,9756.0,,,88.0,1164537.75,False,23.5,0.54,Multi-usages,41,0.0,1.0,1,2
2016,NonResidential,Warehouse,2,GREATER DUWAMISH,47.57466,-122.33089,1968,1.0,1,48280,0,48280,"Non-Refrigerated Warehouse, Office",Non-Refrigerated Warehouse,40780.0,Office,7500.0,,,18.0,2701833.75,False,78.57,1.63,Multi-usages,48,0.0,1.0,1,2
2016,NonResidential,Distribution Center,2,GREATER DUWAMISH,47.57258,-122.33059,1954,1.0,1,36040,0,36040,"Distribution Center, Office",Distribution Center,31476.0,Office,4564.0,,,,363808.1875,False,7.74,0.21,Multi-usages,62,0.0,1.0,1,2
2016,NonResidential,Supermarket / Grocery Store,4,NORTHEAST,47.68269,-122.28912,1965,1.0,1,32822,0,32822,"Parking, Supermarket/Grocery Store",Supermarket/Grocery Store,35042.0,Parking,0.0,,,42.0,8839812.0,False,219.93,6.7,Multi-usages,51,0.0,1.0,1,2
2016,Multifamily LR (1-4),Low-Rise Multifamily,4,NORTHEAST,47.68149,-122.28915,1961,1.0,2,20144,0,20144,Multifamily Housing,Multifamily Housing,20144.0,,,,,61.0,677642.125,False,4.72,0.23,Mono-usage,55,0.0,1.0,0,1
2016,SPS-District K-12,K-12 School,4,NORTHEAST,47.68069,-122.27533,1948,1.0,1,64314,0,64314,K-12 School,K-12 School,65210.0,,,,,86.0,2936336.25,True,108.05,1.68,Mono-usage,68,0.0,1.0,0,1
2016,NonResidential,Worship Facility,4,NORTHEAST,47.68061,-122.29002,1950,1.0,2,20385,0,20385,Worship Facility,Worship Facility,20385.0,,,,,65.0,809291.8125,False,34.04,1.67,Mono-usage,66,0.0,1.0,0,1
2016,NonResidential,Worship Facility,4,NORTHEAST,47.67984,-122.27739,1946,1.0,1,24295,0,24295,Worship Facility,Worship Facility,24295.0,,,,,53.0,216115.0,False,1.51,0.06,Mono-usage,70,0.0,1.0,0,1
2016,NonResidential,Small- and Mid-Sized Office,4,NORTHEAST,47.66888,-122.28333,1967,1.0,2,20317,0,20317,Office,Office,20317.0,,,,,83.0,620994.3125,False,4.33,0.21,Mono-usage,49,0.0,1.0,0,1
2016,Multifamily LR (1-4),Low-Rise Multifamily,4,NORTHEAST,47.66512,-122.28426,1984,1.0,2,20979,0,20979,Multifamily Housing,Multifamily Housing,22000.0,,,,,64.0,587775.5,False,7.24,0.35,Mono-usage,32,0.0,1.0,0,1
2016,Multifamily LR (1-4),Low-Rise Multifamily,4,NORTHEAST,47.66703,-122.28421,2004,1.0,2,73697,27217,46480,Multifamily Housing,Multifamily Housing,73967.0,,,,,1.0,3579008.75,False,75.12,1.02,Mono-usage,12,0.3693094698563035,0.6306905301436965,0,1
2016,NonResidential,Supermarket / Grocery Store,4,NORTHEAST,47.66824,-122.28394,1973,1.0,1,24377,0,24377,Supermarket/Grocery Store,Supermarket/Grocery Store,24377.0,,,,,6.0,9851260.0,False,260.32,10.68,Mono-usage,43,0.0,1.0,0,1
2016,Multifamily LR (1-4),Low-Rise Multifamily,1,DELRIDGE,47.53345,-122.36082,1990,1.0,2,95865,0,95865,Multifamily Housing,Multifamily Housing,95865.0,,,,,32.0,2711670.25,False,18.9,0.2,Mono-usage,26,0.0,1.0,0,1
2016,Multifamily LR (1-4),Low-Rise Multifamily,1,DELRIDGE,47.53332,-122.36267,1987,1.0,3,155600,0,155600,Multifamily Housing,Multifamily Housing,150000.0,,,,,44.0,5672838.5,False,60.53,0.39,Mono-usage,29,0.0,1.0,0,1
2016,Multifamily LR (1-4),Low-Rise Multifamily,1,DELRIDGE,47.53347,-122.36471,2009,1.0,3,32405,0,32405,Multifamily Housing,Multifamily Housing,32405.0,,,,,50.0,1035592.813,False,7.22,0.22,Mono-usage,7,0.0,1.0,0,1
2016,Multifamily LR (1-4),Low-Rise Multifamily,1,DELRIDGE,47.53476,-122.36469,1988,9.0,3,58523,0,58523,Multifamily Housing,Multifamily Housing,59935.0,,,,,63.0,1888344.25,False,13.16,0.22,Mono-usage,28,0.0,1.0,0,1
2016,NonResidential,Other,5,NORTHWEST,47.70197,-122.34219,1986,1.0,1,33392,0,33392,Movie Theater,Movie Theater,33392.0,,,,,,2786648.75,False,19.43,0.58,Mono-usage,30,0.0,1.0,0,1
2016,NonResidential,Supermarket / Grocery Store,5,NORTHWEST,47.70224,-122.34409,1986,0.0,1,45155,0,45155,Supermarket/Grocery Store,Supermarket/Grocery Store,45155.0,,,,,6.0,6674179.5,False,158.63,3.51,Mono-usage,30,0.0,1.0,0,1
2016,Multifamily LR (1-4),Low-Rise Multifamily,5,NORTH,47.69852,-122.32707,1990,2.0,4,54304,0,54304,"Multifamily Housing, Parking",Multifamily Housing,68138.0,Parking,21120.0,,,93.0,1574750.875,False,10.98,0.2,Multi-usages,26,0.0,1.0,1,2
2016,Multifamily LR (1-4),Low-Rise Multifamily,2,GREATER DUWAMISH,47.59094,-122.318,1985,1.0,4,114030,0,114030,Multifamily Housing,Multifamily Housing,114089.0,,,,,10.0,3838807.25,False,26.76,0.23,Mono-usage,31,0.0,1.0,0,1
2016,Multifamily MR (5-9),Mid-Rise Multifamily,7,MAGNOLIA / QUEEN ANNE,47.63374,-122.34145,1989,1.0,6,44839,0,44839,"Multifamily Housing, Retail Store",Multifamily Housing,35545.0,Retail Store,1870.0,,,,1211947.375,False,8.45,0.19,Multi-usages,27,0.0,1.0,1,2
2016,NonResidential,Warehouse,1,GREATER DUWAMISH,47.5316,-122.333,1966,1.0,1,32000,0,32000,Non-Refrigerated Warehouse,Non-Refrigerated Warehouse,32040.0,,,,,3.0,2186148.5,False,41.77,1.31,Mono-usage,50,0.0,1.0,0,1
2016,NonResidential,Warehouse,1,GREATER DUWAMISH,47.5316,-122.333,1970,1.0,1,44000,0,44000,Non-Refrigerated Warehouse,Non-Refrigerated Warehouse,45449.0,,,,,15.0,4302455.5,False,175.53,3.99,Mono-usage,46,0.0,1.0,0,1
2016,NonResidential,Warehouse,1,GREATER DUWAMISH,47.5316,-122.333,1973,1.0,1,36000,0,36000,Non-Refrigerated Warehouse,Non-Refrigerated Warehouse,36000.0,,,,,44.0,2771820.5,False,124.4,3.46,Mono-usage,43,0.0,1.0,0,1
2016,NonResidential,Warehouse,1,GREATER DUWAMISH,47.52549,-122.33064,1979,1.0,1,31360,0,31360,"Non-Refrigerated Warehouse, Retail Store",Non-Refrigerated Warehouse,29640.0,Retail Store,1460.0,,,,1356972.25,False,43.18,1.38,Multi-usages,37,0.0,1.0,1,2
2016,NonResidential,Warehouse,1,GREATER DUWAMISH,47.52549,-122.33064,1979,1.0,1,33320,0,33320,"Non-Refrigerated Warehouse, Office",Non-Refrigerated Warehouse,32200.0,Office,1200.0,,,,2339234.0,False,64.75,1.94,Multi-usages,37,0.0,1.0,1,2
2016,NonResidential,Warehouse,1,GREATER DUWAMISH,47.52549,-122.33064,1979,1.0,1,48020,0,48020,Non-Refrigerated Warehouse,Non-Refrigerated Warehouse,47800.0,,,,,71.0,2373568.25,False,59.14,1.23,Mono-usage,37,0.0,1.0,0,1
2016,NonResidential,Warehouse,1,GREATER DUWAMISH,47.52549,-122.33064,1979,1.0,1,27420,0,27420,Non-Refrigerated Warehouse,Non-Refrigerated Warehouse,27850.0,,,,,55.0,1176342.25,False,39.05,1.42,Mono-usage,37,0.0,1.0,0,1
2016,Multifamily LR (1-4),Low-Rise Multifamily,3,EAST,47.60492,-122.31898,1990,1.0,4,48972,0,48972,Multifamily Housing,Multifamily Housing,66257.0,,,,,89.0,1604062.75,False,11.18,0.23,Mono-usage,26,0.0,1.0,0,1
2016,Multifamily LR (1-4),Low-Rise Multifamily,6,BALLARD,47.6744,-122.40735,1982,1.0,4,37642,0,37642,Multifamily Housing,Multifamily Housing,35000.0,,,,,21.0,2114860.25,False,77.75,2.07,Mono-usage,34,0.0,1.0,0,1
2016,Multifamily MR (5-9),Mid-Rise Multifamily,7,DOWNTOWN,47.61358,-122.34738,1999,1.0,8,87925,0,87925,"Multifamily Housing, Parking, Retail Store",Multifamily Housing,62708.0,Parking,19642.0,Retail Store,5744.0,19.0,4051925.5,False,94.3,1.07,Multi-usages,17,0.0,1.0,1,3
2016,NonResidential,K-12 School,3,CENTRAL,47.60885,-122.2999,1929,1.0,2,24152,0,24152,K-12 School,K-12 School,24152.0,,,,,100.0,161363.4063,False,1.12,0.05,Mono-usage,87,0.0,1.0,0,1
2016,Multifamily MR (5-9),Mid-Rise Multifamily,3,CENTRAL,47.59515,-122.30985,2009,0.0,6,105903,0,105903,"Multifamily Housing, Office",Multifamily Housing,96340.0,Office,9563.0,,,92.0,3644085.0,False,94.69,0.89,Multi-usages,7,0.0,1.0,1,2
2016,NonResidential,K-12 School,5,NORTHEAST,47.694,-122.28967,1949,1.0,2,43645,0,43645,K-12 School,K-12 School,37000.0,,,,,71.0,2053956.375,False,85.15,1.95,Mono-usage,67,0.0,1.0,0,1
2016,Multifamily LR (1-4),Low-Rise Multifamily,5,NORTHEAST,47.69129,-122.29038,2012,1.0,4,109623,42263,67360,"Multifamily Housing, Office, Parking",Multifamily Housing,104264.0,Parking,42263.0,Office,5359.0,96.0,3017709.25,False,77.56,0.71,Multi-usages,4,0.385530408764584,0.6144695912354159,1,3
2016,NonResidential,Retail Store,5,NORTHEAST,47.69066,-122.29023,1952,1.0,1,26853,0,26853,Retail Store,Retail Store,20360.0,,,,,68.0,1399062.75,False,21.46,0.8,Mono-usage,64,0.0,1.0,0,1
2016,NonResidential,Other,2,GREATER DUWAMISH,47.59347,-122.33369,1909,1.0,4,44775,0,44775,Other,Other,44775.0,,,,,,950695.625,False,29.88,0.67,Mono-usage,107,0.0,1.0,0,1
2016,Multifamily MR (5-9),Mid-Rise Multifamily,7,LAKE UNION,47.62263,-122.33018,2005,1.0,8,136998,0,136998,Multifamily Housing,Multifamily Housing,91759.0,,,,,68.0,3048425.5,False,34.75,0.25,Mono-usage,11,0.0,1.0,0,1
2016,Multifamily LR (1-4),Low-Rise Multifamily,7,LAKE UNION,47.62232,-122.32953,1907,1.0,3,26772,0,26772,Multifamily Housing,Multifamily Housing,26772.0,,,,,73.0,716071.625,False,9.11,0.34,Mono-usage,109,0.0,1.0,0,1
2016,Multifamily MR (5-9),Mid-Rise Multifamily,3,EAST,47.62249,-122.32707,1967,1.0,6,37417,0,37417,Multifamily Housing,Multifamily Housing,37417.0,,,,,92.0,851585.1875,False,5.94,0.16,Mono-usage,49,0.0,1.0,0,1
2016,NonResidential,Other,2,GREATER DUWAMISH,47.57507,-122.33349,1916,2.0,1,27760,0,27760,"Office, Other, Parking, Retail Store",Other,19715.0,Office,12000.0,Retail Store,6000.0,,2833624.5,False,112.82,4.06,Multi-usages,100,0.0,1.0,1,4
2016,NonResidential,Other,2,GREATER DUWAMISH,47.57459,-122.3339,1937,1.0,1,20975,0,20975,"Fast Food Restaurant, Other, Other - Entertainment/Public Assembly",Other - Entertainment/Public Assembly,13144.0,Other,6600.0,Fast Food Restaurant,1070.0,,347437.6875,False,6.46,0.31,Multi-usages,79,0.0,1.0,1,3
2016,NonResidential,Other,2,GREATER DUWAMISH,47.57619,-122.3339,1918,1.0,1,26075,0,26075,Other,Other,26075.0,,,,,,1608508.75,False,17.6,0.67,Mono-usage,98,0.0,1.0,0,1
2016,NonResidential,Warehouse,2,GREATER DUWAMISH,47.57881,-122.33273,1992,1.0,1,29394,0,29394,"Non-Refrigerated Warehouse, Office",Non-Refrigerated Warehouse,29394.0,Office,16902.0,,,60.0,1486681.75,False,26.27,0.89,Multi-usages,24,0.0,1.0,1,2
2016,Multifamily LR (1-4),Other,2,GREATER DUWAMISH,47.57958,-122.33371,1905,1.0,3,33000,0,33000,"Other, Retail Store",Other,30200.0,Retail Store,2800.0,,,,738983.0,False,27.68,0.84,Multi-usages,111,0.0,1.0,1,2
2016,NonResidential,Warehouse,2,GREATER DUWAMISH,47.57941,-122.3336,1926,1.0,2,20400,0,20400,"Non-Refrigerated Warehouse, Office",Non-Refrigerated Warehouse,15000.0,Office,5400.0,,,69.0,438557.0,False,12.17,0.6,Multi-usages,90,0.0,1.0,1,2
2016,NonResidential,Small- and Mid-Sized Office,2,GREATER DUWAMISH,47.57893,-122.33374,1926,1.0,1,20460,0,20460,Office,Office,20460.0,,,,,16.0,903541.875,False,6.3,0.31,Mono-usage,90,0.0,1.0,0,1
2016,NonResidential,Self-Storage Facility,2,GREATER DUWAMISH,47.58168,-122.33369,1925,1.0,2,25821,0,25821,Self-Storage Facility,Self-Storage Facility,25821.0,,,,,,209698.7031,False,1.46,0.06,Mono-usage,91,0.0,1.0,0,1
2016,NonResidential,Refrigerated Warehouse,2,GREATER DUWAMISH,47.58217,-122.33263,1955,1.0,2,21870,0,21870,Refrigerated Warehouse,Refrigerated Warehouse,21870.0,,,,,45.0,1074350.375,False,7.49,0.34,Mono-usage,61,0.0,1.0,0,1
2016,NonResidential,Warehouse,2,GREATER DUWAMISH,47.58069,-122.3325,1988,3.0,1,51664,0,51664,Non-Refrigerated Warehouse,Non-Refrigerated Warehouse,51664.0,,,,,,3528086.75,False,66.77,1.29,Mono-usage,28,0.0,1.0,0,1
2016,NonResidential,Medical Office,1,DELRIDGE,47.53419,-122.36624,1970,1.0,1,43615,0,43615,Medical Office,Medical Office,43615.0,,,,,89.0,3133849.5,False,106.35,2.44,Mono-usage,46,0.0,1.0,0,1
2016,NonResidential,Small- and Mid-Sized Office,1,DELRIDGE,47.53419,-122.36624,1970,1.0,3,36879,0,36879,Office,Office,16855.0,,,,,26.0,1144267.5,False,7.98,0.22,Mono-usage,46,0.0,1.0,0,1
2016,Nonresidential COS,Other,1,DELRIDGE,47.53578,-122.36205,2002,1.0,2,28531,0,28531,"Other, Parking",Other,28303.0,Parking,1100.0,,,,3494929.5,False,92.7,3.25,Multi-usages,14,0.0,1.0,1,2
2016,NonResidential,Warehouse,1,DELRIDGE,47.53846,-122.36175,1982,1.0,2,36600,0,36600,Non-Refrigerated Warehouse,Non-Refrigerated Warehouse,43556.0,,,,,80.0,308400.4063,False,2.15,0.06,Mono-usage,34,0.0,1.0,0,1
2016,NonResidential,Mixed Use Property,1,SOUTHWEST,47.57269,-122.37056,2004,1.0,5,35176,0,35176,"Office, Other",Office,14452.0,Other,14452.0,,,,1011965.375,False,7.05,0.2,Multi-usages,12,0.0,1.0,1,2
2016,Multifamily LR (1-4),Low-Rise Multifamily,3,CENTRAL,47.59478,-122.3088,2004,1.0,2,29417,0,29417,Multifamily Housing,Multifamily Housing,29417.0,,,,,92.0,618550.8125,True,4.31,0.15,Mono-usage,12,0.0,1.0,0,1
2016,Multifamily LR (1-4),Low-Rise Multifamily,1,SOUTHWEST,47.5784,-122.38687,1990,1.0,4,33084,0,33084,Multifamily Housing,Multifamily Housing,33084.0,,,,,17.0,1213444.125,False,8.46,0.26,Mono-usage,26,0.0,1.0,0,1
2016,SPS-District K-12,K-12 School,5,NORTH,47.69845,-122.30747,1959,1.0,1,36701,0,36701,K-12 School,K-12 School,40285.0,,,,,87.0,1564891.75,True,47.98,1.31,Mono-usage,57,0.0,1.0,0,1
2016,Multifamily LR (1-4),Low-Rise Multifamily,5,NORTHWEST,47.71382,-122.34175,2000,1.0,4,29130,0,29130,Multifamily Housing,Multifamily Housing,29130.0,,,,,84.0,768479.625,False,11.94,0.41,Mono-usage,16,0.0,1.0,0,1
2016,NonResidential,University,4,LAKE UNION,47.65231,-122.34217,1940,1.0,2,41293,15243,26050,"College/University, Medical Office",College/University,26393.0,Medical Office,15000.0,,,,2839882.25,False,61.68,1.49,Multi-usages,76,0.3691424696679825,0.6308575303320175,1,2
2016,Multifamily LR (1-4),Low-Rise Multifamily,4,LAKE UNION,47.65157,-122.34231,2015,2.0,4,131034,28681,102353,"Multifamily Housing, Parking, Restaurant",Multifamily Housing,95444.0,Parking,59850.0,Restaurant,4475.0,99.0,3761647.0,False,110.42,0.84,Multi-usages,1,0.2188821221972923,0.7811178778027077,1,3
2016,NonResidential,Warehouse,2,GREATER DUWAMISH,47.55718,-122.33288,1941,1.0,1,48890,0,48890,"Non-Refrigerated Warehouse, Office",Non-Refrigerated Warehouse,30889.0,Office,18000.0,,,49.0,2100216.5,False,61.6,1.26,Multi-usages,75,0.0,1.0,1,2
2016,NonResidential,Small- and Mid-Sized Office,2,GREATER DUWAMISH,47.55658,-122.33322,2000,1.0,3,43473,0,43473,Office,Office,43473.0,,,,,3.0,4416909.5,False,30.79,0.71,Mono-usage,16,0.0,1.0,0,1
2016,Multifamily LR (1-4),Low-Rise Multifamily,6,NORTHWEST,47.68086,-122.35505,2002,1.0,4,24090,0,24090,Multifamily Housing,Multifamily Housing,24090.0,,,,,85.0,758891.0,False,18.95,0.79,Mono-usage,14,0.0,1.0,0,1
2016,NonResidential,Retail Store,1,DELRIDGE,47.52254,-122.36627,1990,1.0,1,40265,0,40265,Retail Store,Retail Store,40793.0,,,,,19.0,3740373.75,False,35.48,0.88,Mono-usage,26,0.0,1.0,0,1
2016,NonResidential,Retail Store,1,DELRIDGE,47.52254,-122.36627,2005,1.0,1,26208,0,26208,Retail Store,Retail Store,32427.0,,,,,79.0,1608884.25,False,37.61,1.44,Mono-usage,11,0.0,1.0,0,1
2016,Multifamily MR (5-9),Mid-Rise Multifamily,1,DELRIDGE,47.51795,-122.36801,1978,1.0,7,100536,0,100536,"Multifamily Housing, Office, Other",Multifamily Housing,77577.0,Office,14189.0,Other,8770.0,68.0,4028075.5,False,61.18,0.61,Multi-usages,38,0.0,1.0,1,3
2016,Multifamily LR (1-4),Low-Rise Multifamily,1,DELRIDGE,47.51907,-122.36822,2000,1.0,2,49501,0,49501,Multifamily Housing,Multifamily Housing,49501.0,,,,,56.0,1728121.5,False,12.05,0.24,Mono-usage,16,0.0,1.0,0,1
2016,Nonresidential COS,Other,1,DELRIDGE,47.52801,-122.36918,1975,0.0,2,27227,0,27227,"Fitness Center/Health Club/Gym, Office, Other - Recreation, Other - Technology/Science, Pre-school/Daycare, Swimming Pool",Other - Recreation,29064.0,Fitness Center/Health Club/Gym,8508.0,Pre-school/Daycare,715.0,,8054334.0,False,286.89,10.54,Multi-usages,41,0.0,1.0,1,6
2016,NonResidential,Mixed Use Property,6,BALLARD,47.69766,-122.37346,1926,1.0,1,42172,0,42172,"Food Service, Other, Other - Education, Other - Entertainment/Public Assembly, Other - Recreation, Social/Meeting Hall",Other - Education,12000.0,Other - Entertainment/Public Assembly,11400.0,Social/Meeting Hall,9100.0,,3275779.25,False,152.14,3.61,Multi-usages,90,0.0,1.0,1,6
2016,NonResidential,Small- and Mid-Sized Office,2,DOWNTOWN,47.59657,-122.33394,1910,1.0,5,32250,0,32250,Office,Office,32250.0,,,,,92.0,796042.375,False,11.44,0.35,Mono-usage,106,0.0,1.0,0,1
2016,Multifamily LR (1-4),Mixed Use Property,6,NORTHWEST,47.69072,-122.35552,1929,1.0,2,38050,0,38050,"Multifamily Housing, Restaurant, Retail Store, Self-Storage Facility",Self-Storage Facility,13475.0,Multifamily Housing,11196.0,Retail Store,7680.0,,4585966.0,False,147.24,3.87,Multi-usages,87,0.0,1.0,1,4
2016,NonResidential,Retail Store,6,NORTHWEST,47.69061,-122.35731,1953,1.0,1,51000,0,51000,Retail Store,Retail Store,51000.0,,,,,95.0,1298039.875,False,14.17,0.28,Mono-usage,63,0.0,1.0,0,1
2016,Multifamily LR (1-4),Low-Rise Multifamily,3,EAST,47.62185,-122.32768,1928,1.0,4,38041,0,38041,"Multifamily Housing, Parking",Multifamily Housing,28235.0,Parking,9806.0,,,58.0,1437780.5,False,50.7,1.33,Multi-usages,88,0.0,1.0,1,2
2016,Multifamily LR (1-4),Low-Rise Multifamily,3,EAST,47.621,-122.32702,1908,1.0,4,74516,23222,51294,"Multifamily Housing, Parking",Multifamily Housing,51294.0,Parking,23222.0,,,79.0,1645748.25,False,18.87,0.25,Multi-usages,108,0.31163776906973,0.68836223093027,1,2
2016,Multifamily LR (1-4),Low-Rise Multifamily,3,EAST,47.62183,-122.32715,1923,1.0,3,32292,0,32292,"Multifamily Housing, Parking",Multifamily Housing,27291.0,Parking,5001.0,,,98.0,1003176.875,False,36.89,1.14,Multi-usages,93,0.0,1.0,1,2
2016,Multifamily LR (1-4),Low-Rise Multifamily,3,EAST,47.62478,-122.32684,1924,1.0,3,45552,0,45552,Multifamily Housing,Multifamily Housing,45552.0,,,,,50.0,1313651.25,False,31.43,0.69,Mono-usage,92,0.0,1.0,0,1
2016,Multifamily MR (5-9),Mid-Rise Multifamily,3,EAST,47.62332,-122.32755,1961,1.0,9,144995,0,144995,Multifamily Housing,Multifamily Housing,144995.0,,,,,98.0,4287439.5,False,145.27,1.0,Mono-usage,55,0.0,1.0,0,1
2016,Multifamily LR (1-4),Low-Rise Multifamily,3,EAST,47.62392,-122.32706,1964,1.0,4,22326,0,22326,Multifamily Housing,Multifamily Housing,22326.0,,,,,81.0,567808.8125,False,3.96,0.18,Mono-usage,52,0.0,1.0,0,1
2016,Multifamily LR (1-4),Low-Rise Multifamily,3,EAST,47.62414,-122.32717,1927,1.0,3,25800,0,25800,Multifamily Housing,Multifamily Housing,25800.0,,,,,81.0,662096.375,False,15.26,0.59,Mono-usage,89,0.0,1.0,0,1
2016,Multifamily LR (1-4),Low-Rise Multifamily,3,EAST,47.62179,-122.3264,1948,1.0,3,29528,0,29528,Multifamily Housing,Multifamily Housing,29528.0,,,,,80.0,1400708.125,False,59.05,2.0,Mono-usage,68,0.0,1.0,0,1
2016,Multifamily MR (5-9),Mid-Rise Multifamily,3,EAST,47.62409,-122.32643,1959,1.0,5,27910,0,27910,"Multifamily Housing, Parking",Multifamily Housing,25459.0,Parking,2451.0,,,73.0,862744.0,False,6.01,0.22,Multi-usages,57,0.0,1.0,1,2
2016,Multifamily LR (1-4),Low-Rise Multifamily,3,EAST,47.62386,-122.32644,1961,0.0,4,23100,0,23100,Multifamily Housing,Multifamily Housing,23100.0,,,,,84.0,572611.0,False,3.99,0.17,Mono-usage,55,0.0,1.0,0,1
2016,Multifamily LR (1-4),Low-Rise Multifamily,3,EAST,47.62329,-122.3258,1966,1.0,4,37509,0,37509,"Multifamily Housing, Parking",Multifamily Housing,32880.0,Parking,4629.0,,,38.0,2114053.0,False,92.3,2.46,Multi-usages,50,0.0,1.0,1,2
2016,NonResidential,Mixed Use Property,2,GREATER DUWAMISH,47.58452,-122.3337,1916,1.0,1,27000,0,27000,"Other, Other - Entertainment/Public Assembly, Self-Storage Facility",Other,9000.0,Other - Entertainment/Public Assembly,9000.0,Self-Storage Facility,9000.0,,229856.4063,False,1.6,0.06,Multi-usages,100,0.0,1.0,1,3
2016,NonResidential,Other,2,GREATER DUWAMISH,47.58787,-122.33365,1935,1.0,2,20747,0,20747,"Office, Other - Entertainment/Public Assembly, Restaurant",Other - Entertainment/Public Assembly,11815.0,Restaurant,5120.0,Office,3812.0,,1001964.0,False,17.45,0.84,Multi-usages,81,0.0,1.0,1,3
2016,NonResidential,Warehouse,2,GREATER DUWAMISH,47.58903,-122.33361,1928,1.0,2,40800,0,40800,"Non-Refrigerated Warehouse, Office",Non-Refrigerated Warehouse,36000.0,Office,4800.0,,,,817255.875,False,27.83,0.68,Multi-usages,88,0.0,1.0,1,2
2016,NonResidential,Small- and Mid-Sized Office,2,GREATER DUWAMISH,47.59508,-122.33378,1920,1.0,2,20150,0,20150,Office,Office,20150.0,,,,,80.0,576174.125,False,4.02,0.2,Mono-usage,96,0.0,1.0,0,1
2016,NonResidential,Small- and Mid-Sized Office,2,DOWNTOWN,47.59639,-122.33368,1909,1.0,7,36000,0,36000,Office,Office,31500.0,,,,,40.0,1682454.875,False,11.73,0.33,Mono-usage,107,0.0,1.0,0,1
2016,NonResidential,Warehouse,2,GREATER DUWAMISH,47.59081,-122.33487,1938,1.0,2,41276,0,41276,"Non-Refrigerated Warehouse, Office, Retail Store",Non-Refrigerated Warehouse,24300.0,Retail Store,13284.0,Office,3692.0,,2502081.0,False,96.62,2.34,Multi-usages,78,0.0,1.0,1,3
2016,NonResidential,Refrigerated Warehouse,2,GREATER DUWAMISH,47.58999,-122.33539,1937,0.0,2,24430,0,24430,"Other, Refrigerated Warehouse",Refrigerated Warehouse,15667.0,Other,8690.0,,,,1232822.875,False,23.62,0.97,Multi-usages,79,0.0,1.0,1,2
2016,NonResidential,Other,2,GREATER DUWAMISH,47.58788,-122.33458,1910,1.0,3,27690,0,27690,"Other, Parking",Other,24717.0,Parking,0.0,,,,16808.90039,False,0.12,0.0,Multi-usages,106,0.0,1.0,1,2
2016,NonResidential,Small- and Mid-Sized Office,2,GREATER DUWAMISH,47.58686,-122.33469,1927,1.0,1,22580,0,22580,Office,Office,22580.0,,,,,90.0,928584.875,False,9.65,0.43,Mono-usage,89,0.0,1.0,0,1
2016,Multifamily LR (1-4),Low-Rise Multifamily,1,SOUTHWEST,47.54635,-122.38691,1987,1.0,4,54871,0,54871,"Multifamily Housing, Parking",Multifamily Housing,46560.0,Parking,0.0,,,63.0,1418915.875,False,9.89,0.18,Multi-usages,29,0.0,1.0,1,2
2016,NonResidential,Warehouse,3,CENTRAL,47.60192,-122.31641,1926,1.0,1,20000,0,20000,Non-Refrigerated Warehouse,Non-Refrigerated Warehouse,20000.0,,,,,18.0,743528.125,False,33.52,1.68,Mono-usage,90,0.0,1.0,0,1
2016,NonResidential,Warehouse,3,CENTRAL,47.60224,-122.31529,1954,1.0,1,42000,0,42000,"Non-Refrigerated Warehouse, Office",Non-Refrigerated Warehouse,38000.0,Office,4000.0,,,,2070005.625,False,82.07,1.95,Multi-usages,62,0.0,1.0,1,2
2016,Multifamily LR (1-4),Low-Rise Multifamily,3,EAST,47.61833,-122.31111,1928,1.0,4,22553,0,22553,Multifamily Housing,Multifamily Housing,22553.0,,,,,52.0,746858.1875,False,5.21,0.23,Mono-usage,88,0.0,1.0,0,1
2016,Multifamily LR (1-4),Low-Rise Multifamily,3,EAST,47.61785,-122.31068,1909,1.0,3,27504,0,27504,Multifamily Housing,Multifamily Housing,27504.0,,,,,89.0,1104367.625,False,48.3,1.76,Mono-usage,107,0.0,1.0,0,1
2016,Multifamily LR (1-4),Senior Care Community,3,Central,47.61806,-122.30984,1988,1.0,4,63998,0,63998,"Parking, Senior Care Community",Senior Care Community,60000.0,Parking,0.0,,,56.0,3896148.0,False,131.69,2.06,Multi-usages,28,0.0,1.0,1,2
2016,Multifamily LR (1-4),Low-Rise Multifamily,3,Central,47.61867,-122.30907,1920,1.0,3,24084,0,24084,Multifamily Housing,Multifamily Housing,18063.0,,,,,62.0,710825.1875,False,16.16,0.67,Mono-usage,96,0.0,1.0,0,1
2016,Multifamily MR (5-9),Mid-Rise Multifamily,3,CENTRAL,47.61799,-122.3032,2004,1.0,6,439604,156997,282607,"Multifamily Housing, Other",Multifamily Housing,186618.0,Other,53952.0,,,99.0,8555790.0,False,178.21,0.41,Multi-usages,12,0.3571327831411907,0.6428672168588093,1,2
2016,NonResidential,Self-Storage Facility,3,CENTRAL,47.61234,-122.31628,1962,1.0,1,24248,0,24248,"Parking, Self-Storage Facility",Self-Storage Facility,21018.0,Parking,3230.0,,,,111969.7031,False,0.79,0.03,Multi-usages,54,0.0,1.0,1,2
2016,Multifamily MR (5-9),Mid-Rise Multifamily,5,NORTHWEST,47.70349,-122.33279,1970,1.0,9,127230,0,127230,Multifamily Housing,Multifamily Housing,115000.0,,,,,84.0,3699690.0,False,32.89,0.26,Mono-usage,46,0.0,1.0,0,1
2016,Multifamily LR (1-4),Low-Rise Multifamily,5,NORTH,47.70198,-122.32285,1967,1.0,4,20132,0,20132,Multifamily Housing,Multifamily Housing,20132.0,,,,,47.0,662701.1875,False,4.62,0.23,Mono-usage,49,0.0,1.0,0,1
2016,NonResidential,Senior Care Community,5,NORTH,47.70178,-122.32352,2009,1.0,6,244500,0,244500,Senior Care Community,Senior Care Community,244500.0,,,,,100.0,11019641.0,False,292.8,1.2,Mono-usage,7,0.0,1.0,0,1
2016,Multifamily LR (1-4),Low-Rise Multifamily,5,North,47.71642,-122.31292,1980,1.0,4,33034,0,33034,"Multifamily Housing, Parking",Multifamily Housing,30824.0,Parking,1114.0,,,92.0,644121.6875,False,4.49,0.14,Multi-usages,36,0.0,1.0,1,2
2016,Multifamily LR (1-4),Low-Rise Multifamily,5,NORTH,47.72917,-122.2937,1979,1.0,4,88096,0,88096,"Multifamily Housing, Swimming Pool",Multifamily Housing,88096.0,Swimming Pool,0.0,,,39.0,2721296.25,False,18.97,0.22,Multi-usages,37,0.0,1.0,1,2
2016,NonResidential,Warehouse,2,GREATER DUWAMISH,47.55608,-122.3388,1932,1.0,1,24617,0,24617,Non-Refrigerated Warehouse,Non-Refrigerated Warehouse,22752.0,,,,,,106918.0,False,0.75,0.03,Mono-usage,84,0.0,1.0,0,1
2016,NonResidential,Other,2,GREATER DUWAMISH,47.55768,-122.33137,2009,1.0,3,127065,84710,42355,"Office, Parking",Parking,84710.0,Office,42355.0,,,,3245111.5,False,22.62,0.18,Multi-usages,7,0.6666666666666666,0.3333333333333333,1,2
2016,NonResidential,Retail Store,2,GREATER DUWAMISH,47.55772,-122.33017,1964,1.0,1,37247,0,37247,Retail Store,Retail Store,37247.0,,,,,69.0,1748644.5,False,58.36,1.57,Mono-usage,52,0.0,1.0,0,1
2016,Multifamily LR (1-4),Low-Rise Multifamily,3,EAST,47.62455,-122.32636,1966,1.0,4,38521,0,38521,"Multifamily Housing, Parking",Multifamily Housing,34824.0,Parking,3697.0,,,72.0,885843.1875,False,6.18,0.16,Multi-usages,50,0.0,1.0,1,2
2016,Multifamily LR (1-4),Low-Rise Multifamily,3,EAST,47.6239,-122.32514,1963,1.0,4,23968,0,23968,Multifamily Housing,Multifamily Housing,23968.0,,,,,94.0,602312.875,False,4.2,0.18,Mono-usage,53,0.0,1.0,0,1
2016,Multifamily MR (5-9),Mid-Rise Multifamily,3,EAST,47.62229,-122.32764,1967,1.0,6,51568,0,51568,Multifamily Housing,Multifamily Housing,51568.0,,,,,70.0,1578270.375,False,28.55,0.55,Mono-usage,49,0.0,1.0,0,1
2016,Multifamily LR (1-4),Low-Rise Multifamily,3,EAST,47.62915,-122.32058,1986,1.0,4,21312,0,21312,Multifamily Housing,Multifamily Housing,21312.0,,,,,,421741.5938,False,2.94,0.14,Mono-usage,30,0.0,1.0,0,1
2016,NonResidential,Retail Store,6,BALLARD,47.69274,-122.37602,1993,1.0,1,25384,0,25384,Retail Store,Retail Store,23468.0,,,,,11.0,3027867.5,False,77.23,3.04,Mono-usage,23,0.0,1.0,0,1
2016,Multifamily MR (5-9),Mid-Rise Multifamily,6,LAKE UNION,47.66209,-122.3575,1967,1.0,6,29840,0,29840,Multifamily Housing,Multifamily Housing,29840.0,,,,,89.0,679574.875,False,4.74,0.16,Mono-usage,49,0.0,1.0,0,1
2016,NonResidential,Small- and Mid-Sized Office,2,GREATER DUWAMISH,47.58462,-122.3347,1910,0.0,3,49052,0,49052,"Office, Retail Store",Office,32393.0,Retail Store,10057.0,,,96.0,1441445.625,False,10.05,0.2,Multi-usages,106,0.0,1.0,1,2
2016,NonResidential,Warehouse,2,GREATER DUWAMISH,47.58318,-122.3347,1900,1.0,2,52110,0,52110,Non-Refrigerated Warehouse,Non-Refrigerated Warehouse,32000.0,,,,,34.0,586589.1875,False,25.15,0.48,Mono-usage,116,0.0,1.0,0,1
2016,NonResidential,Small- and Mid-Sized Office,2,GREATER DUWAMISH,47.58292,-122.33468,1910,1.0,2,20970,0,20970,"Office, Parking",Office,20970.0,Parking,0.0,,,100.0,204499.0938,False,5.43,0.26,Multi-usages,106,0.0,1.0,1,2
2016,NonResidential,Small- and Mid-Sized Office,2,GREATER DUWAMISH,47.57595,-122.33624,1937,1.0,2,39036,0,39036,"Office, Other",Office,27636.0,Other,13611.0,,,,1528295.75,False,39.25,1.01,Multi-usages,79,0.0,1.0,1,2
2016,NonResidential,Small- and Mid-Sized Office,2,GREATER DUWAMISH,47.57529,-122.33475,1923,1.0,1,26310,0,26310,"Non-Refrigerated Warehouse, Office, Social/Meeting Hall",Office,24000.0,Non-Refrigerated Warehouse,8874.0,Social/Meeting Hall,1000.0,96.0,771512.6875,False,14.99,0.57,Multi-usages,93,0.0,1.0,1,3
2016,Multifamily MR (5-9),Mid-Rise Multifamily,1,SOUTHWEST,47.56445,-122.38712,1996,1.0,6,20078,0,20078,Multifamily Housing,Multifamily Housing,20078.0,,,,,3.0,952315.8125,False,6.64,0.33,Mono-usage,20,0.0,1.0,0,1
2016,Multifamily MR (5-9),Mid-Rise Multifamily,4,NORTHEAST,47.66391,-122.31495,2000,1.0,6,29866,0,29866,"Multifamily Housing, Office",Multifamily Housing,27653.0,Office,2213.0,,,,618876.1875,False,4.31,0.14,Multi-usages,16,0.0,1.0,1,2
2016,Multifamily LR (1-4),Low-Rise Multifamily,2,SOUTHEAST,47.5488,-122.28606,1964,1.0,3,191330,0,191330,Multifamily Housing,Multifamily Housing,191330.0,,,,,54.0,6069855.0,False,52.73,0.28,Mono-usage,52,0.0,1.0,0,1
2016,NonResidential,Retail Store,2,SOUTHEAST,47.54723,-122.28455,1966,1.0,1,37883,0,37883,"Retail Store, Supermarket/Grocery Store",Retail Store,28734.0,Supermarket/Grocery Store,24813.0,,,88.0,12434593.0,False,413.1,10.9,Multi-usages,50,0.0,1.0,1,2
2016,Multifamily LR (1-4),Low-Rise Multifamily,2,SOUTHEAST,47.5472,-122.27633,1969,1.0,3,27320,0,27320,"Multifamily Housing, Parking",Multifamily Housing,27320.0,Parking,0.0,,,63.0,899817.125,False,6.27,0.23,Multi-usages,47,0.0,1.0,1,2
2016,Multifamily LR (1-4),Low-Rise Multifamily,5,NORTHWEST,47.72708,-122.35455,1985,1.0,4,29063,0,29063,Multifamily Housing,Multifamily Housing,29063.0,,,,,66.0,860505.625,False,6.0,0.21,Mono-usage,31,0.0,1.0,0,1
2016,NonResidential,K-12 School,1,DELRIDGE,47.53887,-122.37564,1962,1.0,3,29874,0,29874,K-12 School,K-12 School,31375.0,,,,,95.0,1274049.75,False,54.27,1.82,Mono-usage,54,0.0,1.0,0,1
2016,Multifamily LR (1-4),Low-Rise Multifamily,7,MAGNOLIA / QUEEN ANNE,47.6418,-122.39786,1948,1.0,2,22252,0,22252,Multifamily Housing,Multifamily Housing,22252.0,,,,,96.0,410433.0938,False,2.86,0.13,Mono-usage,68,0.0,1.0,0,1
2016,NonResidential,Worship Facility,7,MAGNOLIA / QUEEN ANNE,47.64,-122.39743,1965,1.0,1,20140,0,20140,"Parking, Worship Facility",Worship Facility,22000.0,Parking,0.0,,,35.0,992794.6875,False,47.08,2.34,Multi-usages,51,0.0,1.0,1,2
2016,NonResidential,Self-Storage Facility,6,NORTHWEST,47.70281,-122.35623,1990,1.0,2,71874,31389,40485,Self-Storage Facility,Self-Storage Facility,71874.0,,,,,,1242811.75,False,44.97,0.63,Mono-usage,26,0.4367225978796227,0.5632774021203774,0,1
2016,Multifamily MR (5-9),Mid-Rise Multifamily,7,MAGNOLIA / QUEEN ANNE,47.62424,-122.36169,2003,1.0,5,52020,0,52020,Multifamily Housing,Multifamily Housing,52013.0,,,,,88.0,1363296.875,False,23.83,0.46,Mono-usage,13,0.0,1.0,0,1
2016,Multifamily MR (5-9),Mid-Rise Multifamily,3,EAST,47.62402,-122.32757,1991,1.0,7,39750,9620,30130,"Multifamily Housing, Parking",Multifamily Housing,32510.0,Parking,9503.0,,,24.0,1423463.0,False,20.02,0.5,Multi-usages,25,0.2420125786163522,0.7579874213836478,1,2
2016,NonResidential,Small- and Mid-Sized Office,3,CENTRAL,47.60104,-122.30155,1971,1.0,2,39953,0,39953,Office,Office,30100.0,,,,,93.0,1508561.875,False,28.05,0.7,Mono-usage,45,0.0,1.0,0,1
2016,Multifamily LR (1-4),Low-Rise Multifamily,3,CENTRAL,47.60058,-122.3017,2010,1.0,4,157724,0,157724,"Multifamily Housing, Office, Parking, Retail Store",Multifamily Housing,47708.0,Parking,21203.0,Office,4060.0,,2025301.0,False,43.68,0.28,Multi-usages,6,0.0,1.0,1,4
2016,Multifamily LR (1-4),Senior Care Community,3,CENTRAL,47.60073,-122.30257,2001,1.0,4,94370,0,94370,Senior Care Community,Senior Care Community,94370.0,,,,,64.0,4089677.5,False,89.72,0.95,Mono-usage,15,0.0,1.0,0,1
2016,NonResidential,Retail Store,3,CENTRAL,47.60009,-122.3017,1998,1.0,2,21200,0,21200,"Office, Retail Store",Retail Store,14168.0,Office,7032.0,,,15.0,1676426.5,False,11.69,0.55,Multi-usages,18,0.0,1.0,1,2
2016,NonResidential,Supermarket / Grocery Store,3,CENTRAL,47.59881,-122.30189,1980,1.0,1,30630,0,30630,"Other, Supermarket/Grocery Store",Supermarket/Grocery Store,28470.0,Other,2442.0,,,27.0,6058494.0,False,42.24,1.38,Multi-usages,36,0.0,1.0,1,2
2016,NonResidential,Retail Store,3,CENTRAL,47.59881,-122.30189,1980,1.0,2,23421,0,23421,"Bank Branch, Retail Store",Retail Store,19271.0,Bank Branch,4150.0,,,25.0,1896626.375,False,13.22,0.56,Multi-usages,36,0.0,1.0,1,2
2016,Multifamily LR (1-4),Low-Rise Multifamily,6,NORTHWEST,47.69583,-122.35566,2006,1.0,4,30386,0,30386,"Multifamily Housing, Retail Store",Multifamily Housing,23927.0,Retail Store,3242.0,,,,723482.1875,False,5.04,0.17,Multi-usages,10,0.0,1.0,1,2
2016,Multifamily MR (5-9),Mid-Rise Multifamily,4,NORTHEAST,47.6775,-122.3171,1988,1.0,5,80701,0,80701,"Multifamily Housing, Parking",Multifamily Housing,80701.0,Parking,29281.0,,,99.0,1920352.125,False,13.39,0.17,Multi-usages,28,0.0,1.0,1,2
2016,SPS-District K-12,K-12 School,6,BALLARD,47.6763,-122.38051,1931,1.0,3,117116,0,117116,K-12 School,K-12 School,117116.0,,,,,83.0,5722325.5,False,256.31,2.19,Mono-usage,85,0.0,1.0,0,1
2016,NonResidential,Worship Facility,6,BALLARD,47.67628,-122.38238,1928,1.0,2,24120,0,24120,Worship Facility,Worship Facility,24120.0,,,,,66.0,893053.1875,False,31.54,1.31,Mono-usage,88,0.0,1.0,0,1
2016,NonResidential,Worship Facility,6,BALLARD,47.6764,-122.38502,1929,1.0,3,35736,0,35736,"Office, Worship Facility",Worship Facility,28970.0,Office,6766.0,,,88.0,1148202.25,False,51.15,1.43,Multi-usages,87,0.0,1.0,1,2
2016,Multifamily LR (1-4),Low-Rise Multifamily,6,BALLARD,47.6763,-122.38726,1988,1.0,4,46686,0,46686,"Multifamily Housing, Parking",Multifamily Housing,36273.0,Parking,10413.0,,,93.0,876569.6875,False,8.04,0.17,Multi-usages,28,0.0,1.0,1,2
2016,Multifamily LR (1-4),Low-Rise Multifamily,5,NORTH,47.69834,-122.32788,1995,1.0,2,20261,0,20261,"Multifamily Housing, Parking",Multifamily Housing,20261.0,Parking,6300.0,,,96.0,488991.5,False,3.41,0.17,Multi-usages,21,0.0,1.0,1,2
2016,NonResidential,Warehouse,2,GREATER DUWAMISH,47.57298,-122.33644,1941,1.0,1,51050,0,51050,Non-Refrigerated Warehouse,Non-Refrigerated Warehouse,49500.0,,,,,10.0,1206165.75,False,27.75,0.54,Mono-usage,75,0.0,1.0,0,1
2016,NonResidential,Retail Store,2,GREATER DUWAMISH,47.57044,-122.33475,1954,1.0,2,21900,0,21900,Retail Store,Retail Store,21900.0,,,,,40.0,1302192.875,False,42.66,1.95,Mono-usage,62,0.0,1.0,0,1
2016,NonResidential,Distribution Center,2,GREATER DUWAMISH,47.57227,-122.33843,1952,1.0,1,16300,0,16300,Distribution Center,Distribution Center,65164.0,,,,,100.0,150167.7969,False,1.6,0.1,Mono-usage,64,0.0,1.0,0,1
2016,NonResidential,Warehouse,2,GREATER DUWAMISH,47.57339,-122.33735,1964,1.0,1,33462,0,33462,Non-Refrigerated Warehouse,Non-Refrigerated Warehouse,33462.0,,,,,1.0,1386445.375,False,9.67,0.29,Mono-usage,52,0.0,1.0,0,1
2016,NonResidential,Mixed Use Property,2,GREATER DUWAMISH,47.57506,-122.33862,1952,1.0,1,35310,0,35310,"Non-Refrigerated Warehouse, Other, Refrigerated Warehouse",Other,10471.0,Non-Refrigerated Warehouse,9875.0,Refrigerated Warehouse,8877.0,,1331469.75,False,44.68,1.27,Multi-usages,64,0.0,1.0,1,3
2016,Multifamily LR (1-4),Low-Rise Multifamily,6,LAKE UNION,47.65806,-122.35467,1966,1.0,4,23420,0,23420,"Multifamily Housing, Parking",Multifamily Housing,20529.0,Parking,2891.0,,,,421389.4063,False,2.94,0.13,Multi-usages,50,0.0,1.0,1,2
2016,Multifamily MR (5-9),Mid-Rise Multifamily,6,BALLARD,47.67624,-122.40974,1968,1.0,7,239054,0,239054,Multifamily Housing,Multifamily Housing,239054.0,,,,,48.0,12213423.0,False,422.31,1.77,Mono-usage,48,0.0,1.0,0,1
2016,Multifamily HR (10+),High-Rise Multifamily,3,EAST,47.61174,-122.32611,1960,0.0,10,101706,0,101706,Multifamily Housing,Multifamily Housing,101706.0,,,,,42.0,6714540.0,False,263.37,2.59,Mono-usage,56,0.0,1.0,0,1
2016,NonResidential,Other,2,GREATER DUWAMISH,47.54089,-122.32323,1962,1.0,3,36140,0,36140,Other,Other,34733.0,,,,,,4653535.0,False,32.44,0.9,Mono-usage,54,0.0,1.0,0,1
2016,NonResidential,Other,3,DOWNTOWN,47.59886,-122.31678,1991,1.0,2,47963,21384,26579,"Other - Mall, Parking",Other - Mall,29640.0,Parking,6000.0,,,,8163413.0,False,298.91,6.23,Multi-usages,25,0.4458436711631883,0.5541563288368118,1,2
2016,NonResidential,Warehouse,2,DOWNTOWN,47.59774,-122.31936,1930,1.0,1,23903,0,23903,"Non-Refrigerated Warehouse, Worship Facility",Non-Refrigerated Warehouse,18350.0,Worship Facility,4500.0,,,65.0,415364.5938,False,14.37,0.6,Multi-usages,86,0.0,1.0,1,2
2016,NonResidential,Self-Storage Facility,4,NORTHEAST,47.67923,-122.31715,1947,1.0,3,22522,0,22522,Self-Storage Facility,Self-Storage Facility,22522.0,,,,,,561473.875,False,23.52,1.04,Mono-usage,69,0.0,1.0,0,1
2016,NonResidential,Self-Storage Facility,4,NORTHEAST,47.67905,-122.31697,1996,1.0,4,38959,0,38959,Self-Storage Facility,Self-Storage Facility,38959.0,,,,,,905750.375,False,23.84,0.61,Mono-usage,20,0.0,1.0,0,1
2016,Multifamily LR (1-4),Low-Rise Multifamily,3,Central,47.61945,-122.30702,1926,1.0,3,27840,7031,20809,"Multifamily Housing, Parking",Multifamily Housing,20809.0,Parking,7031.0,,,17.0,2253647.75,False,17.75,0.64,Multi-usages,90,0.2525502873563218,0.7474497126436782,1,2
2016,Multifamily LR (1-4),Low-Rise Multifamily,3,Central,47.61997,-122.30709,1978,1.0,3,20739,0,20739,Multifamily Housing,Multifamily Housing,17628.0,,,,,19.0,816300.5,False,5.69,0.27,Mono-usage,38,0.0,1.0,0,1
2016,NonResidential,Warehouse,3,GREATER DUWAMISH,47.5867,-122.30519,1928,1.0,2,25955,0,25955,"Non-Refrigerated Warehouse, Office, Other - Services",Non-Refrigerated Warehouse,14150.0,Other - Services,8745.0,Office,3060.0,,1218112.0,False,8.49,0.33,Multi-usages,88,0.0,1.0,1,3
2016,Multifamily LR (1-4),Low-Rise Multifamily,2,GREATER DUWAMISH,47.5721,-122.30877,1925,0.0,3,25120,0,25120,Multifamily Housing,Multifamily Housing,25120.0,,,,,98.0,586358.875,False,17.11,0.68,Mono-usage,91,0.0,1.0,0,1
2016,Multifamily HR (10+),High-Rise Multifamily,2,GREATER DUWAMISH,47.5882,-122.31551,1971,1.0,15,73898,0,73898,Multifamily Housing,Multifamily Housing,79912.0,,,,,75.0,3221754.0,False,71.71,0.97,Mono-usage,45,0.0,1.0,0,1
2016,Multifamily LR (1-4),Low-Rise Multifamily,2,GREATER DUWAMISH,47.55401,-122.31379,2001,0.0,3,36383,7030,29353,"Multifamily Housing, Office, Parking",Multifamily Housing,25153.0,Office,4200.0,Parking,0.0,,960987.8125,False,20.67,0.57,Multi-usages,15,0.1932221092268367,0.8067778907731633,1,3
2016,Multifamily LR (1-4),Low-Rise Multifamily,4,NORTHEAST,47.67542,-122.26558,1972,1.0,2,136752,0,136752,Multifamily Housing,Multifamily Housing,113227.0,,,,,54.0,3466465.0,False,57.59,0.42,Mono-usage,44,0.0,1.0,0,1
2016,Multifamily LR (1-4),Low-Rise Multifamily,4,NORTHEAST,47.68341,-122.26403,1977,1.0,3,120701,0,120701,"Multifamily Housing, Parking",Multifamily Housing,98357.0,Parking,15448.0,,,69.0,2924362.0,False,20.39,0.17,Multi-usages,39,0.0,1.0,1,2
2016,Multifamily LR (1-4),Low-Rise Multifamily,6,NORTHWEST,47.69093,-122.35297,2006,1.0,4,54238,0,54238,Multifamily Housing,Multifamily Housing,42377.0,,,,,32.0,1375978.875,False,9.63,0.18,Mono-usage,10,0.0,1.0,0,1
2016,Multifamily MR (5-9),Mid-Rise Multifamily,1,DELRIDGE,47.56656,-122.37111,2002,1.0,6,41310,0,41310,Multifamily Housing,Multifamily Housing,41310.0,,,,,88.0,958242.875,False,6.68,0.16,Mono-usage,14,0.0,1.0,0,1
2016,Multifamily MR (5-9),Mid-Rise Multifamily,1,SOUTHWEST,47.56013,-122.38642,2014,1.0,7,113204,28234,84970,"Multifamily Housing, Parking",Multifamily Housing,63160.0,Parking,10240.0,,,57.0,3258819.5,False,79.3,0.7,Multi-usages,2,0.2494081481219744,0.7505918518780255,1,2
2016,Multifamily MR (5-9),Mid-Rise Multifamily,1,SOUTHWEST,47.56016,-122.38583,2008,1.0,7,156605,0,156605,"Multifamily Housing, Parking",Multifamily Housing,94930.0,Parking,37922.0,,,99.0,3416628.75,False,85.27,0.54,Multi-usages,8,0.0,1.0,1,2
2016,Multifamily MR (5-9),Mixed Use Property,1,SOUTHWEST,47.56028,-122.38371,1991,1.0,5,163699,0,163699,"Multifamily Housing, Office, Parking",Multifamily Housing,80536.0,Parking,58103.0,Office,25060.0,75.0,4116369.0,False,28.7,0.18,Multi-usages,25,0.0,1.0,1,3
2016,Campus,K-12 School,3,EAST,47.60776,-122.32481,1923,1.0,4,46100,0,46100,"K-12 School, Parking",K-12 School,46100.0,Parking,0.0,,,75.0,2177064.75,False,78.19,1.7,Multi-usages,93,0.0,1.0,1,2
2016,Multifamily MR (5-9),Mid-Rise Multifamily,3,EAST,47.61984,-122.32764,1978,1.0,5,51910,0,51910,Multifamily Housing,Multifamily Housing,51910.0,,,,,63.0,1702421.75,False,30.26,0.58,Mono-usage,38,0.0,1.0,0,1
2016,Multifamily LR (1-4),Low-Rise Multifamily,7,MAGNOLIA / QUEEN ANNE,47.62501,-122.3639,1987,1.0,4,20506,0,20506,Multifamily Housing,Multifamily Housing,20506.0,,,,,,541451.625,False,3.77,0.18,Mono-usage,29,0.0,1.0,0,1
2016,Multifamily HR (10+),High-Rise Multifamily,7,MAGNOLIA / QUEEN ANNE,47.62435,-122.36293,1963,1.0,11,52334,0,52334,Multifamily Housing,Multifamily Housing,43610.0,,,,,54.0,1201781.125,False,8.38,0.16,Mono-usage,53,0.0,1.0,0,1
2016,Multifamily LR (1-4),Low-Rise Multifamily,7,MAGNOLIA / QUEEN ANNE,47.62762,-122.35515,1963,1.0,4,48423,0,48423,Multifamily Housing,Multifamily Housing,43172.0,,,,,90.0,983180.6875,False,6.85,0.14,Mono-usage,53,0.0,1.0,0,1
2016,Multifamily LR (1-4),Low-Rise Multifamily,5,NORTHWEST,47.70625,-122.3424,1984,1.0,3,20980,0,20980,"Multifamily Housing, Parking",Multifamily Housing,16980.0,Parking,4000.0,,,96.0,395346.3125,False,2.76,0.13,Multi-usages,32,0.0,1.0,1,2
2016,Multifamily LR (1-4),Low-Rise Multifamily,5,NORTHWEST,47.71178,-122.35504,1986,1.0,3,30200,0,30200,"Multifamily Housing, Parking",Multifamily Housing,23529.0,Parking,6671.0,,,76.0,730211.1875,False,5.09,0.17,Multi-usages,30,0.0,1.0,1,2
2016,Multifamily LR (1-4),Low-Rise Multifamily,5,NORTHWEST,47.71122,-122.35496,1999,1.0,3,28190,0,28190,"Multifamily Housing, Parking",Multifamily Housing,20686.0,Parking,7504.0,,,92.0,577033.875,False,4.02,0.14,Multi-usages,17,0.0,1.0,1,2
2016,NonResidential,Worship Facility,5,NORTHWEST,47.70901,-122.35498,1951,1.0,2,21936,0,21936,Worship Facility,Worship Facility,21936.0,,,,,96.0,608755.375,False,28.78,1.31,Mono-usage,65,0.0,1.0,0,1
2016,Multifamily MR (5-9),Mid-Rise Multifamily,3,CENTRAL,47.61598,-122.3077,2003,1.0,7,109884,0,109884,"Multifamily Housing, Office, Parking, Pre-school/Daycare",Multifamily Housing,59102.0,Parking,20097.0,Office,15343.0,62.0,3963965.5,False,70.14,0.64,Multi-usages,13,0.0,1.0,1,4
2016,NonResidential,Other,5,NORTH,47.7162,-122.2956,1960,1.0,1,25406,0,25406,"Personal Services (Health/Beauty, Dry Cleaning, etc)","Personal Services (Health/Beauty, Dry Cleaning, etc)",25406.0,,,,,,2442220.0,False,41.96,1.65,Mono-usage,56,0.0,1.0,1,3
2016,Multifamily MR (5-9),Mid-Rise Multifamily,3,EAST,47.62744,-122.326,1966,1.0,5,30517,0,30517,"Multifamily Housing, Parking",Multifamily Housing,24441.0,Parking,6076.0,,,86.0,645451.8125,False,4.5,0.15,Multi-usages,50,0.0,1.0,1,2
2016,Multifamily LR (1-4),Low-Rise Multifamily,7,MAGNOLIA / QUEEN ANNE,47.62698,-122.36279,1929,1.0,3,25368,0,25368,Multifamily Housing,Multifamily Housing,25368.0,,,,,54.0,871502.8125,False,22.72,0.9,Mono-usage,87,0.0,1.0,0,1
2016,Multifamily LR (1-4),Low-Rise Multifamily,5,NORTH,47.70722,-122.3192,1967,6.0,3,151450,0,151450,"Multifamily Housing, Parking",Multifamily Housing,152200.0,Parking,0.0,,,73.0,4321141.5,False,30.12,0.2,Multi-usages,49,0.0,1.0,1,2
2016,Multifamily LR (1-4),Low-Rise Multifamily,5,NORTH,47.70657,-122.31942,1978,1.0,4,37760,0,37760,Multifamily Housing,Multifamily Housing,37760.0,,,,,70.0,1004659.688,True,7.0,0.19,Mono-usage,38,0.0,1.0,0,1
2016,Multifamily LR (1-4),Low-Rise Multifamily,1,DELRIDGE,47.52141,-122.36426,1979,1.0,3,64618,0,64618,"Multifamily Housing, Parking",Multifamily Housing,64618.0,Parking,13400.0,,,93.0,1495686.0,False,10.43,0.16,Multi-usages,37,0.0,1.0,1,2
2016,Multifamily HR (10+),High-Rise Multifamily,7,DOWNTOWN,47.61511,-122.35189,2001,1.0,12,162865,0,162865,"Multifamily Housing, Retail Store",Multifamily Housing,145538.0,Retail Store,15025.0,,,54.0,6320060.0,False,144.45,0.89,Multi-usages,15,0.0,1.0,1,2
2016,Multifamily LR (1-4),Low-Rise Multifamily,5,NORTHWEST,47.71537,-122.35594,1989,1.0,4,37580,0,37580,"Multifamily Housing, Parking",Multifamily Housing,37580.0,Parking,15236.0,,,82.0,1115504.375,False,7.78,0.21,Multi-usages,27,0.0,1.0,1,2
2016,Multifamily LR (1-4),Low-Rise Multifamily,5,NORTHWEST,47.71356,-122.35599,1967,0.0,3,25914,0,25914,Multifamily Housing,Multifamily Housing,25914.0,,,,,88.0,745575.0,False,18.42,0.71,Mono-usage,49,0.0,1.0,0,1
2016,NonResidential,Small- and Mid-Sized Office,2,SOUTHEAST,47.56029,-122.2858,1967,1.0,2,23250,0,23250,Office,Office,22014.0,,,,,55.0,904236.0,False,6.3,0.27,Mono-usage,49,0.0,1.0,0,1
2016,Multifamily MR (5-9),Mid-Rise Multifamily,2,SOUTHEAST,47.56052,-122.28446,1967,1.0,5,42090,5325,36765,Multifamily Housing,Multifamily Housing,42090.0,,,,,25.0,1517410.5,True,10.58,0.25,Mono-usage,49,0.1265146115466856,0.8734853884533144,0,1
2016,Multifamily MR (5-9),Mid-Rise Multifamily,4,NORTHEAST,47.66065,-122.31795,1996,1.0,6,71421,0,71421,Multifamily Housing,Multifamily Housing,71421.0,,,,,55.0,2372996.0,False,45.14,0.63,Mono-usage,20,0.0,1.0,0,1
2016,NonResidential,Warehouse,2,GREATER DUWAMISH,47.55966,-122.33146,1960,1.0,1,30000,0,30000,"Non-Refrigerated Warehouse, Parking",Non-Refrigerated Warehouse,30000.0,Parking,0.0,,,32.0,2794837.0,False,120.72,4.02,Multi-usages,56,0.0,1.0,1,2
2016,Nonresidential COS,Warehouse,2,GREATER DUWAMISH,47.56522,-122.32205,1962,1.0,1,45036,0,45036,"Non-Refrigerated Warehouse, Office, Repair Services (Vehicle, Shoe, Locksmith, etc)",Non-Refrigerated Warehouse,21110.0,"Repair Services (Vehicle, Shoe, Locksmith, etc)",14074.0,Office,6755.0,,1791697.75,False,49.53,1.1,Multi-usages,54,0.0,1.0,1,6
2016,Multifamily LR (1-4),Low-Rise Multifamily,1,SOUTHWEST,47.55829,-122.3811,1986,1.0,3,24664,0,24664,Multifamily Housing,Multifamily Housing,24664.0,,,,,63.0,738877.1875,False,5.15,0.21,Mono-usage,30,0.0,1.0,0,1
2016,Multifamily LR (1-4),Low-Rise Multifamily,3,EAST,47.62413,-122.32287,1925,1.0,3,34580,0,34580,Multifamily Housing,Multifamily Housing,34580.0,,,,,53.0,2557181.5,False,121.27,3.51,Mono-usage,91,0.0,1.0,0,1
2016,Multifamily LR (1-4),Low-Rise Multifamily,3,EAST,47.6248,-122.32232,1965,1.0,4,27580,0,27580,Multifamily Housing,Multifamily Housing,27580.0,,,,,84.0,866096.6875,False,24.32,0.88,Mono-usage,51,0.0,1.0,0,1
2016,Multifamily MR (5-9),Mid-Rise Multifamily,3,EAST,47.62442,-122.3226,1960,1.0,5,40721,0,40721,Multifamily Housing,Multifamily Housing,40721.0,,,,,69.0,1133028.875,False,7.9,0.19,Mono-usage,56,0.0,1.0,0,1
2016,Multifamily LR (1-4),Low-Rise Multifamily,3,EAST,47.62464,-122.32333,1965,1.0,4,41396,0,41396,Multifamily Housing,Multifamily Housing,41396.0,,,,,55.0,1187499.75,False,8.28,0.2,Mono-usage,51,0.0,1.0,0,1
2016,Multifamily LR (1-4),Low-Rise Multifamily,3,EAST,47.62328,-122.32343,1930,1.0,4,41241,0,41241,"Multifamily Housing, Parking",Multifamily Housing,35123.0,Parking,0.0,,,69.0,2396517.0,False,111.96,2.71,Multi-usages,86,0.0,1.0,1,2
2016,Multifamily LR (1-4),Low-Rise Multifamily,3,EAST,47.62497,-122.3155,1910,1.0,3,22532,0,22532,Multifamily Housing,Multifamily Housing,22532.0,,,,,76.0,730893.125,False,17.39,0.77,Mono-usage,106,0.0,1.0,0,1
2016,Multifamily HR (10+),High-Rise Multifamily,3,EAST,47.62383,-122.31516,1971,1.0,11,78199,0,78199,Multifamily Housing,Multifamily Housing,79950.0,,,,,48.0,3893073.5,False,67.98,0.87,Mono-usage,45,0.0,1.0,0,1
2016,Multifamily LR (1-4),Low-Rise Multifamily,3,EAST,47.62326,-122.31498,1928,1.0,3,21407,0,21407,Multifamily Housing,Multifamily Housing,21407.0,,,,,80.0,1051523.25,False,47.64,2.23,Mono-usage,88,0.0,1.0,0,1
2016,Multifamily LR (1-4),Low-Rise Multifamily,3,EAST,47.62351,-122.31538,1985,1.0,4,63505,0,63505,"Multifamily Housing, Parking",Multifamily Housing,48155.0,Parking,15350.0,,,50.0,1443367.75,False,10.06,0.16,Multi-usages,31,0.0,1.0,1,2
2016,Multifamily LR (1-4),Low-Rise Multifamily,3,EAST,47.623,-122.31514,1907,1.0,3,35647,0,35647,Multifamily Housing,Multifamily Housing,35647.0,,,,,67.0,2427919.75,False,102.04,2.86,Mono-usage,109,0.0,1.0,0,1
2016,Multifamily LR (1-4),Low-Rise Multifamily,3,EAST,47.62212,-122.31481,1926,1.0,4,22284,0,22284,"Multifamily Housing, Parking",Multifamily Housing,20356.0,Parking,1928.0,,,78.0,712057.0,False,17.73,0.8,Multi-usages,90,0.0,1.0,1,2
2016,Multifamily LR (1-4),Low-Rise Multifamily,3,EAST,47.62263,-122.31586,1910,1.0,3,35656,0,35656,Multifamily Housing,Multifamily Housing,35656.0,,,,,76.0,1333016.625,False,42.23,1.18,Mono-usage,106,0.0,1.0,0,1
2016,Multifamily LR (1-4),Low-Rise Multifamily,3,EAST,47.62294,-122.3165,1925,1.0,3,20640,0,20640,Multifamily Housing,Multifamily Housing,20640.0,,,,,33.0,1742518.75,False,84.95,4.12,Mono-usage,91,0.0,1.0,0,1
2016,Multifamily MR (5-9),Mid-Rise Multifamily,3,EAST,47.62394,-122.31595,1953,1.0,7,42182,0,42182,Multifamily Housing,Multifamily Housing,42182.0,,,,,91.0,2420605.5,False,104.51,2.48,Mono-usage,63,0.0,1.0,0,1
2016,Multifamily LR (1-4),Low-Rise Multifamily,3,EAST,47.62325,-122.31602,1987,1.0,4,32288,0,32288,"Multifamily Housing, Parking",Multifamily Housing,24480.0,Parking,7808.0,,,90.0,662685.3125,False,4.62,0.14,Multi-usages,29,0.0,1.0,1,2
2016,Multifamily LR (1-4),Low-Rise Multifamily,1,SOUTHWEST,47.54155,-122.38686,1987,1.0,4,31488,0,31488,Multifamily Housing,Multifamily Housing,26240.0,,,,,86.0,564613.6875,False,3.94,0.13,Mono-usage,29,0.0,1.0,0,1
2016,SPS-District K-12,K-12 School,1,SOUTHWEST,47.57269,-122.39673,1962,1.0,1,51410,0,51410,K-12 School,K-12 School,51410.0,,,,,87.0,1968907.25,True,64.79,1.26,Mono-usage,54,0.0,1.0,0,1
2016,Multifamily LR (1-4),Low-Rise Multifamily,1,SOUTHWEST,47.50224,-122.37649,1979,1.0,3,31457,0,31457,"Multifamily Housing, Parking",Multifamily Housing,27272.0,Parking,4185.0,,,92.0,538064.875,False,3.75,0.12,Multi-usages,37,0.0,1.0,1,2
2016,Multifamily LR (1-4),Low-Rise Multifamily,3,EAST,47.60675,-122.32345,1909,1.0,3,43162,0,43162,Multifamily Housing,Multifamily Housing,43162.0,,,,,86.0,1121700.5,True,7.82,0.18,Mono-usage,107,0.0,1.0,0,1
2016,NonResidential,Mixed Use Property,7,DOWNTOWN,47.61376,-122.33445,2009,1.0,39,1074552,112124,962428,"Hotel, Multifamily Housing, Parking",Multifamily Housing,311521.0,Hotel,303000.0,Parking,141450.0,65.0,26416770.0,False,449.59,0.42,Multi-usages,7,0.1043448804711172,0.8956551195288828,1,3
2016,Multifamily LR (1-4),Low-Rise Multifamily,1,SOUTHWEST,47.57915,-122.40976,1963,1.0,4,20790,0,20790,Multifamily Housing,Multifamily Housing,20790.0,,,,,81.0,520348.9063,False,3.63,0.17,Mono-usage,53,0.0,1.0,0,1
2016,Multifamily LR (1-4),Low-Rise Multifamily,1,SOUTHWEST,47.58279,-122.38728,1988,1.0,4,42312,11663,30649,"Multifamily Housing, Parking",Multifamily Housing,26052.0,Parking,11653.0,,,17.0,1186835.125,False,8.27,0.2,Multi-usages,28,0.2756428436377387,0.7243571563622613,1,2
2016,Multifamily LR (1-4),Low-Rise Multifamily,1,SOUTHWEST,47.57519,-122.37143,2004,1.0,4,53919,0,53919,Multifamily Housing,Multifamily Housing,44009.0,,,,,64.0,1177583.375,False,8.21,0.15,Mono-usage,12,0.0,1.0,0,1
2016,Multifamily LR (1-4),Low-Rise Multifamily,5,NORTHWEST,47.724,-122.35498,1988,10.0,3,166858,0,166858,Multifamily Housing,Multifamily Housing,166858.0,,,,,86.0,4135650.5,False,28.83,0.17,Mono-usage,28,0.0,1.0,0,1
2016,Multifamily LR (1-4),Low-Rise Multifamily,3,EAST,47.62052,-122.32286,1978,0.0,3,27317,0,27317,Multifamily Housing,Multifamily Housing,22755.0,,,,,34.0,810296.6875,False,5.65,0.21,Mono-usage,38,0.0,1.0,0,1
2016,Multifamily MR (5-9),Mid-Rise Multifamily,3,EAST,47.62285,-122.32281,1963,1.0,5,28922,0,28922,Multifamily Housing,Multifamily Housing,28922.0,,,,,37.0,1002869.125,False,6.99,0.24,Mono-usage,53,0.0,1.0,0,1
2016,Multifamily LR (1-4),Low-Rise Multifamily,7,MAGNOLIA / QUEEN ANNE,47.63007,-122.35854,1921,1.0,4,104064,0,104064,"Multifamily Housing, Other",Multifamily Housing,104064.0,Other,400.0,,,50.0,5179141.5,False,232.1,2.23,Multi-usages,95,0.0,1.0,1,2
2016,Multifamily LR (1-4),Low-Rise Multifamily,5,NORTHWEST,47.7101,-122.33174,1988,1.0,4,44352,0,44352,Multifamily Housing,Multifamily Housing,44352.0,,,,,55.0,2280561.0,False,73.48,1.66,Mono-usage,28,0.0,1.0,0,1
2016,NonResidential,University,7,MAGNOLIA / QUEEN ANNE,47.65019,-122.36173,1959,1.0,2,122679,0,122679,"College/University, Restaurant",College/University,101035.0,Restaurant,2000.0,,,,16378152.0,False,588.25,4.8,Multi-usages,57,0.0,1.0,1,2
2016,Campus,University,7,MAGNOLIA / QUEEN ANNE,47.65019,-122.36173,1945,14.0,2,537000,0,537000,College/University,College/University,533826.0,,,,,,90609640.0,False,3768.66,7.02,Mono-usage,71,0.0,1.0,0,1
2016,Multifamily LR (1-4),Senior Care Community,5,NORTH,47.70953,-122.31075,1995,1.0,2,31680,0,31680,Senior Care Community,Senior Care Community,31680.0,,,,,100.0,2545030.75,False,65.56,2.07,Mono-usage,21,0.0,1.0,0,1
2016,Multifamily LR (1-4),Low-Rise Multifamily,5,NORTH,47.7113,-122.30127,1986,1.0,3,21303,0,21303,Multifamily Housing,Multifamily Housing,21303.0,,,,,71.0,594848.625,False,4.15,0.19,Mono-usage,30,0.0,1.0,0,1
2016,NonResidential,Small- and Mid-Sized Office,5,NORTH,47.70868,-122.30089,1980,1.0,4,23022,0,23022,Office,Office,23022.0,,,,,78.0,1027230.875,False,14.64,0.64,Mono-usage,36,0.0,1.0,0,1
2016,Multifamily MR (5-9),Mid-Rise Multifamily,5,NORTH,47.70928,-122.30045,2002,1.0,5,57756,0,57756,"Multifamily Housing, Office, Parking",Multifamily Housing,44604.0,Parking,9400.0,Office,250.0,,1527124.25,False,10.65,0.18,Multi-usages,14,0.0,1.0,1,3
2016,NonResidential,Refrigerated Warehouse,2,GREATER DUWAMISH,47.56173,-122.32885,1967,1.0,1,27263,0,27263,"Office, Other, Refrigerated Warehouse",Refrigerated Warehouse,22000.0,Other,2700.0,Office,2500.0,,2470642.0,False,17.22,0.63,Multi-usages,49,0.0,1.0,1,3
2016,NonResidential,Warehouse,2,GREATER DUWAMISH,47.56318,-122.32889,1962,1.0,1,31569,0,31569,Non-Refrigerated Warehouse,Non-Refrigerated Warehouse,33000.0,,,,,12.0,3064039.5,False,125.59,3.98,Mono-usage,54,0.0,1.0,0,1
2016,NonResidential,Warehouse,2,GREATER DUWAMISH,47.56362,-122.32876,1956,1.0,1,22509,0,22509,Non-Refrigerated Warehouse,Non-Refrigerated Warehouse,22509.0,,,,,57.0,177812.7969,False,1.24,0.06,Mono-usage,60,0.0,1.0,0,1
2016,NonResidential,Warehouse,2,GREATER DUWAMISH,47.56424,-122.32902,1956,1.0,1,39984,0,39984,"Non-Refrigerated Warehouse, Office",Non-Refrigerated Warehouse,31184.0,Office,8800.0,,,75.0,1073156.375,False,36.82,0.92,Multi-usages,60,0.0,1.0,1,2
2016,Multifamily LR (1-4),Low-Rise Multifamily,5,NORTH,47.7095,-122.30032,1997,1.0,4,55977,0,55977,"Multifamily Housing, Office, Parking",Multifamily Housing,39433.0,Office,5995.0,Parking,2000.0,99.0,1019830.375,False,7.11,0.13,Multi-usages,19,0.0,1.0,1,3
2016,Multifamily LR (1-4),Low-Rise Multifamily,2,GREATER DUWAMISH,47.53084,-122.28114,1968,1.0,2,91907,0,91907,Multifamily Housing,Multifamily Housing,91907.0,,,,,57.0,3600532.5,False,61.86,0.67,Mono-usage,48,0.0,1.0,0,1
2016,Multifamily LR (1-4),Low-Rise Multifamily,5,NORTHWEST,47.69991,-122.35498,1978,1.0,4,20844,0,20844,Multifamily Housing,,,,,,,,559718.125,False,3.9,0.19,Mono-usage,38,0.0,1.0,0,1
2016,Multifamily LR (1-4),Low-Rise Multifamily,3,EAST,47.62413,-122.31698,1998,1.0,3,26578,0,26578,"Multifamily Housing, Parking",Multifamily Housing,18581.0,Parking,6160.0,,,64.0,917728.375,False,23.9,0.9,Multi-usages,18,0.0,1.0,1,2
2016,SPS-District K-12,K-12 School,3,EAST,47.62442,-122.31838,1925,1.0,2,73769,0,73769,K-12 School,K-12 School,73769.0,,,,,92.0,2556131.0,True,94.85,1.29,Mono-usage,91,0.0,1.0,0,1
2016,Multifamily LR (1-4),Low-Rise Multifamily,3,EAST,47.62397,-122.31962,1984,1.0,4,24620,0,24620,Multifamily Housing,Multifamily Housing,24620.0,,,,,5.0,1044216.813,False,7.28,0.3,Mono-usage,32,0.0,1.0,0,1
2016,Multifamily LR (1-4),Low-Rise Multifamily,3,EAST,47.62176,-122.31913,1925,1.0,3,21512,0,21512,Multifamily Housing,Multifamily Housing,16379.0,,,,,74.0,754241.3125,False,18.65,0.87,Mono-usage,91,0.0,1.0,0,1
2016,Multifamily LR (1-4),Low-Rise Multifamily,3,EAST,47.62176,-122.31958,1900,1.0,3,32960,0,32960,Multifamily Housing,Multifamily Housing,32960.0,,,,,100.0,804620.5,False,36.15,1.1,Mono-usage,116,0.0,1.0,0,1
2016,NonResidential,Worship Facility,3,EAST,47.62322037,-122.320017,1906,1.0,1,26440,0,26440,Worship Facility,Worship Facility,26440.0,,,,,91.0,719905.1875,False,27.93,1.06,Mono-usage,110,0.0,1.0,0,1
2016,Multifamily LR (1-4),Low-Rise Multifamily,3,NORTHEAST,47.64251,-122.3149,1958,1.0,4,21312,0,21312,"Multifamily Housing, Parking",Multifamily Housing,21312.0,Parking,960.0,,,39.0,863728.8125,False,6.02,0.28,Multi-usages,58,0.0,1.0,1,2
2016,Multifamily MR (5-9),Mid-Rise Multifamily,7,MAGNOLIA / QUEEN ANNE,47.63709,-122.3438,2004,1.0,5,71592,0,71592,"Multifamily Housing, Parking",Multifamily Housing,59625.0,Parking,30000.0,,,64.0,2360288.5,False,37.18,0.52,Multi-usages,12,0.0,1.0,1,2
2016,Multifamily LR (1-4),Low-Rise Multifamily,4,LAKE UNION,47.66412,-122.34021,1990,1.0,3,21871,0,21871,"Multifamily Housing, Other, Parking, Retail Store",Multifamily Housing,10608.0,Parking,6729.0,Other,2048.0,,777587.125,False,5.42,0.25,Multi-usages,26,0.0,1.0,1,4
2016,Multifamily LR (1-4),Low-Rise Multifamily,4,LAKE UNION,47.66164,-122.34247,2007,1.0,4,158180,0,158180,"Multifamily Housing, Parking, Retail Store",Multifamily Housing,45565.0,Parking,22952.0,Retail Store,9463.0,95.0,1459246.5,False,22.81,0.14,Multi-usages,9,0.0,1.0,1,3
2016,Multifamily MR (5-9),Mid-Rise Multifamily,3,EAST,47.61499,-122.32591,1919,1.0,5,40281,0,40281,Multifamily Housing,Multifamily Housing,32092.0,,,,,30.0,1017787.125,False,7.1,0.18,Mono-usage,97,0.0,1.0,0,1
2016,Multifamily LR (1-4),Low-Rise Multifamily,1,SOUTHWEST,47.51715,-122.37647,1981,1.0,4,42084,0,42084,Multifamily Housing,Multifamily Housing,37183.0,,,,,76.0,1008536.813,False,7.03,0.17,Mono-usage,35,0.0,1.0,0,1
2016,Multifamily MR (5-9),Mid-Rise Multifamily,7,MAGNOLIA / QUEEN ANNE,47.62801,-122.36626,1968,1.0,5,23026,3198,19828,"Multifamily Housing, Parking",Multifamily Housing,21107.0,Parking,3198.0,,,,562486.3125,False,3.92,0.17,Multi-usages,48,0.1388864761573873,0.8611135238426127,1,2
2016,Multifamily MR (5-9),Mid-Rise Multifamily,7,MAGNOLIA / QUEEN ANNE,47.62936,-122.35859,1974,1.0,9,53820,0,53820,Multifamily Housing,Multifamily Housing,53820.0,,,,,,2842760.0,False,66.1,1.23,Mono-usage,42,0.0,1.0,0,1
2016,Multifamily HR (10+),High-Rise Multifamily,7,DOWNTOWN,47.61146,-122.34264,1994,1.0,27,191427,0,191427,"Multifamily Housing, Parking, Retail Store",Multifamily Housing,162769.0,Parking,100193.0,Retail Store,9215.0,7.0,9593739.0,False,269.03,1.41,Multi-usages,22,0.0,1.0,1,3
2016,Multifamily LR (1-4),Low-Rise Multifamily,7,MAGNOLIA / QUEEN ANNE,47.63132,-122.35421,1988,1.0,3,22392,0,22392,"Multifamily Housing, Parking",Multifamily Housing,22392.0,Parking,3738.0,,,97.0,468973.5938,False,3.27,0.15,Multi-usages,28,0.0,1.0,1,2
2016,Multifamily LR (1-4),Low-Rise Multifamily,1,SOUTHWEST,47.55728,-122.38646,1984,1.0,4,26261,0,26261,Multifamily Housing,Multifamily Housing,26261.0,,,,,100.0,200056.5938,False,1.39,0.05,Mono-usage,32,0.0,1.0,0,1
2016,Multifamily LR (1-4),Low-Rise Multifamily,4,NORTHEAST,47.6836,-122.28746,1948,4.0,2,233540,0,233540,"Multifamily Housing, Parking, Swimming Pool",Multifamily Housing,166885.0,Parking,23133.0,Swimming Pool,0.0,64.0,6481807.5,False,120.24,0.51,Multi-usages,68,0.0,1.0,1,3
2016,SPS-District K-12,K-12 School,4,NORTHEAST,47.68503,-122.28267,1961,1.0,1,43578,0,43578,K-12 School,K-12 School,45370.0,,,,,83.0,1436773.875,True,24.63,0.57,Mono-usage,55,0.0,1.0,0,1
2016,Multifamily MR (5-9),Mid-Rise Multifamily,3,EAST,47.61625,-122.31726,2001,1.0,6,65867,0,65867,"Multifamily Housing, Parking, Retail Store",Multifamily Housing,51941.0,Parking,10000.0,Retail Store,3926.0,,1563834.25,False,10.9,0.17,Multi-usages,15,0.0,1.0,1,3
2016,NonResidential,Self-Storage Facility,3,GREATER DUWAMISH,47.59291,-122.31042,1956,1.0,2,28800,0,28800,Self-Storage Facility,Self-Storage Facility,28800.0,,,,,,1143826.625,False,29.44,1.02,Mono-usage,60,0.0,1.0,0,1
2016,Multifamily HR (10+),High-Rise Multifamily,7,DOWNTOWN,47.61477,-122.35129,2002,1.0,12,205779,0,205779,"Multifamily Housing, Parking, Retail Store",Multifamily Housing,160722.0,Parking,15744.0,Retail Store,5867.0,50.0,9686734.0,False,283.04,1.38,Multi-usages,14,0.0,1.0,1,3
2016,NonResidential,K-12 School,3,CENTRAL,47.61791,-122.28594,2009,4.0,2,28500,0,28500,K-12 School,K-12 School,31100.0,,,,,92.0,1162561.125,False,28.64,1.0,Mono-usage,7,0.0,1.0,0,1
2016,Multifamily LR (1-4),Low-Rise Multifamily,3,CENTRAL,47.60583,-122.30421,1968,0.0,3,29581,0,29581,"Multifamily Housing, Parking",Multifamily Housing,24882.0,Parking,0.0,,,85.0,869100.875,False,21.44,0.72,Multi-usages,48,0.0,1.0,1,2
2016,Multifamily LR (1-4),Low-Rise Multifamily,4,NORTHEAST,47.68037,-122.31785,1968,1.0,4,24288,0,24288,Multifamily Housing,Multifamily Housing,24288.0,,,,,62.0,652989.8125,False,4.55,0.19,Mono-usage,48,0.0,1.0,0,1
2016,Multifamily MR (5-9),Mid-Rise Multifamily,7,DOWNTOWN,47.61123,-122.34446,1989,1.0,7,87645,0,87645,"Multifamily Housing, Parking, Retail Store",Multifamily Housing,60501.0,Retail Store,11489.0,Parking,0.0,95.0,2184156.5,False,40.05,0.46,Multi-usages,27,0.0,1.0,1,3
2016,Multifamily HR (10+),High-Rise Multifamily,7,DOWNTOWN,47.61124,-122.34339,1982,1.0,21,185506,0,185506,"Multifamily Housing, Retail Store",Multifamily Housing,125212.0,Retail Store,9710.0,,,1.0,11224871.0,False,106.37,0.57,Multi-usages,34,0.0,1.0,1,2
2016,Multifamily HR (10+),High-Rise Multifamily,3,EAST,47.61137,-122.32669,1927,1.0,12,95280,12960,82320,"Multifamily Housing, Parking",Multifamily Housing,82320.0,Parking,12960.0,,,,4970199.0,False,281.25,2.95,Multi-usages,89,0.1360201511335012,0.8639798488664987,1,2
2016,Multifamily MR (5-9),Mid-Rise Multifamily,3,EAST,47.61875,-122.32703,2003,1.0,6,39090,919,38171,"Multifamily Housing, Parking",Multifamily Housing,34584.0,Parking,18408.0,,,28.0,1423438.5,False,9.92,0.25,Multi-usages,13,0.0235098490662573,0.9764901509337428,1,2
2016,Multifamily MR (5-9),Mid-Rise Multifamily,7,LAKE UNION,47.61933,-122.34413,2009,1.0,7,138125,0,138125,Multifamily Housing,Multifamily Housing,114972.0,,,,,93.0,2664502.5,False,18.58,0.13,Mono-usage,7,0.0,1.0,0,1
2016,Multifamily LR (1-4),Low-Rise Multifamily,3,Central,47.62493,-122.307,1907,1.0,2,20736,0,20736,"Multifamily Housing, Other",Multifamily Housing,19200.0,Other,1563.0,,,86.0,445943.8125,False,3.11,0.15,Multi-usages,109,0.0,1.0,1,2
2016,Multifamily LR (1-4),Low-Rise Multifamily,3,Central,47.62463,-122.30704,1909,1.0,3,29243,0,29243,"Food Service, Multifamily Housing, Other, Other - Entertainment/Public Assembly, Restaurant, Retail Store",Multifamily Housing,17552.0,Other,4375.0,Restaurant,2925.0,,1645031.25,False,55.83,1.91,Multi-usages,107,0.0,1.0,1,6
2016,Multifamily MR (5-9),Mid-Rise Multifamily,7,DOWNTOWN,47.61837,-122.35363,2005,1.0,6,79644,0,79644,Multifamily Housing,Multifamily Housing,79644.0,,,,,55.0,2131817.0,False,14.86,0.19,Mono-usage,11,0.0,1.0,0,1
2016,Multifamily MR (5-9),Mid-Rise Multifamily,3,EAST,47.62487,-122.32768,1966,1.0,6,46351,0,46351,Multifamily Housing,Multifamily Housing,40597.0,,,,,76.0,1071103.75,False,7.47,0.16,Mono-usage,50,0.0,1.0,0,1
2016,Multifamily LR (1-4),Low-Rise Multifamily,6,NORTHWEST,47.69125,-122.35104,1998,1.0,4,36666,6492,30174,"Multifamily Housing, Parking",Multifamily Housing,30174.0,Parking,6492.0,,,65.0,862945.125,False,6.02,0.16,Multi-usages,18,0.1770577646866306,0.8229422353133693,1,2
2016,Multifamily MR (5-9),Mid-Rise Multifamily,3,EAST,47.6189,-122.32318,2000,1.0,5,44520,0,44520,Multifamily Housing,Multifamily Housing,44520.0,,,,,52.0,1275258.0,False,8.89,0.2,Mono-usage,16,0.0,1.0,0,1
2016,Multifamily LR (1-4),Low-Rise Multifamily,4,NORTHEAST,47.67069,-122.31239,1960,1.0,4,20884,0,20884,Multifamily Housing,Multifamily Housing,24696.0,,,,,58.0,813152.625,False,5.67,0.27,Mono-usage,56,0.0,1.0,0,1
2016,Multifamily LR (1-4),Low-Rise Multifamily,4,NORTHEAST,47.67058,-122.31275,1978,1.0,4,31900,0,31900,Multifamily Housing,Multifamily Housing,27267.0,,,,,79.0,794715.6875,False,5.54,0.17,Mono-usage,38,0.0,1.0,0,1
2016,Multifamily LR (1-4),Low-Rise Multifamily,1,DELRIDGE,47.51996,-122.36712,1990,1.0,2,89549,0,89549,Multifamily Housing,Multifamily Housing,89549.0,,,,,31.0,3591653.0,False,66.05,0.74,Mono-usage,26,0.0,1.0,0,1
2016,Multifamily LR (1-4),Low-Rise Multifamily,1,DELRIDGE,47.51789,-122.36689,1997,2.0,3,36260,0,36260,Multifamily Housing,Multifamily Housing,36260.0,,,,,68.0,1081985.0,False,7.54,0.21,Mono-usage,19,0.0,1.0,0,1
2016,Multifamily LR (1-4),Low-Rise Multifamily,7,MAGNOLIA / QUEEN ANNE,47.63107,-122.3454,1989,1.0,4,29280,0,29280,"Multifamily Housing, Parking",Multifamily Housing,24696.0,Parking,4584.0,,,94.0,781217.875,False,21.57,0.74,Multi-usages,27,0.0,1.0,1,2
2016,Multifamily MR (5-9),Mid-Rise Multifamily,3,EAST,47.6156,-122.32415,2001,1.0,6,119486,0,119486,Multifamily Housing,Multifamily Housing,119486.0,,,,,96.0,2591768.0,False,18.07,0.15,Mono-usage,15,0.0,1.0,0,1
2016,NonResidential,Restaurant,3,LAKE UNION,47.62902,-122.33173,1978,1.0,2,26519,0,26519,"Office, Restaurant",Restaurant,13592.0,Office,12927.0,,,,3717064.0,False,97.27,3.67,Multi-usages,38,0.0,1.0,1,2
2016,NonResidential,Mixed Use Property,3,LAKE UNION,47.62774,-122.33384,1988,1.0,2,34639,15402,19237,"Other, Parking, Restaurant",Restaurant,23373.0,Other,19659.0,Parking,15402.0,,15480681.0,False,515.71,14.89,Multi-usages,28,0.4446433211120413,0.5553566788879587,1,3
2016,NonResidential,Other,7,MAGNOLIA / QUEEN ANNE,47.62643,-122.33946,1921,1.0,2,26300,0,26300,Other - Entertainment/Public Assembly,Other - Entertainment/Public Assembly,26300.0,,,,,,3537841.5,False,116.94,4.45,Mono-usage,95,0.0,1.0,0,1
2016,NonResidential,Restaurant,7,LAKE UNION,47.63734,-122.33988,1962,0.0,2,34072,0,34072,Restaurant,Restaurant,34072.0,,,,,,6584966.5,False,226.81,6.66,Mono-usage,54,0.0,1.0,0,1
2016,NonResidential,Small- and Mid-Sized Office,7,LAKE UNION,47.63614,-122.33982,1949,1.0,3,23355,0,23355,Office,Office,21915.0,,,,,77.0,840549.375,False,5.86,0.25,Mono-usage,67,0.0,1.0,0,1
2016,NonResidential,Small- and Mid-Sized Office,7,MAGNOLIA / QUEEN ANNE,47.63575,-122.33895,1965,1.0,4,30840,0,30840,"Office, Restaurant",Office,29255.0,Restaurant,1180.0,,,30.0,3542708.5,False,101.21,3.28,Multi-usages,51,0.0,1.0,1,2
2016,NonResidential,Other,4,NORTHEAST,47.67642,-122.3035,1946,1.0,1,20332,0,20332,Other,Other,20332.0,,,,,,392683.6875,False,10.99,0.54,Mono-usage,70,0.0,1.0,0,1
2016,Multifamily LR (1-4),Low-Rise Multifamily,4,NORTHEAST,47.67594,-122.30247,2003,1.0,4,30315,0,30315,"Multifamily Housing, Other - Recreation, Parking, Restaurant",Multifamily Housing,18823.0,Parking,8797.0,Restaurant,1500.0,3.0,1128060.75,False,7.86,0.26,Multi-usages,13,0.0,1.0,1,4
2016,Multifamily LR (1-4),Low-Rise Multifamily,4,NORTHEAST,47.67598,-122.30201,2005,1.0,4,30918,0,30918,"Multifamily Housing, Parking, Restaurant",Multifamily Housing,17322.0,Parking,11111.0,Restaurant,2485.0,29.0,844000.3125,False,5.88,0.19,Multi-usages,11,0.0,1.0,1,3
2016,Multifamily LR (1-4),Low-Rise Multifamily,4,NORTHEAST,47.66768,-122.3037,1978,1.0,3,20390,0,20390,Multifamily Housing,Multifamily Housing,20390.0,,,,,,492421.9063,False,3.43,0.17,Mono-usage,38,0.0,1.0,0,1
2016,Multifamily LR (1-4),Senior Care Community,4,NORTHEAST,47.67557,-122.30214,1949,1.0,3,99941,0,99941,Senior Care Community,Senior Care Community,90383.0,,,,,83.0,5867616.0,False,198.59,1.99,Mono-usage,67,0.0,1.0,0,1
2016,Multifamily LR (1-4),Low-Rise Multifamily,4,NORTHEAST,47.67604,-122.30141,2005,1.0,4,46137,0,46137,"Multifamily Housing, Parking",Multifamily Housing,33869.0,Parking,12268.0,,,93.0,1093836.75,False,28.83,0.62,Multi-usages,11,0.0,1.0,1,2
2016,Multifamily LR (1-4),Low-Rise Multifamily,3,EAST,47.6284,-122.31843,1920,1.0,3,21672,0,21672,Multifamily Housing,Multifamily Housing,21672.0,,,,,,1417728.25,False,64.04,2.95,Mono-usage,96,0.0,1.0,0,1
2016,NonResidential,Worship Facility,3,CENTRAL,47.61118,-122.288,1900,1.0,1,21850,0,21850,Worship Facility,Worship Facility,21850.0,,,,,100.0,317794.4063,False,13.09,0.6,Mono-usage,116,0.0,1.0,0,1
2016,Multifamily HR (10+),High-Rise Multifamily,3,EAST,47.63383,-122.27624,1969,1.0,23,146102,0,146102,Multifamily Housing,Multifamily Housing,93651.0,,,,,7.0,5235161.5,False,110.02,0.75,Mono-usage,47,0.0,1.0,0,1
2016,NonResidential,Mixed Use Property,4,NORTHEAST,47.66827,-122.29978,1997,1.0,4,32282,6985,25297,"Multifamily Housing, Office, Other, Parking",Multifamily Housing,12600.0,Parking,6985.0,Other,6576.0,,1391714.25,False,34.62,1.07,Multi-usages,19,0.2163744501579828,0.7836255498420173,1,4
2016,Multifamily LR (1-4),Low-Rise Multifamily,5,NORTHWEST,47.694,-122.35348,1987,1.0,4,36538,0,36538,Multifamily Housing,Multifamily Housing,38686.0,,,,,69.0,1015106.875,False,7.08,0.19,Mono-usage,29,0.0,1.0,0,1
2016,Multifamily MR (5-9),Mid-Rise Multifamily,1,SOUTHWEST,47.59454,-122.38774,1996,1.0,6,43222,0,43222,Multifamily Housing,Multifamily Housing,43222.0,,,,,96.0,829801.0,False,5.78,0.13,Mono-usage,20,0.0,1.0,0,1
2016,Multifamily MR (5-9),Mid-Rise Multifamily,7,DOWNTOWN,47.61005,-122.34561,1997,3.0,5,301229,0,301229,Multifamily Housing,Multifamily Housing,301229.0,,,,,83.0,8976533.0,False,128.22,0.43,Mono-usage,19,0.0,1.0,0,1
2016,NonResidential,Large Office,7,DOWNTOWN,47.60449,-122.33803,1983,1.0,13,307557,83064,224493,"Multifamily Housing, Office, Parking, Retail Store",Office,162422.0,Parking,83064.0,Multifamily Housing,55065.0,,9512829.0,False,66.32,0.22,Multi-usages,33,0.2700767662579619,0.729923233742038,1,4
2016,Multifamily HR (10+),High-Rise Multifamily,4,NORTHEAST,47.66289,-122.31882,1974,1.0,23,169565,0,169565,"Multifamily Housing, Parking, Swimming Pool",Multifamily Housing,134565.0,Parking,35000.0,Swimming Pool,0.0,7.0,7325166.0,False,117.64,0.69,Multi-usages,42,0.0,1.0,1,3
2016,Multifamily MR (5-9),Mid-Rise Multifamily,2,SOUTHEAST,47.52058,-122.26028,1964,1.0,5,20967,0,20967,Multifamily Housing,Multifamily Housing,20967.0,,,,,89.0,487015.4063,False,3.4,0.16,Mono-usage,52,0.0,1.0,0,1
2016,Multifamily MR (5-9),Mid-Rise Multifamily,1,SOUTHWEST,47.58946,-122.39376,1994,1.0,6,44188,0,44188,Multifamily Housing,Multifamily Housing,44188.0,,,,,97.0,1329696.75,False,33.5,0.76,Mono-usage,22,0.0,1.0,0,1
2016,NonResidential,Self-Storage Facility,7,MAGNOLIA / QUEEN ANNE,47.64633,-122.3508,1918,1.0,2,28309,0,28309,Self-Storage Facility,Self-Storage Facility,28309.0,,,,,,430308.9063,False,11.85,0.42,Mono-usage,98,0.0,1.0,0,1
2016,NonResidential,Hotel,7,DOWNTOWN,47.60154,-122.3352,1914,1.0,4,45500,0,45500,Hotel,Hotel,45500.0,,,,,77.0,2799595.0,False,122.0,2.68,Mono-usage,102,0.0,1.0,0,1
2016,NonResidential,Small- and Mid-Sized Office,7,DOWNTOWN,47.60106,-122.33458,1900,1.0,5,38376,0,38376,"Office, Retail Store",Office,29258.0,Retail Store,2409.0,,,,2058532.875,False,14.35,0.37,Multi-usages,116,0.0,1.0,1,2
2016,Multifamily MR (5-9),Mid-Rise Multifamily,7,DOWNTOWN,47.60128,-122.33456,1900,0.0,6,78779,0,78779,"Multifamily Housing, Parking",Multifamily Housing,78779.0,Parking,11544.0,,,72.0,1883132.0,False,42.52,0.54,Multi-usages,116,0.0,1.0,1,2
2016,NonResidential,Small- and Mid-Sized Office,7,DOWNTOWN,47.60149,-122.33458,1900,1.0,4,42804,0,42804,"Office, Retail Store",Office,24120.0,Retail Store,6583.0,,,,1544501.75,False,46.53,1.09,Multi-usages,116,0.0,1.0,1,2
2016,NonResidential,Mixed Use Property,7,DOWNTOWN,47.6005,-122.33514,2005,0.0,5,57600,0,57600,"Financial Office, Multifamily Housing, Parking, Residence Hall/Dormitory",Residence Hall/Dormitory,27600.0,Multifamily Housing,16000.0,Financial Office,7000.0,,6983736.0,False,223.36,3.88,Multi-usages,11,0.0,1.0,1,4
2016,Multifamily MR (5-9),Mid-Rise Multifamily,7,DOWNTOWN,47.60038,-122.33517,1914,1.0,5,42534,0,42534,"Multifamily Housing, Parking",Multifamily Housing,25341.0,Parking,0.0,,,84.0,1764409.5,False,57.11,1.34,Multi-usages,102,0.0,1.0,1,2
2016,NonResidential,Small- and Mid-Sized Office,7,DOWNTOWN,47.60023,-122.33459,1900,1.0,4,33300,0,33300,"Office, Restaurant, Retail Store, Self-Storage Facility",Office,26639.0,Restaurant,2820.0,Retail Store,2377.0,,1287497.375,False,18.76,0.56,Multi-usages,116,0.0,1.0,1,4
2016,NonResidential,Hotel,7,DOWNTOWN,47.60035,-122.33379,1900,1.0,3,25450,0,25450,Hotel,Hotel,25450.0,,,,,99.0,503744.6875,False,3.51,0.14,Mono-usage,116,0.0,1.0,0,1
2016,NonResidential,Other,7,DOWNTOWN,47.59976,-122.33514,1900,1.0,3,22200,0,22200,Other,Other,22200.0,,,,,,188745.7031,False,7.05,0.32,Mono-usage,116,0.0,1.0,0,1
2016,NonResidential,Warehouse,7,MAGNOLIA / QUEEN ANNE,47.64306,-122.34219,1968,1.0,2,29498,0,29498,"Non-Refrigerated Warehouse, Office",Non-Refrigerated Warehouse,19749.0,Office,9148.0,,,,3768900.5,False,50.05,1.7,Multi-usages,48,0.0,1.0,1,2
2016,NonResidential,Warehouse,4,LAKE UNION,47.64793,-122.34358,1938,1.0,1,23050,0,23050,Non-Refrigerated Warehouse,Non-Refrigerated Warehouse,23050.0,,,,,27.0,466672.6875,False,3.25,0.14,Mono-usage,78,0.0,1.0,0,1
2016,NonResidential,Small- and Mid-Sized Office,4,LAKE UNION,47.64747,-122.34086,2008,1.0,4,48350,0,48350,Office,,,,,,,45.0,3168131.0,False,22.09,0.46,Mono-usage,8,0.0,1.0,0,1
2016,NonResidential,Retail Store,4,NORTHEAST,47.66097,-122.3192,1930,1.0,1,46059,0,46059,Retail Store,Retail Store,46000.0,,,,,82.0,1582655.875,False,20.66,0.45,Mono-usage,86,0.0,1.0,0,1
2016,Multifamily LR (1-4),Low-Rise Multifamily,4,NORTHEAST,47.65963,-122.31914,1986,1.0,3,32331,0,32331,"Multifamily Housing, Parking",Multifamily Housing,23162.0,Parking,9169.0,,,97.0,602148.0,False,4.2,0.13,Multi-usages,30,0.0,1.0,1,2
2016,Multifamily LR (1-4),Low-Rise Multifamily,4,NORTHEAST,47.6604,-122.32054,1988,1.0,4,40152,0,40152,Multifamily Housing,Multifamily Housing,21100.0,,,,,82.0,522880.0938,False,3.65,0.09,Mono-usage,28,0.0,1.0,0,1
2016,Multifamily MR (5-9),Mid-Rise Multifamily,4,NORTHEAST,47.66001,-122.32052,1986,1.0,5,42189,0,42189,Multifamily Housing,Multifamily Housing,31756.0,,,,,80.0,967082.0,False,6.74,0.16,Mono-usage,30,0.0,1.0,0,1
2016,Multifamily LR (1-4),Low-Rise Multifamily,4,NORTHEAST,47.66001,-122.32011,1985,1.0,4,84385,0,84385,Multifamily Housing,Multifamily Housing,84385.0,,,,,98.0,1759374.25,False,12.27,0.15,Mono-usage,31,0.0,1.0,0,1
2016,Multifamily LR (1-4),Low-Rise Multifamily,4,NORTHEAST,47.65911,-122.32119,1985,1.0,4,30964,0,30964,Multifamily Housing,Multifamily Housing,24000.0,,,,,95.0,574575.375,False,4.01,0.13,Mono-usage,31,0.0,1.0,0,1
2016,Multifamily LR (1-4),Low-Rise Multifamily,4,NORTHEAST,47.65864,-122.32109,1983,1.0,4,40090,0,40090,Multifamily Housing,Multifamily Housing,34380.0,,,,,98.0,921597.875,False,6.42,0.16,Mono-usage,33,0.0,1.0,0,1
2016,Multifamily LR (1-4),Low-Rise Multifamily,4,NORTHEAST,47.65809,-122.32117,1987,1.0,4,31034,0,31034,"Multifamily Housing, Parking",Multifamily Housing,22176.0,Parking,8858.0,,,92.0,664357.375,False,4.63,0.15,Multi-usages,29,0.0,1.0,1,2
2016,Multifamily LR (1-4),Low-Rise Multifamily,4,NORTHEAST,47.66501,-122.29562,2000,1.0,3,29351,0,29351,Multifamily Housing,Multifamily Housing,29351.0,,,,,81.0,709979.6875,False,4.95,0.17,Mono-usage,16,0.0,1.0,0,1
2016,Multifamily MR (5-9),Mid-Rise Multifamily,7,DOWNTOWN,47.61798,-122.35603,2006,1.0,6,131500,22541,108959,"Multifamily Housing, Parking",Multifamily Housing,113351.0,Parking,22541.0,,,41.0,4423958.0,False,105.87,0.81,Multi-usages,10,0.1714144486692015,0.8285855513307985,1,2
2016,Multifamily MR (5-9),Mid-Rise Multifamily,7,MAGNOLIA / QUEEN ANNE,47.62439,-122.36386,1963,1.0,8,29520,0,29520,Multifamily Housing,Multifamily Housing,24600.0,,,,,15.0,1665662.5,False,70.31,2.38,Mono-usage,53,0.0,1.0,0,1
2016,Multifamily MR (5-9),Mid-Rise Multifamily,4,LAKE UNION,47.65862,-122.34192,2008,1.0,5,36600,0,36600,Multifamily Housing,Multifamily Housing,30600.0,,,,,95.0,956958.875,False,23.15,0.63,Mono-usage,8,0.0,1.0,0,1
2016,Multifamily LR (1-4),Low-Rise Multifamily,3,EAST,47.61759,-122.32759,1988,1.0,4,54224,20059,34165,"Multifamily Housing, Parking",Multifamily Housing,34165.0,Parking,20059.0,,,66.0,1325597.625,False,9.24,0.17,Multi-usages,28,0.3699284449690174,0.6300715550309826,1,2
2016,Multifamily LR (1-4),Low-Rise Multifamily,3,EAST,47.61721,-122.3271,1914,1.0,4,20928,0,20928,Multifamily Housing,Multifamily Housing,20928.0,,,,,83.0,939413.625,False,38.58,1.84,Mono-usage,102,0.0,1.0,0,1
2016,Multifamily LR (1-4),Low-Rise Multifamily,7,MAGNOLIA / QUEEN ANNE,47.63766,-122.34213,1990,1.0,4,24538,4798,19740,"Multifamily Housing, Parking",Multifamily Housing,20752.0,Parking,4798.0,,,,489557.0938,False,3.41,0.14,Multi-usages,26,0.1955334583095606,0.8044665416904393,1,2
2016,Multifamily MR (5-9),Mid-Rise Multifamily,4,NORTHEAST,47.67539,-122.31843,1999,1.0,6,71510,23180,48330,"Multifamily Housing, Parking",Multifamily Housing,43700.0,Parking,10600.0,,,86.0,2043592.625,False,61.18,0.86,Multi-usages,17,0.3241504684659488,0.6758495315340511,1,2
2016,Multifamily MR (5-9),Mid-Rise Multifamily,4,NORTHEAST,47.67426,-122.3177,1992,1.0,5,30169,5668,24501,"Multifamily Housing, Parking, Retail Store",Multifamily Housing,18728.0,Retail Store,5773.0,Parking,5668.0,100.0,392481.4063,False,2.74,0.09,Multi-usages,24,0.1878749709967185,0.8121250290032815,1,3
2016,NonResidential,Medical Office,4,NORTHEAST,47.67437,-122.3181,1970,1.0,2,23595,0,23595,Medical Office,Medical Office,23595.0,,,,,72.0,817409.625,False,6.53,0.28,Mono-usage,46,0.0,1.0,0,1
2016,Multifamily MR (5-9),Mid-Rise Multifamily,6,NORTHWEST,47.692,-122.35561,2000,1.0,6,98486,0,98486,"Multifamily Housing, Parking, Retail Store",Multifamily Housing,65726.0,Parking,14850.0,Retail Store,5184.0,,2280976.5,False,15.9,0.16,Multi-usages,16,0.0,1.0,1,3
2016,Multifamily LR (1-4),Low-Rise Multifamily,6,NORTHWEST,47.69159,-122.35732,2008,1.0,3,52626,0,52626,Multifamily Housing,Multifamily Housing,40727.0,,,,,58.0,1084474.875,False,7.56,0.14,Mono-usage,8,0.0,1.0,0,1
2016,Multifamily MR (5-9),Mid-Rise Multifamily,3,CENTRAL,47.59824,-122.30256,2000,1.0,5,70161,0,70161,Multifamily Housing,Multifamily Housing,77664.0,,,,,1.0,5669431.0,False,136.94,1.95,Mono-usage,16,0.0,1.0,0,1
2016,Multifamily LR (1-4),Low-Rise Multifamily,1,SOUTHWEST,47.51169,-122.39435,1967,1.0,3,115819,0,115819,Multifamily Housing,Multifamily Housing,51200.0,,,,,1.0,3586479.25,False,75.07,0.65,Mono-usage,49,0.0,1.0,0,1
2016,Multifamily MR (5-9),Mid-Rise Multifamily,7,DOWNTOWN,47.59946,-122.3338,1905,1.0,7,50120,0,50120,"Multifamily Housing, Office, Retail Store",Multifamily Housing,22853.0,Office,10631.0,Retail Store,6544.0,76.0,1234813.25,False,8.61,0.17,Multi-usages,111,0.0,1.0,1,3
2016,NonResidential,Small- and Mid-Sized Office,7,DOWNTOWN,47.59938,-122.33328,1900,1.0,3,28142,0,28142,Office,Office,28142.0,,,,,96.0,847097.8125,False,34.08,1.21,Mono-usage,116,0.0,1.0,0,1
2016,NonResidential,Small- and Mid-Sized Office,7,DOWNTOWN,47.59954,-122.33327,1900,1.0,3,28760,0,28760,"Non-Refrigerated Warehouse, Office, Retail Store",Office,12314.0,Retail Store,6020.0,Non-Refrigerated Warehouse,6000.0,,2615973.5,False,124.59,4.33,Multi-usages,116,0.0,1.0,1,3
2016,NonResidential,Small- and Mid-Sized Office,7,DOWNTOWN,47.59979,-122.33318,1902,1.0,4,39030,0,39030,"Office, Retail Store",Office,32001.0,Retail Store,6685.0,,,99.0,713326.875,False,13.69,0.35,Multi-usages,114,0.0,1.0,1,2
2016,NonResidential,Small- and Mid-Sized Office,7,DOWNTOWN,47.60071,-122.33377,1909,0.0,3,47215,0,47215,"Office, Retail Store",Office,23659.0,Retail Store,22376.0,,,58.0,2092696.0,False,63.81,1.35,Multi-usages,107,0.0,1.0,1,2
2016,Nonresidential COS,Other,3,EAST,47.61492,-122.31728,1926,1.0,2,61580,27000,34580,"Other, Parking",Other,36280.0,Parking,23154.0,,,,4199443.0,False,69.53,1.13,Multi-usages,90,0.4384540435206235,0.5615459564793764,1,2
2016,NonResidential,Small- and Mid-Sized Office,3,EAST,47.61459,-122.31724,1917,1.0,3,30720,0,30720,"Office, Retail Store",Office,29720.0,Retail Store,1000.0,,,,1288669.5,False,25.53,0.83,Multi-usages,99,0.0,1.0,1,2
2016,NonResidential,Mixed Use Property,3,EAST,47.61428,-122.31726,1916,1.0,2,20640,0,20640,"Office, Restaurant, Retail Store",Retail Store,9750.0,Office,9212.0,Restaurant,2450.0,,412562.4063,False,2.88,0.14,Multi-usages,100,0.0,1.0,1,3
2016,NonResidential,Mixed Use Property,3,EAST,47.61421,-122.3193,1912,1.0,2,34914,0,34914,"Office, Restaurant, Retail Store",Retail Store,14983.0,Restaurant,10638.0,Office,5837.0,,1333289.625,False,9.29,0.27,Multi-usages,104,0.0,1.0,1,3
2016,NonResidential,Small- and Mid-Sized Office,3,EAST,47.61508,-122.31845,1906,1.0,3,20897,0,20897,"Non-Refrigerated Warehouse, Office, Retail Store",Office,10228.0,Retail Store,3433.0,Non-Refrigerated Warehouse,3400.0,,964923.8125,False,17.79,0.85,Multi-usages,110,0.0,1.0,1,3
2016,NonResidential,Retail Store,3,EAST,47.61478,-122.31847,1916,1.0,2,36940,0,36940,Retail Store,Retail Store,36940.0,,,,,100.0,336745.4063,False,2.35,0.06,Mono-usage,100,0.0,1.0,0,1
2016,NonResidential,Small- and Mid-Sized Office,3,EAST,47.61435,-122.31859,1913,1.0,3,22866,0,22866,Office,Office,22866.0,,,,,,1153690.125,False,20.76,0.91,Mono-usage,103,0.0,1.0,0,1
2016,NonResidential,Retail Store,3,EAST,47.61466,-122.31984,1920,1.0,1,30240,0,30240,"Restaurant, Retail Store",Retail Store,32205.0,Restaurant,714.0,,,78.0,1264626.875,False,18.19,0.6,Multi-usages,96,0.0,1.0,1,2
2016,NonResidential,Low-Rise Multifamily,3,EAST,47.61427,-122.31977,1910,1.0,3,32100,0,32100,"Bar/Nightclub, Multifamily Housing",Multifamily Housing,21400.0,Bar/Nightclub,10700.0,,,,108200.3984,False,5.22,0.16,Multi-usages,106,0.0,1.0,1,2
2016,Multifamily LR (1-4),Low-Rise Multifamily,3,EAST,47.61738,-122.31749,1925,1.0,3,36148,0,36148,"Multifamily Housing, Parking",Multifamily Housing,29513.0,Parking,6635.0,,,67.0,2214604.25,False,100.49,2.78,Multi-usages,91,0.0,1.0,1,2
2016,Multifamily LR (1-4),Low-Rise Multifamily,4,NORTHEAST,47.65901,-122.3201,1990,1.0,4,24153,0,24153,"Multifamily Housing, Parking",Multifamily Housing,16554.0,Parking,7599.0,,,,416566.1875,False,2.9,0.12,Multi-usages,26,0.0,1.0,1,2
2016,Multifamily LR (1-4),Low-Rise Multifamily,4,NORTHEAST,47.65859,-122.31913,1986,1.0,4,47332,12959,34373,Multifamily Housing,Multifamily Housing,33822.0,,,,,92.0,1056269.125,False,7.36,0.16,Mono-usage,30,0.2737894025183808,0.7262105974816192,0,1
2016,NonResidential,Other,4,NORTHEAST,47.65729,-122.31937,1962,1.0,2,28586,0,28586,Other,Other,27022.0,,,,,,5078204.0,False,35.4,1.24,Mono-usage,54,0.0,1.0,0,1
2016,Multifamily MR (5-9),Mid-Rise Multifamily,4,NORTHEAST,47.65631,-122.3195,1986,0.0,6,46689,0,46689,"Multifamily Housing, Parking",Multifamily Housing,36589.0,Parking,7000.0,,,96.0,934621.1875,False,6.52,0.14,Multi-usages,30,0.0,1.0,1,2
2016,Multifamily LR (1-4),Low-Rise Multifamily,2,DOWNTOWN,47.59802,-122.32468,1909,1.0,4,33887,0,33887,"Multifamily Housing, Other - Education, Other - Entertainment/Public Assembly, Other - Restaurant/Bar",Multifamily Housing,30387.0,Other - Restaurant/Bar,2000.0,Other - Entertainment/Public Assembly,1750.0,12.0,2473814.25,False,85.88,2.53,Multi-usages,107,0.0,1.0,1,4
2016,NonResidential,Hotel,2,DOWNTOWN,47.59766,-122.32394,1908,1.0,3,28800,0,28800,"Hotel, Restaurant",Hotel,21600.0,Restaurant,7200.0,,,,4644346.0,False,190.45,6.61,Multi-usages,108,0.0,1.0,1,2
2016,Multifamily LR (1-4),Low-Rise Multifamily,2,DOWNTOWN,47.59784,-122.32394,1907,1.0,3,25600,0,25600,Multifamily Housing,Multifamily Housing,25600.0,,,,,45.0,1324534.625,False,59.08,2.31,Mono-usage,109,0.0,1.0,0,1
2016,NonResidential,Restaurant,2,DOWNTOWN,47.59697,-122.32474,1913,1.0,3,28800,0,28800,Restaurant,,,,,,,,899924.1875,False,29.21,1.01,Mono-usage,103,0.0,1.0,0,1
2016,NonResidential,Small- and Mid-Sized Office,2,DOWNTOWN,47.59644,-122.32415,1979,1.0,3,35202,0,35202,"Bank Branch, Office",Office,24227.0,Bank Branch,9127.0,,,2.0,3605755.5,False,25.14,0.71,Multi-usages,37,0.0,1.0,1,2
2016,Multifamily LR (1-4),Low-Rise Multifamily,3,EAST,47.61769,-122.32701,1963,1.0,4,23150,0,23150,"Multifamily Housing, Parking",Multifamily Housing,18100.0,Parking,2796.0,,,86.0,588492.5,False,7.71,0.33,Multi-usages,53,0.0,1.0,1,2
2016,Multifamily LR (1-4),Low-Rise Multifamily,3,EAST,47.61598,-122.32758,1960,1.0,4,37151,0,37151,"Multifamily Housing, Parking",Multifamily Housing,37151.0,Parking,3127.0,,,94.0,1013823.0,False,25.44,0.68,Multi-usages,56,0.0,1.0,1,2
2016,Multifamily MR (5-9),Mid-Rise Multifamily,3,EAST,47.61539,-122.32708,2013,1.0,6,130284,0,130284,"Multifamily Housing, Parking",Multifamily Housing,90314.0,Parking,39970.0,,,33.0,7042343.0,False,229.55,1.76,Multi-usages,3,0.0,1.0,1,2
2016,Multifamily MR (5-9),Mid-Rise Multifamily,3,EAST,47.61593,-122.32715,2012,1.0,6,24962,0,24962,"Multifamily Housing, Parking",Multifamily Housing,17849.0,Parking,3000.0,,,,636744.375,False,4.44,0.18,Multi-usages,4,0.0,1.0,1,2
2016,Multifamily MR (5-9),Mid-Rise Multifamily,3,EAST,47.61609,-122.32714,1997,1.0,7,73830,0,73830,"Multifamily Housing, Parking",Multifamily Housing,58905.0,Parking,14925.0,,,76.0,1869730.5,False,19.04,0.26,Multi-usages,19,0.0,1.0,1,2
2016,Multifamily MR (5-9),Mid-Rise Multifamily,3,EAST,47.61666,-122.32708,1994,1.0,6,77577,0,77577,"Multifamily Housing, Office, Parking",Multifamily Housing,43656.0,Parking,17561.0,Office,7011.0,89.0,2080866.75,False,49.7,0.64,Multi-usages,22,0.0,1.0,1,3
2016,NonResidential,Senior Care Community,7,EAST,47.61318,-122.32747,1969,1.0,6,95117,26082,69035,"Parking, Senior Care Community",Senior Care Community,69035.0,Parking,26082.0,,,1.0,7202141.5,False,183.79,1.93,Multi-usages,47,0.2742096575796124,0.7257903424203875,1,2
2016,Multifamily MR (5-9),Mid-Rise Multifamily,3,EAST,47.6146,-122.32661,1926,1.0,7,54572,0,54572,Multifamily Housing,Multifamily Housing,54572.0,,,,,99.0,2664475.5,False,120.1,2.2,Mono-usage,90,0.0,1.0,0,1
2016,NonResidential,Worship Facility,3,EAST,47.61426,-122.32661,1910,1.0,2,24600,0,24600,Worship Facility,Worship Facility,24600.0,,,,,69.0,331059.5,False,5.66,0.23,Mono-usage,106,0.0,1.0,0,1
2016,Multifamily LR (1-4),Low-Rise Multifamily,7,MAGNOLIA / QUEEN ANNE,47.63447,-122.35724,1990,1.0,4,20378,0,20378,Multifamily Housing,Multifamily Housing,20378.0,,,,,,645028.0,False,10.29,0.5,Mono-usage,26,0.0,1.0,0,1
2016,NonResidential,Worship Facility,3,EAST,47.60514,-122.32613,1900,1.0,1,48850,0,48850,"Office, Other, Worship Facility",Worship Facility,28725.0,Office,4325.0,Other,3700.0,,1063480.5,False,65.05,1.33,Multi-usages,116,0.0,1.0,1,3
2016,Multifamily MR (5-9),Mid-Rise Multifamily,3,EAST,47.61592,-122.32644,2001,1.0,8,104452,41376,63076,"Multifamily Housing, Parking, Retail Store",Multifamily Housing,50473.0,Parking,41376.0,Retail Store,6150.0,86.0,2531070.25,False,48.62,0.47,Multi-usages,15,0.3961245356718875,0.6038754643281125,1,3
2016,Multifamily LR (1-4),Low-Rise Multifamily,5,NORTHWEST,47.69687,-122.34221,1989,1.0,4,21880,0,21880,"Multifamily Housing, Parking",Multifamily Housing,18480.0,Parking,3000.0,,,71.0,635698.6875,False,4.43,0.2,Multi-usages,27,0.0,1.0,1,2
2016,Multifamily LR (1-4),Low-Rise Multifamily,1,DELRIDGE,47.53456,-122.37632,1989,1.0,4,84415,0,84415,"Multifamily Housing, Parking",Multifamily Housing,63198.0,Parking,21217.0,,,91.0,1688612.5,False,11.77,0.14,Multi-usages,27,0.0,1.0,1,2
2016,Multifamily LR (1-4),Low-Rise Multifamily,1,SOUTHWEST,47.5519,-122.38753,1978,1.0,4,22000,0,22000,"Multifamily Housing, Parking",Multifamily Housing,22000.0,Parking,10000.0,,,100.0,154798.0938,False,1.08,0.05,Multi-usages,38,0.0,1.0,1,2
2016,Multifamily LR (1-4),Low-Rise Multifamily,1,SOUTHWEST,47.56079,-122.3766,1988,1.0,4,21581,0,21581,"Multifamily Housing, Parking",Multifamily Housing,21581.0,Parking,5616.0,,,,383524.0,False,2.67,0.12,Multi-usages,28,0.0,1.0,1,2
2016,Multifamily LR (1-4),Low-Rise Multifamily,7,MAGNOLIA / QUEEN ANNE,47.63182,-122.36384,1920,1.0,4,57212,0,57212,Multifamily Housing,Multifamily Housing,47346.0,,,,,23.0,1614673.625,False,11.26,0.2,Mono-usage,96,0.0,1.0,0,1
2016,Multifamily LR (1-4),Low-Rise Multifamily,1,DELRIDGE,47.53144,-122.36076,1990,1.0,2,131307,0,131307,Multifamily Housing,Multifamily Housing,131307.0,,,,,50.0,6206083.5,False,58.82,0.45,Mono-usage,26,0.0,1.0,0,1
2016,Multifamily LR (1-4),Low-Rise Multifamily,1,SOUTHWEST,47.59027,-122.3866,1966,1.0,4,39757,3690,36067,Multifamily Housing,Multifamily Housing,36067.0,,,,,73.0,938833.625,True,6.54,0.16,Mono-usage,50,0.0928138441029252,0.9071861558970749,0,1
2016,NonResidential,Hospital,1,SOUTHWEST,47.58767,-122.38672,1961,0.0,3,54863,0,54863,Hospital (General Medical & Surgical),Hospital (General Medical & Surgical),109726.0,,,,,100.0,2037720.625,False,14.21,0.26,Mono-usage,55,0.0,1.0,0,1
2016,Multifamily LR (1-4),Low-Rise Multifamily,3,EAST,47.61861,-122.31783,1910,1.0,3,27328,0,27328,Multifamily Housing,Multifamily Housing,27328.0,,,,,73.0,1416488.75,False,64.46,2.36,Mono-usage,106,0.0,1.0,0,1
2016,Multifamily LR (1-4),Low-Rise Multifamily,3,EAST,47.61977,-122.31918,1958,1.0,3,23200,0,23200,Multifamily Housing,Multifamily Housing,23200.0,,,,,66.0,669117.0,False,5.57,0.24,Mono-usage,58,0.0,1.0,0,1
2016,Multifamily LR (1-4),Low-Rise Multifamily,3,EAST,47.61895,-122.31852,1907,1.0,3,20457,0,20457,"Multifamily Housing, Parking",Multifamily Housing,21700.0,Parking,0.0,,,54.0,1534068.25,False,70.29,3.44,Multi-usages,109,0.0,1.0,1,2
2016,Multifamily MR (5-9),Mid-Rise Multifamily,3,EAST,47.62016688,-122.3206948,1924,1.0,5,38160,0,38160,"Multifamily Housing, Retail Store",Multifamily Housing,34750.0,Retail Store,3410.0,,,,2453333.0,False,99.42,2.61,Multi-usages,92,0.0,1.0,1,2
2016,Multifamily MR (5-9),Mid-Rise Multifamily,2,DOWNTOWN,47.59739,-122.32354,2006,1.0,6,46951,0,46951,"Multifamily Housing, Office, Parking",Multifamily Housing,35425.0,Parking,12600.0,Office,1050.0,,1038045.313,False,7.24,0.15,Multi-usages,10,0.0,1.0,1,3
2016,Multifamily LR (1-4),Low-Rise Multifamily,2,DOWNTOWN,47.59852,-122.32321,1916,1.0,4,30210,0,30210,"Multifamily Housing, Office, Restaurant",Multifamily Housing,15810.0,Office,7200.0,Restaurant,7200.0,,1104074.625,False,37.17,1.23,Multi-usages,100,0.0,1.0,1,3
2016,NonResidential,Warehouse,2,GREATER DUWAMISH,47.55317,-122.33289,1964,1.0,1,25000,0,25000,"Food Sales, Non-Refrigerated Warehouse, Office",Non-Refrigerated Warehouse,13393.0,Food Sales,7500.0,Office,4107.0,,1989103.875,False,65.89,2.64,Multi-usages,52,0.0,1.0,1,3
2016,NonResidential,Warehouse,2,GREATER DUWAMISH,47.55544,-122.33294,1960,1.0,1,25000,0,25000,"Non-Refrigerated Warehouse, Office",Non-Refrigerated Warehouse,24000.0,Office,1000.0,,,,287132.5,False,8.61,0.34,Multi-usages,56,0.0,1.0,1,2
2016,NonResidential,Other,2,GREATER DUWAMISH,47.55523,-122.33448,1927,1.0,1,22622,0,22622,Manufacturing/Industrial Plant,Manufacturing/Industrial Plant,23000.0,,,,,,774075.6875,False,26.56,1.17,Mono-usage,89,0.0,1.0,0,1
2016,NonResidential,Small- and Mid-Sized Office,3,EAST,47.61543,-122.32657,1917,1.0,3,27544,0,27544,"Office, Parking",Office,22365.0,Parking,3744.0,,,94.0,1031667.5,False,17.41,0.63,Multi-usages,99,0.0,1.0,1,2
2016,Multifamily LR (1-4),Low-Rise Multifamily,3,EAST,47.61834,-122.32641,1910,1.0,3,21264,0,21264,Multifamily Housing,Multifamily Housing,21693.0,,,,,75.0,1334125.125,False,56.96,2.68,Mono-usage,106,0.0,1.0,0,1
2016,Multifamily MR (5-9),Mid-Rise Multifamily,3,EAST,47.61811,-122.32643,1992,1.0,6,63102,0,63102,"Multifamily Housing, Office, Other, Parking",Multifamily Housing,30056.0,Parking,17200.0,Other,7299.0,93.0,1487769.5,False,10.37,0.16,Multi-usages,24,0.0,1.0,1,4
2016,Multifamily MR (5-9),Mid-Rise Multifamily,3,EAST,47.6179,-122.32647,1925,1.0,6,26694,0,26694,"Multifamily Housing, Retail Store",Multifamily Housing,25671.0,Retail Store,3400.0,,,,2195160.0,False,96.28,3.61,Multi-usages,91,0.0,1.0,1,2
2016,Multifamily MR (5-9),Mid-Rise Multifamily,1,SOUTHWEST,47.59445,-122.38819,2000,1.0,5,26442,0,26442,Multifamily Housing,Multifamily Housing,26442.0,,,,,96.0,767323.3125,False,23.68,0.9,Mono-usage,16,0.0,1.0,0,1
2016,Multifamily HR (10+),High-Rise Multifamily,3,EAST,47.61061,-122.32367,1929,1.0,12,66924,0,66924,Multifamily Housing,Multifamily Housing,66924.0,,,,,85.0,4916451.5,False,220.86,3.3,Mono-usage,87,0.0,1.0,0,1
2016,Multifamily MR (5-9),Mid-Rise Multifamily,1,SOUTHWEST,47.59393,-122.38886,2008,1.0,6,24396,0,24396,"Multifamily Housing, Parking",Multifamily Housing,17426.0,Parking,6970.0,,,,684234.875,False,18.2,0.75,Multi-usages,8,0.0,1.0,1,2
2016,Multifamily MR (5-9),Mid-Rise Multifamily,3,CENTRAL,47.60004,-122.30256,2000,1.0,6,49310,0,49310,Multifamily Housing,Multifamily Housing,45472.0,,,,,61.0,1831722.875,False,47.26,0.96,Mono-usage,16,0.0,1.0,0,1
2016,Multifamily MR (5-9),Mid-Rise Multifamily,1,SOUTHWEST,47.59376,-122.38936,2002,1.0,6,25200,0,25200,"Multifamily Housing, Parking",Multifamily Housing,26450.0,Parking,7935.0,,,,839011.3125,False,19.31,0.77,Multi-usages,14,0.0,1.0,1,2
2016,Multifamily LR (1-4),Low-Rise Multifamily,7,MAGNOLIA / QUEEN ANNE,47.63703,-122.34072,1967,0.0,4,26294,0,26294,Multifamily Housing,Multifamily Housing,26294.0,,,,,89.0,577347.625,False,4.02,0.15,Mono-usage,49,0.0,1.0,0,1
2016,Multifamily LR (1-4),Low-Rise Multifamily,7,MAGNOLIA / QUEEN ANNE,47.63148,-122.35766,2005,1.0,4,36192,0,36192,Multifamily Housing,Multifamily Housing,36192.0,,,,,81.0,987288.8125,False,15.34,0.42,Mono-usage,11,0.0,1.0,0,1
2016,Multifamily MR (5-9),Mid-Rise Multifamily,7,DOWNTOWN,47.61803,-122.34802,1911,1.0,6,31008,0,31008,"Multifamily Housing, Office",Multifamily Housing,24249.0,Office,6759.0,,,10.0,2249130.0,False,45.33,1.46,Multi-usages,105,0.0,1.0,1,2
2016,Multifamily MR (5-9),Mid-Rise Multifamily,5,NORTH,47.70009,-122.32283,1979,1.0,5,53088,0,53088,"Multifamily Housing, Parking",Multifamily Housing,53088.0,Parking,5508.0,,,76.0,1395581.625,False,9.73,0.18,Multi-usages,37,0.0,1.0,1,2
2016,Multifamily LR (1-4),Low-Rise Multifamily,1,SOUTHWEST,47.56178,-122.3891,1989,1.0,4,20407,0,20407,Multifamily Housing,Multifamily Housing,17000.0,,,,,73.0,507625.5,False,3.54,0.17,Mono-usage,27,0.0,1.0,0,1
2016,NonResidential,Small- and Mid-Sized Office,7,DOWNTOWN,47.61161,-122.34592,1989,1.0,7,47415,0,47415,"Multifamily Housing, Office, Other - Entertainment/Public Assembly, Parking",Office,25884.0,Parking,7000.0,Multifamily Housing,5713.0,,1478979.25,False,10.31,0.22,Multi-usages,27,0.0,1.0,1,4
2016,Multifamily MR (5-9),Mid-Rise Multifamily,1,SOUTHWEST,47.5643,-122.37474,1991,1.0,5,21294,0,21294,Multifamily Housing,Multifamily Housing,21294.0,,,,,80.0,600368.0,False,4.19,0.2,Mono-usage,25,0.0,1.0,0,1
2016,Multifamily MR (5-9),Mid-Rise Multifamily,1,SOUTHWEST,47.5643,-122.37409,1991,1.0,5,30796,9502,21294,Multifamily Housing,Multifamily Housing,21294.0,,,,,68.0,669787.8125,False,4.67,0.15,Mono-usage,25,0.3085465644888946,0.6914534355111054,0,1
2016,Multifamily LR (1-4),Low-Rise Multifamily,1,SOUTHWEST,47.56439,-122.37348,1989,1.0,4,43441,13189,30252,"Multifamily Housing, Parking",Multifamily Housing,43441.0,Parking,13189.0,,,96.0,775007.6875,False,5.4,0.12,Multi-usages,27,0.3036071913629981,0.6963928086370019,1,2
2016,Multifamily MR (5-9),Mid-Rise Multifamily,1,DELRIDGE,47.56379,-122.37356,1999,1.0,5,80083,24418,55665,"Multifamily Housing, Parking",Multifamily Housing,56755.0,Parking,24333.0,,,96.0,1513700.625,False,10.55,0.13,Multi-usages,17,0.3049086572680843,0.6950913427319156,1,2
2016,Multifamily MR (5-9),Mid-Rise Multifamily,1,DELRIDGE,47.56385,-122.37583,2009,0.0,6,47321,0,47321,"Multifamily Housing, Parking",Multifamily Housing,47321.0,Parking,37661.0,,,87.0,1719772.75,False,11.99,0.25,Multi-usages,7,0.0,1.0,1,2
2016,NonResidential,Other,7,MAGNOLIA / QUEEN ANNE,47.63644,-122.34218,1961,1.0,3,22960,0,22960,Other - Entertainment/Public Assembly,Other - Entertainment/Public Assembly,22960.0,,,,,,2266983.0,False,95.38,4.15,Mono-usage,55,0.0,1.0,0,1
2016,Multifamily MR (5-9),Mid-Rise Multifamily,7,MAGNOLIA / QUEEN ANNE,47.63908,-122.34228,1966,1.0,5,61107,0,61107,"Multifamily Housing, Parking",Multifamily Housing,60162.0,Parking,0.0,,,93.0,1479728.75,False,10.32,0.17,Multi-usages,50,0.0,1.0,1,2
2016,NonResidential,Supermarket / Grocery Store,3,EAST,47.62048,-122.31386,1998,1.0,1,44739,0,44739,"Parking, Supermarket/Grocery Store",Supermarket/Grocery Store,44739.0,Parking,0.0,,,17.0,14585813.0,False,393.07,8.79,Multi-usages,18,0.0,1.0,1,2
2016,Multifamily LR (1-4),Low-Rise Multifamily,3,EAST,47.62155,-122.31444,1984,1.0,4,42720,0,42720,Multifamily Housing,Multifamily Housing,42720.0,,,,,67.0,1391916.0,False,9.7,0.23,Mono-usage,32,0.0,1.0,0,1
2016,Multifamily LR (1-4),Low-Rise Multifamily,3,EAST,47.62119,-122.31873,1909,1.0,3,21892,0,21892,Multifamily Housing,Multifamily Housing,21892.0,,,,,100.0,477284.0938,False,16.47,0.75,Mono-usage,107,0.0,1.0,0,1
2016,Multifamily MR (5-9),Mid-Rise Multifamily,7,MAGNOLIA / QUEEN ANNE,47.63199,-122.3431,1992,1.0,8,80705,0,80705,Multifamily Housing,Multifamily Housing,80705.0,,,,,95.0,1686765.875,False,22.94,0.28,Mono-usage,24,0.0,1.0,0,1
2016,NonResidential,Mixed Use Property,4,NORTHEAST,47.66816,-122.27706,1948,1.0,1,22778,0,22778,"Medical Office, Office, Other, Restaurant, Retail Store",Retail Store,21194.0,Office,12923.0,Restaurant,3720.0,,2470566.0,False,120.86,5.31,Multi-usages,68,0.0,1.0,1,5
2016,NonResidential,Worship Facility,6,BALLARD,47.68517,-122.38733,1956,1.0,2,21562,0,21562,"Pre-school/Daycare, Worship Facility",Worship Facility,21052.0,Pre-school/Daycare,400.0,,,20.0,866806.0,False,37.28,1.73,Multi-usages,60,0.0,1.0,1,2
2016,Multifamily MR (5-9),Mid-Rise Multifamily,3,EAST,47.62292,-122.32435,1960,1.0,5,31570,0,31570,"Multifamily Housing, Swimming Pool",Multifamily Housing,31570.0,Swimming Pool,0.0,,,84.0,1066775.25,False,16.89,0.54,Multi-usages,56,0.0,1.0,1,2
2016,NonResidential,Other,3,CENTRAL,47.62322,-122.29006,1959,1.0,1,25753,0,25753,Other - Entertainment/Public Assembly,Other - Entertainment/Public Assembly,25753.0,,,,,,1378130.25,False,62.51,2.43,Mono-usage,57,0.0,1.0,0,1
2016,NonResidential,Other,3,EAST,47.62816,-122.28067,1928,1.0,3,71280,0,71280,Other - Recreation,Other - Recreation,71280.0,,,,,,22767828.0,False,861.85,12.09,Mono-usage,88,0.0,1.0,0,1
2016,SPS-District K-12,K-12 School,3,EAST,47.63408,-122.28483,1925,1.0,3,38297,0,38297,K-12 School,K-12 School,38297.0,,,,,85.0,1845150.625,True,69.18,1.81,Mono-usage,91,0.0,1.0,0,1
2016,NonResidential,Senior Care Community,3,EAST,47.63429,-122.27652,1963,1.0,16,153312,0,153312,"Parking, Senior Care Community, Worship Facility",Senior Care Community,148590.0,Parking,72317.0,Worship Facility,4722.0,51.0,20628680.0,False,792.6,5.17,Multi-usages,53,0.0,1.0,1,3
2016,Multifamily LR (1-4),Low-Rise Multifamily,3,EAST,47.63673,-122.27813,1988,1.0,3,36702,0,36702,"Multifamily Housing, Parking",Multifamily Housing,27498.0,Parking,9204.0,,,90.0,680062.5,False,4.74,0.13,Multi-usages,28,0.0,1.0,1,2
2016,Multifamily LR (1-4),Low-Rise Multifamily,3,EAST,47.63755,-122.27654,1922,5.0,2,46613,0,46613,Multifamily Housing,Multifamily Housing,34642.0,,,,,34.0,2148565.0,False,59.86,1.28,Mono-usage,94,0.0,1.0,0,1
2016,Multifamily LR (1-4),Low-Rise Multifamily,1,SOUTHWEST,47.57897,-122.41037,1962,1.0,3,22982,0,22982,"Multifamily Housing, Restaurant",Multifamily Housing,17164.0,Restaurant,5818.0,,,,607579.6875,False,4.24,0.18,Multi-usages,54,0.0,1.0,1,2
2016,Multifamily LR (1-4),Low-Rise Multifamily,1,SOUTHWEST,47.57845,-122.41036,1958,1.0,3,25016,0,25016,Multifamily Housing,Multifamily Housing,25016.0,,,,,86.0,557082.1875,False,3.88,0.16,Mono-usage,58,0.0,1.0,0,1
2016,Multifamily LR (1-4),Low-Rise Multifamily,1,SOUTHWEST,47.57753,-122.41031,1989,1.0,3,26896,0,26896,Multifamily Housing,Multifamily Housing,26896.0,,,,,69.0,645055.5,False,4.5,0.17,Mono-usage,27,0.0,1.0,0,1
2016,NonResidential,Mixed Use Property,7,DOWNTOWN,47.61811,-122.33908,2009,1.0,19,1206670,201857,1004813,"Multifamily Housing, Office, Parking, Restaurant",Office,319361.0,Multifamily Housing,181047.0,Parking,177210.0,87.0,27684480.0,False,393.29,0.33,Multi-usages,7,0.1672843445183853,0.8327156554816147,1,4
2016,Multifamily LR (1-4),Low-Rise Multifamily,3,EAST,47.62354,-122.3118,1929,1.0,3,22234,0,22234,Multifamily Housing,Multifamily Housing,16753.0,,,,,,1117658.75,False,51.26,2.31,Mono-usage,87,0.0,1.0,0,1
2016,Multifamily MR (5-9),Mid-Rise Multifamily,7,MAGNOLIA / QUEEN ANNE,47.62985,-122.35963,2009,1.0,5,62190,0,62190,"Multifamily Housing, Parking",Multifamily Housing,57311.0,Parking,22714.0,,,32.0,2520310.0,False,63.23,1.02,Multi-usages,7,0.0,1.0,1,2
2016,Multifamily LR (1-4),Low-Rise Multifamily,7,MAGNOLIA / QUEEN ANNE,47.62689,-122.35981,1979,1.0,4,26472,0,26472,Multifamily Housing,Multifamily Housing,26472.0,,,,,61.0,541950.875,False,3.78,0.14,Mono-usage,37,0.0,1.0,0,1
2016,Multifamily MR (5-9),Mid-Rise Multifamily,7,MAGNOLIA / QUEEN ANNE,47.62576,-122.35183,1993,0.0,5,92342,0,92342,"Multifamily Housing, Parking",Multifamily Housing,92342.0,Parking,38940.0,,,25.0,4155007.75,False,88.0,0.95,Multi-usages,23,0.0,1.0,1,2
2016,NonResidential,Worship Facility,2,SOUTHEAST,47.53857,-122.28026,1968,1.0,1,24200,0,24200,"Parking, Worship Facility",Worship Facility,24200.0,Parking,0.0,,,73.0,826488.6875,False,22.38,0.92,Multi-usages,48,0.0,1.0,1,2
2016,Multifamily MR (5-9),Mid-Rise Multifamily,3,EAST,47.61735,-122.3231,1998,1.0,5,33274,0,33274,"Multifamily Housing, Parking",Multifamily Housing,27180.0,Parking,12344.0,,,96.0,1113457.75,False,28.04,0.84,Multi-usages,18,0.0,1.0,1,2
2016,Multifamily LR (1-4),Low-Rise Multifamily,3,EAST,47.6169,-122.32262,1948,1.0,2,31457,0,31457,"Multifamily Housing, Parking",Multifamily Housing,21073.0,Parking,0.0,,,81.0,1241410.5,False,54.02,1.72,Multi-usages,68,0.0,1.0,1,2
2016,Multifamily LR (1-4),Low-Rise Multifamily,3,EAST,47.61619,-122.32309,1917,1.0,4,26246,0,26246,Multifamily Housing,Multifamily Housing,26246.0,,,,,60.0,1893293.125,False,89.49,3.41,Mono-usage,99,0.0,1.0,0,1
2016,Multifamily LR (1-4),Low-Rise Multifamily,7,MAGNOLIA / QUEEN ANNE,47.63701,-122.34218,1961,1.0,4,32615,0,32615,"Multifamily Housing, Parking",Multifamily Housing,29353.0,Parking,3262.0,,,92.0,548201.5,False,3.82,0.12,Multi-usages,55,0.0,1.0,1,2
2016,NonResidential,Residence Hall,7,MAGNOLIA / QUEEN ANNE,47.63651,-122.34418,1981,1.0,4,23513,2211,21302,"Office, Parking, Residence Hall/Dormitory, Restaurant, Social/Meeting Hall",Residence Hall/Dormitory,15200.0,Office,2600.0,Social/Meeting Hall,1800.0,,1740568.25,False,49.79,2.12,Multi-usages,35,0.094033088078935,0.9059669119210648,1,5
2016,Multifamily MR (5-9),Mid-Rise Multifamily,1,SOUTHWEST,47.56486,-122.37284,2002,1.0,6,25800,0,25800,"Multifamily Housing, Parking",Multifamily Housing,25800.0,Parking,2550.0,,,90.0,618670.875,False,4.31,0.17,Multi-usages,14,0.0,1.0,1,2
2016,Multifamily MR (5-9),Mid-Rise Multifamily,5,NORTHWEST,47.69395,-122.3549,1998,1.0,5,82514,0,82514,Multifamily Housing,Multifamily Housing,82514.0,,,,,85.0,2105912.75,False,42.93,0.52,Mono-usage,18,0.0,1.0,0,1
2016,Multifamily LR (1-4),Low-Rise Multifamily,7,MAGNOLIA / QUEEN ANNE,47.64353,-122.37438,1977,1.0,3,22202,0,22202,Multifamily Housing,Multifamily Housing,22202.0,,,,,80.0,521341.9063,False,3.63,0.16,Mono-usage,39,0.0,1.0,0,1
2016,Multifamily LR (1-4),Low-Rise Multifamily,1,SOUTHWEST,47.54095,-122.38678,1989,1.0,4,71280,0,71280,Multifamily Housing,Multifamily Housing,48756.0,,,,,54.0,1656025.625,False,11.54,0.16,Mono-usage,27,0.0,1.0,0,1
2016,Multifamily LR (1-4),Low-Rise Multifamily,1,DELRIDGE,47.52451,-122.36424,1981,1.0,3,35122,0,35122,Multifamily Housing,,,,,,,43.0,936584.375,False,6.53,0.19,Mono-usage,35,0.0,1.0,0,1
2016,Multifamily LR (1-4),Low-Rise Multifamily,1,DELRIDGE,47.51897,-122.35561,1966,1.0,3,24259,0,24259,"Multifamily Housing, Office",Multifamily Housing,22348.0,Office,1911.0,,,,547084.375,False,3.81,0.16,Multi-usages,50,0.0,1.0,1,2
2016,NonResidential,Self-Storage Facility,1,DELRIDGE,47.56785,-122.37039,1994,1.0,3,66610,0,66610,Self-Storage Facility,Self-Storage Facility,66720.0,,,,,,640377.0,False,18.81,0.28,Mono-usage,22,0.0,1.0,0,1
2016,NonResidential,Other,2,GREATER DUWAMISH,47.56774,-122.33289,1950,1.0,1,36000,0,36000,"Office, Other",Other,34000.0,Office,1400.0,,,,3646053.75,False,58.79,1.63,Multi-usages,66,0.0,1.0,1,2
2016,Multifamily LR (1-4),Low-Rise Multifamily,3,EAST,47.62016,-122.32514,1917,1.0,3,22160,0,22160,Multifamily Housing,Multifamily Housing,22160.0,,,,,93.0,659710.6875,True,18.73,0.85,Mono-usage,99,0.0,1.0,0,1
2016,Multifamily LR (1-4),Low-Rise Multifamily,3,EAST,47.61983,-122.32434,1923,1.0,3,24650,0,24650,Multifamily Housing,Multifamily Housing,24650.0,,,,,89.0,969682.8125,False,29.22,1.19,Mono-usage,93,0.0,1.0,0,1
2016,Multifamily LR (1-4),Low-Rise Multifamily,3,EAST,47.6186,-122.32514,1914,1.0,3,30040,0,30040,Multifamily Housing,Multifamily Housing,30040.0,,,,,89.0,1400962.25,False,60.08,2.0,Mono-usage,102,0.0,1.0,0,1
2016,Multifamily LR (1-4),Low-Rise Multifamily,3,EAST,47.62175,-122.32376,1990,1.0,3,36885,0,36885,"Multifamily Housing, Parking",Multifamily Housing,27447.0,Parking,9438.0,,,92.0,782483.125,False,5.45,0.15,Multi-usages,26,0.0,1.0,1,2
2016,Multifamily MR (5-9),Mid-Rise Multifamily,3,EAST,47.62276,-122.32378,2000,1.0,5,49649,0,49649,"Multifamily Housing, Parking",Multifamily Housing,32753.0,Parking,16896.0,,,96.0,823346.0,False,5.74,0.12,Multi-usages,16,0.0,1.0,1,2
2016,Multifamily LR (1-4),Low-Rise Multifamily,3,EAST,47.618,-122.32558,1955,1.0,3,28094,0,28094,Multifamily Housing,Multifamily Housing,28094.0,,,,,63.0,924963.875,False,6.45,0.23,Mono-usage,61,0.0,1.0,0,1
2016,Multifamily LR (1-4),Low-Rise Multifamily,3,EAST,47.61827,-122.32359,1927,1.0,4,22795,0,22795,Multifamily Housing,Multifamily Housing,22795.0,,,,,92.0,1083467.125,False,48.16,2.11,Mono-usage,89,0.0,1.0,0,1
2016,Multifamily MR (5-9),Mid-Rise Multifamily,7,LAKE UNION,47.62245,-122.33146,2013,1.0,7,289076,0,289076,"Multifamily Housing, Parking",Multifamily Housing,197688.0,Parking,97744.0,,,98.0,4545148.0,False,35.36,0.12,Multi-usages,3,0.0,1.0,1,2
2016,Multifamily LR (1-4),Low-Rise Multifamily,5,NORTHWEST,47.71539,-122.35509,1987,1.0,3,32962,0,32962,"Multifamily Housing, Parking",Multifamily Housing,26941.0,Parking,6021.0,,,83.0,717197.8125,False,5.0,0.15,Multi-usages,29,0.0,1.0,1,2
2016,Multifamily LR (1-4),Low-Rise Multifamily,5,NORTHWEST,47.71298,-122.35517,1969,1.0,3,21996,0,21996,"Multifamily Housing, Parking",Multifamily Housing,18364.0,Parking,3632.0,,,,586827.5,False,4.09,0.19,Multi-usages,47,0.0,1.0,1,2
2016,NonResidential,K-12 School,5,NORTHWEST,47.71387,-122.3535,1938,1.0,2,23222,0,23222,K-12 School,K-12 School,15006.0,,,,,62.0,1219863.125,False,55.06,2.37,Mono-usage,78,0.0,1.0,0,1
2016,Multifamily LR (1-4),Low-Rise Multifamily,5,NORTHWEST,47.71919,-122.35508,1995,1.0,3,63590,0,63590,"Multifamily Housing, Parking",Multifamily Housing,49133.0,Parking,14457.0,,,70.0,1265657.25,False,8.82,0.14,Multi-usages,21,0.0,1.0,1,2
2016,Multifamily LR (1-4),Low-Rise Multifamily,5,NORTHWEST,47.70455,-122.34681,1986,1.0,3,23346,0,23346,Multifamily Housing,Multifamily Housing,23346.0,,,,,53.0,919048.6875,False,6.41,0.27,Mono-usage,30,0.0,1.0,0,1
2016,NonResidential,Mixed Use Property,3,EAST,47.61426,-122.3253,1924,1.0,2,24476,0,24476,"Fitness Center/Health Club/Gym, Office, Other, Other - Utility, Restaurant, Retail Store",Fitness Center/Health Club/Gym,7501.0,Office,5872.0,Retail Store,5375.0,,2662054.25,False,91.69,3.75,Multi-usages,92,0.0,1.0,1,6
2016,Multifamily MR (5-9),Mid-Rise Multifamily,3,EAST,47.61465,-122.32552,1908,1.0,5,27320,0,27320,Multifamily Housing,Multifamily Housing,27320.0,,,,,60.0,779204.875,True,5.43,0.2,Mono-usage,108,0.0,1.0,0,1
2016,NonResidential,Retail Store,3,EAST,47.61386,-122.32481,1910,0.0,2,24750,0,24750,"Medical Office, Office, Retail Store",Retail Store,19240.0,Office,2050.0,Medical Office,1250.0,,782343.8125,False,28.07,1.13,Multi-usages,106,0.0,1.0,1,3
2016,Multifamily LR (1-4),Low-Rise Multifamily,3,EAST,47.61316,-122.32468,1924,1.0,3,27792,0,27792,Multifamily Housing,Multifamily Housing,27792.0,,,,,94.0,941366.5,False,27.71,1.0,Mono-usage,92,0.0,1.0,0,1
2016,Multifamily MR (5-9),Mid-Rise Multifamily,3,EAST,47.61338,-122.32519,1908,1.0,5,23600,0,23600,Multifamily Housing,Multifamily Housing,23600.0,,,,,96.0,1815371.25,False,80.06,3.39,Mono-usage,108,0.0,1.0,0,1
2016,NonResidential,K-12 School,3,EAST,47.61339,-122.32594,1904,1.0,3,60000,0,60000,K-12 School,K-12 School,48783.0,,,,,52.0,3625407.5,False,121.63,2.03,Mono-usage,112,0.0,1.0,0,1
2016,NonResidential,Other,3,EAST,47.61449,-122.32592,1954,1.0,2,46560,0,46560,Other - Entertainment/Public Assembly,Other - Entertainment/Public Assembly,46560.0,,,,,,690557.6875,False,17.31,0.37,Mono-usage,62,0.0,1.0,0,1
2016,Multifamily LR (1-4),Low-Rise Multifamily,3,EAST,47.6161,-122.32591,1964,1.0,4,35138,0,35138,"Multifamily Housing, Parking",Multifamily Housing,29647.0,Parking,5491.0,,,86.0,682249.625,False,4.76,0.14,Multi-usages,52,0.0,1.0,1,2
2016,Multifamily LR (1-4),Low-Rise Multifamily,3,EAST,47.6176,-122.32592,1916,1.0,3,20340,0,20340,Multifamily Housing,Multifamily Housing,20340.0,,,,,69.0,1335007.875,False,59.18,2.91,Mono-usage,100,0.0,1.0,0,1
2016,Multifamily MR (5-9),Mid-Rise Multifamily,3,EAST,47.61733,-122.32601,1960,1.0,5,46527,0,46527,Multifamily Housing,Multifamily Housing,46527.0,,,,,74.0,2676594.75,False,105.99,2.28,Mono-usage,56,0.0,1.0,0,1
2016,Multifamily LR (1-4),Low-Rise Multifamily,3,EAST,47.61654,-122.32592,1924,1.0,3,46274,0,46274,"Multifamily Housing, Parking",Multifamily Housing,40282.0,Parking,5992.0,,,88.0,2164129.75,False,96.15,2.08,Multi-usages,92,0.0,1.0,1,2
2016,Multifamily LR (1-4),Low-Rise Multifamily,7,MAGNOLIA / QUEEN ANNE,47.63434,-122.3414,1977,1.0,4,31008,0,31008,Multifamily Housing,Multifamily Housing,24282.0,,,,,24.0,1207869.875,False,32.02,1.03,Mono-usage,39,0.0,1.0,0,1
2016,Multifamily MR (5-9),Mid-Rise Multifamily,4,LAKE UNION,47.6401,-122.33003,1968,1.0,5,53862,0,53862,"Multifamily Housing, Parking, Swimming Pool",Multifamily Housing,48786.0,Parking,5076.0,Swimming Pool,0.0,90.0,1435558.125,False,10.01,0.19,Multi-usages,48,0.0,1.0,1,3
2016,NonResidential,Other,7,MAGNOLIA / QUEEN ANNE,47.63303,-122.34268,1980,1.0,3,30408,0,30408,"Bank Branch, Parking",Bank Branch,25000.0,Parking,5408.0,,,61.0,1440554.25,False,10.04,0.33,Multi-usages,36,0.0,1.0,1,2
2016,Multifamily MR (5-9),Mixed Use Property,7,MAGNOLIA / QUEEN ANNE,47.63315,-122.34147,1995,1.0,6,33978,0,33978,"Multifamily Housing, Office, Other, Parking",Multifamily Housing,15418.0,Parking,10980.0,Office,2700.0,,801645.875,False,9.49,0.28,Multi-usages,21,0.0,1.0,1,4
2016,Multifamily MR (5-9),Mid-Rise Multifamily,7,MAGNOLIA / QUEEN ANNE,47.63342,-122.3414,2007,1.0,8,66204,20271,45933,"Multifamily Housing, Parking",Multifamily Housing,57489.0,Parking,20000.0,,,83.0,2217046.0,False,55.63,0.84,Multi-usages,9,0.3061899583106761,0.6938100416893239,1,2
2016,Multifamily MR (5-9),Mid-Rise Multifamily,7,MAGNOLIA / QUEEN ANNE,47.63361,-122.34193,1998,1.0,5,31266,0,31266,"Multifamily Housing, Office, Parking",Multifamily Housing,21930.0,Parking,7373.0,Office,1963.0,,560823.625,False,3.91,0.13,Multi-usages,18,0.0,1.0,1,3
2016,NonResidential,Small- and Mid-Sized Office,7,MAGNOLIA / QUEEN ANNE,47.63439,-122.34078,1920,1.0,3,30109,0,30109,"Office, Parking",Office,28400.0,Parking,7200.0,,,89.0,1465795.75,False,34.03,1.13,Multi-usages,96,0.0,1.0,1,2
2016,Multifamily LR (1-4),Low-Rise Multifamily,4,LAKE UNION,47.65093,-122.34555,1980,1.0,4,27480,0,27480,Multifamily Housing,Multifamily Housing,27480.0,,,,,87.0,594611.875,False,4.15,0.15,Mono-usage,36,0.0,1.0,0,1
2016,SPS-District K-12,K-12 School,1,SOUTHWEST,47.55257,-122.38019,1964,1.0,2,39929,0,39929,K-12 School,K-12 School,39929.0,,,,,82.0,1813718.0,True,47.18,1.18,Mono-usage,52,0.0,1.0,0,1
2016,Multifamily LR (1-4),Low-Rise Multifamily,6,NORTHWEST,47.6864,-122.33985,1947,1.0,3,24920,0,24920,Multifamily Housing,Multifamily Housing,24920.0,,,,,73.0,1466382.25,False,68.89,2.76,Mono-usage,69,0.0,1.0,0,1
2016,NonResidential,Small- and Mid-Sized Office,7,MAGNOLIA / QUEEN ANNE,47.63985,-122.36712,1960,1.0,2,25481,0,25481,Office,Office,25481.0,,,,,92.0,917100.3125,False,38.59,1.51,Mono-usage,56,0.0,1.0,0,1
2016,NonResidential,Senior Care Community,2,SOUTHEAST,47.53515,-122.26556,1967,1.0,1,141297,0,141297,Senior Care Community,Senior Care Community,141297.0,,,,,76.0,19423344.0,False,717.93,5.08,Mono-usage,49,0.0,1.0,0,1
2016,Multifamily HR (10+),High-Rise Multifamily,7,DOWNTOWN,47.60551,-122.33746,1983,1.0,22,195788,0,195788,"Multifamily Housing, Office, Restaurant",Multifamily Housing,103671.0,Office,63101.0,Restaurant,3500.0,55.0,7459418.0,False,52.0,0.27,Multi-usages,33,0.0,1.0,1,3
2016,Multifamily LR (1-4),Low-Rise Multifamily,3,EAST,47.61941,-122.31304,2007,1.0,4,29421,0,29421,"Multifamily Housing, Office, Parking",Multifamily Housing,29421.0,Parking,15308.0,Office,8796.0,90.0,968448.1875,False,7.56,0.26,Multi-usages,9,0.0,1.0,1,3
2016,Multifamily MR (5-9),Mid-Rise Multifamily,7,MAGNOLIA / QUEEN ANNE,47.62602,-122.3567,1997,1.0,6,48600,0,48600,"Multifamily Housing, Parking",Multifamily Housing,40361.0,Parking,21000.0,,,90.0,1822435.25,False,51.24,1.05,Multi-usages,19,0.0,1.0,1,2
2016,Multifamily MR (5-9),Mid-Rise Multifamily,7,MAGNOLIA / QUEEN ANNE,47.62651,-122.34795,1991,1.0,5,29803,0,29803,Multifamily Housing,Multifamily Housing,24782.0,,,,,69.0,1396691.875,False,56.18,1.89,Mono-usage,25,0.0,1.0,0,1
2016,Multifamily LR (1-4),Low-Rise Multifamily,4,NORTHEAST,47.67385,-122.26521,1985,1.0,3,40894,0,40894,"Multifamily Housing, Parking",Multifamily Housing,30230.0,Parking,10664.0,,,12.0,1222949.25,False,8.53,0.21,Multi-usages,31,0.0,1.0,1,2
2016,Multifamily MR (5-9),Mid-Rise Multifamily,6,NORTHWEST,47.68704,-122.33998,2009,1.0,5,35843,0,35843,"Multifamily Housing, Office, Parking, Retail Store",Multifamily Housing,19831.0,Parking,11616.0,Retail Store,3000.0,,779503.625,False,6.9,0.19,Multi-usages,7,0.0,1.0,1,4
2016,Multifamily LR (1-4),Low-Rise Multifamily,4,NORTHEAST,47.67447,-122.26389,1981,1.0,3,47419,0,47419,Multifamily Housing,Multifamily Housing,47419.0,,,,,75.0,1216545.75,False,8.48,0.18,Mono-usage,35,0.0,1.0,0,1
2016,Multifamily MR (5-9),Mid-Rise Multifamily,7,LAKE UNION,47.62235,-122.33074,2013,3.0,7,88450,0,88450,"Multifamily Housing, Parking",Multifamily Housing,225337.0,Parking,102474.0,,,98.0,6582088.5,False,84.01,0.95,Multi-usages,3,0.0,1.0,1,2
2016,NonResidential,Small- and Mid-Sized Office,7,LAKE UNION,47.62298,-122.33082,1912,1.0,2,27788,0,27788,"Office, Other - Restaurant/Bar",Office,32610.0,Other - Restaurant/Bar,4874.0,,,73.0,2119806.25,False,35.99,1.3,Multi-usages,104,0.0,1.0,1,2
2016,Multifamily LR (1-4),Low-Rise Multifamily,5,North,47.71122,-122.32766,1979,1.0,3,102298,0,102298,Multifamily Housing,Multifamily Housing,88248.0,,,,,61.0,2616816.75,False,25.11,0.25,Mono-usage,37,0.0,1.0,0,1
2016,Multifamily MR (5-9),Mid-Rise Multifamily,7,LAKE UNION,47.62025,-122.33129,2006,2.0,6,524720,0,524720,"Multifamily Housing, Retail Store",Multifamily Housing,147417.0,Retail Store,5108.0,,,94.0,6411570.5,False,160.79,0.31,Multi-usages,10,0.0,1.0,1,2
2016,Multifamily LR (1-4),Low-Rise Multifamily,3,EAST,47.62182,-122.32028,1928,1.0,4,43096,0,43096,Multifamily Housing,Multifamily Housing,43098.0,,,,,76.0,2563933.25,False,117.47,2.73,Mono-usage,88,0.0,1.0,0,1
2016,Multifamily LR (1-4),Low-Rise Multifamily,3,EAST,47.62215,-122.32023,1914,1.0,4,23242,0,23242,Multifamily Housing,Multifamily Housing,23242.0,,,,,63.0,686789.875,False,4.79,0.21,Mono-usage,102,0.0,1.0,0,1
2016,Multifamily MR (5-9),Mid-Rise Multifamily,3,EAST,47.62459,-122.32175,1968,1.0,8,49256,0,49256,Multifamily Housing,Multifamily Housing,49256.0,,,,,96.0,1775372.25,False,43.9,0.89,Mono-usage,48,0.0,1.0,0,1
2016,Multifamily LR (1-4),Low-Rise Multifamily,3,EAST,47.62165,-122.32247,1906,1.0,3,33736,0,33736,Multifamily Housing,Multifamily Housing,33736.0,,,,,82.0,1187540.25,False,25.37,0.75,Mono-usage,110,0.0,1.0,0,1
2016,Multifamily LR (1-4),Low-Rise Multifamily,3,EAST,47.62408,-122.32231,1965,1.0,4,30240,0,30240,"Multifamily Housing, Parking",Multifamily Housing,27656.0,Parking,0.0,,,75.0,659176.1875,False,4.6,0.15,Multi-usages,51,0.0,1.0,1,2
2016,Multifamily LR (1-4),Low-Rise Multifamily,3,EAST,47.62333,-122.32228,1926,1.0,3,25958,0,25958,Multifamily Housing,Multifamily Housing,25958.0,,,,,90.0,748335.3125,False,20.5,0.79,Mono-usage,90,0.0,1.0,0,1
2016,Multifamily LR (1-4),Low-Rise Multifamily,4,LAKE UNION,47.64779,-122.33352,1993,1.0,4,55372,0,55372,Multifamily Housing,Multifamily Housing,55362.0,,,,,79.0,2298815.75,False,90.53,1.63,Mono-usage,23,0.0,1.0,0,1
2016,NonResidential,Hotel,5,NORTHWEST,47.729,-122.34473,1990,1.0,4,41704,8584,33120,Hotel,Hotel,41704.0,,,,,73.0,1943899.25,False,58.52,1.4,Mono-usage,26,0.2058315749088816,0.7941684250911184,0,1
2016,Multifamily LR (1-4),Low-Rise Multifamily,7,MAGNOLIA / QUEEN ANNE,47.62948,-122.36881,1930,1.0,3,25380,0,25380,Multifamily Housing,Multifamily Housing,25380.0,,,,,66.0,1270582.125,False,58.24,2.29,Mono-usage,86,0.0,1.0,0,1
2016,Multifamily LR (1-4),Low-Rise Multifamily,7,MAGNOLIA / QUEEN ANNE,47.65383,-122.3706,1965,1.0,3,39967,0,39967,"Multifamily Housing, Parking",Multifamily Housing,37139.0,Parking,0.0,,,52.0,1037555.125,False,7.23,0.18,Multi-usages,51,0.0,1.0,1,2
2016,NonResidential,Warehouse,2,GREATER DUWAMISH,47.56683,-122.33358,1941,1.0,2,22324,0,22324,Non-Refrigerated Warehouse,Non-Refrigerated Warehouse,21000.0,,,,,53.0,588856.125,False,22.33,1.0,Mono-usage,75,0.0,1.0,0,1
2016,NonResidential,Other,2,GREATER DUWAMISH,47.5661,-122.33358,1946,1.0,2,31360,0,31360,Other - Entertainment/Public Assembly,Other - Entertainment/Public Assembly,32000.0,,,,,,1725108.25,False,39.65,1.26,Mono-usage,70,0.0,1.0,0,1
2016,NonResidential,Mixed Use Property,2,GREATER DUWAMISH,47.56555,-122.33362,1947,1.0,1,30496,0,30496,"Manufacturing/Industrial Plant, Office, Retail Store",Retail Store,14344.0,Manufacturing/Industrial Plant,10272.0,Office,8012.0,,1992158.25,False,46.01,1.51,Multi-usages,69,0.0,1.0,1,3
2016,Multifamily LR (1-4),Low-Rise Multifamily,5,NORTH,47.6975,-122.32761,1979,1.0,4,99893,0,99893,"Multifamily Housing, Parking, Swimming Pool",Multifamily Housing,99893.0,Parking,18720.0,Swimming Pool,0.0,78.0,3773034.0,False,111.34,1.11,Multi-usages,37,0.0,1.0,1,3
2016,Multifamily LR (1-4),Low-Rise Multifamily,5,NORTH,47.70548,-122.32111,1984,1.0,4,140594,0,140594,Multifamily Housing,Multifamily Housing,140594.0,,,,,100.0,3484718.25,False,144.3,1.03,Mono-usage,32,0.0,1.0,0,1
2016,Multifamily LR (1-4),Low-Rise Multifamily,3,EAST,47.61317,-122.32424,1925,1.0,3,67304,0,67304,Multifamily Housing,Multifamily Housing,60536.0,,,,,64.0,2024367.75,False,59.76,0.89,Mono-usage,91,0.0,1.0,0,1
2016,Multifamily LR (1-4),Senior Care Community,5,NORTH,47.69413,-122.30592,2005,1.0,4,99941,11102,88839,"Parking, Senior Care Community",Senior Care Community,88839.0,Parking,11102.0,,,78.0,4233753.0,False,90.17,0.9,Multi-usages,11,0.1110855404688766,0.8889144595311234,1,2
2016,Multifamily LR (1-4),Low-Rise Multifamily,3,EAST,47.61618,-122.32376,1907,1.0,3,22800,0,22800,Multifamily Housing,Multifamily Housing,22800.0,,,,,93.0,1131770.625,False,48.95,2.15,Mono-usage,109,0.0,1.0,0,1
2016,NonResidential,Small- and Mid-Sized Office,3,EAST,47.61545,-122.3238,1922,1.0,3,27600,0,27600,"Office, Retail Store",Office,13175.0,Retail Store,9175.0,,,84.0,1072151.375,False,12.57,0.46,Multi-usages,94,0.0,1.0,1,2
2016,Multifamily LR (1-4),Low-Rise Multifamily,3,EAST,47.61724,-122.3239,1907,1.0,3,26684,0,26684,Multifamily Housing,Multifamily Housing,26684.0,,,,,93.0,592999.1875,False,4.13,0.15,Mono-usage,109,0.0,1.0,0,1
2016,Multifamily MR (5-9),Mid-Rise Multifamily,3,EAST,47.61745,-122.32431,1923,1.0,6,72576,0,72576,Multifamily Housing,Multifamily Housing,72576.0,,,,,97.0,3694541.25,False,166.43,2.29,Mono-usage,93,0.0,1.0,0,1
2016,Multifamily MR (5-9),Mid-Rise Multifamily,3,EAST,47.61759,-122.32478,1926,1.0,6,33279,0,33279,Multifamily Housing,Multifamily Housing,31779.0,,,,,78.0,2621041.0,False,119.99,3.61,Mono-usage,90,0.0,1.0,0,1
2016,Multifamily MR (5-9),Mid-Rise Multifamily,3,EAST,47.61656,-122.32472,1925,1.0,8,57504,0,57504,"Multifamily Housing, Parking",Multifamily Housing,49357.0,Parking,8147.0,,,93.0,1735538.25,False,37.84,0.66,Multi-usages,91,0.0,1.0,1,2
2016,Multifamily LR (1-4),Low-Rise Multifamily,3,EAST,47.6167,-122.32537,1906,1.0,3,25536,0,25536,Multifamily Housing,Multifamily Housing,25536.0,,,,,97.0,1732954.25,False,72.86,2.85,Mono-usage,110,0.0,1.0,0,1
2016,Multifamily LR (1-4),Low-Rise Multifamily,7,MAGNOLIA / QUEEN ANNE,47.62922,-122.34529,1989,1.0,4,30720,0,30720,"Multifamily Housing, Parking",Multifamily Housing,30720.0,Parking,13500.0,,,87.0,915286.1875,False,6.38,0.21,Multi-usages,27,0.0,1.0,1,2
2016,Multifamily LR (1-4),Low-Rise Multifamily,7,MAGNOLIA / QUEEN ANNE,47.64038,-122.34581,1987,1.0,4,44832,0,44832,Multifamily Housing,Multifamily Housing,38850.0,,,,,90.0,815115.5,False,5.68,0.13,Mono-usage,29,0.0,1.0,0,1
2016,Multifamily LR (1-4),Low-Rise Multifamily,7,MAGNOLIA / QUEEN ANNE,47.65339,-122.39102,1968,1.0,4,78120,0,78120,Multifamily Housing,Multifamily Housing,69822.0,,,,,99.0,1384685.0,False,9.65,0.12,Mono-usage,48,0.0,1.0,0,1
2016,NonResidential,Senior Care Community,6,Northwest,47.66312,-122.35311,1961,1.0,2,55974,0,55974,Senior Care Community,Senior Care Community,56000.0,,,,,98.0,6135173.0,False,203.21,3.63,Mono-usage,55,0.0,1.0,0,1
2016,Multifamily LR (1-4),Low-Rise Multifamily,6,Northwest,47.66476,-122.34976,1916,1.0,3,28256,0,28256,Multifamily Housing,Multifamily Housing,28256.0,,,,,93.0,576038.1875,False,5.63,0.2,Mono-usage,100,0.0,1.0,0,1
2016,Multifamily LR (1-4),Low-Rise Multifamily,4,Northwest,47.66448,-122.347,2001,1.0,4,39235,0,39235,"Multifamily Housing, Office",Multifamily Housing,20237.0,Office,1155.0,,,,620104.0,False,4.32,0.11,Multi-usages,15,0.0,1.0,1,2
2016,SPS-District K-12,K-12 School,2,GREATER DUWAMISH,47.53074,-122.28491,1971,1.0,2,52901,0,52901,K-12 School,K-12 School,52901.0,,,,,75.0,2240342.0,True,60.2,1.14,Mono-usage,45,0.0,1.0,0,1
2016,Multifamily LR (1-4),Low-Rise Multifamily,3,EAST,47.63991,-122.27578,1968,1.0,3,59502,0,59502,Multifamily Housing,Multifamily Housing,53747.0,,,,,27.0,2001643.75,False,13.95,0.23,Mono-usage,48,0.0,1.0,0,1
2016,NonResidential,Senior Care Community,5,NORTH,47.70883,-122.28887,1954,1.0,1,22583,0,22583,Senior Care Community,Senior Care Community,22583.0,,,,,95.0,1981360.0,False,70.92,3.14,Mono-usage,62,0.0,1.0,0,1
2016,Multifamily LR (1-4),Low-Rise Multifamily,5,NORTH,47.70857,-122.29048,1978,1.0,3,21712,0,21712,Multifamily Housing,Multifamily Housing,21712.0,,,,,,685310.875,False,4.78,0.22,Mono-usage,38,0.0,1.0,0,1
2016,Multifamily LR (1-4),Low-Rise Multifamily,4,LAKE UNION,47.66122,-122.33695,1925,1.0,3,28187,0,28187,Multifamily Housing,Multifamily Housing,28187.0,,,,,96.0,596960.125,False,19.15,0.68,Mono-usage,91,0.0,1.0,0,1
2016,NonResidential,Small- and Mid-Sized Office,4,LAKE UNION,47.66117,-122.3391,1997,0.0,3,31686,7358,24328,"Food Service, Library, Office, Parking",Office,25927.0,Parking,6750.0,Food Service,3743.0,35.0,2305643.5,False,16.07,0.51,Multi-usages,19,0.2322161206842138,0.7677838793157862,1,4
2016,NonResidential,Small- and Mid-Sized Office,4,LAKE UNION,47.6483,-122.33438,1981,1.0,3,26694,6034,20660,"Office, Parking",Office,24914.0,Parking,4720.0,,,92.0,720170.6875,False,5.02,0.19,Multi-usages,35,0.2260433056117479,0.773956694388252,1,2
2016,Multifamily LR (1-4),Low-Rise Multifamily,6,NORTHWEST,47.69979,-122.3554,1967,1.0,4,21440,0,21440,"Multifamily Housing, Parking",Multifamily Housing,21440.0,Parking,0.0,,,69.0,532729.625,False,3.71,0.17,Multi-usages,49,0.0,1.0,1,2
2016,Multifamily LR (1-4),Low-Rise Multifamily,6,BALLARD,47.66893,-122.37103,1969,1.0,3,20143,0,20143,Multifamily Housing,Multifamily Housing,20143.0,,,,,46.0,608491.0,False,4.24,0.21,Mono-usage,47,0.0,1.0,0,1
2016,Multifamily LR (1-4),Low-Rise Multifamily,4,NORTHEAST,47.65926,-122.31851,1926,0.0,3,21158,0,21158,Multifamily Housing,Multifamily Housing,21158.0,,,,,90.0,766950.8125,False,26.54,1.25,Mono-usage,90,0.0,1.0,0,1
2016,NonResidential,Warehouse,5,NORTHWEST,47.70833,-122.34429,1972,1.0,1,29400,0,29400,Non-Refrigerated Warehouse,Non-Refrigerated Warehouse,25000.0,,,,,69.0,227509.5,False,1.59,0.05,Mono-usage,44,0.0,1.0,0,1
2016,NonResidential,Hotel,2,GREATER DUWAMISH,47.54774,-122.32091,1992,1.0,3,22452,0,22452,Hotel,Hotel,22452.0,,,,,85.0,1244150.0,False,41.88,1.87,Mono-usage,24,0.0,1.0,0,1
2016,Multifamily MR (5-9),Mid-Rise Multifamily,3,EAST,47.6127,-122.32634,1989,1.0,6,113665,0,113665,Multifamily Housing,Multifamily Housing,113665.0,,,,,95.0,2567976.75,False,51.62,0.45,Mono-usage,27,0.0,1.0,0,1
2016,Multifamily LR (1-4),Low-Rise Multifamily,7,MAGNOLIA / QUEEN ANNE,47.63074,-122.3473,1998,1.0,3,20448,0,20448,Multifamily Housing,Multifamily Housing,20041.0,,,,,,787159.6875,False,20.88,1.02,Mono-usage,18,0.0,1.0,0,1
2016,Multifamily HR (10+),High-Rise Multifamily,4,NORTHEAST,47.6624,-122.32038,1971,1.0,10,78600,0,78600,Multifamily Housing,Multifamily Housing,78600.0,,,,,41.0,3637973.0,False,53.87,0.69,Mono-usage,45,0.0,1.0,0,1
2016,Multifamily LR (1-4),Low-Rise Multifamily,4,NORTHEAST,47.6629,-122.31229,1928,1.0,3,27996,0,27996,"Multifamily Housing, Parking",Multifamily Housing,23840.0,Parking,4156.0,,,89.0,830739.8125,False,23.22,0.83,Multi-usages,88,0.0,1.0,1,2
2016,NonResidential,Other,4,NORTHEAST,47.66148,-122.31279,1912,1.0,2,25767,0,25767,Bank Branch,Bank Branch,17434.0,,,,,22.0,1581352.75,False,11.02,0.43,Mono-usage,104,0.0,1.0,0,1
2016,NonResidential,Retail Store,4,NORTHEAST,47.66188,-122.31279,1953,1.0,4,33910,0,33910,"Office, Retail Store",Retail Store,14585.0,Office,14462.0,,,75.0,1822834.25,False,38.21,1.13,Multi-usages,63,0.0,1.0,1,2
2016,NonResidential,Worship Facility,4,NORTHEAST,47.6645,-122.31224,1927,1.0,2,78401,0,78401,"K-12 School, Office, Supermarket/Grocery Store, Worship Facility",Worship Facility,62400.0,Office,9940.0,K-12 School,4960.0,,2462408.25,False,87.41,1.11,Multi-usages,89,0.0,1.0,1,4
2016,Multifamily LR (1-4),Low-Rise Multifamily,4,NORTHEAST,47.66383,-122.31234,1923,1.0,3,26008,0,26008,Multifamily Housing,Multifamily Housing,24000.0,,,,,83.0,1131962.375,False,49.59,1.91,Mono-usage,93,0.0,1.0,0,1
2016,Multifamily LR (1-4),Low-Rise Multifamily,4,NORTHEAST,47.66367,-122.31228,1999,1.0,4,34962,0,34962,Multifamily Housing,Multifamily Housing,34962.0,,,,,74.0,729096.875,False,5.08,0.15,Mono-usage,17,0.0,1.0,0,1
2016,Multifamily LR (1-4),Low-Rise Multifamily,4,NORTHEAST,47.66329,-122.31233,1959,1.0,4,26185,0,26185,"Multifamily Housing, Parking",Multifamily Housing,26185.0,Parking,8000.0,,,90.0,625988.625,False,4.36,0.17,Multi-usages,57,0.0,1.0,1,2
2016,Multifamily MR (5-9),Mid-Rise Multifamily,4,NORTHEAST,47.66382,-122.31345,2007,1.0,7,130600,0,130600,"Multifamily Housing, Parking",Multifamily Housing,130600.0,Parking,33395.0,,,92.0,3358983.5,False,23.42,0.18,Multi-usages,9,0.0,1.0,1,2
2016,Multifamily LR (1-4),Low-Rise Multifamily,4,NORTHEAST,47.66506,-122.31233,1926,1.0,3,22018,0,22018,"Multifamily Housing, Parking",Multifamily Housing,22018.0,Parking,1416.0,,,92.0,533669.125,False,15.11,0.69,Multi-usages,90,0.0,1.0,1,2
2016,Multifamily LR (1-4),Low-Rise Multifamily,6,Northwest,47.66238,-122.35436,1983,1.0,4,25721,0,25721,"Multifamily Housing, Parking",Multifamily Housing,24451.0,Parking,1284.0,,,21.0,948676.5,False,6.61,0.26,Multi-usages,33,0.0,1.0,1,2
2016,Multifamily LR (1-4),Low-Rise Multifamily,6,NORTHWEST,47.67213,-122.35463,1985,1.0,3,27432,0,27432,"Multifamily Housing, Parking",Multifamily Housing,28026.0,Parking,8330.0,,,87.0,791052.875,False,5.51,0.2,Multi-usages,31,0.0,1.0,1,2
2016,Multifamily MR (5-9),Senior Care Community,6,NORTHWEST,47.66756,-122.35484,1955,1.0,7,95599,0,95599,Senior Care Community,Senior Care Community,91900.0,,,,,44.0,8136665.5,False,320.96,3.36,Mono-usage,61,0.0,1.0,0,1
2016,Multifamily LR (1-4),Low-Rise Multifamily,6,NORTHWEST,47.67074,-122.35491,1930,1.0,3,32810,5634,27176,"Multifamily Housing, Parking",Multifamily Housing,27176.0,Parking,5634.0,,,70.0,1969746.25,False,94.22,2.87,Multi-usages,86,0.1717159402621152,0.8282840597378848,1,2
2016,NonResidential,Warehouse,4,LAKE UNION,47.64748,-122.33435,1979,1.0,2,78716,0,78716,"Non-Refrigerated Warehouse, Office, Other, Retail Store",Non-Refrigerated Warehouse,41275.0,Office,29399.0,Retail Store,6278.0,38.0,4103800.75,False,48.13,0.61,Multi-usages,37,0.0,1.0,1,4
2016,NonResidential,K-12 School,4,LAKE UNION,47.66389,-122.33692,1910,1.0,2,33300,0,33300,K-12 School,K-12 School,30740.0,,,,,92.0,1594733.625,False,69.2,2.08,Mono-usage,106,0.0,1.0,0,1
2016,NonResidential,Supermarket / Grocery Store,4,LAKE UNION,47.66185,-122.33594,1957,1.0,1,28808,0,28808,Supermarket/Grocery Store,Supermarket/Grocery Store,31174.0,,,,,29.0,9232576.0,False,226.73,7.87,Mono-usage,59,0.0,1.0,0,1
2016,Multifamily LR (1-4),Low-Rise Multifamily,4,LAKE UNION,47.64955,-122.34545,1978,1.0,4,23101,0,23101,Multifamily Housing,Multifamily Housing,23101.0,,,,,65.0,647906.1875,False,4.52,0.2,Mono-usage,38,0.0,1.0,0,1
2016,Multifamily LR (1-4),Low-Rise Multifamily,7,MAGNOLIA / QUEEN ANNE,47.6536,-122.39002,1974,1.0,4,81821,0,81821,Multifamily Housing,Multifamily Housing,68149.0,,,,,30.0,2404045.25,False,16.76,0.2,Mono-usage,42,0.0,1.0,0,1
2016,Multifamily LR (1-4),Low-Rise Multifamily,7,MAGNOLIA / QUEEN ANNE,47.63198,-122.35193,1908,1.0,3,135608,0,135608,"Multifamily Housing, Parking",Multifamily Housing,167409.0,Parking,26234.0,,,83.0,5088349.5,False,95.77,0.71,Multi-usages,108,0.0,1.0,1,2
2016,Multifamily LR (1-4),Low-Rise Multifamily,7,MAGNOLIA / QUEEN ANNE,47.64005,-122.37331,1990,1.0,4,41126,0,41126,Multifamily Housing,Multifamily Housing,41126.0,,,,,26.0,2077613.25,False,58.79,1.43,Mono-usage,26,0.0,1.0,0,1
2016,Multifamily LR (1-4),Low-Rise Multifamily,7,MAGNOLIA / QUEEN ANNE,47.63876,-122.37342,1977,1.0,4,29088,0,29088,"Multifamily Housing, Parking",Multifamily Housing,24288.0,Parking,4860.0,,,92.0,571520.8125,False,3.98,0.14,Multi-usages,39,0.0,1.0,1,2
2016,Multifamily LR (1-4),Low-Rise Multifamily,4,NORTHEAST,47.66736,-122.31231,1965,1.0,4,30034,1874,28160,Multifamily Housing,Multifamily Housing,28160.0,,,,,95.0,669719.0,False,4.67,0.16,Mono-usage,51,0.062395951255244,0.937604048744756,0,1
2016,Multifamily MR (5-9),Mid-Rise Multifamily,4,NORTHEAST,47.66666,-122.31274,1975,1.0,6,30481,8076,22405,"Multifamily Housing, Parking, Retail Store",Multifamily Housing,17256.0,Parking,5318.0,Retail Store,5149.0,,592739.3125,False,4.13,0.14,Multi-usages,41,0.2649519372723992,0.7350480627276008,1,3
2016,Multifamily MR (5-9),Mid-Rise Multifamily,4,NORTHEAST,47.66725,-122.31273,1981,1.0,5,20280,0,20280,"Multifamily Housing, Retail Store",Multifamily Housing,15524.0,Retail Store,4756.0,,,,577328.6875,False,4.02,0.2,Multi-usages,35,0.0,1.0,1,2
2016,Multifamily LR (1-4),Low-Rise Multifamily,4,NORTHEAST,47.66816,-122.31341,1997,1.0,4,43644,10463,33181,"Multifamily Housing, Retail Store",Multifamily Housing,28289.0,Retail Store,5000.0,,,88.0,1069459.125,False,27.47,0.63,Multi-usages,19,0.2397351296856383,0.7602648703143616,1,2
2016,Multifamily MR (5-9),Mid-Rise Multifamily,4,NORTHEAST,47.66739,-122.31331,1998,1.0,5,37002,0,37002,Multifamily Housing,Multifamily Housing,37000.0,,,,,98.0,740790.5,False,5.16,0.14,Mono-usage,18,0.0,1.0,0,1
2016,NonResidential,Small- and Mid-Sized Office,4,NORTHEAST,47.66345,-122.3134,1957,1.0,1,27966,7004,20962,"Office, Parking",Office,20962.0,Parking,7004.0,,,58.0,1100499.75,False,7.67,0.27,Multi-usages,59,0.2504469713223199,0.74955302867768,1,2
2016,NonResidential,Supermarket / Grocery Store,4,NORTHEAST,47.66429,-122.31389,1950,1.0,1,26226,0,26226,"Parking, Supermarket/Grocery Store",Supermarket/Grocery Store,25828.0,Parking,0.0,,,37.0,7588060.5,False,156.18,5.96,Multi-usages,66,0.0,1.0,1,2
2016,Multifamily LR (1-4),Low-Rise Multifamily,4,NORTHEAST,47.66295,-122.3134,1919,1.0,4,20600,0,20600,"Multifamily Housing, Retail Store",Multifamily Housing,16480.0,Retail Store,4120.0,,,,1475475.5,False,60.47,2.94,Multi-usages,97,0.0,1.0,1,2
2016,NonResidential,Mixed Use Property,4,NORTHEAST,47.6616,-122.31393,1976,1.0,2,34948,15755,19193,"Bank Branch, Parking",Bank Branch,19183.0,Parking,19183.0,,,17.0,1159807.125,False,8.09,0.23,Multi-usages,40,0.4508126359162184,0.5491873640837817,1,2
2016,Multifamily LR (1-4),Low-Rise Multifamily,4,NORTHEAST,47.66198,-122.31386,1925,1.0,3,34090,0,34090,Multifamily Housing,Multifamily Housing,34090.0,,,,,66.0,1027675.875,False,7.16,0.21,Mono-usage,91,0.0,1.0,0,1
2016,Multifamily HR (10+),Senior Care Community,6,NORTHWEST,47.67807,-122.32917,1965,1.0,10,198752,0,198752,"Parking, Senior Care Community",Senior Care Community,198752.0,Parking,30000.0,,,24.0,22055140.0,False,865.48,4.35,Multi-usages,51,0.0,1.0,1,2
2016,Multifamily LR (1-4),Low-Rise Multifamily,6,NORTHWEST,47.67772,-122.32805,1958,1.0,3,38035,0,38035,Multifamily Housing,Multifamily Housing,38035.0,,,,,86.0,1012316.875,False,14.37,0.38,Mono-usage,58,0.0,1.0,0,1
2016,Multifamily LR (1-4),Low-Rise Multifamily,6,NORTHWEST,47.67815,-122.32613,2008,1.0,4,191226,128050,63176,"Fast Food Restaurant, Fitness Center/Health Club/Gym, Medical Office, Multifamily Housing, Other, Parking, Personal Services (Health/Beauty, Dry Cleaning, etc), Restaurant",Multifamily Housing,299642.0,Parking,128050.0,Medical Office,6578.0,85.0,8987012.0,False,231.75,1.21,Multi-usages,8,0.6696265152228253,0.3303734847771746,1,10
2016,Multifamily LR (1-4),Low-Rise Multifamily,6,NORTHWEST,47.68226,-122.32329,1986,1.0,4,55624,0,55624,"Multifamily Housing, Parking",Multifamily Housing,41026.0,Parking,14598.0,,,97.0,1069490.125,False,7.46,0.13,Multi-usages,30,0.0,1.0,1,2
2016,Multifamily HR (10+),High-Rise Multifamily,6,NORTHWEST,47.6793,-122.322,1969,1.0,11,94410,0,94410,Multifamily Housing,Multifamily Housing,94410.0,,,,,22.0,4973948.5,False,80.47,0.85,Mono-usage,47,0.0,1.0,0,1
2016,Multifamily MR (5-9),Mid-Rise Multifamily,2,DOWNTOWN,47.60071,-122.32738,1910,1.0,5,40420,0,40420,Multifamily Housing,Multifamily Housing,40420.0,,,,,96.0,1385697.0,False,38.97,0.96,Mono-usage,106,0.0,1.0,0,1
2016,Multifamily MR (5-9),Mid-Rise Multifamily,3,CENTRAL,47.599,-122.29468,2004,1.0,5,26583,0,26583,"Multifamily Housing, Retail Store",Multifamily Housing,20000.0,Retail Store,1768.0,,,,1547116.0,False,33.26,1.25,Multi-usages,12,0.0,1.0,1,2
2016,NonResidential,Small- and Mid-Sized Office,4,LAKE UNION,47.6342,-122.32661,1998,1.0,3,37639,9999,27640,"Laboratory, Office",Office,20434.0,Laboratory,7557.0,,,,6197824.5,False,43.21,1.15,Multi-usages,18,0.265655304338585,0.734344695661415,1,2
2016,Multifamily LR (1-4),Low-Rise Multifamily,7,DOWNTOWN,47.60114,-122.3338,1900,1.0,4,21840,0,21840,"Multifamily Housing, Restaurant",Multifamily Housing,21840.0,Restaurant,4752.0,,,98.0,471484.8125,False,3.29,0.15,Multi-usages,116,0.0,1.0,1,2
2016,NonResidential,Small- and Mid-Sized Office,7,DOWNTOWN,47.60102,-122.33378,1900,1.0,4,22840,0,22840,"Office, Other",Office,18400.0,Other,4440.0,,,64.0,881386.1875,True,6.14,0.27,Multi-usages,116,0.0,1.0,1,2
2016,NonResidential,Other,7,DOWNTOWN,47.60135,-122.33327,1900,1.0,1,21420,0,21420,"Bar/Nightclub, Food Sales, Museum, Retail Store, Supermarket/Grocery Store",Museum,10420.0,Bar/Nightclub,5000.0,Supermarket/Grocery Store,2000.0,,810636.875,False,9.72,0.45,Multi-usages,116,0.0,1.0,1,5
2016,NonResidential,Small- and Mid-Sized Office,7,DOWNTOWN,47.6011,-122.33197,1900,1.0,1,20880,0,20880,Office,Office,20880.0,,,,,94.0,683274.0,False,4.76,0.23,Mono-usage,116,0.0,1.0,0,1
2016,Multifamily MR (5-9),Mid-Rise Multifamily,7,DOWNTOWN,47.60038,-122.33196,1900,1.0,5,38765,2280,36485,Multifamily Housing,Multifamily Housing,26759.0,,,,,93.0,548292.6875,False,3.82,0.1,Mono-usage,116,0.0588159422159164,0.9411840577840836,0,1
2016,NonResidential,Mixed Use Property,7,DOWNTOWN,47.59938,-122.33197,1966,1.0,3,26000,0,26000,"Office, Other - Entertainment/Public Assembly",Office,13000.0,Other - Entertainment/Public Assembly,13000.0,,,,1063035.875,False,18.62,0.72,Multi-usages,50,0.0,1.0,1,2
2016,NonResidential,Small- and Mid-Sized Office,7,DOWNTOWN,47.59954,-122.33201,1900,1.0,3,38675,0,38675,"Office, Restaurant",Office,12100.0,Restaurant,4281.0,,,,1938776.75,False,43.91,1.14,Multi-usages,116,0.0,1.0,1,2
2016,Nonresidential COS,Small- and Mid-Sized Office,7,DOWNTOWN,47.59986,-122.33195,1929,1.0,4,49951,0,49951,"Office, Other",Office,32039.0,Other,24035.0,,,,5134446.0,False,185.33,3.71,Multi-usages,87,0.0,1.0,1,2
2016,Multifamily LR (1-4),Low-Rise Multifamily,7,MAGNOLIA / QUEEN ANNE,47.61924,-122.35391,1930,1.0,3,23052,0,23052,Multifamily Housing,Multifamily Housing,32947.0,,,,,72.0,748555.5,False,7.07,0.31,Mono-usage,86,0.0,1.0,0,1
2016,Multifamily LR (1-4),Low-Rise Multifamily,7,DOWNTOWN,47.61824,-122.32949,2005,1.0,4,41461,0,41461,"Multifamily Housing, Parking",Multifamily Housing,33695.0,Parking,7993.0,,,25.0,3163537.0,False,108.79,2.62,Multi-usages,11,0.0,1.0,1,2
2016,NonResidential,Medical Office,2,SOUTHEAST,47.5195,-122.26935,2010,1.0,2,25880,0,25880,Medical Office,Medical Office,25880.0,,,,,8.0,1941728.75,False,19.81,0.77,Mono-usage,6,0.0,1.0,0,1
2016,Multifamily MR (5-9),Mid-Rise Multifamily,2,SOUTHEAST,47.52052,-122.27058,1971,1.0,6,65418,0,65418,Multifamily Housing,Multifamily Housing,65418.0,,,,,83.0,2372126.25,False,46.14,0.71,Mono-usage,45,0.0,1.0,0,1
2016,Multifamily LR (1-4),Low-Rise Multifamily,3,CENTRAL,47.59491,-122.30971,2007,1.0,4,65161,0,65161,"Multifamily Housing, Parking",Multifamily Housing,65161.0,Parking,19205.0,,,60.0,1876684.625,False,13.08,0.2,Multi-usages,9,0.0,1.0,1,2
2016,Multifamily LR (1-4),Low-Rise Multifamily,4,NORTHEAST,47.66781,-122.31161,1981,1.0,4,28753,5782,22971,"Multifamily Housing, Parking",Multifamily Housing,22971.0,Parking,5782.0,,,57.0,733278.5,True,5.11,0.18,Multi-usages,35,0.2010920599589608,0.7989079400410392,1,2
2016,NonResidential,Worship Facility,4,NORTHEAST,47.66517,-122.31037,1927,1.0,3,41013,0,41013,"Office, Worship Facility",Worship Facility,32098.0,Office,2310.0,,,,1080821.0,False,37.43,0.91,Multi-usages,89,0.0,1.0,1,2
2016,Multifamily LR (1-4),Other,4,NORTHEAST,47.6634,-122.30685,1928,1.0,3,22232,0,22232,Other - Lodging/Residential,Other - Lodging/Residential,22232.0,,,,,,1214710.25,False,46.67,2.1,Mono-usage,88,0.0,1.0,0,1
2016,NonResidential,Other,4,NORTHEAST,47.66453,-122.30999,2004,1.0,2,21075,0,21075,"Office, Social/Meeting Hall",Social/Meeting Hall,18075.0,Office,3000.0,,,,1581036.75,False,53.88,2.56,Multi-usages,12,0.0,1.0,1,2
2016,Multifamily LR (1-4),Low-Rise Multifamily,4,NORTHEAST,47.66413,-122.31005,1977,1.0,3,30358,0,30358,"Multifamily Housing, Parking",Multifamily Housing,25076.0,Parking,5282.0,,,94.0,569265.625,False,3.97,0.13,Multi-usages,39,0.0,1.0,1,2
2016,NonResidential,Worship Facility,4,NORTHEAST,47.67842,-122.31949,1950,1.0,3,46485,0,46485,Worship Facility,Worship Facility,63922.0,,,,,83.0,1544995.75,False,47.03,1.01,Mono-usage,66,0.0,1.0,0,1
2016,Multifamily LR (1-4),Low-Rise Multifamily,4,NORTHEAST,47.67744,-122.3176,1958,1.0,3,25943,0,25943,"Multifamily Housing, Parking",Multifamily Housing,25943.0,Parking,2640.0,,,81.0,615955.625,False,4.29,0.17,Multi-usages,58,0.0,1.0,1,2
2016,Multifamily LR (1-4),Low-Rise Multifamily,4,NORTHEAST,47.67707,-122.31769,1989,2.0,4,36992,0,36992,"Multifamily Housing, Parking",Multifamily Housing,23204.0,Parking,8917.0,,,95.0,562286.0,False,3.92,0.11,Multi-usages,27,0.0,1.0,1,2
2016,Multifamily LR (1-4),Low-Rise Multifamily,6,NORTHWEST,47.67886,-122.323,1988,1.0,4,27770,0,27770,Multifamily Housing,Multifamily Housing,27770.0,,,,,94.0,568033.375,False,4.52,0.16,Mono-usage,28,0.0,1.0,0,1
2016,Multifamily LR (1-4),Low-Rise Multifamily,6,NORTHWEST,47.6792,-122.32282,1991,1.0,4,52263,0,52263,Multifamily Housing,Multifamily Housing,52263.0,,,,,96.0,1260212.75,False,29.39,0.56,Mono-usage,25,0.0,1.0,0,1
2016,NonResidential,Small- and Mid-Sized Office,6,NORTHWEST,47.67819,-122.3231,1965,1.0,4,56896,0,56896,"Office, Parking",Office,40768.0,Parking,16128.0,,,96.0,1402048.5,False,28.46,0.5,Multi-usages,51,0.0,1.0,1,2
2016,Multifamily LR (1-4),Low-Rise Multifamily,6,NORTHWEST,47.67723,-122.32391,1986,1.0,4,31023,0,31023,Multifamily Housing,Multifamily Housing,31023.0,,,,,39.0,960790.8125,False,6.7,0.22,Mono-usage,30,0.0,1.0,0,1
2016,NonResidential,Worship Facility,6,NORTHWEST,47.67783,-122.32577,1978,1.0,2,27500,0,27500,Worship Facility,Worship Facility,27500.0,,,,,60.0,577123.125,False,14.79,0.54,Mono-usage,38,0.0,1.0,0,1
2016,NonResidential,Small- and Mid-Sized Office,2,DOWNTOWN,47.59856,-122.33248,1930,1.0,2,36630,0,36630,"Distribution Center, Office",Office,22000.0,Distribution Center,11000.0,,,90.0,541943.3125,False,3.78,0.1,Multi-usages,86,0.0,1.0,1,2
2016,NonResidential,Small- and Mid-Sized Office,7,DOWNTOWN,47.59954,-122.33115,1900,0.0,3,26830,0,26830,"Office, Other",Office,16838.0,Other,10000.0,,,,2099386.75,False,60.93,2.27,Multi-usages,116,0.0,1.0,1,2
2016,NonResidential,Small- and Mid-Sized Office,7,DOWNTOWN,47.59971,-122.33065,1906,1.0,5,41920,0,41920,Office,Office,41920.0,,,,,95.0,1103594.75,False,7.69,0.18,Mono-usage,110,0.0,1.0,0,1
2016,NonResidential,Small- and Mid-Sized Office,7,DOWNTOWN,47.60048,-122.33157,1905,1.0,5,36879,0,36879,Office,Office,44000.0,,,,,92.0,1537570.25,False,26.94,0.73,Mono-usage,111,0.0,1.0,0,1
2016,NonResidential,Other,7,DOWNTOWN,47.60055,-122.33057,1904,1.0,6,29820,0,29820,Other - Lodging/Residential,Other - Lodging/Residential,29820.0,,,,,,1601955.625,False,35.72,1.2,Mono-usage,112,0.0,1.0,0,1
2016,Multifamily HR (10+),High-Rise Multifamily,7,DOWNTOWN,47.60154,-122.33121,2007,1.0,13,90959,0,90959,Multifamily Housing,Multifamily Housing,90959.0,,,,,57.0,4471029.0,False,105.97,1.17,Mono-usage,9,0.0,1.0,0,1
2016,Multifamily HR (10+),High-Rise Multifamily,7,DOWNTOWN,47.60146,-122.33063,1908,1.0,11,177364,0,177364,"Multifamily Housing, Office, Other",Multifamily Housing,157625.0,Office,1500.0,Other,875.0,,8692328.0,False,393.2,2.22,Multi-usages,108,0.0,1.0,1,3
2016,Multifamily LR (1-4),Low-Rise Multifamily,7,DOWNTOWN,47.60071,-122.32989,1905,1.0,4,25027,0,25027,Multifamily Housing,Multifamily Housing,43200.0,,,,,42.0,2080898.625,False,66.69,2.66,Mono-usage,111,0.0,1.0,0,1
2016,NonResidential,Small- and Mid-Sized Office,7,DOWNTOWN,47.60026,-122.3299,1905,0.0,2,33640,0,33640,Office,Office,27322.0,,,,,70.0,1078535.75,False,7.52,0.22,Mono-usage,111,0.0,1.0,0,1
2016,NonResidential,Warehouse,7,DOWNTOWN,47.59986,-122.32987,1906,1.0,4,43484,0,43484,"Non-Refrigerated Warehouse, Office, Retail Store",Non-Refrigerated Warehouse,26416.0,Retail Store,9531.0,Office,7537.0,18.0,1567040.75,False,10.92,0.25,Multi-usages,110,0.0,1.0,1,3
2016,Multifamily MR (5-9),Mid-Rise Multifamily,2,DOWNTOWN,47.59982,-122.3285,1910,1.0,9,142510,0,142510,"Multifamily Housing, Non-Refrigerated Warehouse",Multifamily Housing,150198.0,Non-Refrigerated Warehouse,46080.0,,,,10716391.0,False,399.73,2.8,Multi-usages,106,0.0,1.0,1,2
2016,Multifamily HR (10+),High-Rise Multifamily,2,DOWNTOWN,47.60021,-122.32672,1979,1.0,12,74327,0,74327,Multifamily Housing,Multifamily Housing,74327.0,,,,,24.0,4207110.5,False,96.59,1.3,Mono-usage,37,0.0,1.0,0,1
2016,Multifamily LR (1-4),Low-Rise Multifamily,2,DOWNTOWN,47.59945,-122.32669,1926,1.0,2,20304,0,20304,"Multifamily Housing, Retail Store",Multifamily Housing,10736.0,Retail Store,9568.0,,,98.0,1323038.75,False,60.32,2.97,Multi-usages,90,0.0,1.0,1,2
2016,NonResidential,Mixed Use Property,2,DOWNTOWN,47.599,-122.32717,1900,1.0,3,22480,0,22480,"Office, Other, Retail Store",Office,10800.0,Other,10800.0,Retail Store,7200.0,,981009.125,False,6.84,0.3,Multi-usages,116,0.0,1.0,1,3
2016,NonResidential,Hotel,2,DOWNTOWN,47.5985,-122.32677,1925,1.0,4,33018,0,33018,"Hotel, Retail Store",Hotel,23193.0,Retail Store,6165.0,,,49.0,4857581.5,False,173.67,5.26,Multi-usages,91,0.0,1.0,1,2
2016,Multifamily LR (1-4),Senior Care Community,2,DOWNTOWN,47.59603,-122.326,1998,1.0,3,43380,0,43380,Senior Care Community,Senior Care Community,43380.0,,,,,48.0,3185108.0,False,94.23,2.17,Mono-usage,18,0.0,1.0,0,1
2016,NonResidential,Small- and Mid-Sized Office,2,DOWNTOWN,47.5962,-122.32548,1970,1.0,2,26510,0,26510,Office,Office,30800.0,,,,,91.0,987063.6875,False,11.18,0.42,Mono-usage,46,0.0,1.0,0,1
2016,Multifamily LR (1-4),Low-Rise Multifamily,3,CENTRAL,47.59678,-122.28685,1961,3.0,4,72566,0,72566,"Multifamily Housing, Parking, Swimming Pool",Multifamily Housing,72666.0,Parking,0.0,Swimming Pool,0.0,98.0,2249620.5,False,13.65,0.19,Multi-usages,55,0.0,1.0,1,3
2016,Multifamily LR (1-4),Low-Rise Multifamily,3,CENTRAL,47.59609,-122.28666,1959,1.0,4,25966,0,25966,Multifamily Housing,Multifamily Housing,25966.0,,,,,34.0,942636.6875,False,6.57,0.25,Mono-usage,57,0.0,1.0,0,1
2016,Multifamily MR (5-9),Mid-Rise Multifamily,5,NORTH,47.71915,-122.29761,1996,1.0,5,33456,0,33456,"Multifamily Housing, Parking",Multifamily Housing,20058.0,Parking,13398.0,,,93.0,828020.8125,False,5.77,0.17,Multi-usages,20,0.0,1.0,1,2
2016,Multifamily LR (1-4),Low-Rise Multifamily,3,EAST,47.64071,-122.27612,1966,1.0,4,63336,0,63336,Multifamily Housing,Multifamily Housing,63336.0,,,,,53.0,1842562.75,False,12.85,0.2,Mono-usage,50,0.0,1.0,0,1
2016,Multifamily LR (1-4),Low-Rise Multifamily,3,CENTRAL,47.60238,-122.28544,1998,1.0,4,63236,5958,57278,Multifamily Housing,Multifamily Housing,63236.0,,,,,78.0,1924355.875,False,37.51,0.59,Mono-usage,18,0.0942184831425137,0.9057815168574862,0,1
2016,Multifamily LR (1-4),Low-Rise Multifamily,5,NORTH,47.69156,-122.30713,1982,1.0,3,44202,0,44202,"Multifamily Housing, Parking",Multifamily Housing,44202.0,Parking,1950.0,,,79.0,1128634.875,False,7.87,0.18,Multi-usages,34,0.0,1.0,1,2
2016,Multifamily MR (5-9),Mid-Rise Multifamily,3,EAST,47.63828,-122.27635,1961,1.0,6,80539,0,80539,Multifamily Housing,Multifamily Housing,66307.0,,,,,22.0,6779778.0,False,299.38,3.72,Mono-usage,55,0.0,1.0,0,1
2016,Multifamily LR (1-4),Low-Rise Multifamily,3,EAST,47.63348,-122.27626,1959,1.0,3,45067,0,45067,Multifamily Housing,Multifamily Housing,45067.0,,,,,84.0,2025533.0,False,85.22,1.89,Mono-usage,57,0.0,1.0,0,1
2016,Multifamily LR (1-4),Low-Rise Multifamily,4,LAKE UNION,47.64869,-122.33466,1989,1.0,3,21990,0,21990,"Multifamily Housing, Parking",Multifamily Housing,21990.0,Parking,9000.0,,,79.0,634931.625,True,4.43,0.2,Multi-usages,27,0.0,1.0,1,2
2016,Multifamily LR (1-4),Low-Rise Multifamily,7,MAGNOLIA / QUEEN ANNE,47.63861,-122.34148,1984,4.0,4,90372,0,90372,"Multifamily Housing, Parking",Multifamily Housing,78222.0,Parking,12150.0,,,83.0,1730431.0,False,12.06,0.13,Multi-usages,32,0.0,1.0,1,2
2016,Multifamily HR (10+),High-Rise Multifamily,3,EAST,47.62345,-122.32442,1962,1.0,11,67813,0,67813,"Multifamily Housing, Parking",Multifamily Housing,67813.0,Parking,14924.0,,,77.0,3104171.5,False,86.5,1.28,Multi-usages,54,0.0,1.0,1,2
2016,Multifamily LR (1-4),Low-Rise Multifamily,4,LAKE UNION,47.65537,-122.32603,1999,1.0,4,38270,0,38270,"Multifamily Housing, Office, Parking",Multifamily Housing,22637.0,Office,5778.0,Parking,464.0,53.0,1038815.188,False,22.89,0.6,Multi-usages,17,0.0,1.0,1,3
2016,Multifamily MR (5-9),Mid-Rise Multifamily,7,DOWNTOWN,47.60819,-122.34057,1901,1.0,6,132150,0,132150,"Food Sales, Multifamily Housing, Other - Restaurant/Bar, Retail Store, Self-Storage Facility, Social/Meeting Hall",Multifamily Housing,35415.0,Other - Restaurant/Bar,9276.0,Social/Meeting Hall,7216.0,,5960927.5,False,151.91,1.15,Multi-usages,115,0.0,1.0,1,6
2016,NonResidential,Warehouse,4,LAKE UNION,47.65429,-122.32618,1938,1.0,1,40028,0,40028,"Non-Refrigerated Warehouse, Office, Retail Store",Non-Refrigerated Warehouse,33222.0,Retail Store,10208.0,Office,6200.0,80.0,942415.1875,False,6.76,0.17,Multi-usages,78,0.0,1.0,1,3
2016,NonResidential,Small- and Mid-Sized Office,4,LAKE UNION,47.65373,-122.32721,2007,1.0,3,44510,18228,26282,"Office, Parking",Office,26282.0,Parking,18228.0,,,23.0,2188051.25,False,15.25,0.34,Multi-usages,9,0.4095259492248932,0.5904740507751067,1,2
2016,NonResidential,Worship Facility,5,NORTH,47.71705,-122.28577,1954,1.0,1,21624,0,21624,Worship Facility,Worship Facility,21624.0,,,,,90.0,666687.5,False,20.96,0.97,Mono-usage,62,0.0,1.0,0,1
2016,Multifamily MR (5-9),Mid-Rise Multifamily,5,NORTH,47.71769,-122.29482,2002,1.0,6,81608,0,81608,"Multifamily Housing, Parking",Multifamily Housing,57731.0,Parking,23877.0,,,95.0,1545519.375,False,12.46,0.15,Multi-usages,14,0.0,1.0,1,2
2016,Multifamily LR (1-4),Low-Rise Multifamily,6,NORTHWEST,47.67611,-122.3263,1967,1.0,4,21841,0,21841,"Multifamily Housing, Office",Multifamily Housing,21841.0,Office,600.0,,,,455798.9063,False,3.18,0.15,Multi-usages,49,0.0,1.0,1,2
2016,SPS-District K-12,K-12 School,6,NORTHWEST,47.6763,-122.3285,1970,1.0,1,42239,0,42239,K-12 School,K-12 School,48799.0,,,,,83.0,2145603.5,True,72.69,1.72,Mono-usage,46,0.0,1.0,0,1
2016,Multifamily LR (1-4),Low-Rise Multifamily,6,Northwest,47.66858,-122.33248,1968,1.0,4,21880,0,21880,"Medical Office, Multifamily Housing, Supermarket/Grocery Store",Multifamily Housing,16567.0,Supermarket/Grocery Store,3844.0,Medical Office,1469.0,,895310.5,False,6.24,0.29,Multi-usages,48,0.0,1.0,1,3
2016,SPS-District K-12,K-12 School,6,Northwest,47.66828,-122.3266,1925,1.0,3,51360,0,51360,K-12 School,K-12 School,51026.0,,,,,89.0,1403094.75,True,30.22,0.59,Mono-usage,91,0.0,1.0,0,1
2016,Multifamily LR (1-4),Low-Rise Multifamily,3,CENTRAL,47.59849,-122.29465,1967,1.0,2,24621,0,24621,Multifamily Housing,Multifamily Housing,24621.0,,,,,96.0,598857.8125,False,4.17,0.17,Mono-usage,49,0.0,1.0,0,1
2016,Multifamily MR (5-9),Mid-Rise Multifamily,2,DOWNTOWN,47.59725,-122.32539,1979,1.0,8,75477,0,75477,Multifamily Housing,Multifamily Housing,75477.0,,,,,16.0,4486477.0,False,93.44,1.24,Mono-usage,37,0.0,1.0,0,1
2016,NonResidential,Small- and Mid-Sized Office,2,DOWNTOWN,47.59819,-122.32599,1993,0.0,3,21600,0,21600,"Office, Restaurant",Office,11600.0,Restaurant,10000.0,,,,1539176.625,False,32.42,1.5,Multi-usages,23,0.0,1.0,1,2
2016,NonResidential,Mixed Use Property,2,DOWNTOWN,47.59769,-122.32537,1909,1.0,3,20620,0,20620,"Multifamily Housing, Retail Store, Social/Meeting Hall",Multifamily Housing,10060.0,Retail Store,5280.0,Social/Meeting Hall,5280.0,,747456.875,False,20.78,1.01,Multi-usages,107,0.0,1.0,1,3
2016,Multifamily LR (1-4),Low-Rise Multifamily,2,DOWNTOWN,47.59787,-122.32544,1910,1.0,4,36000,0,36000,"Multifamily Housing, Restaurant",Multifamily Housing,28800.0,Restaurant,7200.0,,,6.0,1319572.875,False,9.2,0.26,Multi-usages,106,0.0,1.0,1,2
2016,Multifamily MR (5-9),Mid-Rise Multifamily,2,DOWNTOWN,47.59818,-122.32544,1910,1.0,6,47607,12437,35170,"Multifamily Housing, Parking, Retail Store",Multifamily Housing,35000.0,Parking,6000.0,Retail Store,6000.0,99.0,2184336.75,False,48.91,1.03,Multi-usages,106,0.2612430945029092,0.7387569054970907,1,3
2016,NonResidential,Hotel,2,DOWNTOWN,47.59983,-122.32598,1910,1.0,5,40552,0,40552,Hotel,Hotel,40552.0,,,,,99.0,1200180.875,False,53.25,1.31,Mono-usage,106,0.0,1.0,0,1
2016,Multifamily MR (5-9),Mid-Rise Multifamily,2,DOWNTOWN,47.59968,-122.326,1914,1.0,6,34848,0,34848,"Multifamily Housing, Office, Restaurant",Multifamily Housing,37416.0,Restaurant,3172.0,Office,946.0,,3776768.25,False,161.39,4.63,Multi-usages,102,0.0,1.0,1,3
2016,Multifamily LR (1-4),Low-Rise Multifamily,2,DOWNTOWN,47.59938,-122.32532,1910,1.0,3,27494,0,27494,"Multifamily Housing, Retail Store",Multifamily Housing,18186.0,Retail Store,9308.0,,,,652342.5,False,4.55,0.17,Multi-usages,106,0.0,1.0,1,2
2016,Multifamily LR (1-4),Low-Rise Multifamily,2,DOWNTOWN,47.59952,-122.3254,1910,1.0,4,23200,0,23200,Multifamily Housing,Multifamily Housing,23200.0,,,,,62.0,842511.0,False,5.87,0.25,Mono-usage,106,0.0,1.0,0,1
2016,Multifamily MR (5-9),Mid-Rise Multifamily,2,DOWNTOWN,47.60071,-122.3257,1991,1.0,5,97737,0,97737,Multifamily Housing,Multifamily Housing,97737.0,,,,,85.0,2747172.75,False,47.02,0.48,Mono-usage,25,0.0,1.0,0,1
2016,Multifamily HR (10+),High-Rise Multifamily,2,DOWNTOWN,47.60028,-122.32599,1973,1.0,12,76094,0,76094,Multifamily Housing,Multifamily Housing,75565.0,,,,,40.0,3634625.75,False,70.4,0.93,Mono-usage,43,0.0,1.0,0,1
2016,Multifamily LR (1-4),Low-Rise Multifamily,2,DOWNTOWN,47.60145,-122.3261,1903,1.0,3,27600,0,27600,"Multifamily Housing, Parking",Multifamily Housing,18799.0,Parking,0.0,,,76.0,851651.1875,False,5.94,0.22,Multi-usages,113,0.0,1.0,1,2
2016,Multifamily MR (5-9),Senior Care Community,2,DOWNTOWN,47.60155,-122.32585,2005,1.0,7,134974,0,134974,"Parking, Senior Care Community",Senior Care Community,107312.0,Parking,27662.0,,,100.0,4760734.0,False,145.97,1.08,Multi-usages,11,0.0,1.0,1,2
2016,NonResidential,Small- and Mid-Sized Office,2,DOWNTOWN,47.60105,-122.32542,1909,1.0,3,31432,0,31432,"Multifamily Housing, Office, Other",Office,23059.0,Other,7125.0,Multifamily Housing,1248.0,,1439572.375,False,10.04,0.32,Multi-usages,107,0.0,1.0,1,3
2016,Multifamily MR (5-9),Mid-Rise Multifamily,2,DOWNTOWN,47.59987,-122.32468,2005,1.0,5,67590,0,67590,"Multifamily Housing, Office",Multifamily Housing,75830.0,Office,2500.0,,,,3629002.5,False,141.88,2.1,Multi-usages,11,0.0,1.0,1,2
2016,NonResidential,Retail Store,2,DOWNTOWN,47.59935,-122.32468,1917,1.0,2,24550,0,24550,"Office, Retail Store",Retail Store,13500.0,Office,11050.0,,,100.0,977230.3125,False,6.73,0.27,Multi-usages,99,0.0,1.0,1,2
2016,Multifamily LR (1-4),Low-Rise Multifamily,2,DOWNTOWN,47.59897,-122.32468,1916,1.0,3,24171,0,24171,"Multifamily Housing, Retail Store",Multifamily Housing,14400.0,Retail Store,7200.0,Other - Lodging/Residential,2571.0,,843267.0,False,26.48,1.1,Multi-usages,100,0.0,1.0,1,2
2016,Multifamily LR (1-4),Low-Rise Multifamily,2,DOWNTOWN,47.59858,-122.3247,1920,1.0,4,46560,0,46560,"Multifamily Housing, Restaurant, Retail Store",Multifamily Housing,46560.0,Retail Store,3000.0,Restaurant,2000.0,,6881405.5,False,284.42,6.11,Multi-usages,96,0.0,1.0,1,3
2016,Multifamily LR (1-4),Low-Rise Multifamily,2,DOWNTOWN,47.5982,-122.3247,1909,1.0,4,34560,0,34560,"Multifamily Housing, Retail Store",Multifamily Housing,20520.0,Retail Store,14400.0,,,94.0,1023327.875,False,22.63,0.65,Multi-usages,107,0.0,1.0,1,2
2016,Multifamily LR (1-4),Low-Rise Multifamily,6,BALLARD,47.68457,-122.38779,1980,1.0,3,57770,0,57770,Multifamily Housing,Multifamily Housing,34200.0,,,,,71.0,1048813.75,False,7.31,0.13,Mono-usage,36,0.0,1.0,0,1
2016,Multifamily LR (1-4),Low-Rise Multifamily,4,LAKE UNION,47.65455,-122.32727,1989,2.0,4,23341,0,23341,Multifamily Housing,Multifamily Housing,23341.0,,,,,90.0,609921.6875,False,11.42,0.49,Mono-usage,27,0.0,1.0,0,1
2016,SPS-District K-12,K-12 School,4,LAKE UNION,47.65753,-122.32405,2000,1.0,2,61052,0,61052,K-12 School,K-12 School,61052.0,,,,,80.0,2366929.5,True,47.78,0.78,Mono-usage,16,0.0,1.0,0,1
2016,Multifamily LR (1-4),Low-Rise Multifamily,4,NORTHEAST,47.66398,-122.2853,1949,1.0,2,65042,0,65042,Multifamily Housing,Multifamily Housing,65042.0,,,,,41.0,2125323.5,False,14.82,0.23,Mono-usage,67,0.0,1.0,0,1
2016,Multifamily MR (5-9),Mid-Rise Multifamily,4,NORTHEAST,47.66208,-122.28664,1968,1.0,8,143960,0,143960,"Multifamily Housing, Parking",Multifamily Housing,99564.0,Parking,34610.0,,,97.0,2993610.0,False,63.34,0.44,Multi-usages,48,0.0,1.0,1,2
2016,NonResidential,Other,3,CENTRAL,47.60285,-122.31458,1908,1.0,3,25864,0,25864,"Office, Social/Meeting Hall",Social/Meeting Hall,13364.0,Office,8420.0,,,,1028277.313,False,34.61,1.34,Multi-usages,108,0.0,1.0,1,2
2016,Multifamily LR (1-4),Low-Rise Multifamily,4,NORTHEAST,47.66332,-122.31054,1972,1.0,3,20004,0,20004,"Multifamily Housing, Parking",Multifamily Housing,15346.0,Parking,4658.0,,,,471113.3125,False,3.28,0.16,Multi-usages,44,0.0,1.0,1,2
2016,Multifamily LR (1-4),Low-Rise Multifamily,4,NORTHEAST,47.66455,-122.31115,1979,1.0,3,36300,0,36300,Multifamily Housing,Multifamily Housing,36300.0,,,,,98.0,608199.8125,False,4.24,0.12,Mono-usage,37,0.0,1.0,0,1
2016,Multifamily LR (1-4),University,4,NORTHEAST,47.66252,-122.31005,1956,1.0,3,20008,0,20008,College/University,College/University,20008.0,,,,,,1516415.75,False,63.21,3.16,Mono-usage,60,0.0,1.0,0,1
2016,NonResidential,Other,4,NORTHEAST,47.66192,-122.30998,1924,1.0,3,20686,0,20686,Other - Lodging/Residential,Other - Lodging/Residential,20686.0,,,,,,1207504.0,False,42.71,2.06,Mono-usage,92,0.0,1.0,0,1
2016,NonResidential,Residence Hall,4,NORTHEAST,47.6617,-122.31007,1929,1.0,3,22124,0,22124,Residence Hall/Dormitory,Residence Hall/Dormitory,22124.0,,,,,82.0,637685.0,False,4.45,0.2,Mono-usage,87,0.0,1.0,0,1
2016,Multifamily LR (1-4),Low-Rise Multifamily,4,NORTHEAST,47.66152,-122.31046,1988,1.0,4,34795,0,34795,"Multifamily Housing, Parking",Multifamily Housing,36112.0,Parking,18255.0,,,95.0,1079505.0,False,7.53,0.22,Multi-usages,28,0.0,1.0,1,2
2016,Multifamily LR (1-4),Low-Rise Multifamily,4,NORTHEAST,47.66261,-122.31043,1999,1.0,3,23800,0,23800,"Multifamily Housing, Parking",Multifamily Housing,13200.0,Parking,10600.0,,,,492807.6875,False,3.44,0.14,Multi-usages,17,0.0,1.0,1,2
2016,NonResidential,Residence Hall,4,NORTHEAST,47.66289,-122.30863,1926,1.0,3,27487,0,27487,Residence Hall/Dormitory,Residence Hall/Dormitory,27487.0,,,,,82.0,1594504.875,False,65.95,2.4,Mono-usage,90,0.0,1.0,0,1
2016,NonResidential,Residence Hall,4,NORTHEAST,47.66164,-122.30874,1926,1.0,4,23616,0,23616,Residence Hall/Dormitory,Residence Hall/Dormitory,23616.0,,,,,55.0,1656420.25,False,53.65,2.27,Mono-usage,90,0.0,1.0,0,1
2016,Multifamily LR (1-4),Low-Rise Multifamily,4,NORTHEAST,47.66164,-122.30762,1928,1.0,3,20629,0,20629,Multifamily Housing,Multifamily Housing,20629.0,,,,,52.0,1209433.5,False,48.45,2.35,Mono-usage,88,0.0,1.0,0,1
2016,NonResidential,Residence Hall,4,NORTHEAST,47.66238,-122.30801,1976,1.0,3,33448,0,33448,Residence Hall/Dormitory,Residence Hall/Dormitory,33448.0,,,,,78.0,998633.5,False,6.96,0.21,Mono-usage,40,0.0,1.0,0,1
2016,Nonresidential COS,Mixed Use Property,2,EAST,47.60153,-122.31986,2005,0.0,2,29508,7120,22388,"Fitness Center/Health Club/Gym, Office, Other - Recreation, Other - Technology/Science, Parking, Pre-school/Daycare",Other - Recreation,11074.0,Fitness Center/Health Club/Gym,8183.0,Parking,6569.0,,2217620.0,False,81.24,2.75,Multi-usages,11,0.2412904974922055,0.7587095025077945,1,6
2016,NonResidential,Senior Care Community,3,CENTRAL,47.60133,-122.31088,1987,1.0,2,74840,0,74840,Senior Care Community,Senior Care Community,74840.0,,,,,48.0,8268496.5,False,249.46,3.33,Mono-usage,29,0.0,1.0,0,1
2016,Nonresidential COS,Other,3,CENTRAL,47.60133,-122.31088,1913,1.0,3,20992,0,20992,"Other - Education, Performing Arts, Social/Meeting Hall",Performing Arts,24600.0,Social/Meeting Hall,4625.0,Other - Education,1665.0,,2473302.0,False,104.74,4.99,Multi-usages,103,0.0,1.0,1,3
2016,NonResidential,K-12 School,3,CENTRAL,47.6032,-122.30596,1925,1.0,2,22344,0,22344,K-12 School,K-12 School,22344.0,,,,,40.0,1522596.75,False,55.23,2.47,Mono-usage,91,0.0,1.0,0,1
2016,Multifamily LR (1-4),Low-Rise Multifamily,3,CENTRAL,47.60289,-122.30528,1912,1.0,4,24980,0,24980,Multifamily Housing,Multifamily Housing,24980.0,,,,,44.0,1346978.75,False,32.81,1.31,Mono-usage,104,0.0,1.0,0,1
2016,Multifamily LR (1-4),Low-Rise Multifamily,3,CENTRAL,47.62102,-122.29893,1989,1.0,4,24415,0,24415,Multifamily Housing,Multifamily Housing,24415.0,,,,,76.0,727374.6875,False,5.07,0.21,Mono-usage,27,0.0,1.0,0,1
2016,Multifamily LR (1-4),Low-Rise Multifamily,3,CENTRAL,47.61949,-122.30101,1910,1.0,3,31300,0,31300,Multifamily Housing,Multifamily Housing,31300.0,,,,,100.0,770175.8125,False,19.68,0.63,Mono-usage,106,0.0,1.0,0,1
2016,NonResidential,University,3,EAST,47.62531,-122.32303,1921,1.0,3,31900,0,31900,College/University,College/University,26000.0,,,,,,2466100.0,False,96.2,3.02,Mono-usage,95,0.0,1.0,0,1
2016,Nonresidential COS,Other,6,BALLARD,47.68475,-122.38257,1950,1.0,2,29417,0,29417,"Fitness Center/Health Club/Gym, Office, Other - Recreation, Pre-school/Daycare",Other - Recreation,18489.0,Fitness Center/Health Club/Gym,8946.0,Pre-school/Daycare,1445.0,,1631479.125,False,56.25,1.91,Multi-usages,66,0.0,1.0,1,4
2016,NonResidential,Mixed Use Property,2,DOWNTOWN,47.59737,-122.32487,1909,1.0,3,49299,0,49299,"Multifamily Housing, Office, Restaurant",Office,24099.0,Multifamily Housing,23632.0,Restaurant,5320.0,,4729846.5,False,9.23,0.19,Multi-usages,107,0.0,1.0,1,3
2016,Multifamily LR (1-4),Low-Rise Multifamily,2,GREATER DUWAMISH,47.56183,-122.29564,2005,1.0,3,58035,15187,42848,"Multifamily Housing, Parking",Multifamily Housing,42908.0,Parking,15089.0,,,98.0,952635.375,False,6.64,0.11,Multi-usages,11,0.2616869130696993,0.7383130869303007,1,2
2016,Multifamily LR (1-4),Low-Rise Multifamily,2,GREATER DUWAMISH,47.56131,-122.29483,2005,1.0,4,54300,0,54300,"Multifamily Housing, Parking, Social/Meeting Hall",Multifamily Housing,41057.0,Parking,10555.0,Social/Meeting Hall,2688.0,84.0,1201587.125,False,8.38,0.15,Multi-usages,11,0.0,1.0,1,3
2016,Multifamily HR (10+),High-Rise Multifamily,7,DOWNTOWN,47.6087,-122.33884,1991,1.0,24,220018,0,220018,"Multifamily Housing, Parking",Multifamily Housing,174428.0,Parking,45590.0,,,2.0,10046434.0,False,136.07,0.62,Multi-usages,25,0.0,1.0,1,2
2016,NonResidential,Supermarket / Grocery Store,1,SOUTHWEST,47.58217,-122.38479,1997,1.0,1,31841,0,31841,"Office, Supermarket/Grocery Store",Supermarket/Grocery Store,30899.0,Office,942.0,,,,13140574.0,False,404.21,12.69,Multi-usages,19,0.0,1.0,1,2
2016,Multifamily LR (1-4),Senior Care Community,1,SOUTHWEST,47.58212,-122.38611,2000,1.0,4,76699,19133,57566,"Parking, Senior Care Community",Senior Care Community,57566.0,Parking,0.0,,,35.0,4215991.5,False,91.49,1.19,Multi-usages,16,0.2494556643502523,0.7505443356497478,1,2
2016,Multifamily LR (1-4),Low-Rise Multifamily,3,EAST,47.62338,-122.31116,1922,1.0,3,20064,0,20064,Multifamily Housing,Multifamily Housing,20064.0,,,,,,1257144.75,False,58.59,2.92,Mono-usage,94,0.0,1.0,0,1
2016,NonResidential,Mixed Use Property,3,EAST,47.627,-122.29153,1988,1.0,2,21036,0,21036,"Fitness Center/Health Club/Gym, Medical Office, Office, Parking, Restaurant",Parking,11021.0,Fitness Center/Health Club/Gym,8164.0,Office,7280.0,,2735811.5,False,78.36,3.73,Multi-usages,28,0.0,1.0,1,5
2016,Multifamily MR (5-9),Mid-Rise Multifamily,2,DOWNTOWN,47.59861,-122.32413,1911,1.0,5,81120,0,81120,"Multifamily Housing, Parking, Retail Store",Multifamily Housing,37000.0,Parking,6000.0,Retail Store,6000.0,98.0,1591124.875,False,11.09,0.14,Multi-usages,105,0.0,1.0,1,3
2016,NonResidential,Mixed Use Property,4,NORTHEAST,47.66272,-122.31798,1999,1.0,2,32928,0,32928,"Office, Other, Parking, Retail Store",Parking,24288.0,Retail Store,16710.0,Office,16128.0,9.0,5652231.0,False,39.4,1.2,Multi-usages,17,0.0,1.0,1,4
2016,NonResidential,Worship Facility,4,NORTHEAST,47.66146,-122.2788,1954,1.0,2,20039,0,20039,Worship Facility,Worship Facility,20039.0,,,,,100.0,104722.2969,False,0.73,0.04,Mono-usage,62,0.0,1.0,0,1
2016,SPS-District K-12,K-12 School,4,NORTHEAST,47.6622,-122.27796,1928,1.0,2,54943,0,54943,K-12 School,K-12 School,57247.0,,,,,94.0,2155390.25,True,83.76,1.52,Mono-usage,88,0.0,1.0,0,1
2016,NonResidential,Warehouse,2,GREATER DUWAMISH,47.54761,-122.32759,1960,1.0,1,44476,0,44476,Non-Refrigerated Warehouse,Non-Refrigerated Warehouse,41256.0,,,,,33.0,1368120.5,False,29.7,0.67,Mono-usage,56,0.0,1.0,0,1
2016,NonResidential,Small- and Mid-Sized Office,2,GREATER DUWAMISH,47.54494,-122.32543,1969,1.0,1,35017,0,35017,"Non-Refrigerated Warehouse, Office, Parking",Office,19785.0,Non-Refrigerated Warehouse,10234.0,Parking,0.0,66.0,1295485.25,False,27.06,0.77,Multi-usages,47,0.0,1.0,1,3
2016,NonResidential,Residence Hall,4,NORTHEAST,47.66281,-122.30819,1950,1.0,3,29084,0,29084,Residence Hall/Dormitory,Residence Hall/Dormitory,26000.0,,,,,66.0,1632498.625,False,60.83,2.09,Mono-usage,66,0.0,1.0,0,1
2016,Multifamily MR (5-9),Mid-Rise Multifamily,4,NORTHEAST,47.66321,-122.31266,1923,1.0,7,100234,0,100234,Multifamily Housing,Multifamily Housing,100234.0,,,,,91.0,5089903.0,False,229.2,2.29,Mono-usage,93,0.0,1.0,0,1
2016,Multifamily LR (1-4),Low-Rise Multifamily,2,GREATER DUWAMISH,47.53223,-122.28269,2009,1.0,3,37361,0,37361,Multifamily Housing,Multifamily Housing,37361.0,,,,,61.0,1416470.25,False,41.65,1.11,Mono-usage,7,0.0,1.0,0,1
2016,Multifamily LR (1-4),Low-Rise Multifamily,7,DOWNTOWN,47.60201,-122.33225,1992,1.0,4,35655,0,35655,"Multifamily Housing, Retail Store",Multifamily Housing,24389.0,Retail Store,5516.0,,,29.0,1394408.25,False,30.45,0.85,Multi-usages,24,0.0,1.0,1,2
2016,Multifamily LR (1-4),Low-Rise Multifamily,3,SOUTHEAST,47.58874,-122.30185,1900,1.0,3,48441,0,48441,"Multifamily Housing, Museum",Multifamily Housing,29302.0,Museum,19139.0,,,,2003447.625,False,29.56,0.61,Multi-usages,116,0.0,1.0,1,2
2016,Multifamily MR (5-9),Mid-Rise Multifamily,2,DOWNTOWN,47.59774,-122.3273,2000,1.0,5,294707,71557,223150,"Multifamily Housing, Parking, Retail Store",Multifamily Housing,156378.0,Parking,71557.0,Retail Store,66772.0,69.0,19234064.0,False,358.57,1.22,Multi-usages,16,0.2428072628067877,0.7571927371932122,1,3
2016,Multifamily MR (5-9),Mid-Rise Multifamily,7,LAKE UNION,47.62222,-122.34014,2008,1.0,6,103931,0,103931,"Multifamily Housing, Parking",Multifamily Housing,92835.0,Parking,43979.0,,,84.0,2845428.5,False,19.84,0.19,Multi-usages,8,0.0,1.0,1,2
2016,Multifamily LR (1-4),Low-Rise Multifamily,7,MAGNOLIA / QUEEN ANNE,47.63586,-122.34622,1999,1.0,3,36115,0,36115,Multifamily Housing,Multifamily Housing,30106.0,,,,,,768325.6875,False,5.36,0.15,Mono-usage,17,0.0,1.0,0,1
2016,Multifamily LR (1-4),Low-Rise Multifamily,3,EAST,47.62565133,-122.32065,2003,1.0,4,88426,31559,56867,"Bank Branch, Multifamily Housing, Parking, Restaurant, Strip Mall",Multifamily Housing,58849.0,Parking,29868.0,Strip Mall,4312.0,55.0,2645481.25,False,43.28,0.49,Multi-usages,13,0.3568972926514826,0.6431027073485174,1,5
2016,Multifamily HR (10+),Senior Care Community,7,MAGNOLIA / QUEEN ANNE,47.62684,-122.35736,1960,1.0,10,241387,43568,197819,"Office, Parking, Senior Care Community",Senior Care Community,186486.0,Parking,43568.0,Office,11335.0,46.0,9161371.0,False,63.87,0.26,Multi-usages,56,0.1804902500963183,0.8195097499036816,1,3
2016,NonResidential,Worship Facility,3,SOUTHEAST,47.58671,-122.30201,1963,1.0,2,22952,0,22952,"Parking, Worship Facility",Worship Facility,22962.0,Parking,0.0,,,98.0,470666.6875,False,19.28,0.84,Multi-usages,53,0.0,1.0,1,2
2016,Multifamily MR (5-9),Mid-Rise Multifamily,1,SOUTHWEST,47.55856,-122.38723,2001,1.0,6,108066,0,108066,"Multifamily Housing, Retail Store",Multifamily Housing,71549.0,Retail Store,4081.0,,,,2022990.625,False,14.1,0.13,Multi-usages,15,0.0,1.0,1,2
2016,Multifamily LR (1-4),Low-Rise Multifamily,1,SOUTHWEST,47.55807,-122.38715,1967,1.0,4,26528,0,26528,Multifamily Housing,Multifamily Housing,26528.0,,,,,,664913.875,False,4.64,0.17,Mono-usage,49,0.0,1.0,0,1
2016,Multifamily MR (5-9),Mid-Rise Multifamily,3,EAST,47.6062,-122.32503,1969,1.0,7,29618,0,29618,"Multifamily Housing, Parking",Multifamily Housing,29618.0,Parking,9500.0,,,57.0,1164052.75,False,8.12,0.27,Multi-usages,47,0.0,1.0,1,2
2016,Multifamily LR (1-4),Low-Rise Multifamily,6,NORTHWEST,47.68157,-122.3456,1969,1.0,4,20851,0,20851,Multifamily Housing,Multifamily Housing,20851.0,,,,,92.0,515571.0938,False,8.93,0.43,Mono-usage,47,0.0,1.0,0,1
2016,Multifamily LR (1-4),Low-Rise Multifamily,4,LAKE UNION,47.63663,-122.32788,1990,1.0,4,36792,0,36792,"Multifamily Housing, Parking",Multifamily Housing,36792.0,Parking,12960.0,,,65.0,1285646.75,False,29.93,0.81,Multi-usages,26,0.0,1.0,1,2
2016,Multifamily LR (1-4),Low-Rise Multifamily,5,NORTH,47.70065,-122.31735,1983,1.0,3,23512,0,23512,Multifamily Housing,Multifamily Housing,23512.0,,,,,84.0,667871.125,False,12.98,0.55,Mono-usage,33,0.0,1.0,0,1
2016,Multifamily LR (1-4),Low-Rise Multifamily,3,Central,47.61798,-122.30724,2004,1.0,3,49518,0,49518,Multifamily Housing,Multifamily Housing,49528.0,,,,,42.0,1817513.0,False,50.57,1.02,Mono-usage,12,0.0,1.0,0,1
2016,Multifamily HR (10+),Hotel,7,DOWNTOWN,47.60742,-122.33919,2008,1.0,20,326516,0,326516,"Hotel, Multifamily Housing, Parking, Retail Store",Hotel,252462.0,Multifamily Housing,145594.0,Parking,22801.0,3.0,59107620.0,False,2489.78,7.63,Multi-usages,8,0.0,1.0,1,4
2016,Multifamily MR (5-9),Mid-Rise Multifamily,7,MAGNOLIA / QUEEN ANNE,47.63165,-122.34793,1963,1.0,7,28277,0,28277,"Multifamily Housing, Parking",Multifamily Housing,28227.0,Parking,2500.0,,,94.0,678663.3125,False,4.73,0.17,Multi-usages,53,0.0,1.0,1,2
2016,Multifamily LR (1-4),Low-Rise Multifamily,7,MAGNOLIA / QUEEN ANNE,47.63201,-122.34784,1958,1.0,4,21602,0,21602,Multifamily Housing,Multifamily Housing,21602.0,,,,,95.0,572654.3125,False,14.26,0.66,Mono-usage,58,0.0,1.0,0,1
2016,Multifamily LR (1-4),Low-Rise Multifamily,7,MAGNOLIA / QUEEN ANNE,47.63089,-122.3439,1988,1.0,3,65689,0,65689,Multifamily Housing,Multifamily Housing,65689.0,,,,,73.0,1384693.5,False,9.65,0.15,Mono-usage,28,0.0,1.0,0,1
2016,Multifamily MR (5-9),Mid-Rise Multifamily,6,BALLARD,47.6696,-122.38735,2007,1.0,6,109222,0,109222,"Multifamily Housing, Parking",Multifamily Housing,109222.0,Parking,44616.0,,,87.0,3151107.75,False,34.39,0.31,Multi-usages,9,0.0,1.0,1,2
2016,Multifamily LR (1-4),Low-Rise Multifamily,1,SOUTHWEST,47.55857,-122.38186,1957,2.0,2,21596,0,21596,Multifamily Housing,Multifamily Housing,21596.0,,,,,77.0,562495.8125,False,3.92,0.18,Mono-usage,59,0.0,1.0,0,1
2016,NonResidential,Warehouse,2,GREATER DUWAMISH,47.54443,-122.32688,1976,1.0,1,21040,0,21040,Non-Refrigerated Warehouse,Non-Refrigerated Warehouse,21040.0,,,,,43.0,592088.125,False,19.14,0.91,Mono-usage,40,0.0,1.0,0,1
2016,NonResidential,Warehouse,2,GREATER DUWAMISH,47.54491,-122.32758,1951,1.0,2,28032,0,28032,Non-Refrigerated Warehouse,Non-Refrigerated Warehouse,30000.0,,,,,52.0,1321065.0,False,46.61,1.66,Mono-usage,65,0.0,1.0,0,1
2016,NonResidential,Distribution Center,2,GREATER DUWAMISH,47.54333,-122.32792,1974,1.0,1,25620,0,25620,Distribution Center,Distribution Center,25620.0,,,,,82.0,550324.1875,False,20.46,0.8,Mono-usage,42,0.0,1.0,0,1
2016,NonResidential,Warehouse,2,DOWNTOWN,47.59775,-122.32219,1992,1.0,3,33238,0,33238,Non-Refrigerated Warehouse,Non-Refrigerated Warehouse,33238.0,,,,,14.0,1632472.0,False,11.38,0.34,Mono-usage,24,0.0,1.0,0,1
2016,NonResidential,K-12 School,3,EAST,47.60745,-122.32542,1912,1.0,4,27800,0,27800,K-12 School,K-12 School,11093.0,,,,,8.0,1181428.75,False,38.36,1.38,Mono-usage,104,0.0,1.0,0,1
2016,Multifamily LR (1-4),Low-Rise Multifamily,3,CENTRAL,47.60187,-122.30665,2002,1.0,4,26255,0,26255,Multifamily Housing,Multifamily Housing,26255.0,,,,,,713821.875,False,14.05,0.54,Mono-usage,14,0.0,1.0,0,1
2016,NonResidential,Large Office,7,DOWNTOWN,47.60331,-122.33389,2000,1.0,6,706176,0,706176,"Bank Branch, Office, Parking",Office,222807.0,Parking,78049.0,Bank Branch,5171.0,82.0,13270687.0,False,92.52,0.13,Multi-usages,16,0.0,1.0,1,3
2016,Multifamily LR (1-4),Low-Rise Multifamily,3,Central,47.62014,-122.3064,1999,1.0,3,21158,0,21158,Multifamily Housing,Multifamily Housing,17635.0,,,,,,462465.5,False,3.22,0.15,Mono-usage,17,0.0,1.0,0,1
2016,Multifamily LR (1-4),Low-Rise Multifamily,3,EAST,47.61435,-122.31842,1913,1.0,4,26355,0,26355,Multifamily Housing,Multifamily Housing,26355.0,,,,,1.0,1829122.375,False,57.33,2.18,Mono-usage,103,0.0,1.0,0,1
2016,Multifamily MR (5-9),Mid-Rise Multifamily,7,DOWNTOWN,47.61758,-122.34632,1998,1.0,7,74162,0,74162,"Multifamily Housing, Office, Other, Other - Recreation, Parking, Restaurant",Multifamily Housing,62285.0,Parking,4000.0,Restaurant,597.0,,2646523.5,False,35.65,0.48,Multi-usages,18,0.0,1.0,1,6
2016,NonResidential,Supermarket / Grocery Store,1,SOUTHWEST,47.54427,-122.38609,1998,1.0,1,33706,0,33706,Supermarket/Grocery Store,Supermarket/Grocery Store,31746.0,,,,,22.0,8687690.0,False,206.33,6.12,Mono-usage,18,0.0,1.0,0,1
2016,Multifamily LR (1-4),Low-Rise Multifamily,2,SOUTHEAST,47.55512,-122.28161,1963,1.0,3,27984,0,27984,Multifamily Housing,Multifamily Housing,27984.0,,,,,25.0,1059605.625,False,7.39,0.26,Mono-usage,53,0.0,1.0,0,1
2016,NonResidential,Mixed Use Property,7,MAGNOLIA / QUEEN ANNE,47.65532,-122.37133,1961,1.0,2,37600,0,37600,"Non-Refrigerated Warehouse, Office, Other",Non-Refrigerated Warehouse,18400.0,Other,16200.0,Office,3000.0,,2171751.5,False,93.55,2.49,Multi-usages,55,0.0,1.0,1,3
2016,Multifamily HR (10+),High-Rise Multifamily,3,EAST,47.61882,-122.32759,1969,1.0,10,139127,0,139127,Multifamily Housing,Multifamily Housing,139127.0,,,,,68.0,5106786.5,False,35.6,0.26,Mono-usage,47,0.0,1.0,0,1
2016,Multifamily LR (1-4),Low-Rise Multifamily,3,EAST,47.61902,-122.32639,1965,1.0,4,26153,0,26153,"Multifamily Housing, Parking",Multifamily Housing,22729.0,Parking,2739.0,,,80.0,593543.3125,False,4.14,0.16,Multi-usages,51,0.0,1.0,1,2
2016,Multifamily MR (5-9),Mid-Rise Multifamily,3,EAST,47.61944,-122.32589,1924,1.0,7,95611,0,95611,Multifamily Housing,Multifamily Housing,95611.0,,,,,50.0,8058913.5,False,367.3,3.84,Mono-usage,92,0.0,1.0,0,1
2016,Multifamily MR (5-9),Mid-Rise Multifamily,3,EAST,47.61898,-122.32585,1928,1.0,5,32980,0,32980,Multifamily Housing,Multifamily Housing,32980.0,,,,,72.0,1383204.25,False,35.36,1.07,Mono-usage,88,0.0,1.0,0,1
2016,Multifamily HR (10+),High-Rise Multifamily,7,DOWNTOWN,47.61353,-122.34232,1973,1.0,26,187080,0,187080,"Multifamily Housing, Retail Store",Multifamily Housing,181135.0,Retail Store,5410.0,,,86.0,6454820.0,False,96.2,0.51,Multi-usages,43,0.0,1.0,1,2
2016,Multifamily HR (10+),High-Rise Multifamily,7,EAST,47.60929,-122.32946,1970,1.0,21,94000,0,94000,"Multifamily Housing, Parking, Retail Store",Multifamily Housing,140000.0,Parking,24000.0,Retail Store,2500.0,,5143676.5,False,109.72,1.17,Multi-usages,46,0.0,1.0,1,3
2016,Multifamily LR (1-4),Low-Rise Multifamily,5,NORTH,47.7177,-122.29767,1974,1.0,3,35333,0,35333,"Multifamily Housing, Parking",Multifamily Housing,30933.0,Parking,4400.0,,,61.0,919909.6875,False,6.41,0.18,Multi-usages,42,0.0,1.0,1,2
2016,Multifamily LR (1-4),Low-Rise Multifamily,6,NORTHWEST,47.67299,-122.35487,2004,1.0,4,39331,0,39331,"Multifamily Housing, Parking",Multifamily Housing,39331.0,Parking,14400.0,,,52.0,1326764.25,False,20.21,0.51,Multi-usages,12,0.0,1.0,1,2
2016,Multifamily LR (1-4),Low-Rise Multifamily,4,LAKE UNION,47.64839,-122.32314,2008,1.0,4,57486,0,57486,"Multifamily Housing, Retail Store",Multifamily Housing,48438.0,Retail Store,9048.0,,,93.0,1297633.75,False,9.05,0.16,Multi-usages,8,0.0,1.0,1,2
2016,SPS-District K-12,K-12 School,5,NORTHWEST,47.70597,-122.36113,1954,1.0,1,42128,0,42128,K-12 School,K-12 School,42128.0,,,,,93.0,1709307.5,False,49.55,1.18,Mono-usage,62,0.0,1.0,0,1
2016,Multifamily LR (1-4),Low-Rise Multifamily,7,MAGNOLIA / QUEEN ANNE,47.66401,-122.39701,1982,1.0,4,77966,0,77966,"Multifamily Housing, Parking, Swimming Pool",Multifamily Housing,77966.0,Parking,25921.0,Swimming Pool,0.0,85.0,2993032.25,False,89.29,1.15,Multi-usages,34,0.0,1.0,1,3
2016,Multifamily LR (1-4),Low-Rise Multifamily,7,MAGNOLIA / QUEEN ANNE,47.66443,-122.39802,1965,1.0,3,28944,0,28944,"Multifamily Housing, Swimming Pool",Multifamily Housing,24111.0,Swimming Pool,0.0,,,39.0,864751.8125,False,8.95,0.31,Multi-usages,51,0.0,1.0,1,2
2016,Multifamily MR (5-9),Mid-Rise Multifamily,7,DOWNTOWN,47.60045,-122.32989,1904,1.0,5,30189,0,30189,"Multifamily Housing, Parking",Multifamily Housing,30189.0,Parking,8614.0,,,,729361.625,False,10.81,0.36,Multi-usages,112,0.0,1.0,1,2
2016,Multifamily LR (1-4),Mixed Use Property,3,Central,47.62375,-122.30693,2004,1.0,4,44432,0,44432,"Multifamily Housing, Office, Other, Parking, Retail Store",Multifamily Housing,21930.0,Parking,17755.0,Other,2906.0,,1396280.25,False,31.47,0.71,Multi-usages,12,0.0,1.0,1,5
2016,Multifamily LR (1-4),Low-Rise Multifamily,1,SOUTHWEST,47.58383,-122.38681,1926,1.0,3,23671,0,23671,Multifamily Housing,Multifamily Housing,23671.0,,,,,50.0,839362.0,False,21.74,0.92,Mono-usage,90,0.0,1.0,0,1
2016,SPS-District K-12,K-12 School,6,BALLARD,47.68644,-122.38905,1932,1.0,2,44753,0,44753,K-12 School,K-12 School,46545.0,,,,,96.0,1638691.625,True,61.25,1.37,Mono-usage,84,0.0,1.0,0,1
2016,Multifamily LR (1-4),Low-Rise Multifamily,3,EAST,47.6184,-122.32324,1989,0.0,4,20380,0,20380,"Multifamily Housing, Parking",Multifamily Housing,28744.0,Parking,8100.0,,,2.0,1310280.75,False,9.13,0.45,Multi-usages,27,0.0,1.0,1,2
2016,Multifamily LR (1-4),Low-Rise Multifamily,3,CENTRAL,47.60136,-122.31248,2002,1.0,4,29808,0,29808,"Multifamily Housing, Parking",Multifamily Housing,25586.0,Parking,4222.0,,,80.0,975327.0,False,26.87,0.9,Multi-usages,14,0.0,1.0,1,2
2016,Multifamily LR (1-4),Low-Rise Multifamily,3,EAST,47.62625,-122.31769,1969,1.0,4,27878,0,27878,Multifamily Housing,Multifamily Housing,23232.0,,,,,53.0,658297.5,False,4.59,0.16,Mono-usage,47,0.0,1.0,0,1
2016,Multifamily LR (1-4),Low-Rise Multifamily,3,EAST,47.61385,-122.32271,1910,1.0,3,23597,0,23597,"Multifamily Housing, Retail Store",Multifamily Housing,19216.0,Retail Store,8029.0,,,,2225265.5,False,77.12,3.27,Multi-usages,106,0.0,1.0,1,2
2016,NonResidential,Other,3,EAST,47.61314,-122.32262,1912,1.0,3,33708,0,33708,Other,Other,33708.0,,,,,,786324.0,False,19.61,0.58,Mono-usage,104,0.0,1.0,0,1
2016,Multifamily LR (1-4),Low-Rise Multifamily,3,EAST,47.6139,-122.32241,1910,1.0,3,24682,0,24682,"Multifamily Housing, Retail Store",Multifamily Housing,17822.0,Retail Store,6085.0,,,74.0,2681771.0,False,96.18,3.9,Multi-usages,106,0.0,1.0,1,2
2016,Multifamily MR (5-9),Mid-Rise Multifamily,2,SOUTHEAST,47.55681,-122.28579,2012,1.0,5,121773,25568,96205,Multifamily Housing,Multifamily Housing,121000.0,,,,,81.0,2986728.0,False,63.57,0.52,Mono-usage,4,0.2099644420355908,0.7900355579644092,0,1
2016,Multifamily LR (1-4),Low-Rise Multifamily,5,NORTHEAST,47.69711,-122.29098,1994,1.0,3,50095,0,50095,"Multifamily Housing, Office, Parking",Multifamily Housing,26170.0,Parking,15179.0,Office,8746.0,83.0,981242.3125,False,6.84,0.14,Multi-usages,22,0.0,1.0,1,3
2016,Multifamily HR (10+),High-Rise Multifamily,7,DOWNTOWN,47.61754,-122.34902,2007,1.0,12,175353,0,175353,"Financial Office, Food Service, Multifamily Housing, Other, Parking",Multifamily Housing,138566.0,Parking,6876.0,Other,3212.0,53.0,6074249.0,False,126.53,0.72,Multi-usages,9,0.0,1.0,1,5
2016,Multifamily LR (1-4),Low-Rise Multifamily,2,GREATER DUWAMISH,47.57184,-122.31515,1980,1.0,4,26245,0,26245,Multifamily Housing,Multifamily Housing,26245.0,,,,,76.0,750583.625,False,5.23,0.2,Mono-usage,36,0.0,1.0,0,1
2016,Multifamily LR (1-4),Low-Rise Multifamily,5,NORTHWEST,47.7129,-122.34351,1987,1.0,3,103345,0,103345,Multifamily Housing,Multifamily Housing,92010.0,,,,,42.0,4018570.0,False,74.92,0.72,Mono-usage,29,0.0,1.0,0,1
2016,Multifamily MR (5-9),Mid-Rise Multifamily,5,NORTHWEST,47.71257,-122.34418,2005,1.0,6,93191,0,93191,"Multifamily Housing, Parking",Multifamily Housing,65434.0,Parking,27757.0,,,96.0,1878442.25,False,13.1,0.14,Multi-usages,11,0.0,1.0,1,2
2016,Multifamily LR (1-4),Low-Rise Multifamily,5,North,47.71884,-122.31855,1999,1.0,4,40317,0,40317,Multifamily Housing,Multifamily Housing,31856.0,,,,,51.0,942712.5,False,6.57,0.16,Mono-usage,17,0.0,1.0,0,1
2016,Multifamily LR (1-4),Low-Rise Multifamily,6,LAKE UNION,47.65976,-122.35134,1991,1.0,4,31500,0,31500,"Multifamily Housing, Parking",Multifamily Housing,24809.0,Parking,6691.0,,,94.0,495152.6875,False,3.45,0.11,Multi-usages,25,0.0,1.0,1,2
2016,Multifamily LR (1-4),Low-Rise Multifamily,5,NORTH,47.73233,-122.31197,1976,1.0,3,21520,0,21520,Multifamily Housing,Multifamily Housing,21520.0,,,,,88.0,440870.4063,False,3.07,0.14,Mono-usage,40,0.0,1.0,0,1
2016,Multifamily LR (1-4),Low-Rise Multifamily,5,NORTH,47.73234,-122.3116,1976,1.0,4,21580,0,21580,Multifamily Housing,Multifamily Housing,21580.0,,,,,,467930.0,False,3.26,0.15,Mono-usage,40,0.0,1.0,0,1
2016,Multifamily LR (1-4),Low-Rise Multifamily,5,NORTH,47.73192,-122.31187,1969,1.0,3,97254,0,97254,Multifamily Housing,Multifamily Housing,97141.0,,,,,73.0,2220053.25,False,15.48,0.16,Mono-usage,47,0.0,1.0,0,1
2016,Multifamily LR (1-4),Low-Rise Multifamily,5,NORTH,47.72914,-122.31194,1975,1.0,3,28899,0,28899,Multifamily Housing,Multifamily Housing,28899.0,,,,,65.0,919266.125,False,6.41,0.22,Mono-usage,41,0.0,1.0,0,1
2016,Multifamily LR (1-4),Low-Rise Multifamily,5,North,47.73105,-122.31429,1975,1.0,3,57496,0,57496,Multifamily Housing,Multifamily Housing,57496.0,,,,,82.0,1204956.5,False,8.4,0.15,Mono-usage,41,0.0,1.0,0,1
2016,Multifamily LR (1-4),Low-Rise Multifamily,5,North,47.731,-122.31308,1985,1.0,4,48863,0,48863,Multifamily Housing,Multifamily Housing,49334.0,,,,,86.0,1070085.375,False,7.46,0.15,Mono-usage,31,0.0,1.0,0,1
2016,Multifamily LR (1-4),Low-Rise Multifamily,5,North,47.73164,-122.31409,1966,1.0,4,165694,0,165694,Multifamily Housing,Multifamily Housing,180194.0,,,,,67.0,4425832.5,False,30.85,0.19,Mono-usage,50,0.0,1.0,0,1
2016,Multifamily LR (1-4),Low-Rise Multifamily,5,North,47.73143,-122.31344,1968,1.0,3,143369,0,143369,"Multifamily Housing, Parking",Multifamily Housing,140047.0,Parking,6408.0,,,82.0,3190328.0,False,22.24,0.16,Multi-usages,48,0.0,1.0,1,2
2016,Multifamily LR (1-4),Low-Rise Multifamily,5,North,47.73331,-122.31468,1976,1.0,3,44230,0,44230,Multifamily Housing,Multifamily Housing,79013.0,,,,,64.0,1859571.875,False,12.96,0.29,Mono-usage,40,0.0,1.0,0,1
2016,NonResidential,Other,5,North,47.73368,-122.31366,1948,1.0,2,47237,0,47237,Other,Other,47661.0,,,,,,5981430.0,False,41.7,0.88,Mono-usage,68,0.0,1.0,0,1
2016,Multifamily HR (10+),High-Rise Multifamily,7,DOWNTOWN,47.61574,-122.35211,2007,1.0,13,187139,0,187139,Multifamily Housing,Multifamily Housing,187139.0,,,,,49.0,6772289.0,False,102.6,0.55,Mono-usage,9,0.0,1.0,0,1
2016,Multifamily MR (5-9),Mid-Rise Multifamily,3,EAST,47.61566,-122.32533,1990,2.0,5,57091,0,57091,Multifamily Housing,Multifamily Housing,57091.0,,,,,81.0,1436109.0,False,10.01,0.18,Mono-usage,26,0.0,1.0,0,1
2016,Multifamily LR (1-4),Low-Rise Multifamily,4,NORTHEAST,47.66512,-122.30419,1958,4.0,3,30240,0,30240,Multifamily Housing,Multifamily Housing,30240.0,,,,,55.0,855946.0,False,5.97,0.2,Mono-usage,58,0.0,1.0,0,1
2016,Multifamily LR (1-4),Low-Rise Multifamily,5,NORTH,47.69779,-122.30442,1979,1.0,3,21798,0,21798,Multifamily Housing,Multifamily Housing,18171.0,,,,,65.0,558893.375,False,3.9,0.18,Mono-usage,37,0.0,1.0,0,1
2016,Multifamily LR (1-4),Low-Rise Multifamily,5,NORTHEAST,47.69327,-122.30347,1981,1.0,3,42448,0,42448,Multifamily Housing,,,,,,,66.0,1247918.0,False,8.7,0.2,Mono-usage,35,0.0,1.0,0,1
2016,Multifamily MR (5-9),Mid-Rise Multifamily,4,LAKE UNION,47.64734,-122.33671,2002,1.0,5,125241,0,125241,"Multifamily Housing, Parking",Multifamily Housing,138442.0,Parking,53533.0,,,93.0,5614256.5,False,187.97,1.5,Multi-usages,14,0.0,1.0,1,2
2016,Multifamily MR (5-9),Mid-Rise Multifamily,1,SOUTHWEST,47.59028,-122.39281,1997,1.0,6,21900,0,21900,Multifamily Housing,Multifamily Housing,21900.0,,,,,,592899.0,False,16.43,0.75,Mono-usage,19,0.0,1.0,0,1
2016,Multifamily LR (1-4),Low-Rise Multifamily,3,EAST,47.62212,-122.32293,1931,1.0,4,32430,0,32430,Multifamily Housing,Multifamily Housing,32430.0,,,,,82.0,847514.5,False,5.91,0.18,Mono-usage,85,0.0,1.0,0,1
2016,Multifamily LR (1-4),Low-Rise Multifamily,2,SOUTHEAST,47.52241,-122.2645,1971,1.0,4,87696,0,87696,Multifamily Housing,Multifamily Housing,87696.0,,,,,15.0,2352982.75,False,16.4,0.19,Mono-usage,45,0.0,1.0,0,1
2016,Multifamily LR (1-4),Low-Rise Multifamily,3,EAST,47.62006,-122.32585,1984,1.0,4,50299,0,50299,Multifamily Housing,Multifamily Housing,41299.0,,,,,45.0,1687738.0,False,11.77,0.23,Mono-usage,32,0.0,1.0,0,1
2016,Multifamily LR (1-4),Low-Rise Multifamily,7,MAGNOLIA / QUEEN ANNE,47.62733,-122.3645,1949,1.0,4,34882,6147,28735,"Multifamily Housing, Parking",Multifamily Housing,28735.0,Parking,6147.0,,,52.0,2291269.5,False,103.07,2.95,Multi-usages,67,0.1762226936528868,0.8237773063471131,1,2
2016,Multifamily LR (1-4),Low-Rise Multifamily,3,EAST,47.63289,-122.31224,1980,1.0,4,26808,0,26808,Multifamily Housing,Multifamily Housing,26808.0,,,,,17.0,967492.875,False,6.74,0.25,Mono-usage,36,0.0,1.0,0,1
2016,SPS-District K-12,K-12 School,6,BALLARD,47.67363,-122.39152,1989,1.0,2,57298,0,57298,K-12 School,K-12 School,60882.0,,,,,91.0,1586388.75,True,11.06,0.19,Mono-usage,27,0.0,1.0,0,1
2016,Multifamily HR (10+),High-Rise Multifamily,3,EAST,47.61063,-122.32601,1981,1.0,18,78538,0,78538,"Multifamily Housing, Parking, Swimming Pool",Multifamily Housing,78538.0,Parking,19200.0,Swimming Pool,0.0,6.0,5571501.5,False,108.31,1.38,Multi-usages,35,0.0,1.0,1,3
2016,NonResidential,Supermarket / Grocery Store,4,NORTHEAST,47.68217,-122.31675,1997,1.0,1,76585,38585,38000,"Parking, Supermarket/Grocery Store",Supermarket/Grocery Store,41447.0,Parking,0.0,,,18.0,13906080.0,False,364.27,4.76,Multi-usages,19,0.5038192857609193,0.4961807142390808,1,2
2016,NonResidential,Worship Facility,4,NORTHEAST,47.66295,-122.31494,1938,1.0,3,26373,0,26373,Worship Facility,Worship Facility,26373.0,,,,,75.0,964236.0,False,38.18,1.45,Mono-usage,78,0.0,1.0,0,1
2016,Multifamily MR (5-9),Mid-Rise Multifamily,7,MAGNOLIA / QUEEN ANNE,47.63176,-122.35763,2004,1.0,6,40128,0,40128,Multifamily Housing,Multifamily Housing,40128.0,,,,,,1618017.75,False,58.09,1.45,Mono-usage,12,0.0,1.0,0,1
2016,Multifamily LR (1-4),Low-Rise Multifamily,7,MAGNOLIA / QUEEN ANNE,47.62848,-122.34788,1985,1.0,4,24581,0,24581,"Multifamily Housing, Parking",Multifamily Housing,24948.0,Parking,5035.0,,,,566216.8125,False,3.95,0.16,Multi-usages,31,0.0,1.0,1,2
2016,Multifamily LR (1-4),Low-Rise Multifamily,7,MAGNOLIA / QUEEN ANNE,47.62662,-122.34577,1978,1.0,3,34066,0,34066,Multifamily Housing,Multifamily Housing,34066.0,,,,,70.0,861109.0,False,6.0,0.18,Mono-usage,38,0.0,1.0,0,1
2016,NonResidential,Small- and Mid-Sized Office,3,CENTRAL,47.60207,-122.28481,1956,6.0,2,75868,0,75868,"Non-Refrigerated Warehouse, Office, Restaurant, Retail Store",Office,50379.0,Restaurant,12622.0,Retail Store,6662.0,,3605749.75,False,25.14,0.33,Multi-usages,60,0.0,1.0,1,4
2016,Multifamily LR (1-4),Low-Rise Multifamily,3,EAST,47.62249,-122.31183,1911,2.0,4,33430,0,33430,Multifamily Housing,Multifamily Housing,33433.0,,,,,51.0,2192111.5,False,101.8,3.05,Mono-usage,105,0.0,1.0,0,1
2016,Multifamily LR (1-4),Low-Rise Multifamily,3,EAST,47.62186,-122.3125,2001,1.0,4,28878,0,28878,"Multifamily Housing, Parking, Retail Store",Multifamily Housing,20723.0,Parking,6000.0,Retail Store,4800.0,,740786.0,False,7.83,0.27,Multi-usages,15,0.0,1.0,1,3
2016,NonResidential,Mixed Use Property,3,EAST,47.62164,-122.31238,1947,1.0,2,21656,0,21656,"Office, Other - Entertainment/Public Assembly, Other - Public Services, Restaurant, Urgent Care/Clinic/Other Outpatient",Other - Entertainment/Public Assembly,5656.0,Other - Public Services,5561.0,Restaurant,5090.0,,1607972.25,False,51.89,2.4,Multi-usages,69,0.0,1.0,1,5
2016,Multifamily HR (10+),High-Rise Multifamily,4,NORTHEAST,47.66341,-122.3149,1971,1.0,11,72831,0,72831,"Multifamily Housing, Non-Refrigerated Warehouse",Multifamily Housing,46104.0,Non-Refrigerated Warehouse,23823.0,,,72.0,2375104.0,False,19.1,0.26,Multi-usages,45,0.0,1.0,1,2
2016,Multifamily MR (5-9),Mid-Rise Multifamily,4,NORTHEAST,47.66438,-122.31499,2006,1.0,6,82254,21764,60490,Multifamily Housing,Multifamily Housing,60490.0,,,,,89.0,1591528.5,False,11.1,0.13,Mono-usage,10,0.2645950348919201,0.7354049651080798,0,1
2016,Multifamily MR (5-9),Mid-Rise Multifamily,4,NORTHEAST,47.6634,-122.31556,2005,1.0,6,57700,15569,42131,"Multifamily Housing, Office, Parking",Multifamily Housing,39935.0,Parking,15540.0,Office,2695.0,,1898509.75,False,53.52,0.93,Multi-usages,11,0.2698266897746967,0.7301733102253033,1,3
2016,Multifamily LR (1-4),Low-Rise Multifamily,7,MAGNOLIA / QUEEN ANNE,47.62698,-122.3473,2002,1.0,4,58359,0,58359,Multifamily Housing,Multifamily Housing,58359.0,,,,,61.0,1941363.5,False,46.72,0.8,Mono-usage,14,0.0,1.0,0,1
2016,Multifamily LR (1-4),Low-Rise Multifamily,6,NORTHWEST,47.68523,-122.35492,2002,1.0,4,23236,0,23236,Multifamily Housing,Multifamily Housing,23236.0,,,,,57.0,593296.1875,False,4.14,0.18,Mono-usage,14,0.0,1.0,0,1
2016,Multifamily LR (1-4),Low-Rise Multifamily,6,NORTHWEST,47.67711,-122.35471,1984,1.0,3,43788,0,43788,"Multifamily Housing, Retail Store",Multifamily Housing,43425.0,Retail Store,363.0,,,,1360400.5,False,9.48,0.22,Multi-usages,32,0.0,1.0,1,2
2016,Multifamily MR (5-9),Mid-Rise Multifamily,4,LAKE UNION,47.63363,-122.32528,1996,1.0,7,39329,0,39329,Multifamily Housing,Multifamily Housing,39329.0,,,,,69.0,965291.6875,False,6.73,0.17,Mono-usage,20,0.0,1.0,0,1
2016,Nonresidential COS,Distribution Center,7,MAGNOLIA / QUEEN ANNE,47.63319,-122.36294,1921,1.0,3,23040,0,23040,Distribution Center,Distribution Center,23040.0,,,,,,421430.0,False,2.94,0.13,Mono-usage,95,0.0,1.0,0,1
2016,NonResidential,Other,7,MAGNOLIA / QUEEN ANNE,47.63286,-122.36141,1956,1.0,2,36771,0,36771,Other,Other,34856.0,,,,,,5447076.5,False,37.97,1.03,Mono-usage,60,0.0,1.0,0,1
2016,Multifamily LR (1-4),Low-Rise Multifamily,7,MAGNOLIA / QUEEN ANNE,47.63338,-122.35738,2005,1.0,4,87261,0,87261,Multifamily Housing,Multifamily Housing,97425.0,,,,,76.0,1803753.25,False,45.44,0.52,Mono-usage,11,0.0,1.0,0,1
2016,Multifamily LR (1-4),Low-Rise Multifamily,7,MAGNOLIA / QUEEN ANNE,47.65904,-122.40044,1989,1.0,3,34854,0,34854,Multifamily Housing,Multifamily Housing,25666.0,,,,,69.0,705621.6875,False,4.92,0.14,Mono-usage,27,0.0,1.0,0,1
2016,NonResidential,Warehouse,1,GREATER DUWAMISH,47.53104,-122.32784,1977,1.0,1,24024,0,24024,"Non-Refrigerated Warehouse, Other - Services",Non-Refrigerated Warehouse,14314.0,Other - Services,9710.0,,,,375773.5938,False,2.62,0.11,Multi-usages,39,0.0,1.0,1,2
2016,NonResidential,Warehouse,1,GREATER DUWAMISH,47.53326,-122.32579,1953,1.0,1,42420,0,42420,"Non-Refrigerated Warehouse, Office, Other",Non-Refrigerated Warehouse,27420.0,Other,10000.0,Office,5000.0,34.0,965425.1875,False,29.39,0.69,Multi-usages,63,0.0,1.0,1,3
2016,NonResidential,Distribution Center,1,GREATER DUWAMISH,47.53379,-122.33063,1979,1.0,1,36982,0,36982,"Distribution Center, Office",Distribution Center,34382.0,Office,2600.0,,,,374753.8125,False,6.88,0.19,Multi-usages,37,0.0,1.0,1,2
2016,NonResidential,Warehouse,1,GREATER DUWAMISH,47.53651,-122.32954,1964,1.0,2,23400,0,23400,"Non-Refrigerated Warehouse, Office, Parking",Non-Refrigerated Warehouse,20002.0,Office,3374.0,Parking,0.0,,439266.9063,False,3.06,0.13,Multi-usages,52,0.0,1.0,1,3
2016,Multifamily LR (1-4),Low-Rise Multifamily,7,MAGNOLIA / QUEEN ANNE,47.63084,-122.34789,1992,1.0,4,21232,0,21232,Multifamily Housing,Multifamily Housing,22209.0,,,,,,522423.6875,False,7.97,0.38,Mono-usage,24,0.0,1.0,0,1
2016,Multifamily LR (1-4),Low-Rise Multifamily,3,CENTRAL,47.59593,-122.28689,1957,1.0,4,22810,0,22810,"Multifamily Housing, Swimming Pool",Multifamily Housing,16299.0,Swimming Pool,0.0,,,39.0,917783.5,False,15.58,0.68,Multi-usages,59,0.0,1.0,1,2
2016,Multifamily LR (1-4),Low-Rise Multifamily,7,MAGNOLIA / QUEEN ANNE,47.6267,-122.35506,1959,2.0,4,43346,0,43346,"Multifamily Housing, Parking, Swimming Pool",Multifamily Housing,43346.0,Parking,12600.0,Swimming Pool,0.0,5.0,4519115.0,False,148.02,3.41,Multi-usages,57,0.0,1.0,1,3
2016,Multifamily LR (1-4),Low-Rise Multifamily,7,MAGNOLIA / QUEEN ANNE,47.62573,-122.35496,1948,1.0,3,53280,0,53280,Multifamily Housing,Multifamily Housing,53280.0,,,,,100.0,1963481.625,False,100.43,1.88,Mono-usage,68,0.0,1.0,0,1
2016,NonResidential,Other,7,MAGNOLIA / QUEEN ANNE,47.62518,-122.35317,1948,1.0,2,30720,0,30720,"Office, Other, Parking",Other,28120.0,Parking,1600.0,Office,1000.0,,1683064.25,False,67.15,2.19,Multi-usages,68,0.0,1.0,1,3
2016,Multifamily LR (1-4),Low-Rise Multifamily,7,MAGNOLIA / QUEEN ANNE,47.62655,-122.35173,1958,1.0,4,21056,0,21056,Multifamily Housing,Multifamily Housing,21056.0,,,,,87.0,510517.0,False,3.56,0.17,Mono-usage,58,0.0,1.0,0,1
2016,NonResidential,Warehouse,2,GREATER DUWAMISH,47.56626,-122.3244,1972,1.0,1,23232,0,23232,Non-Refrigerated Warehouse,Non-Refrigerated Warehouse,23232.0,,,,,,127374.0,False,0.89,0.04,Mono-usage,44,0.0,1.0,0,1
2016,NonResidential,Warehouse,2,GREATER DUWAMISH,47.56501,-122.3248,1974,1.0,1,35046,0,35046,Non-Refrigerated Warehouse,Non-Refrigerated Warehouse,32546.0,,,,,100.0,1063269.125,False,17.65,0.5,Mono-usage,42,0.0,1.0,0,1
2016,NonResidential,Refrigerated Warehouse,2,GREATER DUWAMISH,47.56477,-122.32628,1961,1.0,1,25577,0,25577,"Non-Refrigerated Warehouse, Office, Refrigerated Warehouse",Refrigerated Warehouse,13349.0,Non-Refrigerated Warehouse,8228.0,Office,4000.0,,895784.6875,False,14.19,0.55,Multi-usages,55,0.0,1.0,1,3
2016,NonResidential,Warehouse,2,GREATER DUWAMISH,47.56448,-122.32484,1974,1.0,1,43380,0,43380,Non-Refrigerated Warehouse,Non-Refrigerated Warehouse,42844.0,,,,,89.0,405062.0,False,2.82,0.07,Mono-usage,42,0.0,1.0,0,1
2016,NonResidential,Small- and Mid-Sized Office,4,LAKE UNION,47.65576,-122.34208,1995,1.0,3,20410,0,20410,Office,Office,20410.0,,,,,8.0,2720238.25,False,77.84,3.81,Mono-usage,21,0.0,1.0,0,1
2016,Multifamily LR (1-4),Low-Rise Multifamily,7,MAGNOLIA / QUEEN ANNE,47.62473,-122.34727,2006,1.0,3,97855,0,97855,"Multifamily Housing, Parking",Multifamily Housing,97855.0,Parking,55020.0,,,92.0,2990238.75,False,65.05,0.66,Multi-usages,10,0.0,1.0,1,2
2016,Multifamily MR (5-9),Mid-Rise Multifamily,5,NORTH,47.71816,-122.29484,2004,1.0,6,41149,0,41149,"Multifamily Housing, Parking",Multifamily Housing,41149.0,Parking,25100.0,,,79.0,1795462.75,False,41.51,1.01,Multi-usages,12,0.0,1.0,1,2
2016,Multifamily LR (1-4),Low-Rise Multifamily,7,MAGNOLIA / QUEEN ANNE,47.62868,-122.34718,1959,1.0,3,22937,0,22937,Multifamily Housing,Multifamily Housing,22937.0,,,,,89.0,507976.0,False,3.54,0.15,Mono-usage,57,0.0,1.0,0,1
2016,Multifamily LR (1-4),Low-Rise Multifamily,7,MAGNOLIA / QUEEN ANNE,47.62732,-122.34668,1967,1.0,4,21168,0,21168,Multifamily Housing,Multifamily Housing,20000.0,,,,,59.0,533226.8125,False,3.72,0.18,Mono-usage,49,0.0,1.0,0,1
2016,Multifamily HR (10+),High-Rise Multifamily,7,EAST,47.61263,-122.32924,2002,1.0,27,179678,0,179678,Multifamily Housing,Multifamily Housing,179678.0,,,,,24.0,10699566.0,False,314.92,1.75,Mono-usage,14,0.0,1.0,0,1
2016,Multifamily HR (10+),High-Rise Multifamily,5,NORTHWEST,47.70451,-122.33453,1979,1.0,10,75070,0,75070,Multifamily Housing,Multifamily Housing,75070.0,,,,,18.0,3796986.5,False,26.47,0.35,Mono-usage,37,0.0,1.0,0,1
2016,Multifamily LR (1-4),Low-Rise Multifamily,5,NORTHWEST,47.70355,-122.33502,1988,1.0,3,48433,0,48433,"Multifamily Housing, Parking",Multifamily Housing,35854.0,Parking,12579.0,,,92.0,932598.6875,False,6.5,0.13,Multi-usages,28,0.0,1.0,1,2
2016,NonResidential,Small- and Mid-Sized Office,5,NORTHWEST,47.70349,-122.33424,1983,1.0,3,24696,6300,18396,"Office, Parking",Office,18396.0,Parking,6300.0,,,87.0,624125.625,False,4.35,0.18,Multi-usages,33,0.2551020408163265,0.7448979591836735,1,2
2016,Multifamily LR (1-4),Low-Rise Multifamily,5,NORTHWEST,47.70612,-122.3335,1979,1.0,4,20806,0,20806,Multifamily Housing,Multifamily Housing,20806.0,,,,,82.0,576644.125,False,4.02,0.19,Mono-usage,37,0.0,1.0,0,1
2016,Multifamily MR (5-9),Mid-Rise Multifamily,3,EAST,47.61943,-122.32626,2006,0.0,7,43142,0,43142,Multifamily Housing,Multifamily Housing,43142.0,,,,,67.0,1412280.25,False,13.27,0.31,Mono-usage,10,0.0,1.0,0,1
2016,Multifamily LR (1-4),Low-Rise Multifamily,3,EAST,47.62705,-122.32306,1985,1.0,3,47544,0,47544,"Multifamily Housing, Parking",Multifamily Housing,40125.0,Parking,17050.0,,,,1868497.125,False,70.11,1.47,Multi-usages,31,0.0,1.0,1,2
2016,Multifamily LR (1-4),Low-Rise Multifamily,2,DOWNTOWN,47.59903,-122.33461,1905,1.0,3,20583,0,20583,Multifamily Housing,Multifamily Housing,20583.0,,,,,,473874.0938,False,3.3,0.16,Mono-usage,111,0.0,1.0,0,1
2016,Multifamily MR (5-9),Mid-Rise Multifamily,6,BALLARD,47.66994,-122.3881,2006,1.0,6,37877,0,37877,Multifamily Housing,Multifamily Housing,26177.0,,,,,9.0,1306087.75,False,22.83,0.6,Mono-usage,10,0.0,1.0,0,1
2016,SPS-District K-12,K-12 School,5,NORTHWEST,47.71487,-122.32959,1956,1.0,1,45174,0,45174,K-12 School,K-12 School,45174.0,,,,,84.0,1980825.25,True,68.89,1.52,Mono-usage,60,0.0,1.0,0,1
2016,NonResidential,Worship Facility,5,NORTHWEST,47.71479,-122.32824,2002,1.0,1,24955,0,24955,Worship Facility,Worship Facility,24955.0,,,,,47.0,689803.0,False,21.87,0.88,Mono-usage,14,0.0,1.0,0,1
2016,Multifamily LR (1-4),Low-Rise Multifamily,5,North,47.71853,-122.31898,1995,1.0,4,62566,0,62566,"Multifamily Housing, Parking",Multifamily Housing,43406.0,Parking,19160.0,,,88.0,1371061.25,False,9.56,0.15,Multi-usages,21,0.0,1.0,1,2
2016,Multifamily MR (5-9),Mid-Rise Multifamily,1,DELRIDGE,47.56391,-122.37287,1997,1.0,5,77501,0,77501,"Multifamily Housing, Parking",Multifamily Housing,77501.0,Parking,17912.0,,,83.0,2799874.0,False,65.27,0.84,Multi-usages,19,0.0,1.0,1,2
2016,Multifamily LR (1-4),Low-Rise Multifamily,5,NORTHWEST,47.71027,-122.33364,1977,1.0,3,40362,0,40362,Multifamily Housing,Multifamily Housing,35114.0,,,,,97.0,689082.3125,False,4.8,0.12,Mono-usage,39,0.0,1.0,0,1
2016,Multifamily LR (1-4),Low-Rise Multifamily,5,NORTHWEST,47.7098,-122.33319,1973,1.0,4,25160,0,25160,Multifamily Housing,Multifamily Housing,25160.0,,,,,94.0,491218.0,False,3.42,0.14,Mono-usage,43,0.0,1.0,0,1
2016,Multifamily LR (1-4),Low-Rise Multifamily,5,NORTHWEST,47.70986,-122.33227,1971,1.0,4,26254,0,26254,Multifamily Housing,Multifamily Housing,26254.0,,,,,73.0,624269.625,False,4.35,0.17,Mono-usage,45,0.0,1.0,0,1
2016,Multifamily MR (5-9),Mid-Rise Multifamily,7,MAGNOLIA / QUEEN ANNE,47.62351,-122.36296,1968,1.0,7,40248,0,40248,"Multifamily Housing, Parking",Multifamily Housing,40428.0,Parking,13000.0,,,47.0,1559199.25,False,10.87,0.27,Multi-usages,48,0.0,1.0,1,2
2016,Multifamily LR (1-4),Low-Rise Multifamily,3,EAST,47.62444,-122.29516,2008,1.0,3,34629,0,34629,"Multifamily Housing, Parking",Multifamily Housing,34629.0,Parking,8428.0,,,68.0,819003.3125,False,7.37,0.21,Multi-usages,8,0.0,1.0,1,2
2016,Multifamily MR (5-9),Mid-Rise Multifamily,3,EAST,47.63716,-122.2765,1985,1.0,5,38430,0,38430,Multifamily Housing,Multifamily Housing,37817.0,,,,,,1353079.5,False,9.43,0.25,Mono-usage,31,0.0,1.0,0,1
2016,Multifamily LR (1-4),Low-Rise Multifamily,3,EAST,47.63474,-122.27642,1964,1.0,4,32366,0,32366,Multifamily Housing,Multifamily Housing,32366.0,,,,,89.0,804194.125,False,5.61,0.17,Mono-usage,52,0.0,1.0,0,1
2016,Multifamily LR (1-4),Low-Rise Multifamily,7,MAGNOLIA / QUEEN ANNE,47.62664,-122.35236,1957,1.0,3,27246,0,27246,Multifamily Housing,Multifamily Housing,27246.0,,,,,97.0,650205.8125,False,14.77,0.54,Mono-usage,59,0.0,1.0,0,1
2016,Multifamily LR (1-4),Low-Rise Multifamily,7,MAGNOLIA / QUEEN ANNE,47.62749,-122.34992,1963,1.0,4,25082,0,25082,Multifamily Housing,Multifamily Housing,22381.0,,,,,,474468.5938,False,3.31,0.13,Mono-usage,53,0.0,1.0,0,1
2016,Multifamily LR (1-4),Low-Rise Multifamily,7,MAGNOLIA / QUEEN ANNE,47.62672,-122.34923,2006,1.0,3,145085,0,145085,"Multifamily Housing, Parking, Senior Care Community",Multifamily Housing,188294.0,Parking,23385.0,Parking,23385.0,96.0,5751330.5,False,139.27,0.96,Multi-usages,10,0.0,1.0,1,3
2016,Multifamily LR (1-4),Low-Rise Multifamily,7,DOWNTOWN,47.60377,-122.32971,1926,1.0,4,47276,0,47276,Multifamily Housing,Multifamily Housing,47276.0,,,,,92.0,1179869.0,False,28.61,0.61,Mono-usage,90,0.0,1.0,0,1
2016,Multifamily LR (1-4),Low-Rise Multifamily,7,MAGNOLIA / QUEEN ANNE,47.62517,-122.3486,1910,1.0,4,22344,0,22344,Multifamily Housing,Multifamily Housing,22344.0,,,,,,564168.5,False,20.76,0.93,Mono-usage,106,0.0,1.0,0,1
2016,Multifamily LR (1-4),Low-Rise Multifamily,7,MAGNOLIA / QUEEN ANNE,47.62612,-122.34847,1957,1.0,3,22331,0,22331,Multifamily Housing,Multifamily Housing,22331.0,,,,,88.0,723032.625,False,18.01,0.81,Mono-usage,59,0.0,1.0,0,1
2016,Multifamily LR (1-4),Senior Care Community,7,MAGNOLIA / QUEEN ANNE,47.62684,-122.34843,2006,1.0,3,56380,0,56380,"Parking, Senior Care Community",Senior Care Community,39650.0,Parking,23385.0,,,100.0,1725558.0,False,42.57,0.76,Multi-usages,10,0.0,1.0,1,2
2016,NonResidential,Other,3,Central,47.62342,-122.29688,1991,1.0,3,34074,0,34074,Other/Specialty Hospital,Other/Specialty Hospital,34074.0,,,,,,8521989.0,False,286.33,8.4,Mono-usage,25,0.0,1.0,0,1
2016,NonResidential,Hotel,7,DOWNTOWN,47.60505,-122.3361,2006,0.0,10,392552,22225,370327,"Hotel, Parking",Hotel,198400.0,Parking,52400.0,,,23.0,17457560.0,False,423.57,1.08,Multi-usages,10,0.056616703010047,0.9433832969899528,1,2
2016,Multifamily LR (1-4),Low-Rise Multifamily,7,MAGNOLIA / QUEEN ANNE,47.65397,-122.38806,1977,1.0,4,35835,0,35835,"Multifamily Housing, Parking",Multifamily Housing,28196.0,Parking,7639.0,,,95.0,744234.5,False,5.19,0.14,Multi-usages,39,0.0,1.0,1,2
2016,Multifamily LR (1-4),Low-Rise Multifamily,7,MAGNOLIA / QUEEN ANNE,47.65332,-122.39163,1968,1.0,4,30000,0,30000,Multifamily Housing,Multifamily Housing,30000.0,,,,,89.0,594612.875,False,4.15,0.14,Mono-usage,48,0.0,1.0,0,1
2016,Multifamily LR (1-4),Low-Rise Multifamily,7,MAGNOLIA / QUEEN ANNE,47.65273,-122.39162,1968,1.0,4,25959,0,25959,Multifamily Housing,Multifamily Housing,25959.0,,,,,61.0,675446.875,False,4.71,0.18,Mono-usage,48,0.0,1.0,0,1
2016,Multifamily LR (1-4),Low-Rise Multifamily,7,MAGNOLIA / QUEEN ANNE,47.65245,-122.39186,1968,1.0,4,25326,0,25326,Multifamily Housing,Multifamily Housing,25326.0,,,,,85.0,552401.1875,False,3.85,0.15,Mono-usage,48,0.0,1.0,0,1
2016,Multifamily LR (1-4),Low-Rise Multifamily,7,MAGNOLIA / QUEEN ANNE,47.65211,-122.39234,1967,1.0,4,37086,0,37086,Multifamily Housing,Multifamily Housing,37086.0,,,,,86.0,770345.625,False,5.37,0.14,Mono-usage,49,0.0,1.0,0,1
2016,Multifamily LR (1-4),Low-Rise Multifamily,7,MAGNOLIA / QUEEN ANNE,47.65249,-122.39099,1969,1.0,4,56104,0,56104,"Multifamily Housing, Parking, Swimming Pool",Multifamily Housing,56104.0,Parking,2816.0,Swimming Pool,0.0,45.0,1618779.125,False,11.29,0.2,Multi-usages,47,0.0,1.0,1,3
2016,Multifamily LR (1-4),Low-Rise Multifamily,7,MAGNOLIA / QUEEN ANNE,47.65203,-122.39014,1968,1.0,4,23705,0,23705,"Multifamily Housing, Parking",Multifamily Housing,42251.0,Parking,3381.0,,,53.0,1161312.5,False,8.1,0.34,Multi-usages,48,0.0,1.0,1,2
2016,Multifamily MR (5-9),Mid-Rise Multifamily,7,MAGNOLIA / QUEEN ANNE,47.65201,-122.3891,1970,1.0,5,28185,0,28185,Multifamily Housing,Multifamily Housing,28185.0,,,,,73.0,736838.0,False,5.14,0.18,Mono-usage,46,0.0,1.0,0,1
2016,Multifamily MR (5-9),Mid-Rise Multifamily,7,MAGNOLIA / QUEEN ANNE,47.65295,-122.39078,1970,1.0,5,39900,0,39900,Multifamily Housing,Multifamily Housing,39900.0,,,,,80.0,843622.875,False,5.88,0.15,Mono-usage,46,0.0,1.0,0,1
2016,Multifamily MR (5-9),Mid-Rise Multifamily,7,MAGNOLIA / QUEEN ANNE,47.65295,-122.39078,1968,1.0,5,40560,0,40560,Multifamily Housing,Multifamily Housing,40560.0,,,,,48.0,1242478.75,False,8.66,0.21,Mono-usage,48,0.0,1.0,0,1
2016,Multifamily MR (5-9),Mid-Rise Multifamily,7,MAGNOLIA / QUEEN ANNE,47.6531,-122.39027,1968,1.0,5,44687,0,44687,Multifamily Housing,Multifamily Housing,44687.0,,,,,65.0,1188994.625,False,8.29,0.19,Mono-usage,48,0.0,1.0,0,1
2016,Multifamily MR (5-9),Mid-Rise Multifamily,7,MAGNOLIA / QUEEN ANNE,47.65068,-122.38877,1973,1.0,5,32441,0,32441,Multifamily Housing,Multifamily Housing,32441.0,,,,,56.0,847298.8125,False,5.91,0.18,Mono-usage,43,0.0,1.0,0,1
2016,Multifamily MR (5-9),Mid-Rise Multifamily,7,MAGNOLIA / QUEEN ANNE,47.65115,-122.38881,1973,1.0,5,33466,0,33466,Multifamily Housing,Multifamily Housing,33466.0,,,,,79.0,772379.3125,False,5.38,0.16,Mono-usage,43,0.0,1.0,0,1
2016,Multifamily MR (5-9),Mid-Rise Multifamily,7,MAGNOLIA / QUEEN ANNE,47.6513,-122.38887,1973,1.0,5,36178,0,36178,Multifamily Housing,Multifamily Housing,36178.0,,,,,76.0,830286.5,False,5.79,0.16,Mono-usage,43,0.0,1.0,0,1
2016,Multifamily LR (1-4),Low-Rise Multifamily,7,MAGNOLIA / QUEEN ANNE,47.65186,-122.38842,1974,1.0,4,29588,0,29588,Multifamily Housing,Multifamily Housing,29588.0,,,,,84.0,677476.6875,False,4.72,0.16,Mono-usage,42,0.0,1.0,0,1
2016,Multifamily LR (1-4),Low-Rise Multifamily,7,MAGNOLIA / QUEEN ANNE,47.65185,-122.38782,1974,1.0,4,34602,0,34602,Multifamily Housing,Multifamily Housing,34602.0,,,,,85.0,756908.8125,False,5.28,0.15,Mono-usage,42,0.0,1.0,0,1
2016,Multifamily LR (1-4),Low-Rise Multifamily,7,MAGNOLIA / QUEEN ANNE,47.65083,-122.38937,1968,1.0,4,32452,0,32452,Multifamily Housing,Multifamily Housing,32452.0,,,,,100.0,352136.0,False,2.45,0.08,Mono-usage,48,0.0,1.0,0,1
2016,NonResidential,Worship Facility,5,North,47.71856,-122.32084,1961,1.0,2,76475,0,76475,"Other - Education, Worship Facility",Worship Facility,45442.0,Other - Education,31033.0,,,,1765813.625,False,67.33,0.88,Multi-usages,55,0.0,1.0,1,2
2016,NonResidential,K-12 School,5,North,47.71923,-122.32171,1988,1.0,2,32961,0,32961,K-12 School,K-12 School,32961.0,,,,,86.0,1573155.0,False,62.94,1.91,Mono-usage,28,0.0,1.0,0,1
2016,Multifamily LR (1-4),Low-Rise Multifamily,5,North,47.72004,-122.31924,1986,1.0,3,28470,0,28470,"Multifamily Housing, Parking",Multifamily Housing,25144.0,Parking,3326.0,,,71.0,688375.1875,False,4.8,0.17,Multi-usages,30,0.0,1.0,1,2
2016,Multifamily MR (5-9),Mid-Rise Multifamily,1,SOUTHWEST,47.56574,-122.38716,2006,1.0,5,31299,0,31299,Multifamily Housing,Multifamily Housing,31299.0,,,,,34.0,1022114.5,False,15.5,0.5,Mono-usage,10,0.0,1.0,0,1
2016,Nonresidential COS,Other,6,NORTHWEST,47.6875,-122.35496,2004,1.0,1,27376,14570,12806,"Library, Parking",Library,12806.0,Parking,0.0,,,,1082920.125,False,26.67,0.97,Multi-usages,12,0.532218001168907,0.4677819988310929,1,2
2016,Multifamily LR (1-4),Low-Rise Multifamily,7,MAGNOLIA / QUEEN ANNE,47.64273,-122.38414,1969,0.0,4,24444,0,24444,Multifamily Housing,Multifamily Housing,24444.0,,,,,93.0,509171.4063,True,3.55,0.15,Mono-usage,47,0.0,1.0,0,1
2016,Multifamily LR (1-4),Low-Rise Multifamily,7,MAGNOLIA / QUEEN ANNE,47.64611,-122.39791,1978,1.0,4,27997,0,27997,Multifamily Housing,Multifamily Housing,27997.0,,,,,21.0,747384.5,False,5.21,0.19,Mono-usage,38,0.0,1.0,0,1
2016,Multifamily LR (1-4),Low-Rise Multifamily,6,LAKE UNION,47.66087,-122.35133,1969,1.0,3,25268,0,25268,"Multifamily Housing, Parking",Multifamily Housing,22151.0,Parking,3117.0,,,79.0,559234.6875,False,3.9,0.15,Multi-usages,47,0.0,1.0,1,2
2016,Multifamily LR (1-4),Mixed Use Property,6,LAKE UNION,47.66133,-122.34973,1990,1.0,4,45111,0,45111,"Multifamily Housing, Other, Parking, Urgent Care/Clinic/Other Outpatient",Multifamily Housing,17924.0,Parking,15056.0,Other,5510.0,,930439.375,False,6.49,0.14,Multi-usages,26,0.0,1.0,1,4
2016,Multifamily LR (1-4),Low-Rise Multifamily,4,LAKE UNION,47.65921,-122.34685,1997,1.0,4,63317,0,63317,"Multifamily Housing, Office, Parking",Multifamily Housing,42448.0,Parking,15199.0,Office,5100.0,75.0,1326772.125,False,9.25,0.15,Multi-usages,19,0.0,1.0,1,3
2016,Multifamily LR (1-4),Low-Rise Multifamily,4,LAKE UNION,47.66027,-122.34704,1995,1.0,4,66300,0,66300,"Multifamily Housing, Office, Parking",Multifamily Housing,35641.0,Parking,21761.0,Office,9630.0,80.0,1348497.125,False,9.4,0.14,Multi-usages,21,0.0,1.0,1,3
2016,Multifamily LR (1-4),Low-Rise Multifamily,6,NORTHWEST,47.69079,-122.35157,2002,1.0,4,183524,0,183524,"Multifamily Housing, Parking, Retail Store",Multifamily Housing,109489.0,Parking,69081.0,Retail Store,4954.0,,3085505.0,False,21.51,0.12,Multi-usages,14,0.0,1.0,1,3
2016,Campus,K-12 School,3,CENTRAL,47.62291,-122.28879,1950,1.0,1,109794,0,109794,K-12 School,K-12 School,109794.0,,,,,87.0,3296526.25,False,115.34,1.05,Mono-usage,66,0.0,1.0,0,1
2016,Multifamily MR (5-9),Mid-Rise Multifamily,3,Central,47.61792,-122.3078,1989,1.0,5,38560,0,38560,Multifamily Housing,Multifamily Housing,31769.0,,,,,72.0,821860.5,False,5.73,0.15,Mono-usage,27,0.0,1.0,0,1
2016,NonResidential,Other,3,Central,47.61796,-122.30847,1911,1.0,3,25200,0,25200,Other - Lodging/Residential,Other - Lodging/Residential,25200.0,,,,,,1242666.25,False,53.02,2.1,Mono-usage,105,0.0,1.0,0,1
2016,NonResidential,Supermarket / Grocery Store,5,North,47.70941,-122.31707,1996,1.0,1,44755,0,44755,Supermarket/Grocery Store,Supermarket/Grocery Store,46978.0,,,,,56.0,11521140.0,False,338.58,7.57,Mono-usage,20,0.0,1.0,0,1
2016,NonResidential,Other,3,EAST,47.61340332,-122.3203506,1907,1.0,2,22320,0,22320,"Repair Services (Vehicle, Shoe, Locksmith, etc)","Repair Services (Vehicle, Shoe, Locksmith, etc)",22320.0,,,,,,209644.9063,False,4.8,0.22,Mono-usage,109,0.0,1.0,1,4
2016,NonResidential,Mixed Use Property,3,EAST,47.6139,-122.32034,1912,1.0,3,24000,0,24000,"Office, Other, Retail Store",Office,12000.0,Other,6000.0,Retail Store,6000.0,,932083.5,False,9.09,0.38,Multi-usages,104,0.0,1.0,1,3
2016,NonResidential,Small- and Mid-Sized Office,3,EAST,47.61393,-122.31589,1920,1.0,3,23422,0,23422,Office,Office,23422.0,,,,,65.0,2701872.0,False,128.07,5.47,Mono-usage,96,0.0,1.0,0,1
2016,NonResidential,Other,3,EAST,47.61674,-122.31111,1975,5.0,2,38879,11328,27551,Urgent Care/Clinic/Other Outpatient,Urgent Care/Clinic/Other Outpatient,38879.0,,,,,,3371659.75,False,28.79,0.74,Mono-usage,41,0.2913655186604594,0.7086344813395407,0,1
2016,Multifamily LR (1-4),Low-Rise Multifamily,3,EAST,47.61616,-122.3111,1926,1.0,3,40112,0,40112,Multifamily Housing,Multifamily Housing,40112.0,,,,,97.0,1361864.625,False,59.74,1.49,Mono-usage,90,0.0,1.0,0,1
2016,Multifamily LR (1-4),Low-Rise Multifamily,3,EAST,47.61598,-122.31034,1924,1.0,3,25808,0,25808,Multifamily Housing,Multifamily Housing,25808.0,,,,,80.0,918943.875,False,25.37,0.98,Mono-usage,92,0.0,1.0,0,1
2016,NonResidential,Mixed Use Property,3,EAST,47.61554,-122.31098,1998,1.0,5,53034,14625,38409,"Multifamily Housing, Parking, Supermarket/Grocery Store",Multifamily Housing,22486.0,Supermarket/Grocery Store,14257.0,Parking,13308.0,93.0,3392129.0,False,83.65,1.58,Multi-usages,18,0.2757664894218803,0.7242335105781197,1,3
2016,Multifamily MR (5-9),Mid-Rise Multifamily,3,CENTRAL,47.6149,-122.31104,1912,1.0,6,48700,0,48700,Multifamily Housing,Multifamily Housing,44644.0,,,,,93.0,1441091.875,False,46.32,0.95,Mono-usage,104,0.0,1.0,0,1
2016,Multifamily LR (1-4),Low-Rise Multifamily,3,CENTRAL,47.61538,-122.31034,1904,1.0,3,25536,0,25536,Multifamily Housing,Multifamily Housing,25536.0,,,,,56.0,1805138.875,False,88.11,3.45,Mono-usage,112,0.0,1.0,0,1
2016,Multifamily HR (10+),High-Rise Multifamily,3,CENTRAL,47.61455,-122.31043,1972,1.0,12,93021,0,93021,"Multifamily Housing, Parking",Multifamily Housing,87450.0,Parking,5571.0,,,14.0,5656232.0,False,101.43,1.09,Multi-usages,44,0.0,1.0,1,2
2016,Multifamily LR (1-4),Low-Rise Multifamily,3,CENTRAL,47.61175,-122.3098,1929,1.0,4,23616,0,23616,Multifamily Housing,Multifamily Housing,23616.0,,,,,76.0,1161814.625,False,53.35,2.26,Mono-usage,87,0.0,1.0,0,1
2016,Multifamily LR (1-4),Low-Rise Multifamily,3,CENTRAL,47.61433,-122.30921,1988,1.0,4,28080,0,28080,Multifamily Housing,Multifamily Housing,24865.0,,,,,63.0,730765.0,False,5.09,0.18,Mono-usage,28,0.0,1.0,0,1
2016,NonResidential,Warehouse,3,EAST,47.61481,-122.31536,1920,1.0,2,23040,0,23040,Non-Refrigerated Warehouse,Non-Refrigerated Warehouse,23040.0,,,,,99.0,79711.79688,False,0.87,0.04,Mono-usage,96,0.0,1.0,0,1
2016,Multifamily LR (1-4),Low-Rise Multifamily,3,EAST,47.6151,-122.31461,1910,1.0,3,20509,0,20509,"Multifamily Housing, Restaurant",Multifamily Housing,17041.0,Restaurant,3468.0,,,98.0,679165.875,False,23.51,1.15,Multi-usages,106,0.0,1.0,1,2
2016,Multifamily MR (5-9),Mid-Rise Multifamily,3,EAST,47.61492,-122.31654,1910,1.0,6,74725,12387,62338,"Multifamily Housing, Parking",Multifamily Housing,86443.0,Parking,12387.0,,,34.0,3841879.25,False,104.33,1.4,Multi-usages,106,0.1657678153228504,0.8342321846771495,1,2
2016,NonResidential,Warehouse,3,EAST,47.61469,-122.31596,1958,1.0,2,61880,0,61880,Non-Refrigerated Warehouse,Non-Refrigerated Warehouse,61880.0,,,,,66.0,595936.5,False,4.15,0.07,Mono-usage,58,0.0,1.0,0,1
2016,Multifamily MR (5-9),Mid-Rise Multifamily,3,EAST,47.61621,-122.32241,1940,1.0,5,50356,0,50356,"Multifamily Housing, Parking",Multifamily Housing,50356.0,Parking,3120.0,,,99.0,2503804.0,False,111.04,2.21,Multi-usages,76,0.0,1.0,1,2
2016,NonResidential,Small- and Mid-Sized Office,3,EAST,47.61556,-122.32048,1925,1.0,2,27938,0,27938,"Office, Retail Store",Office,13917.0,Retail Store,13188.0,,,97.0,1027394.313,False,7.31,0.26,Multi-usages,91,0.0,1.0,1,2
2016,Multifamily MR (5-9),Mid-Rise Multifamily,4,NORTHEAST,47.6646,-122.31558,2006,1.0,6,65826,0,65826,"Multifamily Housing, Parking, Retail Store",Multifamily Housing,62699.0,Parking,23637.0,Retail Store,3127.0,,2338238.0,False,16.3,0.25,Multi-usages,10,0.0,1.0,1,3
2016,Multifamily MR (5-9),Mid-Rise Multifamily,4,NORTHEAST,47.66459,-122.31601,1991,1.0,5,64227,0,64227,"Multifamily Housing, Office, Parking",Multifamily Housing,40152.0,Parking,16986.0,Office,7089.0,96.0,1930541.5,False,59.53,0.93,Multi-usages,25,0.0,1.0,1,3
2016,Multifamily MR (5-9),Mid-Rise Multifamily,4,NORTHEAST,47.66391,-122.31602,2001,1.0,6,91916,25721,66195,"Multifamily Housing, Parking",Multifamily Housing,58683.0,Parking,12284.0,,,82.0,1913034.125,False,13.34,0.15,Multi-usages,15,0.2798315853605466,0.7201684146394535,1,2
2016,Multifamily MR (5-9),Mid-Rise Multifamily,4,NORTHEAST,47.66326,-122.31603,2000,1.0,5,33480,8313,25167,"Multifamily Housing, Office, Parking",Multifamily Housing,19580.0,Parking,10500.0,Office,3400.0,,979442.3125,False,27.04,0.81,Multi-usages,16,0.2482974910394265,0.7517025089605734,1,3
2016,NonResidential,Other,4,NORTHEAST,47.66386,-122.31715,1924,1.0,2,21600,0,21600,"Other - Services, Retail Store",Other - Services,32580.0,Retail Store,9650.0,,,,1623657.0,False,11.32,0.52,Multi-usages,92,0.0,1.0,1,2
2016,Nonresidential COS,Other,4,NORTHEAST,47.66506,-122.31656,1929,1.0,3,27908,0,27908,Other,Other,21886.0,,,,,,2028125.625,False,63.22,2.27,Mono-usage,87,0.0,1.0,0,1
2016,Multifamily LR (1-4),Low-Rise Multifamily,4,NORTHEAST,47.66665,-122.31707,2003,1.0,4,24722,0,24722,"Multifamily Housing, Parking, Retail Store",Multifamily Housing,15456.0,Parking,8006.0,Retail Store,2700.0,,579061.125,False,4.04,0.16,Multi-usages,13,0.0,1.0,1,3
2016,Campus,K-12 School,3,CENTRAL,47.62291,-122.28879,2000,1.0,2,30562,0,30562,K-12 School,K-12 School,30562.0,,,,,69.0,1622231.375,False,55.73,1.82,Mono-usage,16,0.0,1.0,0,1
2016,Multifamily LR (1-4),Low-Rise Multifamily,4,LAKE UNION,47.65488,-122.32641,1997,1.0,4,43422,0,43422,"Multifamily Housing, Parking",Multifamily Housing,37581.0,Parking,5841.0,,,38.0,1702639.0,False,51.2,1.18,Multi-usages,19,0.0,1.0,1,2
2016,NonResidential,Retail Store,2,DOWNTOWN,47.59951,-122.32033,2000,1.0,3,54969,0,54969,Retail Store,Retail Store,54969.0,,,,,67.0,3724098.25,False,39.31,0.72,Mono-usage,16,0.0,1.0,0,1
2016,NonResidential,K-12 School,3,CENTRAL,47.61395,-122.31253,1951,1.0,2,36825,0,36825,"K-12 School, Office, Social/Meeting Hall, Worship Facility",K-12 School,44340.0,Worship Facility,10415.0,Social/Meeting Hall,4925.0,,1755072.75,False,51.14,1.39,Multi-usages,65,0.0,1.0,1,4
2016,Multifamily LR (1-4),Low-Rise Multifamily,3,CENTRAL,47.61446,-122.31216,1908,1.0,4,36546,0,36546,"Fast Food Restaurant, Multifamily Housing, Parking",Multifamily Housing,30480.0,Parking,5318.0,Fast Food Restaurant,748.0,79.0,885958.125,False,6.93,0.19,Multi-usages,108,0.0,1.0,1,3
2016,Multifamily MR (5-9),Mid-Rise Multifamily,3,EAST,47.61481,-122.31256,2008,1.0,7,101530,0,101530,"Multifamily Housing, Parking",Multifamily Housing,99313.0,Parking,26480.0,,,81.0,3879728.0,False,118.45,1.17,Multi-usages,8,0.0,1.0,1,2
2016,NonResidential,Small- and Mid-Sized Office,3,EAST,47.61546,-122.31195,1958,1.0,3,25834,0,25834,Office,Office,31822.0,,,,,73.0,2076289.625,False,54.02,2.09,Mono-usage,58,0.0,1.0,0,1
2016,Multifamily LR (1-4),Low-Rise Multifamily,3,EAST,47.61682,-122.3123,1962,1.0,4,26172,0,26172,Multifamily Housing,Multifamily Housing,26172.0,,,,,50.0,772214.625,False,5.38,0.21,Mono-usage,54,0.0,1.0,0,1
2016,Multifamily LR (1-4),Low-Rise Multifamily,3,EAST,47.61745,-122.31235,1909,1.0,3,25920,0,25920,Multifamily Housing,Multifamily Housing,25920.0,,,,,76.0,759508.6875,False,18.02,0.7,Mono-usage,107,0.0,1.0,0,1
2016,Multifamily LR (1-4),Low-Rise Multifamily,5,NORTHWEST,47.69309,-122.35359,1985,1.0,4,26112,0,26112,"Multifamily Housing, Parking",Multifamily Housing,26112.0,Parking,6528.0,,,96.0,566000.6875,False,3.95,0.15,Multi-usages,31,0.0,1.0,1,2
2016,NonResidential,Worship Facility,3,EAST,47.63193,-122.32126,1929,1.0,1,37700,0,37700,Worship Facility,Worship Facility,52225.0,,,,,38.0,3481727.5,False,150.23,3.98,Mono-usage,87,0.0,1.0,0,1
2016,Multifamily MR (5-9),Mid-Rise Multifamily,7,MAGNOLIA / QUEEN ANNE,47.63992,-122.37471,1980,1.0,5,62093,0,62093,"Multifamily Housing, Swimming Pool",Multifamily Housing,52826.0,Swimming Pool,0.0,,,63.0,1521693.25,False,10.61,0.17,Multi-usages,36,0.0,1.0,1,2
2016,Multifamily LR (1-4),Low-Rise Multifamily,3,CENTRAL,47.59926,-122.28563,1956,1.0,4,23856,0,23856,Multifamily Housing,Multifamily Housing,23856.0,,,,,73.0,687241.875,True,4.79,0.2,Mono-usage,60,0.0,1.0,0,1
2016,Multifamily MR (5-9),Mid-Rise Multifamily,3,EAST,47.6139,-122.3272,1998,1.0,7,69272,0,69272,"Medical Office, Multifamily Housing, Office, Other, Parking",Multifamily Housing,51295.0,Parking,5328.0,Medical Office,2441.0,,2484007.75,False,70.39,1.02,Multi-usages,18,0.0,1.0,1,5
2016,SPS-District K-12,K-12 School,3,EAST,47.64063,-122.30428,1925,1.0,2,27273,0,27273,K-12 School,K-12 School,27273.0,,,,,90.0,1258619.125,True,46.7,1.71,Mono-usage,91,0.0,1.0,0,1
2016,Multifamily LR (1-4),Low-Rise Multifamily,3,EAST,47.63982,-122.30181,1926,1.0,2,20366,0,20366,"Food Service, Multifamily Housing, Office, Other, Retail Store",Multifamily Housing,13350.0,Other,3070.0,Food Service,1580.0,,1581425.75,False,64.86,3.18,Multi-usages,90,0.0,1.0,1,5
2016,Multifamily LR (1-4),Low-Rise Multifamily,5,NORTH,47.71307,-122.31246,1974,1.0,4,23888,0,23888,Multifamily Housing,Multifamily Housing,23888.0,,,,,51.0,698326.625,False,4.87,0.2,Mono-usage,42,0.0,1.0,0,1
2016,Multifamily LR (1-4),Low-Rise Multifamily,5,NORTH,47.71606,-122.31215,2000,1.0,4,45579,0,45579,"Multifamily Housing, Office, Parking",Multifamily Housing,28785.0,Parking,12762.0,Office,4192.0,,747994.8125,False,5.21,0.11,Multi-usages,16,0.0,1.0,1,3
2016,Multifamily LR (1-4),Low-Rise Multifamily,5,NORTH,47.71313,-122.31214,1997,1.0,4,23175,0,23175,"Multifamily Housing, Office",,,,,,,,715252.625,False,16.31,0.7,Mono-usage,19,0.0,1.0,1,2
2016,NonResidential,Mixed Use Property,3,Central,47.61608,-122.30967,2004,1.0,6,97229,0,97229,"Multifamily Housing, Parking, Retail Store",Multifamily Housing,45300.0,Parking,35973.0,Retail Store,16956.0,100.0,1021754.688,False,7.12,0.07,Multi-usages,12,0.0,1.0,1,3
2016,Multifamily MR (5-9),Mid-Rise Multifamily,3,Central,47.61672,-122.3098,1969,1.0,7,72716,0,72716,Multifamily Housing,Multifamily Housing,72716.0,,,,,76.0,2828098.5,False,49.58,0.68,Mono-usage,47,0.0,1.0,0,1
2016,Multifamily MR (5-9),Mid-Rise Multifamily,3,CENTRAL,47.61598,-122.3077,2002,1.0,5,73495,0,73495,"Multifamily Housing, Parking",Multifamily Housing,46895.0,Parking,26600.0,Retail Store,2170.0,96.0,2918553.25,False,127.05,1.73,Multi-usages,14,0.0,1.0,1,2
2016,Multifamily LR (1-4),Low-Rise Multifamily,3,CENTRAL,47.61269,-122.3085,1969,2.0,3,37824,0,37824,"Multifamily Housing, Parking",Multifamily Housing,45822.0,Parking,2415.0,,,79.0,1593610.125,False,30.14,0.8,Multi-usages,47,0.0,1.0,1,2
2016,NonResidential,Small- and Mid-Sized Office,5,NORTHWEST,47.69898,-122.34162,1982,1.0,3,25111,0,25111,"Non-Refrigerated Warehouse, Office, Parking",Office,14256.0,Non-Refrigerated Warehouse,7850.0,Parking,0.0,77.0,954352.6875,False,24.97,0.99,Multi-usages,34,0.0,1.0,1,3
2016,Multifamily MR (5-9),Mid-Rise Multifamily,5,NORTHWEST,47.69837,-122.34166,2008,1.0,6,29216,12620,16596,Multifamily Housing,Multifamily Housing,29216.0,,,,,44.0,944638.1875,True,6.43,0.22,Mono-usage,8,0.4319550930996714,0.5680449069003286,0,1
2016,Multifamily LR (1-4),Low-Rise Multifamily,5,NORTHWEST,47.69829,-122.3405,1989,1.0,3,23448,0,23448,"Multifamily Housing, Parking",Multifamily Housing,17700.0,Parking,5748.0,,,98.0,408807.0,False,2.85,0.12,Multi-usages,27,0.0,1.0,1,2
2016,Multifamily LR (1-4),Low-Rise Multifamily,1,SOUTHWEST,47.54093,-122.39431,1964,1.0,3,26498,0,26498,"Multifamily Housing, Parking",Multifamily Housing,25898.0,Parking,600.0,,,78.0,683307.375,False,4.76,0.18,Multi-usages,52,0.0,1.0,1,2
2016,Multifamily LR (1-4),Low-Rise Multifamily,1,SOUTHWEST,47.53888,-122.39201,1951,0.0,4,203155,0,203155,"Hospital (General Medical & Surgical), Multifamily Housing, Parking",Multifamily Housing,177686.0,Hospital (General Medical & Surgical),16014.0,Parking,9455.0,,6814269.0,False,99.26,0.49,Multi-usages,65,0.0,1.0,1,3
2016,Multifamily LR (1-4),Low-Rise Multifamily,1,SOUTHWEST,47.54005,-122.39503,1963,1.0,4,22984,0,22984,"Multifamily Housing, Parking",Multifamily Housing,22984.0,Parking,4500.0,,,41.0,675611.375,False,4.71,0.2,Multi-usages,53,0.0,1.0,1,2
2016,Multifamily LR (1-4),Low-Rise Multifamily,1,SOUTHWEST,47.53986,-122.39469,1968,1.0,4,26342,4878,21464,"Multifamily Housing, Parking",Multifamily Housing,23200.0,Parking,9300.0,,,97.0,568381.6875,False,3.96,0.15,Multi-usages,48,0.1851795611570875,0.8148204388429124,1,2
2016,Multifamily LR (1-4),Low-Rise Multifamily,7,MAGNOLIA / QUEEN ANNE,47.61964,-122.35469,1907,1.0,3,24329,0,24329,"Multifamily Housing, Parking",Multifamily Housing,24329.0,Parking,0.0,,,66.0,2233268.5,False,103.42,4.25,Multi-usages,109,0.0,1.0,1,2
2016,Multifamily LR (1-4),Low-Rise Multifamily,5,NORTH,47.69209,-122.31794,2006,1.0,4,29588,0,29588,"Multifamily Housing, Office",Multifamily Housing,21000.0,Office,9000.0,,,,1242586.25,False,31.54,1.07,Multi-usages,10,0.0,1.0,1,2
2016,Multifamily MR (5-9),Mid-Rise Multifamily,3,EAST,47.61944,-122.32318,1993,0.0,6,82519,0,82519,Multifamily Housing,Multifamily Housing,62486.0,,,,,62.0,2971013.5,False,75.95,0.92,Mono-usage,23,0.0,1.0,0,1
2016,Multifamily MR (5-9),Mid-Rise Multifamily,7,MAGNOLIA / QUEEN ANNE,47.62825,-122.35714,1970,1.0,6,37843,0,37843,Multifamily Housing,Multifamily Housing,37843.0,,,,,91.0,1605220.875,False,58.87,1.56,Mono-usage,46,0.0,1.0,0,1
2016,Multifamily LR (1-4),Low-Rise Multifamily,7,MAGNOLIA / QUEEN ANNE,47.65426,-122.40138,1984,1.0,3,35787,0,35787,Multifamily Housing,Multifamily Housing,35787.0,,,,,66.0,938096.1875,False,6.54,0.18,Mono-usage,32,0.0,1.0,0,1
2016,NonResidential,Worship Facility,7,MAGNOLIA / QUEEN ANNE,47.64725,-122.39977,1953,1.0,2,31805,0,31805,Worship Facility,Worship Facility,31805.0,,,,,10.0,1641667.0,False,68.39,2.15,Mono-usage,63,0.0,1.0,0,1
2016,NonResidential,K-12 School,7,MAGNOLIA / QUEEN ANNE,47.64725,-122.39977,1953,1.0,1,20811,0,20811,K-12 School,K-12 School,20811.0,,,,,95.0,1267348.5,False,43.97,2.11,Mono-usage,63,0.0,1.0,0,1
2016,Multifamily LR (1-4),Low-Rise Multifamily,6,BALLARD,47.69953,-122.36843,1986,1.0,4,28328,0,28328,Multifamily Housing,Multifamily Housing,28328.0,,,,,64.0,711725.5,False,4.96,0.18,Mono-usage,30,0.0,1.0,0,1
2016,Nonresidential COS,Warehouse,2,GREATER DUWAMISH,47.59393,-122.32211,1967,1.0,2,22058,0,22058,"Non-Refrigerated Warehouse, Office",Non-Refrigerated Warehouse,12644.0,Office,7286.0,,,1.0,1987334.75,False,66.43,3.01,Multi-usages,49,0.0,1.0,1,2
2016,Multifamily MR (5-9),Mid-Rise Multifamily,1,SOUTHWEST,47.58836,-122.38032,1998,1.0,6,42188,0,42188,Multifamily Housing,Multifamily Housing,42188.0,,,,,,1582794.5,False,47.92,1.14,Mono-usage,18,0.0,1.0,0,1
2016,Multifamily MR (5-9),Mid-Rise Multifamily,1,SOUTHWEST,47.59478,-122.38513,1998,1.0,6,36730,0,36730,Multifamily Housing,Multifamily Housing,36730.0,,,,,,955497.625,False,23.63,0.64,Mono-usage,18,0.0,1.0,0,1
2016,NonResidential,Refrigerated Warehouse,2,GREATER DUWAMISH,47.56268,-122.32364,1970,1.0,1,22890,0,22890,"Office, Refrigerated Warehouse",Refrigerated Warehouse,43452.0,Office,2890.0,,,,10005787.0,False,119.76,5.23,Multi-usages,46,0.0,1.0,1,2
2016,NonResidential,Other,2,GREATER DUWAMISH,47.56166,-122.3237,1907,1.0,5,36000,0,36000,Other,Other,36000.0,,,,,,1111293.75,False,43.04,1.2,Mono-usage,109,0.0,1.0,0,1
2016,NonResidential,Distribution Center,2,GREATER DUWAMISH,47.5616,-122.32603,1971,1.0,1,28320,0,28320,"Distribution Center, Parking",Distribution Center,28320.0,Parking,0.0,,,1.0,4236396.5,False,67.96,2.4,Multi-usages,45,0.0,1.0,1,2
2016,Multifamily LR (1-4),Low-Rise Multifamily,1,SOUTHWEST,47.53594,-122.37703,1978,1.0,3,28683,0,28683,"Multifamily Housing, Parking, Retail Store",Multifamily Housing,25091.0,Retail Store,3592.0,Parking,0.0,70.0,727775.8125,False,5.07,0.18,Multi-usages,38,0.0,1.0,1,3
2016,Multifamily LR (1-4),Low-Rise Multifamily,5,NORTHWEST,47.72826,-122.34861,1982,1.0,3,96869,0,96869,"Multifamily Housing, Parking",Multifamily Housing,84327.0,Parking,10034.0,,,84.0,2525345.75,False,17.61,0.18,Multi-usages,34,0.0,1.0,1,2
2016,Multifamily LR (1-4),Low-Rise Multifamily,5,NORTHWEST,47.70706,-122.33527,1986,1.0,3,51908,0,51908,Multifamily Housing,Multifamily Housing,51337.0,,,,,78.0,1194835.5,False,8.33,0.16,Mono-usage,30,0.0,1.0,0,1
2016,Multifamily LR (1-4),Low-Rise Multifamily,5,NORTHWEST,47.70705,-122.33444,1987,1.0,4,46339,0,46339,Multifamily Housing,Multifamily Housing,42842.0,,,,,71.0,1071220.75,False,7.47,0.16,Mono-usage,29,0.0,1.0,0,1
2016,Multifamily LR (1-4),Low-Rise Multifamily,5,NORTHWEST,47.70735,-122.33462,1987,1.0,4,43245,0,43245,Multifamily Housing,Multifamily Housing,43288.0,,,,,87.0,920068.875,False,6.41,0.15,Mono-usage,29,0.0,1.0,0,1
2016,Multifamily LR (1-4),Low-Rise Multifamily,5,NORTHWEST,47.70761,-122.33449,1989,1.0,4,56800,0,56800,Multifamily Housing,Multifamily Housing,59039.0,,,,,63.0,1730542.25,False,12.06,0.21,Mono-usage,27,0.0,1.0,0,1
2016,NonResidential,Worship Facility,4,NORTHEAST,47.67816,-122.28998,1955,1.0,1,29079,0,29079,Worship Facility,Worship Facility,29079.0,,,,,78.0,861643.6875,False,22.18,0.76,Mono-usage,61,0.0,1.0,0,1
2016,NonResidential,Small- and Mid-Sized Office,3,EAST,47.63441,-122.28061,1982,1.0,3,28848,9616,19232,"Office, Parking",Office,19232.0,Parking,9616.0,,,82.0,726917.5,False,5.07,0.18,Multi-usages,34,0.3333333333333333,0.6666666666666666,1,2
2016,Multifamily LR (1-4),Low-Rise Multifamily,2,SOUTHEAST,47.52,-122.26034,1967,1.0,4,42816,0,42816,Multifamily Housing,Multifamily Housing,42816.0,,,,,48.0,1332912.625,False,9.29,0.22,Mono-usage,49,0.0,1.0,0,1
2016,Multifamily HR (10+),High-Rise Multifamily,7,LAKE UNION,47.61921,-122.33807,2007,1.0,11,399935,0,399935,"Multifamily Housing, Parking",Multifamily Housing,220280.0,Parking,19285.0,,,20.0,14204281.0,False,458.44,1.15,Multi-usages,9,0.0,1.0,1,2
2016,NonResidential,Small- and Mid-Sized Office,6,Ballard,47.65564,-122.36191,1988,1.0,2,20535,0,20535,"Distribution Center, Office",Office,13600.0,Distribution Center,8200.0,,,7.0,1835804.0,False,38.71,1.89,Multi-usages,28,0.0,1.0,1,2
2016,NonResidential,Laboratory,7,MAGNOLIA / QUEEN ANNE,47.65223,-122.36147,1985,1.0,2,43025,0,43025,"Laboratory, Other",Laboratory,29527.0,Other,13498.0,,,,9393108.0,False,255.97,5.95,Multi-usages,31,0.0,1.0,1,2
2016,Multifamily HR (10+),High-Rise Multifamily,7,DOWNTOWN,47.60806,-122.34037,1984,1.0,12,70939,0,70939,"Multifamily Housing, Retail Store",Multifamily Housing,67133.0,Retail Store,3806.0,,,,3307792.5,False,66.7,0.94,Multi-usages,32,0.0,1.0,1,2
2016,NonResidential,Warehouse,2,GREATER DUWAMISH,47.54769,-122.3251,1965,1.0,1,30800,0,30800,Non-Refrigerated Warehouse,Non-Refrigerated Warehouse,30800.0,,,,,65.0,485971.0,False,3.39,0.11,Mono-usage,51,0.0,1.0,0,1
2016,Multifamily MR (5-9),Mid-Rise Multifamily,5,NORTH,47.70279,-122.32434,2008,1.0,7,124642,0,124642,"Fast Food Restaurant, Multifamily Housing, Office, Other, Restaurant, Retail Store",Multifamily Housing,110172.0,Retail Store,6933.0,Restaurant,3389.0,,5702077.0,False,39.75,0.32,Multi-usages,8,0.0,1.0,1,6
2016,Multifamily MR (5-9),Mid-Rise Multifamily,5,NORTH,47.70222,-122.32532,2008,1.0,7,120520,0,120520,"Multifamily Housing, Other, Restaurant",Multifamily Housing,110604.0,Other,3043.0,Restaurant,2159.0,97.0,2577115.25,False,17.97,0.15,Multi-usages,8,0.0,1.0,1,3
2016,Multifamily LR (1-4),Low-Rise Multifamily,5,NORTH,47.70188,-122.32459,2008,1.0,4,46725,0,46725,Multifamily Housing,Multifamily Housing,102522.0,,,,,1.0,13459221.0,False,531.96,11.38,Mono-usage,8,0.0,1.0,0,1
2016,Multifamily LR (1-4),Low-Rise Multifamily,5,North,47.71025,-122.3202,1970,1.0,2,30984,0,30984,Multifamily Housing,Multifamily Housing,30984.0,,,,,56.0,1232210.0,False,8.59,0.28,Mono-usage,46,0.0,1.0,0,1
2016,Multifamily LR (1-4),Senior Care Community,3,EAST,47.50061895,-122.2209659,1995,1.0,3,124930,0,124930,Senior Care Community,Senior Care Community,132284.0,Senior Care Community,132284.0,,,98.0,6723971.5,True,157.88,1.26,Multi-usages,21,0.0,1.0,0,1
2016,Multifamily MR (5-9),Mid-Rise Multifamily,7,DOWNTOWN,47.60219,-122.3313,1908,1.0,7,159840,0,159840,Multifamily Housing,Multifamily Housing,127180.0,,,,,1.0,13945328.0,False,402.04,2.52,Mono-usage,108,0.0,1.0,0,1
2016,Multifamily LR (1-4),Low-Rise Multifamily,2,SOUTHEAST,47.55455,-122.2814,2008,1.0,4,43732,0,43732,Multifamily Housing,Multifamily Housing,43732.0,,,,,33.0,2989919.75,False,132.7,3.03,Mono-usage,8,0.0,1.0,0,1
2016,NonResidential,Mixed Use Property,3,EAST,47.59901628,-122.3315077,1900,1.0,3,22168,0,22168,"Multifamily Housing, Other - Entertainment/Public Assembly",Multifamily Housing,11084.0,Other - Entertainment/Public Assembly,11084.0,,,,1784385.25,False,49.44,2.23,Multi-usages,116,0.0,1.0,1,2
2016,NonResidential,Warehouse,2,GREATER DUWAMISH,47.59416,-122.3267,1922,1.0,1,37400,0,37400,"Distribution Center, Non-Refrigerated Warehouse, Supermarket/Grocery Store",Non-Refrigerated Warehouse,27271.0,Supermarket/Grocery Store,5706.0,Distribution Center,4473.0,73.0,924192.6875,False,7.8,0.21,Multi-usages,94,0.0,1.0,1,3
2016,Multifamily LR (1-4),Low-Rise Multifamily,2,SOUTHEAST,47.57963,-122.29548,1960,1.0,4,21200,0,21200,Multifamily Housing,Multifamily Housing,21200.0,,,,,87.0,511180.6875,False,3.56,0.17,Mono-usage,56,0.0,1.0,0,1
2016,Multifamily LR (1-4),Low-Rise Multifamily,2,SOUTHEAST,47.57927,-122.29548,1960,1.0,4,21200,0,21200,Multifamily Housing,Multifamily Housing,21200.0,,,,,83.0,541542.6875,False,3.78,0.18,Mono-usage,56,0.0,1.0,0,1
2016,Multifamily LR (1-4),Low-Rise Multifamily,2,SOUTHEAST,47.57854,-122.29488,1960,1.0,4,20365,0,20365,Multifamily Housing,Multifamily Housing,20365.0,,,,,,562338.3125,False,3.92,0.19,Mono-usage,56,0.0,1.0,0,1
2016,Multifamily MR (5-9),Mid-Rise Multifamily,4,NORTHEAST,47.6557,-122.31244,1925,1.0,8,97923,0,97923,Multifamily Housing,Multifamily Housing,70143.0,Office,220.0,,,5.0,10343027.0,False,686.53,7.01,Multi-usages,91,0.0,1.0,0,1
2016,Multifamily LR (1-4),Low-Rise Multifamily,3,EAST,47.61497,-122.32108,2006,1.0,4,74202,0,74202,"Multifamily Housing, Parking, Retail Store",Multifamily Housing,45834.0,Parking,21854.0,Retail Store,10972.0,100.0,1568900.25,False,28.78,0.39,Multi-usages,10,0.0,1.0,1,3
2016,NonResidential,Large Office,2,DOWNTOWN,47.59666,-122.32768,2000,1.0,11,268130,0,268130,Office,Office,268130.0,,,,,88.0,15026352.0,False,106.86,0.4,Mono-usage,16,0.0,1.0,0,1
2016,NonResidential,Small- and Mid-Sized Office,2,DOWNTOWN,47.59706,-122.32813,2000,1.0,11,68452,0,68452,"Bank Branch, Office",Office,61665.0,Bank Branch,6787.0,,,79.0,3782378.25,False,26.37,0.39,Multi-usages,16,0.0,1.0,1,2
2016,NonResidential,Large Office,2,DOWNTOWN,47.59634,-122.32807,2000,1.0,11,273185,0,273185,Office,Office,281566.0,,,,,88.0,14709151.0,False,102.54,0.38,Mono-usage,16,0.0,1.0,0,1
2016,NonResidential,K-12 School,4,NORTHEAST,47.66368,-122.27324,1924,1.0,3,97500,0,97500,K-12 School,K-12 School,97500.0,,,,,97.0,3736960.0,False,156.45,1.6,Mono-usage,92,0.0,1.0,0,1
2016,NonResidential,Small- and Mid-Sized Office,7,MAGNOLIA / QUEEN ANNE,47.62495,-122.36036,1982,1.0,5,54015,0,54015,Office,Office,54015.0,,,,,75.0,3020001.5,False,21.05,0.39,Mono-usage,34,0.0,1.0,0,1
2016,Multifamily LR (1-4),Low-Rise Multifamily,1,SOUTHWEST,47.5596,-122.38459,1987,1.0,3,79052,0,79052,"Multifamily Housing, Office, Parking",Multifamily Housing,77552.0,Parking,24000.0,Office,1500.0,,1987218.75,False,13.85,0.18,Multi-usages,29,0.0,1.0,1,3
2016,Multifamily MR (5-9),Mid-Rise Multifamily,3,EAST,47.623695,-122.321487,2009,1.0,6,436301,149657,286644,Multifamily Housing,Multifamily Housing,224347.0,,,,,75.0,8102125.5,False,122.7,0.28,Mono-usage,7,0.343013195019035,0.656986804980965,0,1
2016,Multifamily LR (1-4),Low-Rise Multifamily,3,EAST,47.61392,-122.31718,2007,1.0,3,32881,0,32881,"Multifamily Housing, Non-Refrigerated Warehouse, Office, Restaurant",Multifamily Housing,20680.0,Non-Refrigerated Warehouse,4758.0,Restaurant,4653.0,,1928391.25,False,30.35,0.92,Multi-usages,9,0.0,1.0,1,4
2016,Multifamily MR (5-9),Mid-Rise Multifamily,4,LAKE UNION,47.65463,-122.34204,2012,1.0,6,198233,0,198233,"Fitness Center/Health Club/Gym, Multifamily Housing, Parking, Restaurant",Multifamily Housing,130697.0,Parking,54650.0,Fitness Center/Health Club/Gym,15417.0,93.0,5965171.0,False,159.8,0.81,Multi-usages,4,0.0,1.0,1,4
2016,Multifamily HR (10+),High-Rise Multifamily,7,DOWNTOWN,47.61725,-122.34844,2011,1.0,17,176043,0,176043,"Multifamily Housing, Parking",Multifamily Housing,158099.0,Parking,35533.0,,,89.0,5907068.0,False,144.57,0.82,Multi-usages,5,0.0,1.0,1,2
2016,Multifamily MR (5-9),Mid-Rise Multifamily,1,SOUTHWEST,47.58012,-122.38548,2011,1.0,5,63597,0,63597,"Multifamily Housing, Parking",Multifamily Housing,65115.0,Parking,11550.0,,,87.0,2212058.5,False,61.62,0.97,Multi-usages,5,0.0,1.0,1,2
2016,NonResidential,Restaurant,7,DOWNTOWN,47.60805,-122.33978,1985,1.0,13,42000,0,42000,"Office, Other, Other - Restaurant/Bar, Strip Mall",Other - Restaurant/Bar,26554.0,Other,15310.0,Strip Mall,7673.0,,7798464.0,False,273.91,6.52,Multi-usages,31,0.0,1.0,1,4
2016,Multifamily MR (5-9),Mid-Rise Multifamily,7,DOWNTOWN,47.61103,-122.33238,1925,0.0,5,37804,0,37804,Multifamily Housing,Multifamily Housing,37804.0,,,,,58.0,2583705.0,False,111.62,2.95,Mono-usage,91,0.0,1.0,0,1
2016,Multifamily LR (1-4),Mixed Use Property,4,NORTHEAST,47.66709,-122.30149,2008,1.0,4,257248,0,257248,"Multifamily Housing, Parking, Retail Store, Senior Care Community",Senior Care Community,119826.0,Multifamily Housing,95512.0,Parking,79507.0,98.0,7574092.0,False,120.92,0.47,Multi-usages,8,0.0,1.0,1,4
2016,NonResidential,Large Office,7,DOWNTOWN,47.61706,-122.35141,1982,0.0,24,119701,0,119701,"Office, Retail Store",Office,102878.0,Retail Store,16823.0,,,67.0,8382140.5,False,58.44,0.49,Multi-usages,34,0.0,1.0,1,2
2016,Nonresidential COS,Other,5,NORTH,47.71986,-122.29809,1965,1.0,1,24697,0,24697,"Library, Other - Services",Library,15300.0,Other - Services,4717.0,,,,1295685.75,False,29.18,1.18,Multi-usages,51,0.0,1.0,1,2
2016,NonResidential,University,3,CENTRAL,47.59677,-122.30172,2013,2.0,1,57468,0,57468,College/University,College/University,67750.0,,,,,,3543985.5,False,89.8,1.56,Mono-usage,3,0.0,1.0,0,1
2016,NonResidential,University,3,EAST,47.61808,-122.32175,2006,1.0,5,84000,0,84000,College/University,College/University,84300.0,,,,,,12184124.0,False,441.94,5.26,Mono-usage,10,0.0,1.0,0,1
2016,Multifamily MR (5-9),Mid-Rise Multifamily,7,LAKE UNION,47.61896,-122.33078,2000,1.0,6,79684,0,79684,"Multifamily Housing, Retail Store",Multifamily Housing,75232.0,Retail Store,5000.0,,,79.0,3383356.75,False,70.46,0.88,Multi-usages,16,0.0,1.0,1,2
2016,Multifamily LR (1-4),Low-Rise Multifamily,7,MAGNOLIA / QUEEN ANNE,47.64886,-122.35862,2004,1.0,4,22625,0,22625,"Multifamily Housing, Parking",Multifamily Housing,22625.0,Parking,7875.0,,,93.0,941564.8125,False,27.56,1.22,Multi-usages,12,0.0,1.0,1,2
2016,NonResidential,Retail Store,7,DOWNTOWN,47.6087,-122.33884,1991,1.0,3,103000,0,103000,Retail Store,Retail Store,103000.0,,,,,89.0,5214621.5,False,81.18,0.79,Mono-usage,25,0.0,1.0,0,1
2016,NonResidential,Supermarket / Grocery Store,1,SOUTHWEST,47.56137,-122.38524,2008,1.0,1,37864,0,37864,Supermarket/Grocery Store,Supermarket/Grocery Store,37864.0,,,,,61.0,8025696.0,False,176.75,4.67,Mono-usage,8,0.0,1.0,0,1
2016,NonResidential,Supermarket / Grocery Store,3,EAST,47.62256,-122.32092,1950,1.0,2,66497,0,66497,Supermarket/Grocery Store,Supermarket/Grocery Store,66497.0,,,,,84.0,9290214.0,False,72.02,1.08,Mono-usage,66,0.0,1.0,0,1
2016,NonResidential,Retail Store,7,MAGNOLIA / QUEEN ANNE,47.62473,-122.34727,2006,1.0,4,34010,0,34010,Retail Store,Retail Store,38428.0,,,,,,3560614.25,False,24.82,0.73,Mono-usage,10,0.0,1.0,0,1
2016,NonResidential,Supermarket / Grocery Store,7,MAGNOLIA / QUEEN ANNE,47.62473,-122.34727,2006,1.0,4,45980,0,45980,Supermarket/Grocery Store,Supermarket/Grocery Store,45980.0,,,,,79.0,8305255.0,False,193.36,4.21,Mono-usage,10,0.0,1.0,0,1
2016,Multifamily MR (5-9),Mid-Rise Multifamily,7,MAGNOLIA / QUEEN ANNE,47.65201,-122.3891,1970,1.0,5,34728,0,34728,Multifamily Housing,Multifamily Housing,34728.0,,,,,40.0,1034941.313,False,7.21,0.21,Mono-usage,46,0.0,1.0,0,1
2016,Multifamily MR (5-9),Mid-Rise Multifamily,7,MAGNOLIA / QUEEN ANNE,47.652,-122.38949,1970,1.0,5,34480,0,34480,Multifamily Housing,Multifamily Housing,34480.0,,,,,75.0,771296.8125,False,5.38,0.16,Mono-usage,46,0.0,1.0,0,1
2016,NonResidential,Retail Store,3,EAST,47.61378771,-122.3214255,1996,0.0,3,45743,0,45743,Retail Store,Retail Store,45243.0,,,,,88.0,5313217.0,False,83.45,1.82,Mono-usage,20,0.0,1.0,0,1
2016,Multifamily LR (1-4),Low-Rise Multifamily,5,NORTHWEST,47.72664,-122.34823,1984,1.0,4,56800,0,56800,Multifamily Housing,Multifamily Housing,56800.0,,,,,74.0,2009703.25,False,48.85,0.86,Mono-usage,32,0.0,1.0,0,1
2016,NonResidential,Other,3,CENTRAL,47.61674,-122.30207,1991,1.0,1,45000,0,45000,"Fitness Center/Health Club/Gym, Swimming Pool",Fitness Center/Health Club/Gym,45000.0,Swimming Pool,0.0,,,,3505497.0,False,137.66,3.06,Multi-usages,25,0.0,1.0,1,2
2016,NonResidential,Other,2,GREATER DUWAMISH,47.59544,-122.33159,1999,1.0,6,333698,0,333698,"Other - Entertainment/Public Assembly, Parking",Parking,432903.0,Other - Entertainment/Public Assembly,333698.0,,,,13730204.0,False,295.42,0.89,Multi-usages,17,0.0,1.0,1,2
2016,NonResidential,Warehouse,2,GREATER DUWAMISH,47.55066,-122.31787,1904,1.0,4,72859,0,72859,Non-Refrigerated Warehouse,Non-Refrigerated Warehouse,72859.0,,,,,55.0,1498457.875,False,12.43,0.17,Mono-usage,112,0.0,1.0,0,1
2016,SPS-District K-12,K-12 School,2,SOUTHEAST,47.52374,-122.27201,2009,1.0,2,138705,0,138705,K-12 School,K-12 School,138705.0,,,,,84.0,4959298.0,True,124.77,0.9,Mono-usage,7,0.0,1.0,0,1
2016,Multifamily LR (1-4),Low-Rise Multifamily,1,DELRIDGE,47.55304,-122.3633,2002,1.0,3,20000,0,20000,Multifamily Housing,Multifamily Housing,23752.0,,,,,89.0,521030.5938,False,3.63,0.18,Mono-usage,14,0.0,1.0,0,1
2016,Multifamily HR (10+),High-Rise Multifamily,3,EAST,47.61022,-122.324,2012,1.0,17,236148,0,236148,"Multifamily Housing, Parking",Multifamily Housing,193868.0,Parking,35616.0,,,69.0,9162810.0,False,236.05,1.0,Multi-usages,4,0.0,1.0,1,2
2016,NonResidential,Mixed Use Property,2,GREATER DUWAMISH,47.5823,-122.32937,2004,1.0,3,21947,0,21947,"Office, Other, Parking",Other,14877.0,Office,12023.0,Parking,4920.0,,1554599.25,False,37.83,1.72,Multi-usages,12,0.0,1.0,1,3
2016,NonResidential,Warehouse,4,NORTHEAST,47.68454,-122.26235,1940,1.0,0,384772,0,384772,"Non-Refrigerated Warehouse, Office",Non-Refrigerated Warehouse,349953.0,Office,63872.0,,,69.0,15206762.0,False,391.7,1.02,Multi-usages,76,0.0,1.0,1,2
2016,NonResidential,Medical Office,4,NORTHEAST,47.6824,-122.26223,1960,1.0,0,30287,0,30287,Medical Office,Medical Office,28050.0,,,,,32.0,2193115.0,False,32.72,1.08,Mono-usage,56,0.0,1.0,0,1
2016,NonResidential,Small- and Mid-Sized Office,4,NORTHEAST,47.68254,-122.26299,1960,1.0,0,21931,0,21931,Office,Office,31845.0,Office,31845.0,,,32.0,3947209.25,False,145.11,6.62,Multi-usages,56,0.0,1.0,0,1
2016,NonResidential,Small- and Mid-Sized Office,7,DOWNTOWN,47.60148,-122.33379,1985,1.0,6,73102,0,73102,"Office, Parking",Office,92723.0,Parking,18364.0,,,84.0,4307238.5,False,30.03,0.41,Multi-usages,31,0.0,1.0,1,2
2016,NonResidential,Mixed Use Property,3,EAST,47.62256,-122.32092,1916,1.0,2,140823,59401,81422,"Multifamily Housing, Parking, Personal Services (Health/Beauty, Dry Cleaning, etc), Retail Store, Supermarket/Grocery Store",Parking,89820.0,Supermarket/Grocery Store,64000.0,Multifamily Housing,41014.0,,2762846.0,False,28.85,0.2,Multi-usages,100,0.4218131981281466,0.5781868018718533,1,7
2016,Multifamily LR (1-4),Low-Rise Multifamily,7,MAGNOLIA / QUEEN ANNE,47.65322,-122.39202,1968,1.0,4,24386,0,24386,Multifamily Housing,Multifamily Housing,24386.0,,,,,76.0,574650.375,False,4.01,0.16,Mono-usage,48,0.0,1.0,0,1
2016,Nonresidential COS,Mixed Use Property,2,GREATER DUWAMISH,47.57918,-122.32075,1966,5.0,1,87458,0,87458,"Data Center, Distribution Center, Office, Other",Office,41097.0,Distribution Center,39772.0,Other,6275.0,,8475238.0,False,270.63,3.09,Multi-usages,50,0.0,1.0,1,4
2016,Multifamily LR (1-4),Low-Rise Multifamily,2,GREATER DUWAMISH,47.58814,-122.31816,1968,1.0,4,35796,0,35796,Multifamily Housing,Multifamily Housing,35796.0,,,,,65.0,1001304.125,False,6.98,0.19,Mono-usage,48,0.0,1.0,0,1
2016,Multifamily LR (1-4),Low-Rise Multifamily,5,NORTHWEST,47.72883,-122.34862,1990,1.0,4,43228,0,43228,Multifamily Housing,Multifamily Housing,43228.0,,,,,100.0,953059.875,False,6.64,0.15,Mono-usage,26,0.0,1.0,0,1
2016,Multifamily LR (1-4),Low-Rise Multifamily,5,NORTHWEST,47.72883,-122.34862,1990,1.0,4,35560,0,35560,Multifamily Housing,Multifamily Housing,43228.0,,,,,100.0,644415.0,False,4.49,0.13,Mono-usage,26,0.0,1.0,0,1
2016,Multifamily MR (5-9),Mid-Rise Multifamily,7,MAGNOLIA / QUEEN ANNE,47.61958,-122.35378,2011,1.0,7,36179,0,36179,"Multifamily Housing, Parking",Multifamily Housing,28309.0,Parking,2930.0,,,41.0,1540258.5,False,34.22,0.95,Multi-usages,5,0.0,1.0,1,2
2016,NonResidential,Supermarket / Grocery Store,5,NORTH,47.71864,-122.312,2011,1.0,1,51400,0,51400,"Parking, Supermarket/Grocery Store",Supermarket/Grocery Store,51841.0,Parking,0.0,,,74.0,11702959.0,False,303.69,5.91,Multi-usages,5,0.0,1.0,1,2
2016,Multifamily MR (5-9),Mid-Rise Multifamily,7,MAGNOLIA / QUEEN ANNE,47.6212,-122.36016,2011,1.0,6,290520,0,290520,Multifamily Housing,Multifamily Housing,203481.0,,,,,87.0,6769410.5,False,186.16,0.64,Mono-usage,5,0.0,1.0,0,1
2016,Multifamily MR (5-9),Mixed Use Property,3,EAST,47.61590576,-122.3203888,2010,0.0,6,184980,0,184980,"Multifamily Housing, Office, Parking, Residence Hall/Dormitory, Retail Store",Multifamily Housing,88132.0,Parking,54452.0,Residence Hall/Dormitory,17186.0,90.0,6897247.5,False,154.39,0.83,Multi-usages,6,0.0,1.0,1,5
2016,NonResidential,Small- and Mid-Sized Office,4,LAKE UNION,47.64779,-122.33352,1993,1.0,1,26263,0,26263,Office,Office,26263.0,,,,,64.0,1634669.375,False,11.4,0.43,Mono-usage,23,0.0,1.0,0,1
2016,Multifamily LR (1-4),Low-Rise Multifamily,2,SOUTHEAST,47.56185,-122.29363,2010,1.0,4,88449,0,88449,"Financial Office, Multifamily Housing, Office, Retail Store, Supermarket/Grocery Store",Multifamily Housing,79257.0,Office,4281.0,Retail Store,3610.0,,3890340.0,False,66.37,0.75,Multi-usages,6,0.0,1.0,1,5
2016,Multifamily LR (1-4),Low-Rise Multifamily,4,NORTHEAST,47.67857,-122.26172,2011,1.0,3,31930,0,31930,Multifamily Housing,Multifamily Housing,31930.0,,,,,86.0,841915.875,False,5.87,0.18,Mono-usage,5,0.0,1.0,0,1
2016,Multifamily LR (1-4),Low-Rise Multifamily,5,NORTH,47.72033,-122.29213,2011,1.0,4,138121,0,138121,"Multifamily Housing, Office, Other",Multifamily Housing,136923.0,Other,794.0,Office,404.0,,4415329.0,False,139.12,1.01,Multi-usages,5,0.0,1.0,1,3
2016,Multifamily MR (5-9),Mid-Rise Multifamily,4,NORTHEAST,47.66368,-122.31554,2011,1.0,6,39636,0,39636,Multifamily Housing,Multifamily Housing,41000.0,,,,,47.0,1692199.25,False,11.91,0.3,Mono-usage,5,0.0,1.0,0,1
2016,Multifamily LR (1-4),Low-Rise Multifamily,4,NORTHEAST,47.6779,-122.26166,2011,1.0,3,29646,0,29646,Multifamily Housing,Multifamily Housing,29744.0,,,,,81.0,790039.8125,False,5.51,0.19,Mono-usage,5,0.0,1.0,0,1
2016,Multifamily LR (1-4),Low-Rise Multifamily,3,EAST,47.6197,-122.32253,1927,1.0,3,29656,0,29656,Multifamily Housing,Multifamily Housing,29656.0,,,,,87.0,859137.125,False,21.37,0.72,Mono-usage,89,0.0,1.0,0,1
2016,Multifamily MR (5-9),Mid-Rise Multifamily,2,DOWNTOWN,47.59801,-122.32544,1927,1.0,5,39493,8500,30993,"Multifamily Housing, Parking, Restaurant",Multifamily Housing,24015.0,Restaurant,8700.0,Parking,8500.0,,4133811.0,False,155.47,3.94,Multi-usages,89,0.215228015091282,0.784771984908718,1,3
2016,Nonresidential COS,Other,2,GREATER DUWAMISH,47.54277,-122.31626,1906,1.0,2,39212,0,39212,Other,Other,39212.0,,,,,,72370.39844,False,0.5,0.01,Mono-usage,110,0.0,1.0,0,1
2016,Multifamily MR (5-9),Mid-Rise Multifamily,3,CENTRAL,47.60786,-122.31586,2011,1.0,5,140254,0,140254,"Multifamily Housing, Parking, Retail Store",Multifamily Housing,108099.0,Parking,18913.0,Retail Store,14975.0,94.0,4396566.0,False,90.73,0.65,Multi-usages,5,0.0,1.0,1,3
2016,Multifamily LR (1-4),Low-Rise Multifamily,4,NORTHEAST,47.67928,-122.26177,1947,1.0,3,38264,0,38264,Multifamily Housing,Multifamily Housing,38264.0,,,,,51.0,1648774.375,False,53.12,1.39,Mono-usage,69,0.0,1.0,0,1
2016,Nonresidential COS,Other,3,CENTRAL,47.60668,-122.30242,1968,0.0,1,21400,0,21400,"Fitness Center/Health Club/Gym, Other - Recreation, Swimming Pool",Other - Recreation,11737.0,Fitness Center/Health Club/Gym,9003.0,Swimming Pool,0.0,,5170809.5,False,158.6,7.41,Multi-usages,48,0.0,1.0,1,3
2016,NonResidential,Laboratory,3,EAST,47.60427,-122.32311,2000,1.0,8,178000,0,178000,Laboratory,Laboratory,181930.0,,,,,,53166156.0,False,2549.47,14.32,Mono-usage,16,0.0,1.0,0,1
2016,Multifamily MR (5-9),Mid-Rise Multifamily,3,EAST,47.61338,-122.31593,2012,1.0,6,102696,0,102696,"Multifamily Housing, Parking",Multifamily Housing,102696.0,Parking,20984.0,,,98.0,2580050.25,False,47.14,0.46,Multi-usages,4,0.0,1.0,1,2
2016,NonResidential,Large Office,2,GREATER DUWAMISH,47.5735,-122.32239,2005,1.0,4,162157,0,162157,"Office, Other - Services",Office,88698.0,Other - Services,72726.0,,,,40613740.0,False,537.03,3.31,Multi-usages,11,0.0,1.0,1,2
2016,Multifamily MR (5-9),Mid-Rise Multifamily,3,CENTRAL,47.60642,-122.31637,2012,1.0,6,57495,0,57495,"Multifamily Housing, Other, Parking",Multifamily Housing,45113.0,Parking,5866.0,Other,4596.0,98.0,1338373.5,False,30.78,0.54,Multi-usages,4,0.0,1.0,1,3
2016,NonResidential,Supermarket / Grocery Store,7,MAGNOLIA / QUEEN ANNE,47.6239,-122.35756,2003,1.0,4,33997,0,33997,"Parking, Supermarket/Grocery Store",Supermarket/Grocery Store,33997.0,Parking,30000.0,,,23.0,8926736.0,False,94.63,2.78,Multi-usages,13,0.0,1.0,1,2
2016,Multifamily MR (5-9),Mid-Rise Multifamily,5,NORTHWEST,47.73168,-122.34777,2010,1.0,6,375502,137061,238441,Multifamily Housing,Multifamily Housing,375502.0,,,,,100.0,8435093.0,False,376.57,1.0,Mono-usage,6,0.3650073767916016,0.6349926232083983,0,1
2016,NonResidential,Large Office,7,LAKE UNION,47.62037,-122.33627,2012,1.0,11,526423,0,526423,"Office, Other, Parking",Office,400536.0,Parking,182439.0,Other,7177.0,97.0,17463744.0,False,163.19,0.31,Multi-usages,4,0.0,1.0,1,3
2016,NonResidential,Mixed Use Property,7,DOWNTOWN,47.60121,-122.33518,1902,1.0,6,74211,0,74211,"Multifamily Housing, Office, Parking",Office,33279.0,Multifamily Housing,29878.0,Parking,8421.0,97.0,1357119.875,False,9.46,0.13,Multi-usages,114,0.0,1.0,1,3
2016,Multifamily MR (5-9),Mid-Rise Multifamily,3,Central,47.61687,-122.30796,2012,1.0,6,174654,0,174654,"Multifamily Housing, Parking, Personal Services (Health/Beauty, Dry Cleaning, etc), Restaurant",Multifamily Housing,124279.0,Parking,49395.0,"Personal Services (Health/Beauty, Dry Cleaning, etc)",2620.0,75.0,3640395.5,False,35.43,0.2,Multi-usages,4,0.0,1.0,1,6
2016,NonResidential,Warehouse,2,SOUTHEAST,47.51098,-122.27817,1988,1.0,2,45700,0,45700,Non-Refrigerated Warehouse,Non-Refrigerated Warehouse,293707.0,,,,,99.0,1544193.75,False,15.5,0.34,Mono-usage,28,0.0,1.0,0,1
2016,Multifamily MR (5-9),Mid-Rise Multifamily,6,BALLARD,47.66838,-122.37199,2012,1.0,6,177528,0,177528,"Multifamily Housing, Parking",Multifamily Housing,128621.0,Parking,48907.0,,,99.0,4228238.0,False,100.59,0.57,Multi-usages,4,0.0,1.0,1,2
2016,Nonresidential COS,Other,4,NORTHEAST,47.68212,-122.2633,1929,8.0,0,502030,0,502030,Other - Recreation,Other - Recreation,564258.0,,,,,,18470340.0,False,549.11,1.09,Mono-usage,87,0.0,1.0,0,1
2016,Multifamily MR (5-9),Mid-Rise Multifamily,3,EAST,47.61543,-122.32474,2011,1.0,6,153767,0,153767,"Multifamily Housing, Parking",Multifamily Housing,153767.0,Parking,40584.0,,,92.0,4225362.5,False,95.26,0.62,Multi-usages,5,0.0,1.0,1,2
2016,Multifamily MR (5-9),Mid-Rise Multifamily,7,MAGNOLIA / QUEEN ANNE,47.62277,-122.35639,2012,1.0,6,43762,0,43762,"Multifamily Housing, Parking",Multifamily Housing,27849.0,Parking,11512.0,,,97.0,665200.1875,False,4.64,0.11,Multi-usages,4,0.0,1.0,1,2
2016,NonResidential,Other,5,NORTHWEST,47.71286,-122.33635,2012,1.0,2,53575,0,53575,Urgent Care/Clinic/Other Outpatient,Urgent Care/Clinic/Other Outpatient,53575.0,,,,,,31803568.0,False,619.9,11.57,Mono-usage,4,0.0,1.0,0,1
2016,Multifamily MR (5-9),Mid-Rise Multifamily,3,EAST,47.62031168,-122.3208406,2012,1.0,7,224577,0,224577,"Multifamily Housing, Parking, Restaurant, Retail Store",Multifamily Housing,246342.0,Parking,107368.0,Retail Store,13772.0,100.0,7811542.5,False,170.98,0.76,Multi-usages,4,0.0,1.0,1,4
2016,NonResidential,Large Office,2,GREATER DUWAMISH,47.58995,-122.33472,2012,1.0,6,157345,0,157345,Office,Office,157345.0,,,,,63.0,11624548.0,False,92.07,0.59,Mono-usage,4,0.0,1.0,0,1
2016,Multifamily MR (5-9),Mid-Rise Multifamily,3,EAST,47.60570526,-122.3203506,2012,1.0,6,94933,0,94933,"Multifamily Housing, Parking",Multifamily Housing,100419.0,Parking,31709.0,,,100.0,2757855.5,False,65.19,0.69,Multi-usages,4,0.0,1.0,1,2
2016,NonResidential,Residence Hall,4,NORTHEAST,47.65642,-122.31475,2012,1.0,5,136758,0,136758,Residence Hall/Dormitory,Residence Hall/Dormitory,207017.0,,,,,90.0,6275367.5,False,175.46,1.28,Mono-usage,4,0.0,1.0,0,1
2016,NonResidential,Residence Hall,4,NORTHEAST,47.65599,-122.31385,2012,1.0,7,192259,0,192259,"Residence Hall/Dormitory, Supermarket/Grocery Store",Residence Hall/Dormitory,188118.0,Supermarket/Grocery Store,7000.0,,,72.0,8767617.0,False,191.97,1.0,Multi-usages,4,0.0,1.0,1,2
2016,Multifamily LR (1-4),Low-Rise Multifamily,2,SOUTHEAST,47.56337,-122.29446,2012,1.0,4,43210,0,43210,"Multifamily Housing, Parking",Multifamily Housing,43210.0,Parking,8050.0,,,56.0,1764879.125,False,39.88,0.92,Multi-usages,4,0.0,1.0,1,2
2016,Nonresidential COS,Other,1,GREATER DUWAMISH,47.53246,-122.33304,2012,2.0,2,137138,0,137138,Other - Utility,Other - Utility,138602.0,,,,,,5475367.0,False,38.17,0.28,Mono-usage,4,0.0,1.0,0,1
2016,Multifamily LR (1-4),Low-Rise Multifamily,7,MAGNOLIA / QUEEN ANNE,47.63662,-122.35738,2012,1.0,4,74964,0,74964,"Multifamily Housing, Parking",Multifamily Housing,45700.0,Parking,24942.0,,,83.0,2277238.25,False,80.27,1.07,Multi-usages,4,0.0,1.0,1,2
2016,Multifamily LR (1-4),Low-Rise Multifamily,7,MAGNOLIA / QUEEN ANNE,47.63683,-122.38658,2012,1.0,3,21753,0,21753,Multifamily Housing,Multifamily Housing,20890.0,,,,,33.0,836437.6875,False,12.56,0.58,Mono-usage,4,0.0,1.0,0,1
2016,Multifamily MR (5-9),Mid-Rise Multifamily,1,SOUTHWEST,47.56189,-122.37706,2012,1.0,5,59205,0,59205,"Multifamily Housing, Parking",Multifamily Housing,51436.0,Parking,9023.0,,,94.0,1721433.625,False,38.92,0.66,Multi-usages,4,0.0,1.0,1,2
2016,NonResidential,Other,3,EAST,47.60989,-122.32659,2012,1.0,7,267470,0,267470,"Hospital (General Medical & Surgical), Other",Other,160482.0,Hospital (General Medical & Surgical),106988.0,,,,42584028.0,False,1597.56,5.97,Multi-usages,4,0.0,1.0,1,2
2016,Multifamily HR (10+),High-Rise Multifamily,7,DOWNTOWN,47.61531,-122.34041,2012,1.0,24,602398,0,602398,"Multifamily Housing, Parking",Multifamily Housing,736307.0,Parking,117302.0,,,73.0,25397086.0,False,542.74,0.9,Multi-usages,4,0.0,1.0,1,2
2016,Multifamily MR (5-9),Mid-Rise Multifamily,7,MAGNOLIA / QUEEN ANNE,47.626,-122.34278,2012,0.0,7,119219,0,119219,Multifamily Housing,Multifamily Housing,131890.0,,,,,99.0,3063969.75,False,87.18,0.73,Mono-usage,4,0.0,1.0,0,1
2016,Multifamily MR (5-9),Mid-Rise Multifamily,7,MAGNOLIA / QUEEN ANNE,47.62736,-122.34264,2012,1.0,7,334785,0,334785,"Food Service, Multifamily Housing, Parking",Multifamily Housing,256573.0,Parking,75681.0,Food Service,2532.0,95.0,9722237.0,False,287.57,0.86,Multi-usages,4,0.0,1.0,1,3
2016,Multifamily MR (5-9),Mid-Rise Multifamily,4,NORTHEAST,47.66761,-122.31272,2012,1.0,7,74421,0,74421,Multifamily Housing,Multifamily Housing,60084.0,,,,,35.0,3720750.75,False,99.65,1.34,Mono-usage,4,0.0,1.0,0,1
2016,NonResidential,Hospital,4,NORTHEAST,47.66201,-122.28386,2013,1.0,8,330000,0,330000,Hospital (General Medical & Surgical),Hospital (General Medical & Surgical),241500.0,,,,,58.0,57764408.0,False,1789.69,5.42,Mono-usage,3,0.0,1.0,0,1
2016,Multifamily HR (10+),High-Rise Multifamily,7,DOWNTOWN,47.60336,-122.33615,2013,1.0,16,194228,73392,120836,"Multifamily Housing, Parking",Multifamily Housing,202675.0,Parking,71418.0,,,62.0,8066399.5,False,123.15,0.63,Multi-usages,3,0.377865189365076,0.6221348106349239,1,2
2016,Multifamily LR (1-4),Low-Rise Multifamily,4,LAKE UNION,47.65082,-122.34348,2012,1.0,4,31962,0,31962,"Multifamily Housing, Parking",Multifamily Housing,29788.0,Parking,20492.0,,,92.0,994194.875,False,6.93,0.22,Multi-usages,4,0.0,1.0,1,2
2016,Multifamily LR (1-4),Low-Rise Multifamily,5,NORTHWEST,47.70539,-122.34508,2012,1.0,4,54771,0,54771,Multifamily Housing,Multifamily Housing,52596.0,,,,,97.0,1228963.75,False,8.65,0.16,Mono-usage,4,0.0,1.0,0,1
2016,Multifamily LR (1-4),Low-Rise Multifamily,1,DELRIDGE,47.55238,-122.36266,2013,1.0,4,27950,0,27950,Multifamily Housing,Multifamily Housing,27950.0,,,,,42.0,2245568.25,False,73.39,2.63,Mono-usage,3,0.0,1.0,0,1
2016,NonResidential,Retail Store,7,MAGNOLIA / QUEEN ANNE,47.62503,-122.35642,1918,1.0,3,43832,0,43832,"Hotel, Parking, Retail Store",Retail Store,24588.0,Hotel,17558.0,Parking,1686.0,67.0,3886545.0,False,144.41,3.29,Multi-usages,98,0.0,1.0,1,3
2016,NonResidential,Other,1,SOUTHWEST,47.5596,-122.38459,1987,1.0,6,146363,0,146363,Strip Mall,Strip Mall,146363.0,,,,,,11730555.0,False,325.94,2.23,Mono-usage,29,0.0,1.0,0,1
2016,Multifamily MR (5-9),Mid-Rise Multifamily,7,LAKE UNION,47.62023,-122.33227,2013,1.0,6,41502,0,41502,Multifamily Housing,Multifamily Housing,43186.0,,,,,82.0,2227908.75,False,76.5,1.84,Mono-usage,3,0.0,1.0,0,1
2016,Multifamily MR (5-9),Mid-Rise Multifamily,7,EAST,47.61449,-122.3287,2013,1.0,7,88974,3202,85772,"Multifamily Housing, Parking",Multifamily Housing,89799.0,Parking,12346.0,,,94.0,2599171.75,False,54.04,0.61,Multi-usages,3,0.0359880414503113,0.9640119585496888,1,2
2016,Multifamily MR (5-9),Senior Care Community,5,NORTHWEST,47.73074,-122.34723,2012,1.0,7,120000,0,120000,"Parking, Senior Care Community",Senior Care Community,120000.0,Parking,37070.0,,,100.0,5053635.0,False,122.35,1.02,Multi-usages,4,0.0,1.0,1,2
2016,Multifamily LR (1-4),Low-Rise Multifamily,7,MAGNOLIA / QUEEN ANNE,47.62574,-122.34462,2013,1.0,4,108872,0,108872,"Multifamily Housing, Parking",Multifamily Housing,86258.0,Parking,19614.0,,,85.0,2435382.0,False,16.82,0.15,Multi-usages,3,0.0,1.0,1,2
2016,NonResidential,Supermarket / Grocery Store,1,SOUTHWEST,47.57984,-122.38577,2011,1.0,1,67263,0,67263,Supermarket/Grocery Store,Supermarket/Grocery Store,67263.0,,,,,78.0,14697487.0,False,352.77,5.24,Mono-usage,5,0.0,1.0,0,1
2016,NonResidential,Large Office,7,DOWNTOWN,47.61156,-122.34401,1988,1.0,13,354086,149326,204760,"Data Center, Multifamily Housing, Office, Other, Parking",Office,193393.0,Parking,149326.0,Multifamily Housing,38225.0,88.0,13458948.0,False,147.84,0.42,Multi-usages,28,0.421722406421039,0.578277593578961,1,5
2016,Multifamily MR (5-9),Mid-Rise Multifamily,7,MAGNOLIA / QUEEN ANNE,47.62194,-122.35972,2013,1.0,6,21762,0,21762,"Multifamily Housing, Parking",Multifamily Housing,30216.0,Parking,5809.0,,,96.0,1093757.75,False,24.54,1.13,Multi-usages,3,0.0,1.0,1,2
2016,NonResidential,Worship Facility,4,NORTHEAST,47.6709,-122.27054,2008,1.0,2,70292,0,70292,Worship Facility,Worship Facility,70292.0,,,,,37.0,1933811.625,False,57.59,0.82,Mono-usage,8,0.0,1.0,0,1
2016,Multifamily MR (5-9),Mid-Rise Multifamily,3,CENTRAL,47.59946,-122.30561,2013,0.0,6,38407,0,38407,Multifamily Housing,Multifamily Housing,43793.0,,,,,50.0,1427482.75,False,9.95,0.26,Mono-usage,3,0.0,1.0,0,1
2016,NonResidential,Other,7,DOWNTOWN,47.61449,-122.33956,1975,1.0,7,90679,35120,55559,"Data Center, Parking",Data Center,60000.0,Parking,30700.0,,,100.0,41680640.0,False,290.57,3.2,Multi-usages,41,0.3873002569503413,0.6126997430496587,1,2
2016,Multifamily MR (5-9),Mid-Rise Multifamily,6,BALLARD,47.66925,-122.38115,2013,1.0,7,51287,0,51287,"Food Service, Medical Office, Multifamily Housing, Office",Multifamily Housing,42215.0,Office,5794.0,Medical Office,1467.0,,2665558.25,False,68.98,1.34,Multi-usages,3,0.0,1.0,1,4
2016,NonResidential,Laboratory,7,LAKE UNION,47.62351,-122.34135,2013,0.0,8,339591,114010,225581,"Convenience Store without Gas Station, Laboratory, Parking",Laboratory,172793.0,Parking,139241.0,Convenience Store without Gas Station,294.0,,41696464.0,False,1088.25,3.2,Multi-usages,3,0.3357273897129194,0.6642726102870806,1,3
2016,Multifamily MR (5-9),Mid-Rise Multifamily,4,NORTHEAST,47.6763,-122.31756,2013,1.0,6,84577,0,84577,"Multifamily Housing, Parking",Multifamily Housing,38919.0,Parking,19700.0,,,90.0,1883200.75,False,47.93,0.57,Multi-usages,3,0.0,1.0,1,2
2016,Multifamily MR (5-9),Mid-Rise Multifamily,7,DOWNTOWN,47.61441,-122.3457,2013,1.0,8,53708,0,53708,"Multifamily Housing, Parking, Restaurant",Multifamily Housing,89000.0,Parking,25100.0,Restaurant,4850.0,27.0,6182350.5,False,161.23,3.0,Multi-usages,3,0.0,1.0,1,3
2016,Multifamily LR (1-4),Low-Rise Multifamily,6,Ballard,47.65671,-122.36174,2013,1.0,4,56184,0,56184,"Multifamily Housing, Parking",Multifamily Housing,36565.0,Parking,19538.0,,,90.0,1137504.75,False,23.14,0.41,Multi-usages,3,0.0,1.0,1,2
2016,Multifamily MR (5-9),Mid-Rise Multifamily,3,EAST,47.6042,-122.31918,2013,1.0,6,31981,0,31981,Multifamily Housing,Multifamily Housing,31981.0,,,,,100.0,866825.375,False,6.04,0.19,Mono-usage,3,0.0,1.0,0,1
2016,Multifamily HR (10+),High-Rise Multifamily,7,DOWNTOWN,47.61447,-122.34101,2013,1.0,24,295754,0,295754,"Multifamily Housing, Parking, Restaurant",Multifamily Housing,241268.0,Parking,50236.0,Restaurant,4532.0,55.0,10055690.0,False,251.43,0.85,Multi-usages,3,0.0,1.0,1,3
2016,Multifamily MR (5-9),Mid-Rise Multifamily,3,EAST,47.62265,-122.32616,2013,1.0,6,24457,0,24457,"Multifamily Housing, Parking",Multifamily Housing,37618.0,Parking,6936.0,,,100.0,1048781.0,False,24.7,1.01,Multi-usages,3,0.0,1.0,1,2
2016,Multifamily MR (5-9),Mid-Rise Multifamily,3,EAST,47.61506,-122.31315,2013,1.0,6,51424,0,51424,"Multifamily Housing, Parking",Multifamily Housing,51424.0,Parking,25920.0,,,99.0,1240924.625,False,9.86,0.19,Multi-usages,3,0.0,1.0,1,2
2016,NonResidential,K-12 School,3,EAST,47.61386,-122.32647,2014,1.0,2,35780,0,35780,K-12 School,K-12 School,38000.0,,,,,22.0,2912264.0,False,51.59,1.44,Mono-usage,2,0.0,1.0,0,1
2016,Multifamily MR (5-9),Mid-Rise Multifamily,6,NORTHWEST,47.70314,-122.35604,2013,3.0,5,198202,0,198202,"Multifamily Housing, Parking, Swimming Pool",Multifamily Housing,198202.0,Parking,61291.0,Swimming Pool,0.0,100.0,6413181.5,False,176.88,0.89,Multi-usages,3,0.0,1.0,1,3
2016,NonResidential,Large Office,7,MAGNOLIA / QUEEN ANNE,47.63449,-122.37661,2013,1.0,3,105061,28217,76844,"Office, Parking",Office,83533.0,Parking,28217.0,,,100.0,1363191.625,False,9.5,0.09,Multi-usages,3,0.2685773027098542,0.7314226972901458,1,2
2016,Multifamily MR (5-9),Mid-Rise Multifamily,1,DELRIDGE,47.56709,-122.36488,2013,1.0,6,227672,0,227672,Multifamily Housing,Multifamily Housing,227672.0,,,,,70.0,5258024.5,False,49.26,0.22,Mono-usage,3,0.0,1.0,0,1
2016,NonResidential,Small- and Mid-Sized Office,3,DOWNTOWN,47.59666,-122.31253,2013,1.0,3,62662,14989,47673,Office,Office,47000.0,,,,,67.0,2502131.0,False,20.1,0.32,Mono-usage,3,0.2392039832753502,0.7607960167246497,0,1
2016,Multifamily LR (1-4),Low-Rise Multifamily,4,LAKE UNION,47.65701,-122.34269,2013,1.0,4,28200,0,28200,"Multifamily Housing, Parking",Multifamily Housing,26000.0,Parking,686.0,,,26.0,784329.5,False,5.47,0.19,Multi-usages,3,0.0,1.0,1,2
2016,Multifamily LR (1-4),Low-Rise Multifamily,6,BALLARD,47.67758,-122.37702,2013,1.0,4,83999,0,83999,Multifamily Housing,Multifamily Housing,83999.0,,,,,93.0,2330242.0,False,57.59,0.69,Mono-usage,3,0.0,1.0,0,1
2016,NonResidential,Hotel,6,BALLARD,47.66629,-122.3826,2013,1.0,4,62381,22948,39433,"Hotel, Parking, Swimming Pool",Hotel,60245.0,Parking,26067.0,Swimming Pool,0.0,62.0,3497215.5,False,24.38,0.39,Multi-usages,3,0.3678684214744874,0.6321315785255126,1,3
2016,Multifamily LR (1-4),Low-Rise Multifamily,5,NORTHWEST,47.70656,-122.35521,2013,1.0,4,49970,0,49970,Multifamily Housing,Multifamily Housing,37419.0,,,,,61.0,1237252.75,False,8.63,0.17,Mono-usage,3,0.0,1.0,0,1
2016,Multifamily HR (10+),High-Rise Multifamily,7,DOWNTOWN,47.6147,-122.35238,2013,1.0,13,161722,0,161722,"Multifamily Housing, Parking",Multifamily Housing,133588.0,Parking,14406.0,,,71.0,4634655.0,False,77.29,0.48,Multi-usages,3,0.0,1.0,1,2
2016,Multifamily MR (5-9),Mid-Rise Multifamily,4,NORTHEAST,47.66249,-122.31565,2013,2.0,7,305925,0,305925,"Multifamily Housing, Parking",Multifamily Housing,305925.0,Parking,135794.0,,,100.0,7545909.5,False,138.79,0.45,Multi-usages,3,0.0,1.0,1,2
2016,Multifamily LR (1-4),Low-Rise Multifamily,3,Central,47.62422,-122.30691,2013,1.0,4,61558,0,61558,"Multifamily Housing, Parking, Restaurant, Retail Store",Multifamily Housing,42235.0,Parking,13252.0,Restaurant,4086.0,,1327353.25,False,20.58,0.33,Multi-usages,3,0.0,1.0,1,4
2016,Multifamily LR (1-4),Low-Rise Multifamily,7,MAGNOLIA / QUEEN ANNE,47.62365,-122.35832,2013,1.0,4,29158,0,29158,"Multifamily Housing, Parking",Multifamily Housing,31325.0,Parking,6666.0,,,100.0,812587.875,False,21.18,0.73,Multi-usages,3,0.0,1.0,1,2
2016,Multifamily LR (1-4),Low-Rise Multifamily,2,SOUTHEAST,47.53347,-122.26948,2013,1.0,4,87958,0,87958,"Multifamily Housing, Parking",Multifamily Housing,94357.0,Parking,23645.0,,,95.0,2606130.75,False,67.17,0.76,Multi-usages,3,0.0,1.0,1,2
2016,NonResidential,Senior Care Community,3,Central,47.61885,-122.30341,2013,1.0,6,79805,0,79805,"Parking, Senior Care Community",Senior Care Community,79805.0,Parking,7000.0,,,25.0,7531325.0,False,184.81,2.32,Multi-usages,3,0.0,1.0,1,2
2016,Multifamily LR (1-4),Low-Rise Multifamily,3,EAST,47.61677,-122.31721,2013,1.0,4,23397,0,23397,Multifamily Housing,Multifamily Housing,23397.0,,,,,,806398.1875,False,17.81,0.76,Mono-usage,3,0.0,1.0,0,1
2016,NonResidential,K-12 School,5,NORTHWEST,47.73143,-122.32784,2014,1.0,2,48925,0,48925,K-12 School,K-12 School,63500.0,,,,,82.0,1662054.125,False,22.76,0.47,Mono-usage,2,0.0,1.0,0,1
2016,Multifamily MR (5-9),Mid-Rise Multifamily,7,LAKE UNION,47.62336,-122.33085,2013,1.0,7,229742,0,229742,"Multifamily Housing, Parking",Multifamily Housing,176814.0,Parking,53760.0,,,93.0,5987079.0,False,142.48,0.62,Multi-usages,3,0.0,1.0,1,2
2016,Nonresidential COS,Other,7,MAGNOLIA / QUEEN ANNE,47.62082,-122.35251,1962,0.0,1,29000,0,29000,Other,Other,25100.0,,,,,,2429214.0,False,54.98,1.9,Mono-usage,54,0.0,1.0,0,1
2016,NonResidential,Other,4,NORTHEAST,47.66246,-122.29898,2013,1.0,6,305025,239252,65773,"Lifestyle Center, Medical Office",Lifestyle Center,318986.0,Medical Office,19909.0,,,,25959642.0,False,809.76,2.65,Multi-usages,3,0.7843684943857061,0.2156315056142939,1,2
2016,Multifamily LR (1-4),Low-Rise Multifamily,3,CENTRAL,47.59316,-122.30843,2014,1.0,4,122941,0,122941,"Multifamily Housing, Parking",Multifamily Housing,60545.0,Parking,48300.0,,,94.0,2014148.0,False,14.04,0.11,Multi-usages,2,0.0,1.0,1,2
2016,NonResidential,Large Office,2,GREATER DUWAMISH,47.58872,-122.33475,2014,1.0,7,333714,146687,187027,"Office, Parking",Office,191333.0,Parking,133432.0,,,,4581493.0,False,42.2,0.13,Multi-usages,2,0.4395590235950544,0.5604409764049455,1,2
2016,Multifamily MR (5-9),Mid-Rise Multifamily,7,LAKE UNION,47.62415,-122.33286,2014,1.0,7,145716,0,145716,"Multifamily Housing, Parking",Multifamily Housing,114187.0,Parking,31540.0,,,98.0,3276819.0,False,75.96,0.52,Multi-usages,2,0.0,1.0,1,2
2016,Multifamily LR (1-4),Low-Rise Multifamily,6,LAKE UNION,47.65889,-122.34776,2014,1.0,4,34723,0,34723,Multifamily Housing,Multifamily Housing,34723.0,,,,,57.0,1696024.5,False,30.72,0.88,Mono-usage,2,0.0,1.0,0,1
2016,Multifamily MR (5-9),Mid-Rise Multifamily,3,EAST,47.62328,-122.32377,2014,1.0,6,55113,0,55113,"Multifamily Housing, Parking",Multifamily Housing,42064.0,Parking,13049.0,,,99.0,1199392.0,False,8.36,0.15,Multi-usages,2,0.0,1.0,1,2
2016,Multifamily MR (5-9),Mid-Rise Multifamily,7,MAGNOLIA / QUEEN ANNE,47.64787,-122.37841,2014,1.0,7,209583,0,209583,Multifamily Housing,Multifamily Housing,274000.0,,,,,96.0,5590266.5,False,124.68,0.59,Mono-usage,2,0.0,1.0,0,1
2016,NonResidential,Other,2,GREATER DUWAMISH,47.5843,-122.32229,2014,1.0,2,56988,0,56988,"Automobile Dealership, Parking",Automobile Dealership,24520.0,Parking,0.0,,,,544172.375,False,16.13,0.28,Multi-usages,2,0.0,1.0,1,2
2016,Multifamily HR (10+),High-Rise Multifamily,7,DOWNTOWN,47.61105,-122.34091,2014,1.0,25,237186,0,237186,"Multifamily Housing, Parking",Multifamily Housing,180993.0,Parking,72704.0,,,34.0,11951945.0,False,280.35,1.18,Multi-usages,2,0.0,1.0,1,2
2016,Multifamily LR (1-4),Low-Rise Multifamily,3,EAST,47.62993,-122.32054,2014,1.0,3,93179,0,93179,"Multifamily Housing, Parking",Multifamily Housing,63663.0,Parking,29516.0,,,93.0,2115666.0,False,52.55,0.56,Multi-usages,2,0.0,1.0,1,2
2016,Multifamily MR (5-9),Mid-Rise Multifamily,6,NORTHWEST,47.68055,-122.32337,2014,4.0,6,292376,0,292376,"Multifamily Housing, Parking, Supermarket/Grocery Store",Multifamily Housing,225965.0,Supermarket/Grocery Store,51663.0,Parking,29096.0,100.0,10084950.0,False,265.63,0.91,Multi-usages,2,0.0,1.0,1,3
2016,Multifamily MR (5-9),Mid-Rise Multifamily,1,SOUTHWEST,47.56271,-122.38516,2014,1.0,7,137068,0,137068,"Multifamily Housing, Parking",Multifamily Housing,70584.0,Parking,32578.0,,,98.0,3048317.5,False,77.99,0.57,Multi-usages,2,0.0,1.0,1,2
2016,Multifamily MR (5-9),Mid-Rise Multifamily,3,EAST,47.61499,-122.31795,2014,1.0,7,103100,3400,99700,"Bar/Nightclub, Multifamily Housing, Parking",Multifamily Housing,61582.0,Parking,11390.0,Bar/Nightclub,5170.0,76.0,3344833.0,False,93.31,0.91,Multi-usages,2,0.0329776915615906,0.9670223084384092,1,3
2016,Multifamily MR (5-9),Mid-Rise Multifamily,5,NORTH,47.73123,-122.29307,2014,3.0,6,447915,0,447915,"Multifamily Housing, Parking, Retail Store",Multifamily Housing,302864.0,Parking,135759.0,Retail Store,9680.0,100.0,8437401.0,False,197.27,0.44,Multi-usages,2,0.0,1.0,1,3
2016,Multifamily MR (5-9),Mid-Rise Multifamily,4,NORTHEAST,47.67435,-122.31644,2014,1.0,6,84891,0,84891,"Multifamily Housing, Parking",Multifamily Housing,94250.0,Parking,13442.0,,,100.0,2324764.0,False,62.23,0.73,Multi-usages,2,0.0,1.0,1,2
2016,Multifamily MR (5-9),Mid-Rise Multifamily,7,DOWNTOWN,47.61408,-122.34428,2014,1.0,7,47343,0,47343,"Multifamily Housing, Parking",Multifamily Housing,47343.0,Parking,0.0,,,98.0,1430356.75,False,46.79,0.99,Multi-usages,2,0.0,1.0,1,2
2016,Multifamily MR (5-9),Mid-Rise Multifamily,2,GREATER DUWAMISH,47.57703,-122.29751,2014,1.0,5,78756,0,78756,Multifamily Housing,Multifamily Housing,55751.0,,,,,63.0,1784796.5,False,22.23,0.28,Mono-usage,2,0.0,1.0,0,1
2016,Multifamily MR (5-9),Mid-Rise Multifamily,6,BALLARD,47.66927,-122.37683,2014,1.0,8,439262,0,439262,"Multifamily Housing, Parking, Retail Store",Multifamily Housing,275443.0,Parking,181729.0,Retail Store,16415.0,99.0,9341427.0,False,181.67,0.41,Multi-usages,2,0.0,1.0,1,3
2016,Multifamily MR (5-9),Mid-Rise Multifamily,3,EAST,47.61272,-122.31761,2014,1.0,6,123075,31916,91159,"Multifamily Housing, Parking",Multifamily Housing,82627.0,Parking,32227.0,,,95.0,2759071.5,False,65.35,0.53,Multi-usages,2,0.2593215518992484,0.7406784481007516,1,2
2016,Campus,University,2,GREATER DUWAMISH,47.54193,-122.32404,2007,4.0,2,149856,0,149856,College/University,College/University,149856.0,,,,,,6335315.5,False,107.29,0.72,Mono-usage,9,0.0,1.0,0,1
2016,NonResidential,Other,1,DELRIDGE,47.51377011,-122.3432804,2010,1.0,2,44162,0,44162,"Parking, Pre-school/Daycare",Pre-school/Daycare,44162.0,Parking,15761.0,,,,1546484.875,False,38.13,0.86,Multi-usages,6,0.0,1.0,1,2
2016,Nonresidential COS,Other,2,SOUTHEAST,47.52472,-122.27074,2013,1.0,1,53775,0,53775,"Fitness Center/Health Club/Gym, Office, Other - Education, Other - Recreation, Other - Technology/Science, Pre-school/Daycare, Swimming Pool",Other - Recreation,35361.0,Fitness Center/Health Club/Gym,12689.0,Office,2110.0,,12095818.0,False,457.51,8.51,Multi-usages,3,0.0,1.0,1,7
2016,Multifamily MR (5-9),Mid-Rise Multifamily,2,GREATER DUWAMISH,47.57883,-122.31105,2014,1.0,6,45167,0,45167,"Multifamily Housing, Other - Restaurant/Bar, Parking, Restaurant",Multifamily Housing,36297.0,Parking,6824.0,Other - Restaurant/Bar,1144.0,93.0,1118490.0,False,23.37,0.52,Multi-usages,2,0.0,1.0,1,4
2016,Multifamily HR (10+),High-Rise Multifamily,7,EAST,47.60967,-122.32977,2014,1.0,32,434839,0,434839,Multifamily Housing,Multifamily Housing,257347.0,,,,,47.0,11962615.0,False,221.47,0.51,Mono-usage,2,0.0,1.0,0,1
2016,Multifamily HR (10+),High-Rise Multifamily,7,DOWNTOWN,47.61834,-122.34832,2014,1.0,13,201839,0,201839,"Multifamily Housing, Parking",Multifamily Housing,132698.0,Parking,57024.0,,,84.0,5887101.5,False,130.6,0.65,Multi-usages,2,0.0,1.0,1,2
2016,Multifamily MR (5-9),Mixed Use Property,7,MAGNOLIA / QUEEN ANNE,47.63664,-122.35655,2014,1.0,5,233528,0,233528,"Multifamily Housing, Parking, Retail Store, Supermarket/Grocery Store",Multifamily Housing,110728.0,Parking,79579.0,Supermarket/Grocery Store,23794.0,100.0,3590731.0,False,107.51,0.46,Multi-usages,2,0.0,1.0,1,4
2016,NonResidential,Small- and Mid-Sized Office,3,EAST,47.61438,-122.32174,1912,0.0,2,64820,0,64820,"Movie Theater, Office, Vocational School",Office,37668.0,Movie Theater,11500.0,Vocational School,10000.0,,2274296.75,False,29.4,0.45,Multi-usages,104,0.0,1.0,1,3
2016,NonResidential,University,3,EAST,47.61699,-122.32083,1993,1.0,2,99765,0,99765,College/University,College/University,99765.0,,,,,,3185005.25,False,74.3,0.74,Mono-usage,23,0.0,1.0,0,1
2016,NonResidential,University,3,EAST,47.61748356,-122.321853,1925,1.0,3,428347,0,428347,College/University,College/University,472384.0,,,,,,37022180.0,False,1280.81,2.99,Mono-usage,91,0.0,1.0,0,1
2016,Multifamily MR (5-9),Mid-Rise Multifamily,7,DOWNTOWN,47.61283,-122.34884,2014,1.0,7,135643,0,135643,"Multifamily Housing, Parking",Multifamily Housing,104860.0,Parking,25898.0,,,98.0,3165129.5,False,68.04,0.5,Multi-usages,2,0.0,1.0,1,2
2016,Multifamily LR (1-4),Low-Rise Multifamily,4,NORTHEAST,47.6779,-122.26166,2013,1.0,2,31928,0,31928,Multifamily Housing,Multifamily Housing,31928.0,,,,,35.0,1075019.375,False,7.49,0.23,Mono-usage,3,0.0,1.0,0,1
2016,NonResidential,Hospital,3,EAST,47.60986,-122.32774,1920,1.0,8,374466,0,374466,Hospital (General Medical & Surgical),Hospital (General Medical & Surgical),1010135.0,,,,,74.0,163945984.0,False,6330.91,16.91,Mono-usage,96,0.0,1.0,0,1
2016,Multifamily LR (1-4),Low-Rise Multifamily,7,DOWNTOWN,47.60994,-122.34234,1904,1.0,3,49000,0,49000,"Food Sales, Multifamily Housing, Restaurant, Retail Store",Multifamily Housing,21600.0,Food Sales,5663.0,Retail Store,4027.0,,4602793.5,False,78.39,1.6,Multi-usages,112,0.0,1.0,1,4
2016,Multifamily MR (5-9),Mixed Use Property,7,DOWNTOWN,47.60947,-122.34107,1983,1.0,5,66460,0,66460,"Bar/Nightclub, Multifamily Housing, Other - Restaurant/Bar, Restaurant, Retail Store",Multifamily Housing,31964.0,Retail Store,9631.0,Bar/Nightclub,9309.0,,5826745.0,False,190.05,2.86,Multi-usages,33,0.0,1.0,1,5
2016,NonResidential,Senior Care Community,7,DOWNTOWN,47.60898,-122.34213,1989,1.0,3,197395,156000,41395,"Office, Other - Public Services, Personal Services (Health/Beauty, Dry Cleaning, etc), Senior Care Community",Senior Care Community,38800.0,Other - Public Services,3650.0,Office,586.0,,2737534.5,False,58.28,0.3,Multi-usages,27,0.7902935737987284,0.2097064262012715,1,6
2016,NonResidential,Supermarket / Grocery Store,6,BALLARD,47.67034,-122.3873,2010,1.0,8,41198,0,41198,Supermarket/Grocery Store,Supermarket/Grocery Store,41198.0,,,,,44.0,7768057.5,False,82.58,2.0,Mono-usage,6,0.0,1.0,0,1
2016,Multifamily MR (5-9),Mid-Rise Multifamily,6,BALLARD,47.66915,-122.37458,2013,1.0,6,317814,0,317814,Multifamily Housing,Multifamily Housing,228426.0,,,,,97.0,6839997.5,False,167.48,0.53,Mono-usage,3,0.0,1.0,0,1
2016,Nonresidential COS,Other,2,GREATER DUWAMISH,47.59523,-122.32334,2014,1.0,1,20993,0,20993,"Repair Services (Vehicle, Shoe, Locksmith, etc)","Repair Services (Vehicle, Shoe, Locksmith, etc)",20983.0,,,,,,923812.8125,False,10.8,0.51,Mono-usage,2,0.0,1.0,1,4
2016,Multifamily MR (5-9),Mid-Rise Multifamily,3,EAST,47.61328,-122.31879,2014,2.0,7,278554,37424,241130,Multifamily Housing,Multifamily Housing,278554.0,Parking,37424.0,Retail Store,12899.0,100.0,6352846.5,False,159.16,0.57,Multi-usages,2,0.1343509696504089,0.8656490303495911,0,1
2016,Multifamily MR (5-9),Mid-Rise Multifamily,7,MAGNOLIA / QUEEN ANNE,47.6249,-122.36553,2014,1.0,5,118344,0,118344,"Multifamily Housing, Parking",Multifamily Housing,98675.0,Parking,17973.0,,,91.0,2309007.25,False,16.1,0.14,Multi-usages,2,0.0,1.0,1,2
2016,NonResidential,Other,2,SOUTHEAST,47.5626,-122.29396,2009,1.0,0,40265,0,40265,Pre-school/Daycare,Pre-school/Daycare,40265.0,,,,,,2159170.25,False,51.39,1.28,Mono-usage,7,0.0,1.0,0,1
2016,Campus,University,4,NORTHEAST,47.65644,-122.31041,1900,111.0,0,9320156,0,9320156,College/University,College/University,9320156.0,,,,,,873923712.0,False,11140.56,1.2,Mono-usage,116,0.0,1.0,0,1
2016,NonResidential,University,4,NORTHEAST,47.65395,-122.30584,1969,1.0,4,58779,0,58779,College/University,College/University,58779.0,,,,,,5000717.0,False,25.93,0.44,Mono-usage,47,0.0,1.0,0,1
2016,NonResidential,Residence Hall,4,NORTHEAST,47.65718,-122.31632,2011,1.0,0,176225,0,176225,"Parking, Residence Hall/Dormitory",Residence Hall/Dormitory,176225.0,Parking,24000.0,,,91.0,4926695.0,False,103.65,0.59,Multi-usages,5,0.0,1.0,1,2
2016,NonResidential,University,4,NORTHEAST,47.65356,-122.30613,1998,1.0,6,203030,0,203030,College/University,College/University,203030.0,,,,,,51168308.0,False,199.48,0.98,Mono-usage,18,0.0,1.0,0,1
2016,NonResidential,Residence Hall,4,NORTHEAST,47.65577,-122.3153,1953,1.0,0,166991,0,166991,Residence Hall/Dormitory,Residence Hall/Dormitory,166991.0,,,,,19.0,15965859.0,False,437.2,2.62,Mono-usage,63,0.0,1.0,0,1
2016,NonResidential,Residence Hall,4,NORTHEAST,47.65447,-122.31733,1970,1.0,0,89392,0,89392,Residence Hall/Dormitory,Residence Hall/Dormitory,89392.0,,,,,16.0,6960904.5,False,48.53,0.54,Mono-usage,46,0.0,1.0,0,1
2016,NonResidential,Residence Hall,4,NORTHEAST,47.65176,-122.30756,2011,1.0,0,97040,0,97040,Residence Hall/Dormitory,Residence Hall/Dormitory,97040.0,,,,,69.0,3894142.5,False,62.41,0.64,Mono-usage,5,0.0,1.0,0,1
2016,NonResidential,Large Office,7,LAKE UNION,47.62384,-122.33941,2014,1.0,6,427181,0,427181,"Office, Parking",Office,427181.0,Parking,169195.0,,,99.0,16371039.0,False,213.7,0.5,Multi-usages,2,0.0,1.0,1,2
2016,Multifamily MR (5-9),Residence Hall,7,MAGNOLIA / QUEEN ANNE,47.65021,-122.36504,2015,1.0,5,69451,0,69451,"Parking, Residence Hall/Dormitory",Residence Hall/Dormitory,46828.0,Parking,23084.0,,,94.0,1603730.25,False,43.06,0.62,Multi-usages,1,0.0,1.0,1,2
2016,Multifamily LR (1-4),Senior Care Community,6,NORTHWEST,47.67747,-122.32688,2015,1.0,4,47711,0,47711,"Parking, Senior Care Community",Senior Care Community,47711.0,Parking,9052.0,,,99.0,1215698.75,False,28.94,0.61,Multi-usages,1,0.0,1.0,1,2
2016,Multifamily MR (5-9),Mid-Rise Multifamily,3,EAST,47.61329,-122.31981,2015,1.0,6,107556,0,107556,"Multifamily Housing, Parking",Multifamily Housing,70535.0,Parking,25400.0,,,56.0,2711776.5,False,18.9,0.18,Multi-usages,1,0.0,1.0,1,2
2016,Multifamily LR (1-4),Low-Rise Multifamily,5,NORTH,47.71986,-122.29297,2015,1.0,4,20128,0,20128,Multifamily Housing,Multifamily Housing,21019.0,,,,,30.0,619545.125,False,4.32,0.21,Mono-usage,1,0.0,1.0,0,1
2016,Multifamily HR (10+),High-Rise Multifamily,2,DOWNTOWN,47.59785,-122.33235,2014,1.0,26,619416,0,619416,"Multifamily Housing, Parking, Retail Store",Multifamily Housing,430927.0,Parking,128823.0,Retail Store,16103.0,89.0,23853556.0,False,691.57,1.12,Multi-usages,2,0.0,1.0,1,3
2016,Multifamily HR (10+),High-Rise Multifamily,7,DOWNTOWN,47.61679,-122.3489,2014,1.0,26,269065,0,269065,"Multifamily Housing, Parking",Multifamily Housing,193927.0,Parking,75138.0,,,92.0,8052614.5,False,175.44,0.65,Multi-usages,2,0.0,1.0,1,2
2016,Multifamily MR (5-9),Mid-Rise Multifamily,3,EAST,47.62543,-122.32691,2013,3.0,6,83296,0,83296,"Food Service, Multifamily Housing, Parking",Multifamily Housing,51785.0,Parking,13085.0,Food Service,837.0,83.0,1957505.75,False,42.81,0.51,Multi-usages,3,0.0,1.0,1,3
2016,Multifamily LR (1-4),Low-Rise Multifamily,7,MAGNOLIA / QUEEN ANNE,47.64771,-122.37697,2014,1.0,4,112264,0,112264,Multifamily Housing,Multifamily Housing,88304.0,,,,,62.0,2549649.75,False,17.77,0.16,Mono-usage,2,0.0,1.0,0,1
2016,NonResidential,Self-Storage Facility,2,SOUTHEAST,47.57054,-122.29139,2014,1.0,4,101580,14004,87576,Self-Storage Facility,Self-Storage Facility,87576.0,,,,,,940844.6875,False,9.91,0.1,Mono-usage,2,0.1378617838157117,0.8621382161842882,0,1
2016,Multifamily MR (5-9),Mid-Rise Multifamily,7,LAKE UNION,47.62006,-122.34733,2014,1.0,7,94909,0,94909,"Multifamily Housing, Parking",Multifamily Housing,67708.0,Parking,26243.0,,,97.0,2483074.25,False,59.33,0.63,Multi-usages,2,0.0,1.0,1,2
2016,Multifamily MR (5-9),Mid-Rise Multifamily,7,DOWNTOWN,47.61357,-122.33249,2014,1.0,7,74509,0,74509,"Multifamily Housing, Parking",Multifamily Housing,53768.0,Parking,6857.0,,,20.0,4216639.5,False,184.15,2.47,Multi-usages,2,0.0,1.0,1,2
2016,Multifamily MR (5-9),Mid-Rise Multifamily,3,EAST,47.61488,-122.31442,2013,1.0,7,118800,0,118800,"Multifamily Housing, Parking",Multifamily Housing,80262.0,Parking,30528.0,,,71.0,4423607.0,False,127.53,1.07,Multi-usages,3,0.0,1.0,1,2
2016,NonResidential,Other,4,NORTHEAST,47.66414,-122.31664,2014,1.0,3,33648,0,33648,"Automobile Dealership, Parking",Parking,83600.0,Automobile Dealership,39000.0,,,,1399581.625,False,9.76,0.29,Multi-usages,2,0.0,1.0,1,2
2016,Multifamily LR (1-4),Low-Rise Multifamily,4,NORTHEAST,47.65725,-122.32007,2014,1.0,4,21267,0,21267,"Multifamily Housing, Parking",Multifamily Housing,19633.0,Parking,3765.0,,,100.0,728167.0,False,17.8,0.84,Multi-usages,2,0.0,1.0,1,2
2016,Multifamily MR (5-9),Mid-Rise Multifamily,4,NORTHEAST,47.65641,-122.32126,2014,1.0,5,30649,0,30649,Multifamily Housing,Multifamily Housing,24520.0,,,,,100.0,1038351.875,False,34.11,1.11,Mono-usage,2,0.0,1.0,0,1
2016,Multifamily MR (5-9),Mid-Rise Multifamily,6,BALLARD,47.6704,-122.38277,2014,1.0,6,39286,0,39286,Multifamily Housing,Multifamily Housing,24380.0,,,,,14.0,1392299.75,False,9.71,0.25,Mono-usage,2,0.0,1.0,0,1
2016,Multifamily MR (5-9),Mixed Use Property,3,EAST,47.61605,-122.3165,2012,1.0,6,158967,0,158967,"Multifamily Housing, Office, Other, Parking, Performing Arts, Restaurant",Multifamily Housing,68575.0,Parking,43408.0,Office,24879.0,55.0,5832666.5,False,123.99,0.78,Multi-usages,4,0.0,1.0,1,6
2016,Multifamily MR (5-9),Mid-Rise Multifamily,4,NORTHEAST,47.65713,-122.31527,2014,2.0,7,42905,0,42905,Multifamily Housing,Multifamily Housing,31939.0,,,,,95.0,1649327.625,False,33.09,0.77,Mono-usage,2,0.0,1.0,0,1
2016,Multifamily MR (5-9),Mid-Rise Multifamily,3,EAST,47.61986,-122.32381,2014,1.0,7,85647,0,85647,"Multifamily Housing, Parking",Multifamily Housing,72528.0,Parking,13119.0,,,7.0,4135280.25,False,64.39,0.75,Multi-usages,2,0.0,1.0,1,2
2016,Multifamily LR (1-4),Senior Care Community,2,SOUTHEAST,47.57113,-122.29048,2014,1.0,4,45892,0,45892,Senior Care Community,Senior Care Community,45892.0,,,,,99.0,1904641.75,False,30.41,0.66,Mono-usage,2,0.0,1.0,0,1
2016,Multifamily HR (10+),High-Rise Multifamily,7,DOWNTOWN,47.61324,-122.33223,2014,1.0,41,499477,0,499477,"Multifamily Housing, Parking, Restaurant",Multifamily Housing,307810.0,Parking,100000.0,,,40.0,20657852.0,False,622.23,1.25,Multi-usages,2,0.0,1.0,1,3
2016,Multifamily MR (5-9),Mid-Rise Multifamily,5,NORTHEAST,47.69087,-122.30629,2014,1.0,6,26198,0,26198,Multifamily Housing,Multifamily Housing,16550.0,,,,,100.0,1060818.25,False,40.99,1.56,Mono-usage,2,0.0,1.0,0,1
2016,Multifamily MR (5-9),Mid-Rise Multifamily,6,BALLARD,47.66895,-122.38881,2014,1.0,7,418285,0,418285,"Multifamily Housing, Parking",Multifamily Housing,418277.0,Parking,127633.0,,,100.0,8374301.0,False,172.46,0.41,Multi-usages,2,0.0,1.0,1,2
2016,Multifamily MR (5-9),Mid-Rise Multifamily,7,MAGNOLIA / QUEEN ANNE,47.62366,-122.3603,2014,1.0,5,70191,0,70191,"Multifamily Housing, Parking",Multifamily Housing,70191.0,Parking,26287.0,,,98.0,2152312.5,False,49.89,0.71,Multi-usages,2,0.0,1.0,1,2
2016,Multifamily MR (5-9),Mid-Rise Multifamily,4,NORTHEAST,47.66224,-122.31989,2014,1.0,7,82087,0,82087,"Multifamily Housing, Parking",Multifamily Housing,82087.0,Parking,25194.0,,,100.0,1747090.375,False,12.18,0.15,Multi-usages,2,0.0,1.0,1,2
2016,Multifamily MR (5-9),Mid-Rise Multifamily,7,MAGNOLIA / QUEEN ANNE,47.6213,-122.35622,2014,1.0,8,31990,0,31990,Multifamily Housing,Multifamily Housing,31990.0,,,,,98.0,1072487.875,False,27.71,0.87,Mono-usage,2,0.0,1.0,0,1
2016,Multifamily MR (5-9),Mid-Rise Multifamily,3,EAST,47.62266,-122.32501,2015,1.0,7,33625,0,33625,Multifamily Housing,Multifamily Housing,33753.0,,,,,97.0,974940.375,False,22.5,0.67,Mono-usage,1,0.0,1.0,0,1
2016,Multifamily MR (5-9),Mid-Rise Multifamily,3,EAST,47.62301,-122.32337,2015,1.0,5,22455,0,22455,Multifamily Housing,Multifamily Housing,21600.0,,,,,95.0,689373.8125,False,4.81,0.21,Mono-usage,1,0.0,1.0,0,1
2016,Multifamily LR (1-4),Low-Rise Multifamily,4,LAKE UNION,47.65155,-122.34434,2014,1.0,4,182378,0,182378,"Multifamily Housing, Parking",Multifamily Housing,182378.0,Parking,44800.0,,,100.0,4249212.0,False,115.73,0.63,Multi-usages,2,0.0,1.0,1,2
2016,Multifamily MR (5-9),Mid-Rise Multifamily,5,NORTH,47.70833,-122.32203,2014,1.0,5,313595,92315,221280,"Multifamily Housing, Parking",Multifamily Housing,163984.0,Parking,60000.0,,,87.0,7338641.5,False,163.02,0.52,Multi-usages,2,0.294376504727435,0.705623495272565,1,2
2016,NonResidential,Small- and Mid-Sized Office,3,EAST,47.61371,-122.31774,2015,1.0,5,37873,0,37873,"Multifamily Housing, Office, Parking, Restaurant, Retail Store",Office,25927.0,Parking,5834.0,Multifamily Housing,5160.0,,2346692.5,False,65.01,1.72,Multi-usages,1,0.0,1.0,1,5
2016,Multifamily MR (5-9),Mid-Rise Multifamily,3,EAST,47.61932,-122.32184,2014,1.0,7,62049,0,62049,"Multifamily Housing, Parking",Multifamily Housing,30480.0,Parking,16810.0,,,91.0,1066276.75,False,9.0,0.15,Multi-usages,2,0.0,1.0,1,2
2016,Multifamily LR (1-4),Low-Rise Multifamily,3,EAST,47.61975,-122.31467,2014,1.0,4,43566,0,43566,"Multifamily Housing, Parking",Multifamily Housing,43566.0,Parking,8602.0,,,62.0,1163324.75,False,8.11,0.19,Multi-usages,2,0.0,1.0,1,2
2016,Multifamily HR (10+),High-Rise Multifamily,7,DOWNTOWN,47.61428,-122.35056,2014,1.0,12,123686,0,123686,"Multifamily Housing, Parking",Multifamily Housing,152301.0,Parking,0.0,,,77.0,4524791.0,False,86.99,0.7,Multi-usages,2,0.0,1.0,1,2
2016,Multifamily MR (5-9),Mid-Rise Multifamily,2,SOUTHEAST,47.55926,-122.28654,2015,1.0,6,283479,0,283479,"Multifamily Housing, Parking",Multifamily Housing,165828.0,Parking,86340.0,,,100.0,6821833.0,False,238.78,0.84,Multi-usages,1,0.0,1.0,1,2
2016,NonResidential,Large Office,7,MAGNOLIA / QUEEN ANNE,47.62906,-122.34259,2015,1.0,10,513816,0,513816,"Office, Parking, Restaurant",Office,359040.0,Parking,151658.0,Restaurant,1087.0,,18760766.0,False,214.19,0.42,Multi-usages,1,0.0,1.0,1,3
2016,Multifamily MR (5-9),Mid-Rise Multifamily,7,LAKE UNION,47.62001,-122.34196,2014,1.0,6,81993,0,81993,"Multifamily Housing, Office",Multifamily Housing,63596.0,Office,6354.0,,,84.0,2530075.25,False,63.87,0.78,Multi-usages,2,0.0,1.0,1,2
2016,NonResidential,Hotel,7,DOWNTOWN,47.61665,-122.33261,2015,1.0,14,144614,0,144614,Hotel,Hotel,159500.0,,,,,89.0,5525072.5,False,50.32,0.35,Mono-usage,1,0.0,1.0,0,1
2016,NonResidential,Large Office,7,LAKE UNION,47.62146,-122.33976,2014,1.0,12,480702,163260,317442,"Office, Parking",Office,341897.0,Parking,136594.0,,,99.0,12720069.0,False,147.14,0.31,Multi-usages,2,0.3396282936205799,0.6603717063794201,1,2
2016,NonResidential,Mixed Use Property,7,MAGNOLIA / QUEEN ANNE,47.66144,-122.38723,2014,1.0,2,25532,0,25532,"Office, Repair Services (Vehicle, Shoe, Locksmith, etc)",Office,11745.0,"Repair Services (Vehicle, Shoe, Locksmith, etc)",11745.0,,,,627854.125,False,4.38,0.17,Multi-usages,2,0.0,1.0,1,5
2016,NonResidential,Other,2,GREATER DUWAMISH,47.58542,-122.32185,2015,1.0,2,108036,0,108036,"Automobile Dealership, Parking",Parking,202171.0,Automobile Dealership,108036.0,,,,4991893.5,False,91.98,0.85,Multi-usages,1,0.0,1.0,1,2
2016,Multifamily MR (5-9),Mid-Rise Multifamily,1,SOUTHWEST,47.56081,-122.38589,2015,2.0,6,271922,75134,196788,"Multifamily Housing, Parking",Multifamily Housing,181589.0,Parking,70493.0,,,87.0,7682562.5,False,205.45,0.76,Multi-usages,1,0.2763071763226219,0.7236928236773781,1,2
2016,NonResidential,Large Office,7,LAKE UNION,47.62263,-122.33976,2015,1.0,12,483397,166208,317189,"Office, Parking",Office,342173.0,Parking,147597.0,,,98.0,13998638.0,False,202.12,0.42,Multi-usages,1,0.3438333295407295,0.6561666704592706,1,2
2016,Multifamily MR (5-9),Mid-Rise Multifamily,7,LAKE UNION,47.62383,-122.33143,2014,1.0,8,110964,0,110964,"Multifamily Housing, Parking",Multifamily Housing,104384.0,Parking,27261.0,,,98.0,3220534.0,False,74.88,0.67,Multi-usages,2,0.0,1.0,1,2
2016,Multifamily MR (5-9),Mid-Rise Multifamily,6,BALLARD,47.66786,-122.38112,2014,2.0,7,318835,0,318835,"Multifamily Housing, Parking",Multifamily Housing,236227.0,Parking,82608.0,,,100.0,7180055.0,False,165.61,0.52,Multi-usages,2,0.0,1.0,1,2
2016,Multifamily LR (1-4),Low-Rise Multifamily,2,DOWNTOWN,47.5998,-122.32034,2000,1.0,4,44650,0,44650,Multifamily Housing,Multifamily Housing,44650.0,,,,,58.0,1248599.0,False,8.7,0.19,Mono-usage,16,0.0,1.0,0,1
2016,Multifamily MR (5-9),Mid-Rise Multifamily,3,EAST,47.61508,-122.32243,2015,1.0,7,92208,11837,80371,"Multifamily Housing, Parking, Retail Store",Multifamily Housing,82208.0,Retail Store,10000.0,Parking,9000.0,100.0,2015280.125,False,40.25,0.44,Multi-usages,1,0.1283728093007114,0.8716271906992885,1,3
2016,Nonresidential COS,Large Office,7,LAKE UNION,47.62251,-122.3339,2014,1.0,13,536697,197659,339038,"Office, Parking, Retail Store",Office,342838.0,Parking,202178.0,Retail Store,6313.200195,98.0,13239050.0,False,245.16,0.46,Multi-usages,2,0.3682878793807306,0.6317121206192693,1,3
2016,Multifamily MR (5-9),Mid-Rise Multifamily,4,NORTHEAST,47.65756,-122.31584,2014,2.0,7,42393,0,42393,Multifamily Housing,Multifamily Housing,31748.0,,,,,96.0,1625695.75,False,31.46,0.74,Mono-usage,2,0.0,1.0,0,1
2016,Multifamily MR (5-9),Mid-Rise Multifamily,3,EAST,47.60246,-122.31771,2015,1.0,6,128460,0,128460,Multifamily Housing,Multifamily Housing,128460.0,,,,,99.0,2127077.25,False,14.83,0.12,Mono-usage,1,0.0,1.0,0,1
2016,Multifamily MR (5-9),Mid-Rise Multifamily,4,LAKE UNION,47.66111,-122.34106,2015,1.0,5,175844,52045,123799,"Multifamily Housing, Parking",Multifamily Housing,99554.0,Parking,24000.0,,,99.0,3182301.0,False,71.96,0.41,Multi-usages,1,0.2959725665931166,0.7040274334068833,1,2
2016,Multifamily HR (10+),High-Rise Multifamily,7,DOWNTOWN,47.61652,-122.33735,2015,1.0,40,319481,41915,277566,"Multifamily Housing, Office, Other - Lodging/Residential, Parking, Retail Store",Multifamily Housing,308680.0,Other - Lodging/Residential,52538.0,Parking,35180.0,,15404161.0,False,395.26,1.24,Multi-usages,1,0.1311971603945148,0.8688028396054851,1,5
2016,Multifamily LR (1-4),Low-Rise Multifamily,4,NORTHEAST,47.68437,-122.28706,1981,1.0,3,48230,0,48230,"Multifamily Housing, Parking",Multifamily Housing,26175.0,Parking,16425.0,,,80.0,783345.6875,False,5.46,0.11,Multi-usages,35,0.0,1.0,1,2
2016,Multifamily LR (1-4),Low-Rise Multifamily,4,NORTHEAST,47.6843,-122.28772,1981,1.0,4,53100,0,53100,"Multifamily Housing, Parking",Multifamily Housing,32007.0,Parking,20754.0,,,70.0,966812.125,False,6.74,0.13,Multi-usages,35,0.0,1.0,1,2
2016,Multifamily MR (5-9),Mid-Rise Multifamily,2,DOWNTOWN,47.60029,-122.32844,2015,1.0,7,91128,0,91128,Multifamily Housing,Multifamily Housing,91128.0,Retail Store,6340.0,,,99.0,1953919.875,False,50.23,0.55,Multi-usages,1,0.0,1.0,0,1
2016,NonResidential,Hotel,4,LAKE UNION,47.65476,-122.34732,2014,1.0,4,126823,41539,85284,"Hotel, Parking, Swimming Pool",Hotel,88157.0,Parking,41539.0,Swimming Pool,0.0,72.0,6042399.5,False,131.02,1.03,Multi-usages,2,0.3275352262602209,0.6724647737397791,1,3
2016,NonResidential,Warehouse,2,GREATER DUWAMISH,47.54425,-122.31776,1955,1.0,1,52085,4222,47863,Non-Refrigerated Warehouse,Non-Refrigerated Warehouse,52085.0,,,,,37.0,3605855.5,False,157.7,3.03,Mono-usage,61,0.0810598060862052,0.9189401939137948,0,1
2016,NonResidential,Small- and Mid-Sized Office,2,GREATER DUWAMISH,47.53161,-122.29944,1929,1.0,2,24990,0,24990,Office,Office,24990.0,,,,,9.0,4420650.5,False,134.8,5.39,Mono-usage,87,0.0,1.0,0,1
2016,NonResidential,Other,4,NORTHEAST,47.68109,-122.2618,2013,1.0,1,72000,0,72000,Other - Recreation,Other - Recreation,72000.0,,,,,,2925780.0,False,67.65,0.94,Mono-usage,3,0.0,1.0,0,1
2016,Multifamily MR (5-9),Mid-Rise Multifamily,3,EAST,47.62107,-122.32156,2015,1.0,7,41384,15062,26322,"Multifamily Housing, Other - Restaurant/Bar, Parking, Personal Services (Health/Beauty, Dry Cleaning, etc)",Multifamily Housing,34643.0,Parking,8266.0,"Personal Services (Health/Beauty, Dry Cleaning, etc)",1714.0,100.0,13409.0,False,0.09,0.0,Multi-usages,1,0.3639570848637154,0.6360429151362845,1,6
2016,Multifamily MR (5-9),Mid-Rise Multifamily,6,BALLARD,47.67054,-122.388,2015,1.0,6,121218,29825,91393,"Multifamily Housing, Parking",Multifamily Housing,91393.0,Parking,29825.0,,,100.0,1962106.75,False,51.26,0.42,Multi-usages,1,0.2460443168506327,0.7539556831493672,1,2
2016,Multifamily MR (5-9),Mid-Rise Multifamily,5,NORTHWEST,47.73256,-122.3559,2015,1.0,5,59653,14383,45270,"Multifamily Housing, Parking",Multifamily Housing,49359.0,Parking,10664.0,,,98.0,1152368.25,False,12.21,0.2,Multi-usages,1,0.2411110924848708,0.7588889075151292,1,2
2016,Multifamily MR (5-9),Mid-Rise Multifamily,7,MAGNOLIA / QUEEN ANNE,47.62157,-122.35569,2015,1.0,7,260051,90503,169548,"Multifamily Housing, Parking",Multifamily Housing,145784.0,Parking,64341.0,,,98.0,5328224.0,False,124.18,0.48,Multi-usages,1,0.3480201960384694,0.6519798039615307,1,2
2016,Multifamily MR (5-9),Mid-Rise Multifamily,4,NORTHEAST,47.66221,-122.31652,2015,1.0,7,233757,46280,187477,"Multifamily Housing, Parking",Multifamily Housing,187477.0,Parking,46280.0,,,100.0,4433091.5,False,86.25,0.37,Multi-usages,1,0.1979833758989035,0.8020166241010964,1,2
2016,Multifamily HR (10+),High-Rise Multifamily,7,DOWNTOWN,47.61753,-122.3362,2015,1.0,20,149976,12223,137753,"College/University, Multifamily Housing, Office, Other, Parking",Multifamily Housing,115768.0,Office,12503.0,College/University,9733.0,99.0,4832277.5,False,103.37,0.69,Multi-usages,1,0.0814997066197258,0.9185002933802742,1,5
2016,NonResidential,K-12 School,3,GREATER DUWAMISH,47.58831,-122.3065,2015,1.0,3,45000,0,45000,"K-12 School, Parking",K-12 School,45728.0,Parking,0.0,,,77.0,1325972.75,False,9.24,0.21,Multi-usages,1,0.0,1.0,1,2
2016,Multifamily MR (5-9),Mid-Rise Multifamily,4,NORTHEAST,47.67584,-122.31803,2015,1.0,7,213952,51739,162213,"Multifamily Housing, Parking",Multifamily Housing,154913.0,Parking,135000.0,,,100.0,6562457.5,False,205.52,0.96,Multi-usages,1,0.2418252692192641,0.7581747307807358,1,2
2016,Multifamily LR (1-4),Low-Rise Multifamily,7,MAGNOLIA / QUEEN ANNE,47.63892,-122.37582,2015,1.0,4,51095,2784,48311,"Multifamily Housing, Parking",Multifamily Housing,49324.0,Parking,2791.0,,,1.0,2751301.25,False,31.55,0.62,Multi-usages,1,0.0544867403855563,0.9455132596144435,1,2
2016,Multifamily LR (1-4),Low-Rise Multifamily,6,LAKE UNION,47.65295,-122.35593,2015,1.0,4,41403,0,41403,"Multifamily Housing, Parking",Multifamily Housing,42014.0,Parking,4941.0,,,88.0,1170777.125,False,28.08,0.68,Multi-usages,1,0.0,1.0,1,2
2016,Multifamily LR (1-4),Low-Rise Multifamily,3,CENTRAL,47.59052,-122.29208,2015,1.0,3,25442,604,24838,"Multifamily Housing, Parking, Personal Services (Health/Beauty, Dry Cleaning, etc), Restaurant, Self-Storage Facility",Multifamily Housing,25052.0,Parking,5582.0,Restaurant,3530.0,,2181833.5,False,75.62,2.97,Multi-usages,1,0.0237402719911956,0.9762597280088045,1,7
2016,Multifamily MR (5-9),Mid-Rise Multifamily,4,NORTHEAST,47.66366,-122.3145,2015,1.0,7,63825,4850,58975,Multifamily Housing,Multifamily Housing,71241.0,,,,,99.0,2337651.25,False,54.76,0.86,Mono-usage,1,0.0759890325107716,0.9240109674892284,0,1
2016,Multifamily MR (5-9),Residence Hall,4,NORTHEAST,47.65577,-122.31702,2015,1.0,7,325000,0,325000,Residence Hall/Dormitory,Residence Hall/Dormitory,325000.0,,,,,69.0,16467486.0,False,467.9,1.44,Mono-usage,1,0.0,1.0,0,1
2016,Multifamily MR (5-9),Mid-Rise Multifamily,3,EAST,47.60189,-122.32182,2015,1.0,6,86045,8908,77137,"Multifamily Housing, Other - Public Services, Parking",Multifamily Housing,78359.0,Parking,8126.0,Other - Public Services,1369.0,84.0,2161240.25,False,15.07,0.18,Multi-usages,1,0.1035272241269103,0.8964727758730897,1,3
2016,NonResidential,Mixed Use Property,7,LAKE UNION,47.62497,-122.33883,2015,1.0,6,345290,85028,260262,"Data Center, Laboratory, Museum, Office, Other, Parking",Laboratory,151523.0,Office,106498.0,Parking,84002.0,,39364116.0,False,1000.06,2.9,Multi-usages,1,0.2462509774392539,0.753749022560746,1,6
2016,Multifamily MR (5-9),Mid-Rise Multifamily,1,SOUTHWEST,47.55976,-122.3832,2015,1.0,7,208136,58818,149318,"Multifamily Housing, Parking",Multifamily Housing,168221.0,Parking,44717.0,,,100.0,3552185.0,False,96.9,0.47,Multi-usages,1,0.282594073106046,0.717405926893954,1,2
2016,Multifamily LR (1-4),Low-Rise Multifamily,3,CENTRAL,47.61791,-122.3023,2014,1.0,4,20246,2580,17666,Multifamily Housing,Multifamily Housing,17666.0,,,,,99.0,789847.1875,False,18.88,0.93,Mono-usage,2,0.1274325792749185,0.8725674207250815,0,1
2016,Nonresidential WA,University,4,NORTHEAST,47.66127,-122.31256,1962,1.0,1,68072,0,68072,College/University,College/University,68916.0,,,,,,3180819.25,False,22.17,0.33,Mono-usage,54,0.0,1.0,0,1
2016,Nonresidential COS,Mixed Use Property,5,NORTH,47.70541,-122.32232,2005,1.0,1,20616,0,20616,"Fitness Center/Health Club/Gym, Office, Other - Recreation, Pre-school/Daycare, Social/Meeting Hall",Other - Recreation,9900.0,Fitness Center/Health Club/Gym,8577.0,Pre-school/Daycare,1364.0,,636965.5,False,4.44,0.22,Multi-usages,11,0.0,1.0,1,5
2016,Nonresidential COS,Other,3,CENTRAL,47.59905,-122.29787,2013,1.0,1,11685,0,11685,Prison/Incarceration,Prison/Incarceration,11685.0,,,,,,851053.8125,False,29.18,2.5,Mono-usage,3,0.0,1.0,0,1
2016,Nonresidential COS,Other,6,BALLARD,47.6933,-122.37717,2010,1.0,1,11968,0,11968,Prison/Incarceration,Prison/Incarceration,11968.0,,,,,,783423.0,False,23.0,1.92,Mono-usage,6,0.0,1.0,0,1
2016,Nonresidential COS,Other,5,NORTH,47.72126,-122.29735,1949,1.0,1,11285,0,11285,Prison/Incarceration,Prison/Incarceration,11285.0,,,,,,645665.375,False,14.37,1.27,Mono-usage,67,0.0,1.0,0,1
2016,Nonresidential COS,Other,6,BALLARD,47.67295,-122.39228,1911,1.0,1,16795,0,16795,"Fitness Center/Health Club/Gym, Food Service, Office, Other - Recreation, Pre-school/Daycare",Other - Recreation,8680.0,Fitness Center/Health Club/Gym,7014.0,Pre-school/Daycare,535.0,,936616.5,False,24.73,1.47,Multi-usages,105,0.0,1.0,1,5
2016,Nonresidential COS,Other,6,BALLARD,47.67734,-122.37624,1972,1.0,1,12769,0,12769,"Fitness Center/Health Club/Gym, Office, Other - Recreation, Swimming Pool",Other - Recreation,10912.0,Fitness Center/Health Club/Gym,1670.0,Office,187.0,,5117308.5,False,216.18,16.93,Multi-usages,44,0.0,1.0,1,4
2016,Nonresidential COS,Office,7,MAGNOLIA / QUEEN ANNE,47.63572,-122.37525,1952,1.0,1,13661,0,13661,Office,Office,13661.0,,,,,75.0,502667.6875,True,3.5,0.26,Mono-usage,64,0.0,1.0,0,1
2016,Nonresidential COS,Other,3,EAST,47.63228,-122.31574,1912,1.0,1,23445,0,23445,Other - Recreation,Other - Recreation,23445.0,,,,,,5976246.0,False,259.22,11.06,Mono-usage,104,0.0,1.0,0,1
2016,Nonresidential COS,Mixed Use Property,3,CENTRAL,47.60775,-122.30225,1994,1.0,1,20050,0,20050,"Fitness Center/Health Club/Gym, Office, Other - Recreation, Other - Technology/Science",Other - Recreation,8108.0,Fitness Center/Health Club/Gym,7726.0,Office,3779.0,,1813404.0,False,60.81,3.03,Multi-usages,22,0.0,1.0,1,4
2016,Nonresidential COS,Office,2,SOUTHEAST,47.5644,-122.27813,1960,1.0,1,15398,0,15398,Office,Office,15398.0,,,,,93.0,387810.0,True,7.79,0.51,Mono-usage,56,0.0,1.0,0,1
2016,Nonresidential COS,Other,1,DELRIDGE NEIGHBORHOODS,47.54067,-122.37441,1982,1.0,1,18261,0,18261,Other - Recreation,Other - Recreation,18261.0,,,,,,932082.125,False,20.33,1.11,Mono-usage,34,0.0,1.0,0,1
2016,Nonresidential COS,Office,2,GREATER DUWAMISH,47.56722,-122.31154,1990,1.0,1,12294,0,12294,Office,Office,12294.0,,,,,46.0,849745.6875,True,20.94,1.7,Mono-usage,26,0.0,1.0,0,1
2016,Nonresidential COS,Other,2,DOWNTOWN,47.59625,-122.32283,2004,1.0,1,16000,0,16000,Other - Recreation,Other - Recreation,16000.0,,,,,,950276.1875,False,32.17,2.01,Mono-usage,12,0.0,1.0,0,1
2016,Nonresidential COS,Other,7,MAGNOLIA / QUEEN ANNE,47.63644,-122.35784,1974,1.0,1,13157,0,13157,"Fitness Center/Health Club/Gym, Other - Recreation, Swimming Pool",Other - Recreation,7583.0,Fitness Center/Health Club/Gym,5574.0,Swimming Pool,0.0,,5765898.0,False,223.54,16.99,Multi-usages,42,0.0,1.0,1,3
2016,Nonresidential COS,Mixed Use Property,1,GREATER DUWAMISH,47.52832,-122.32431,1989,1.0,1,14101,0,14101,"Fitness Center/Health Club/Gym, Food Service, Office, Other - Recreation, Pre-school/Daycare",Other - Recreation,6601.0,Fitness Center/Health Club/Gym,6501.0,Pre-school/Daycare,484.0,,719471.1875,False,22.11,1.57,Multi-usages,27,0.0,1.0,1,5
2016,Nonresidential COS,Mixed Use Property,2,GREATER DUWAMISH,47.53939,-122.29536,1938,1.0,1,18258,0,18258,"Fitness Center/Health Club/Gym, Food Service, Office, Other - Recreation, Pre-school/Daycare",Other - Recreation,8271.0,Fitness Center/Health Club/Gym,8000.0,Pre-school/Daycare,1108.0,,1152896.25,False,41.27,2.26,Multi-usages,78,0.0,1.0,1,5
