datayear,buildingtype,primarypropertytype,councildistrictcode,neighborhood,latitude,longitude,numberofbuildings,numberoffloors,propertygfatotal,propertygfaparking,propertygfabuilding(s),largestpropertyusetype,largestpropertyusetypegfa,secondlargestpropertyusetype,secondlargestpropertyusetypegfa,thirdlargestpropertyusetype,thirdlargestpropertyusetypegfa,siteenergyuse(kbtu),defaultdata,usage_type,BuildingAge,ParkingRatio,BuildingRatio,IsMultiUse,NumberPropertyUses
2016,NonResidential,Hotel,7,DOWNTOWN,47.6122,-122.33799,1.0,12,88434,0,88434,Hotel,88434.0,,,,,7226362.5,False,Mono-usage,89,0.0,1.0,0,1
2016,NonResidential,Hotel,7,DOWNTOWN,47.61317,-122.33393,1.0,11,103566,15064,88502,Hotel,83880.0,Parking,15064.0,Restaurant,4622.0,8387933.0,False,Multi-usages,20,0.1454531409922175,0.8545468590077825,1,3
2016,NonResidential,Hotel,7,DOWNTOWN,47.61393,-122.3381,1.0,41,956110,196718,759392,Hotel,756493.0,,,,,72587024.0,False,Mono-usage,47,0.20574829256047944,0.7942517074395206,0,1
2016,NonResidential,Hotel,7,DOWNTOWN,47.61412,-122.33664,1.0,10,61320,0,61320,Hotel,61320.0,,,,,6794584.0,False,Mono-usage,90,0.0,1.0,0,1
2016,NonResidential,Hotel,7,DOWNTOWN,47.61375,-122.34047,1.0,18,175580,62000,113580,Hotel,123445.0,Parking,68009.0,Swimming Pool,0.0,14172606.0,False,Multi-usages,36,0.3531153889964688,0.6468846110035311,1,3
2016,Nonresidential COS,Other,7,DOWNTOWN,47.61623,-122.33657,1.0,2,97288,37198,60090,Police Station,88830.0,,,,,12086616.0,False,Mono-usage,17,0.382349313378834,0.6176506866211661,0,1
2016,NonResidential,Hotel,7,DOWNTOWN,47.6139,-122.33283,1.0,11,83008,0,83008,Hotel,81352.0,,,,,5758795.0,False,Mono-usage,90,0.0,1.0,0,1
2016,NonResidential,Other,7,DOWNTOWN,47.61327,-122.33136,1.0,8,102761,0,102761,Other - Entertainment/Public Assembly,102761.0,,,,,6298131.5,False,Mono-usage,90,0.0,1.0,0,1
2016,NonResidential,Hotel,7,DOWNTOWN,47.60294,-122.33263,1.0,15,163984,0,163984,Hotel,163984.0,,,,,13723820.0,False,Mono-usage,112,0.0,1.0,0,1
2016,NonResidential,Hotel,7,DOWNTOWN,47.60695,-122.33414,1.0,11,153163,19279,133884,Hotel,133884.0,,,,,16016644.0,False,Mono-usage,47,0.12587243655452035,0.8741275634454797,0,1
2016,NonResidential,Hotel,7,DOWNTOWN,47.60713,-122.33323,1.0,25,333176,61161,272015,Hotel,336640.0,,,,,26941110.0,False,Mono-usage,18,0.18356964487237976,0.8164303551276202,0,1
2016,NonResidential,Hotel,7,DOWNTOWN,47.60699,-122.33346,1.0,9,65009,0,65009,Hotel,65009.0,,,,,6596057.5,False,Mono-usage,88,0.0,1.0,0,1
2016,NonResidential,Hotel,7,DOWNTOWN,47.60809,-122.33212,1.0,33,315952,57600,258352,Hotel,295511.0,Parking,57600.0,,,22325364.0,False,Multi-usages,36,0.18230617308958322,0.8176938269104168,1,2
2016,NonResidential,Hotel,7,DOWNTOWN,47.60755,-122.33244,1.0,11,92190,25200,66990,Hotel,67390.0,Parking,25200.0,,,10750010.0,False,Multi-usages,94,0.2733485193621868,0.7266514806378133,1,2
2016,Nonresidential COS,Other,7,DOWNTOWN,47.60649,-122.33297,1.0,11,412000,57000,355000,Library,364913.0,Parking,49000.0,Data Center,1074.0,18588860.0,False,Multi-usages,12,0.1383495145631068,0.8616504854368932,1,3
2016,NonResidential,Other,7,DOWNTOWN,47.60546,-122.33279,1.0,6,103911,0,103911,Fitness Center/Health Club/Gym,90000.0,Office,40000.0,Swimming Pool,0.0,9956396.0,False,Multi-usages,86,0.0,1.0,1,3
2016,NonResidential,Hotel,7,DOWNTOWN,47.60681,-122.33078,1.0,28,416281,85000,331281,Hotel,348329.0,Parking,85000.0,,,33556756.0,False,Multi-usages,33,0.20418899733593415,0.7958110026640659,1,2
2016,NonResidential,Mixed Use Property,7,DOWNTOWN,47.60515,-122.33159,1.0,5,57452,0,57452,Social/Meeting Hall,16442.0,Restaurant,15505.0,Office,9741.0,7606084.5,False,Multi-usages,109,0.0,1.0,1,5
2016,NonResidential,Hotel,7,DOWNTOWN,47.60376,-122.33194,1.0,10,104352,0,104352,Hotel,104352.0,,,,,10154608.0,False,Mono-usage,100,0.0,1.0,0,1
2016,NonResidential,Other,7,DOWNTOWN,47.60265,-122.33051,1.0,10,540360,0,540360,Courthouse,537150.0,,,,,44984468.0,False,Mono-usage,100,0.0,1.0,0,1
2016,NonResidential,Other,3,DOWNTOWN,47.60378,-122.32842,1.0,19,385274,0,385274,Other,385274.0,,,,,47859812.0,False,Mono-usage,31,0.0,1.0,0,1
2016,NonResidential,Hotel,4,NORTHEAST,47.65959,-122.31755,1.0,6,88592,30586,58006,Hotel,58006.0,Parking,30586.0,,,3663534.5,False,Multi-usages,15,0.34524562037204265,0.6547543796279574,1,2
2016,NonResidential,University,7,DOWNTOWN,47.61816,-122.33629,1.0,7,126593,0,126593,College/University,125000.0,,,,,11343686.0,False,Mono-usage,88,0.0,1.0,0,1
2016,NonResidential,Other,7,DOWNTOWN,47.615,-122.33081,1.0,2,67224,0,67224,Automobile Dealership,67224.0,,,,,1310236.625,False,Mono-usage,86,0.0,1.0,0,1
2016,NonResidential,Hotel,7,EAST,47.61301,-122.32929,1.0,8,158676,30301,128375,Hotel,112676.0,Parking,42000.0,Retail Store,4500.0,5328051.5,False,Multi-usages,25,0.19096145604880385,0.8090385439511961,1,4
2016,NonResidential,Hotel,7,DOWNTOWN,47.61784,-122.32966,1.0,10,171866,38281,133585,Hotel,128909.0,,,,,11061916.0,False,Mono-usage,15,0.22273748152630538,0.7772625184736947,0,1
2016,NonResidential,Hotel,7,DOWNTOWN,47.61558,-122.34186,1.0,5,68410,16200,52210,Hotel,47994.0,,,,,4456714.5,False,Mono-usage,38,0.2368074842859231,0.7631925157140769,0,1
2016,NonResidential,Small- and Mid-Sized Office,4,LAKE UNION,47.6641,-122.33118,1.0,3,87262,0,87262,Office,40943.0,K-12 School,18153.0,Other - Entertainment/Public Assembly,4307.0,4145920.5,False,Multi-usages,110,0.0,1.0,1,4
2016,NonResidential,Hotel,4,NORTHEAST,47.66583,-122.29965,1.0,4,81871,0,81871,Hotel,81871.0,,,,,6668568.5,False,Mono-usage,22,0.0,1.0,0,1
2016,NonResidential,Self-Storage Facility,4,NORTHEAST,47.66172,-122.29598,1.0,2,110356,0,110356,Self-Storage Facility,26225.0,,,,,318364.8125,False,Mono-usage,61,0.0,1.0,0,1
2016,NonResidential,Warehouse,2,GREATER DUWAMISH,47.51138,-122.28875,3.0,2,714095,0,714095,Non-Refrigerated Warehouse,616000.0,Refrigerated Warehouse,276000.0,Office,71000.0,44731160.0,False,Multi-usages,55,0.0,1.0,1,3
2016,NonResidential,Small- and Mid-Sized Office,6,BALLARD,47.66587,-122.38476,1.0,2,94900,0,94900,Office,55586.0,Non-Refrigerated Warehouse,39314.0,,,6186461.5,False,Multi-usages,55,0.0,1.0,1,2
2016,NonResidential,Small- and Mid-Sized Office,2,GREATER DUWAMISH,47.58034,-122.31132,1.0,2,52554,0,52554,Office,51029.0,Other - Education,7849.0,,,2951331.25,False,Multi-usages,116,0.0,1.0,1,2
2016,NonResidential,K-12 School,6,NORTHWEST,47.68891,-122.33553,1.0,3,175015,0,175015,K-12 School,175015.0,,,,,6994740.5,False,Mono-usage,62,0.0,1.0,0,1
2016,NonResidential,Self-Storage Facility,7,DOWNTOWN,47.61351,-122.35129,1.0,3,70586,0,70586,Self-Storage Facility,38439.0,Vocational School,28197.0,Office,3859.0,2158629.0,False,Multi-usages,105,0.0,1.0,1,3
2016,NonResidential,Hotel,7,DOWNTOWN,47.60946,-122.33337,1.0,24,332210,205970,126240,Hotel,348630.0,,,,,16163194.0,False,Mono-usage,47,0.6199993979711628,0.3800006020288372,0,1
2016,NonResidential,Large Office,7,DOWNTOWN,47.6113,-122.33659,1.0,5,168115,0,168115,Office,103362.0,Retail Store,65676.0,Data Center,493.0,9536161.0,False,Multi-usages,43,0.0,1.0,1,3
2016,NonResidential,Other,7,DOWNTOWN,47.61076,-122.33765,1.0,2,57428,0,57428,Other - Mall,51747.0,"Personal Services (Health/Beauty, Dry Cleaning, etc)",5681.0,,,1247362.0,False,Multi-usages,96,0.0,1.0,1,4
2016,NonResidential,Small- and Mid-Sized Office,7,DOWNTOWN,47.61048,-122.33794,1.0,8,59400,0,59400,Office,34947.0,Retail Store,4993.0,,,5071974.0,False,Multi-usages,106,0.0,1.0,1,2
2016,NonResidential,Mixed Use Property,7,DOWNTOWN,47.60886,-122.33744,1.0,2,52549,0,52549,Other - Entertainment/Public Assembly,23500.0,Restaurant,23500.0,Office,5459.0,15026196.0,False,Multi-usages,90,0.0,1.0,1,3
2016,NonResidential,Hotel,7,DOWNTOWN,47.61233,-122.33432,1.0,20,98634,10043,88591,Hotel,83591.0,Parking,10043.0,Restaurant,5000.0,4841347.5,False,Multi-usages,86,0.10182087312691364,0.8981791268730863,1,3
2016,NonResidential,Hotel,7,DOWNTOWN,47.61087,-122.33339,1.0,34,994212,146694,847518,Hotel,994212.0,Parking,117668.0,Swimming Pool,0.0,80469216.0,False,Multi-usages,34,0.14754800786954894,0.8524519921304511,1,3
2016,NonResidential,Hotel,7,DOWNTOWN,47.60997,-122.34138,1.0,7,71150,0,71150,Hotel,41340.0,Parking,13730.0,Retail Store,9604.0,5348309.0,False,Multi-usages,31,0.0,1.0,1,4
2016,NonResidential,Hotel,7,DOWNTOWN,47.61155,-122.34114,1.0,7,122810,0,122810,Hotel,88360.0,Other - Entertainment/Public Assembly,26450.0,Retail Store,8000.0,5401277.5,False,Multi-usages,108,0.0,1.0,1,3
2016,NonResidential,Hotel,7,LAKE UNION,47.61986,-122.34413,1.0,5,113173,42546,70627,Hotel,70627.0,Parking,42546.0,,,5284343.5,False,Multi-usages,57,0.3759377236620042,0.6240622763379958,1,2
2016,NonResidential,Hotel,7,LAKE UNION,47.62001,-122.34274,1.0,7,150453,34735,115718,Hotel,107547.0,Restaurant,3000.0,,,6715187.0,False,Multi-usages,16,0.23086944095498263,0.7691305590450174,0,1
2016,NonResidential,Hotel,7,LAKE UNION,47.62025,-122.34314,1.0,6,116300,28200,88100,Hotel,88490.0,Parking,28300.0,,,5827595.5,False,Multi-usages,19,0.24247635425623387,0.7575236457437661,0,1
2016,NonResidential,Hotel,7,MAGNOLIA / QUEEN ANNE,47.62023,-122.35951,1.0,6,155602,36744,118858,Hotel,155602.0,,,,,6836900.0,False,Mono-usage,18,0.23614092363851363,0.7638590763614863,0,1
2016,NonResidential,K-12 School,3,EAST,47.63442,-122.30793,1.0,3,56072,0,56072,K-12 School,56072.0,,,,,3234787.75,False,Mono-usage,105,0.0,1.0,0,1
2016,NonResidential,Hotel,7,MAGNOLIA / QUEEN ANNE,47.62519,-122.34456,1.0,4,122942,44891,78051,Hotel,78051.0,Parking,44891.0,,,5337334.0,False,Multi-usages,17,0.36513965935156417,0.6348603406484359,1,2
2016,NonResidential,Small- and Mid-Sized Office,3,CENTRAL,47.60823,-122.30956,1.0,2,54984,0,54984,Office,54984.0,,,,,3375211.0,False,Mono-usage,54,0.0,1.0,0,1
2016,NonResidential,Senior Care Community,1,SOUTHWEST,47.55837,-122.37751,1.0,5,217603,0,217603,Senior Care Community,296313.0,Parking,0.0,,,42792072.0,False,Multi-usages,94,0.0,1.0,1,2
2016,NonResidential,Senior Care Community,5,NORTHWEST,47.72426,-122.35599,1.0,2,93397,0,93397,Senior Care Community,93397.0,,,,,16402563.0,False,Mono-usage,46,0.0,1.0,0,1
2016,NonResidential,Hotel,7,LAKE UNION,47.61988,-122.33211,1.0,6,84103,20732,63371,Hotel,63371.0,Parking,20732.0,,,3706100.25,False,Multi-usages,8,0.2465072589562798,0.7534927410437202,1,2
2016,NonResidential,Medical Office,3,EAST,47.61244,-122.3214,0.0,3,179014,0,179014,Medical Office,179014.0,,,,,16701055.0,False,Mono-usage,51,0.0,1.0,0,1
2016,NonResidential,Hotel,3,EAST,47.60898,-122.32693,1.0,7,76631,0,76631,Hotel,76631.0,,,,,7258758.5,False,Mono-usage,108,0.0,1.0,0,1
2016,NonResidential,Mixed Use Property,3,EAST,47.60845,-122.32637,1.0,6,99780,9341,90439,Medical Office,40174.0,Parking,20868.0,Office,17020.0,15473117.0,False,Multi-usages,33,0.09361595510122268,0.9063840448987773,1,6
2016,NonResidential,Retail Store,7,LAKE UNION,47.62237,-122.33805,1.0,2,58320,0,58320,Retail Store,72072.0,,,,,1049748.625,False,Mono-usage,87,0.0,1.0,0,1
2016,NonResidential,Large Office,7,LAKE UNION,47.62424,-122.33646,1.0,5,316306,0,316306,Office,261826.0,Parking,150726.0,Other,15139.0,13795954.0,False,Multi-usages,6,0.0,1.0,1,4
2016,NonResidential,Hotel,3,LAKE UNION,47.62642,-122.33325,1.0,7,282863,44766,238097,Hotel,235788.0,Parking,51537.0,,,19459304.0,False,Multi-usages,26,0.15826035925518714,0.8417396407448129,1,2
2016,Nonresidential COS,Other,7,MAGNOLIA / QUEEN ANNE,47.62208,-122.35398,1.0,1,389000,0,389000,Other,368000.0,,,,,23658978.0,False,Mono-usage,54,0.0,1.0,0,1
2016,Nonresidential COS,Other,7,MAGNOLIA / QUEEN ANNE,47.62208,-122.35398,1.0,1,91213,0,91213,Other,65000.0,,,,,8141155.5,False,Mono-usage,54,0.0,1.0,0,1
2016,Nonresidential COS,Other,7,MAGNOLIA / QUEEN ANNE,47.62208,-122.35398,1.0,5,396085,0,396085,Other,278500.0,,,,,20955026.0,False,Mono-usage,78,0.0,1.0,0,1
2016,NonResidential,Large Office,7,LAKE UNION,47.62112,-122.33629,1.0,12,571329,0,571329,Office,598801.0,Parking,310699.0,Other,26203.0,39605888.0,False,Multi-usages,6,0.0,1.0,1,3
2016,Nonresidential COS,Other,7,MAGNOLIA / QUEEN ANNE,47.62395,-122.35077,1.0,2,52000,0,52000,Other,52000.0,,,,,2726369.0,False,Mono-usage,54,0.0,1.0,0,1
2016,Nonresidential COS,Other,7,MAGNOLIA / QUEEN ANNE,47.62395,-122.35077,1.0,1,60696,0,60696,Other,108000.0,,,,,875943.3125,False,Mono-usage,88,0.0,1.0,0,1
2016,Nonresidential COS,Other,7,MAGNOLIA / QUEEN ANNE,47.62395,-122.35143,1.0,2,262048,0,262048,Other,296000.0,,,,,20723248.0,False,Mono-usage,88,0.0,1.0,0,1
2016,NonResidential,Small- and Mid-Sized Office,7,MAGNOLIA / QUEEN ANNE,47.62391,-122.34837,0.0,2,66240,2352,63888,Office,45900.0,Data Center,5181.0,Distribution Center,4551.0,4166306.25,False,Multi-usages,30,0.035507246376811595,0.9644927536231884,1,5
2016,NonResidential,Large Office,7,MAGNOLIA / QUEEN ANNE,47.62419,-122.34443,1.0,6,920598,303707,616891,Office,729584.0,Parking,185014.0,Other,6000.0,36667044.0,False,Multi-usages,6,0.3299018681335393,0.6700981318664607,1,3
2016,NonResidential,Small- and Mid-Sized Office,7,MAGNOLIA / QUEEN ANNE,47.62053,-122.35842,1.0,4,76213,25930,50283,Office,48546.0,Parking,21454.0,Other,2406.0,3476212.5,False,Multi-usages,46,0.3402306693083857,0.6597693306916143,1,3
2016,NonResidential,Hotel,7,MAGNOLIA / QUEEN ANNE,47.62291,-122.35708,1.0,6,96910,36934,59976,Hotel,59976.0,Parking,36934.0,,,5155568.5,False,Multi-usages,14,0.3811164998452172,0.6188835001547828,1,2
2016,NonResidential,Hotel,4,NORTHEAST,47.65772,-122.31756,2.0,4,50017,0,50017,Hotel,50017.0,Swimming Pool,0.0,,,5448975.0,False,Multi-usages,54,0.0,1.0,1,2
2016,NonResidential,K-12 School,3,EAST,47.62548,-122.30828,1.0,3,67743,0,67743,K-12 School,67743.0,,,,,2646879.0,False,Mono-usage,93,0.0,1.0,0,1
2016,NonResidential,K-12 School,3,EAST,47.62644,-122.30429,1.0,6,194104,0,194104,K-12 School,194104.0,,,,,6219841.5,False,Mono-usage,108,0.0,1.0,0,1
2016,NonResidential,Small- and Mid-Sized Office,3,SOUTHEAST,47.58408,-122.30125,1.0,3,99433,35752,63681,Office,63681.0,Parking,35752.0,,,4897760.0,False,Multi-usages,13,0.35955869781662025,0.6404413021833798,1,2
2016,NonResidential,Other,4,NORTHEAST,47.67524,-122.31534,1.0,4,56521,0,56521,Other,49000.0,,,,,6357632.0,False,Mono-usage,75,0.0,1.0,0,1
2016,NonResidential,Other,4,NORTHEAST,47.67559,-122.31769,1.0,2,206934,0,206934,Other,119146.0,Parking,0.0,,,4253577.5,False,Multi-usages,87,0.0,1.0,1,2
2016,NonResidential,Hotel,5,NORTHWEST,47.73141,-122.3458,1.0,4,51390,0,51390,Hotel,51390.0,Parking,0.0,,,3611538.0,False,Multi-usages,15,0.0,1.0,1,2
2016,NonResidential,Hotel,5,NORTHWEST,47.72551,-122.3423,1.0,3,69138,0,69138,Hotel,70609.0,,,,,3242458.0,False,Mono-usage,14,0.0,1.0,0,1
2016,NonResidential,Hotel,7,DOWNTOWN,47.6048,-122.3368,1.0,5,190980,0,190980,Hotel,190980.0,Parking,19051.0,,,6505995.0,False,Multi-usages,112,0.0,1.0,1,2
2016,Nonresidential COS,Other,7,DOWNTOWN,47.60804,-122.3367,1.0,6,284100,0,284100,Other - Entertainment/Public Assembly,189750.0,,,,,14641502.0,False,Mono-usage,18,0.0,1.0,0,1
2016,NonResidential,Hospital,6,BALLARD,47.66737,-122.37956,4.0,5,285333,0,285333,Hospital (General Medical & Surgical),302661.0,Parking,148865.0,,,68090728.0,False,Multi-usages,62,0.0,1.0,1,2
2016,Nonresidential COS,Other,2,DOWNTOWN,47.60112,-122.32785,1.0,4,61156,0,61156,Other,42755.0,Office,29219.0,,,9363374.0,False,Multi-usages,10,0.0,1.0,1,2
2016,NonResidential,Other,2,DOWNTOWN,47.59809,-122.32283,1.0,4,72820,13820,59000,Museum,58000.0,,,,,2010454.625,False,Mono-usage,106,0.1897830266410327,0.8102169733589674,0,1
2016,NonResidential,Hotel,7,MAGNOLIA / QUEEN ANNE,47.62614,-122.3467,1.0,4,162222,14200,148022,Hotel,113702.0,Parking,32692.0,,,7946961.0,False,Multi-usages,20,0.08753436648543354,0.9124656335145664,1,2
2016,NonResidential,University,3,EAST,47.61495,-122.32177,1.0,3,63330,0,63330,College/University,64820.0,,,,,3059758.0,False,Mono-usage,101,0.0,1.0,0,1
2016,NonResidential,Small- and Mid-Sized Office,4,NORTHEAST,47.67828,-122.26456,1.0,2,96300,0,96300,Office,92300.0,Data Center,4944.0,,,16319835.0,False,Multi-usages,14,0.0,1.0,1,2
2016,Nonresidential COS,Other,2,GREATER DUWAMISH,47.59545,-122.32146,1.0,1,67356,0,67356,"Repair Services (Vehicle, Shoe, Locksmith, etc)",68359.0,,,,,7475577.5,False,Mono-usage,66,0.0,1.0,1,4
2016,NonResidential,Small- and Mid-Sized Office,2,GREATER DUWAMISH,47.53827,-122.28406,1.0,1,54765,0,54765,Office,25765.0,Other,25000.0,,,4253369.5,False,Multi-usages,58,0.0,1.0,1,2
2016,NonResidential,Other,2,GREATER DUWAMISH,47.53722,-122.284,1.0,5,89821,0,89821,Other - Lodging/Residential,46483.0,Office,37938.0,Food Service,4579.0,1950092.5,False,Multi-usages,7,0.0,1.0,1,3
2016,NonResidential,University,7,MAGNOLIA / QUEEN ANNE,47.65147,-122.36122,1.0,2,52611,0,52611,College/University,52611.0,,,,,4116871.5,False,Mono-usage,36,0.0,1.0,0,1
2016,NonResidential,Residence Hall,7,MAGNOLIA / QUEEN ANNE,47.65068,-122.36331,1.0,4,139600,37500,102100,Residence Hall/Dormitory,135520.0,,,,,4448582.5,False,Mono-usage,15,0.2686246418338109,0.7313753581661891,0,1
2016,NonResidential,Other,3,CENTRAL,47.60462,-122.31549,3.0,6,250981,0,250981,Other,137565.0,Courthouse,78357.0,,,13071700.0,False,Multi-usages,45,0.0,1.0,1,2
2016,NonResidential,Other,7,DOWNTOWN,47.61598,-122.33448,1.0,11,299070,68432,230638,Other,250000.0,,,,,65336980.0,False,Mono-usage,12,0.22881599625505736,0.7711840037449427,0,1
2016,NonResidential,Small- and Mid-Sized Office,2,GREATER DUWAMISH,47.536,-122.31768,1.0,3,64015,0,64015,Office,30000.0,Non-Refrigerated Warehouse,15000.0,Other - Services,9015.0,3242077.75,False,Multi-usages,9,0.0,1.0,1,3
2016,NonResidential,Retail Store,5,NORTH,47.70759,-122.3255,1.0,1,530039,0,530039,Retail Store,505103.0,Restaurant,24936.0,,,27717034.0,False,Multi-usages,65,0.0,1.0,1,2
2016,NonResidential,Other,5,NORTH,47.7066,-122.321,1.0,3,54224,0,54224,Other/Specialty Hospital,47012.0,,,,,7265178.0,False,Mono-usage,52,0.0,1.0,0,1
2016,NonResidential,Retail Store,5,NORTH,47.70619,-122.32586,1.0,4,124342,0,124342,Retail Store,122000.0,,,,,8765978.0,False,Mono-usage,51,0.0,1.0,0,1
2016,NonResidential,Hospital,4,NORTHEAST,47.66231,-122.28146,6.0,10,879000,0,879000,Hospital (General Medical & Surgical),879000.0,,,,,253832464.0,False,Mono-usage,63,0.0,1.0,0,1
2016,NonResidential,Other,5,NORTHWEST,47.70956,-122.3345,1.0,3,55442,0,55442,Financial Office,28636.0,Parking,15385.0,Medical Office,8644.0,3191228.25,False,Multi-usages,20,0.0,1.0,1,3
2016,NonResidential,Self-Storage Facility,3,EAST,47.61233,-122.3171,1.0,5,84870,0,84870,Self-Storage Facility,85521.0,,,,,1381590.125,False,Mono-usage,106,0.0,1.0,0,1
2016,NonResidential,Warehouse,2,GREATER DUWAMISH,47.55152,-122.31869,1.0,4,114297,0,114297,Non-Refrigerated Warehouse,114297.0,,,,,2100097.75,False,Mono-usage,112,0.0,1.0,0,1
2016,NonResidential,Warehouse,2,GREATER DUWAMISH,47.55901,-122.33328,1.0,1,234144,0,234144,Non-Refrigerated Warehouse,234144.0,,,,,6744317.0,False,Mono-usage,79,0.0,1.0,0,1
2016,NonResidential,Retail Store,1,DELRIDGE,47.52254,-122.36627,1.0,1,64984,0,64984,Retail Store,65425.0,,,,,2944296.25,False,Mono-usage,50,0.0,1.0,0,1
2016,NonResidential,Retail Store,1,DELRIDGE,47.52254,-122.36627,1.0,1,67745,0,67745,Retail Store,67782.0,,,,,9230223.0,False,Mono-usage,51,0.0,1.0,0,1
2016,NonResidential,Other,6,BALLARD,47.67767,-122.39631,1.0,3,56000,0,56000,Other,56000.0,,,,,1851260.5,False,Mono-usage,43,0.0,1.0,0,1
2016,NonResidential,Self-Storage Facility,1,SOUTHWEST,47.54508,-122.37737,1.0,2,52088,0,52088,Self-Storage Facility,52088.0,,,,,1377519.5,False,Mono-usage,47,0.0,1.0,0,1
2016,NonResidential,Hotel,3,LAKE UNION,47.62972,-122.32906,1.0,5,123920,30000,93920,Hotel,123920.0,Parking,30000.0,Swimming Pool,0.0,9373179.0,False,Multi-usages,18,0.2420916720464816,0.7579083279535184,1,3
2016,Nonresidential COS,Other,3,LAKE UNION,47.62759,-122.33661,1.0,1,50000,0,50000,Museum,43000.0,,,,,7548807.0,False,Mono-usage,116,0.0,1.0,0,1
2016,Nonresidential COS,Warehouse,7,MAGNOLIA / QUEEN ANNE,47.62591,-122.34084,1.0,2,50292,0,50292,Non-Refrigerated Warehouse,42345.0,Residence Hall/Dormitory,5000.0,Office,4730.0,430473.6875,False,Multi-usages,90,0.0,1.0,1,4
2016,NonResidential,Hotel,7,MAGNOLIA / QUEEN ANNE,47.62782,-122.34045,1.0,7,207656,54341,153315,Hotel,141591.0,,,,,11171988.0,False,Mono-usage,18,0.2616875987209616,0.7383124012790384,0,1
2016,Nonresidential COS,Small- and Mid-Sized Office,5,NORTHWEST,47.70044,-122.34136,1.0,2,91130,0,91130,Office,57968.0,Distribution Center,32881.0,Parking,11850.0,9472358.0,False,Multi-usages,59,0.0,1.0,1,5
2016,NonResidential,Hotel,5,NORTHWEST,47.70916,-122.33216,1.0,4,64893,0,64893,Hotel,64893.0,,,,,6197825.0,False,Mono-usage,48,0.0,1.0,0,1
2016,NonResidential,Small- and Mid-Sized Office,7,DOWNTOWN,47.60105,-122.33518,1.0,3,44558,0,44558,Office,34416.0,Self-Storage Facility,7672.0,Restaurant,2470.0,1677002.25,False,Multi-usages,116,0.0,1.0,1,3
2016,NonResidential,Other,2,GREATER DUWAMISH,47.59544,-122.33159,1.0,6,1585960,327680,1258280,Other - Entertainment/Public Assembly,1585960.0,Parking,0.0,,,59757440.0,False,Multi-usages,17,0.20661302933239173,0.7933869706676082,1,2
2016,Nonresidential COS,Distribution Center,2,GREATER DUWAMISH,47.57199,-122.32811,1.0,2,179161,0,179161,Distribution Center,117476.0,Office,37321.0,Other,25543.0,9436408.0,False,Multi-usages,92,0.0,1.0,1,4
2016,Nonresidential COS,Warehouse,2,GREATER DUWAMISH,47.57199,-122.32811,1.0,2,58640,0,58640,Non-Refrigerated Warehouse,40831.0,Other - Services,16735.0,Office,11533.0,3928695.25,False,Multi-usages,51,0.0,1.0,1,4
2016,NonResidential,Other,2,GREATER DUWAMISH,47.59085,-122.33354,1.0,3,1172127,0,1172127,Other - Entertainment/Public Assembly,1172127.0,,,,,58761304.0,False,Mono-usage,17,0.0,1.0,0,1
2016,NonResidential,Hotel,2,GREATER DUWAMISH,47.59269,-122.33372,1.0,9,168449,14567,153882,Hotel,135006.0,Parking,20600.0,Food Service,9216.0,12726789.0,False,Multi-usages,11,0.08647721268751966,0.9135227873124804,1,3
2016,NonResidential,Warehouse,1,GREATER DUWAMISH,47.57507,-122.35747,0.0,4,79600,0,79600,Non-Refrigerated Warehouse,79600.0,,,,,2411402.25,False,Mono-usage,100,0.0,1.0,0,1
2016,NonResidential,Other,5,NORTH,47.70281,-122.32532,1.0,6,419848,335109,84739,Parking,335109.0,Movie Theater,65000.0,Medical Office,13567.0,9134963.0,False,Multi-usages,8,0.7981674320230179,0.20183256797698215,1,5
2016,NonResidential,Mixed Use Property,7,MAGNOLIA / QUEEN ANNE,47.6239,-122.35756,1.0,4,110785,0,110785,Multifamily Housing,58563.0,Supermarket/Grocery Store,48520.0,Parking,29839.0,10557910.0,False,Multi-usages,14,0.0,1.0,1,5
2016,NonResidential,Hotel,7,DOWNTOWN,47.61275,-122.3333,1.0,0,934292,0,934292,Hotel,495536.0,Parking,438756.0,Restaurant,49700.0,65047284.0,False,Multi-usages,17,0.0,1.0,1,5
2016,NonResidential,Hospital,3,CENTRAL,47.60705,-122.30966,6.0,5,597519,0,597519,Hospital (General Medical & Surgical),601615.0,Parking,48607.0,,,143423024.0,False,Multi-usages,26,0.0,1.0,1,2
2016,NonResidential,Warehouse,4,LAKE UNION,47.65097,-122.34227,1.0,3,75397,8161,67236,Non-Refrigerated Warehouse,67236.0,Parking,8161.0,,,549181.375,False,Multi-usages,25,0.10824038091701262,0.8917596190829874,1,2
2016,NonResidential,Hospital,3,EAST,47.60399,-122.32377,9.0,8,1158691,0,1158691,Hospital (General Medical & Surgical),1350182.0,Parking,387651.0,,,293090784.0,False,Multi-usages,16,0.0,1.0,1,2
2016,NonResidential,Senior Care Community,2,DOWNTOWN,47.59626,-122.3218,1.0,5,102796,12611,90185,Senior Care Community,55259.0,Medical Office,40091.0,K-12 School,3231.0,10105379.0,False,Multi-usages,17,0.12267987081209386,0.8773201291879061,1,6
2016,NonResidential,K-12 School,4,NORTHEAST,47.66568,-122.31368,1.0,2,55653,0,55653,K-12 School,55500.0,,,,,1377627.0,False,Mono-usage,88,0.0,1.0,0,1
2016,NonResidential,Hotel,4,NORTHEAST,47.66151,-122.31457,1.0,16,106860,0,106860,Hotel,106860.0,,,,,11935719.0,False,Mono-usage,85,0.0,1.0,0,1
2016,NonResidential,Small- and Mid-Sized Office,5,NORTH,47.71895,-122.29475,1.0,5,50759,0,50759,Office,47079.0,Restaurant,3680.0,,,3147042.0,False,Multi-usages,44,0.0,1.0,1,2
2016,NonResidential,Worship Facility,4,NORTHEAST,47.66182,-122.31113,1.0,2,56772,0,56772,Worship Facility,56772.0,,,,,2439484.75,False,Mono-usage,64,0.0,1.0,0,1
2016,NonResidential,Worship Facility,4,NORTHEAST,47.6626,-122.31164,1.0,3,103000,0,103000,Worship Facility,103000.0,,,,,4854429.5,False,Mono-usage,64,0.0,1.0,0,1
2016,NonResidential,Other,7,DOWNTOWN,47.61103,-122.33238,1.0,7,128766,0,128766,Other - Entertainment/Public Assembly,109754.0,Other,12876.0,Office,6136.0,6057410.0,False,Multi-usages,102,0.0,1.0,1,3
2016,NonResidential,Residence Hall,7,DOWNTOWN,47.6079,-122.33266,1.0,9,107572,0,107572,Residence Hall/Dormitory,63934.0,Office,27143.0,Retail Store,10568.0,5572503.0,False,Multi-usages,103,0.0,1.0,1,3
2016,NonResidential,Other,7,DOWNTOWN,47.60699,-122.33481,1.0,15,230880,0,230880,Other,203000.0,,,,,62197176.0,False,Mono-usage,61,0.0,1.0,0,1
2016,NonResidential,Other,7,MAGNOLIA / QUEEN ANNE,47.63965,-122.3783,1.0,1,76086,0,76086,Other,77810.0,,,,,3267564.0,False,Mono-usage,43,0.0,1.0,0,1
2016,NonResidential,Medical Office,7,MAGNOLIA / QUEEN ANNE,47.61972,-122.36033,1.0,5,190000,39000,151000,Medical Office,146741.0,Office,9805.0,,,28731502.0,False,Multi-usages,89,0.20526315789473684,0.7947368421052632,1,2
2016,NonResidential,Hotel,7,DOWNTOWN,47.6124,-122.35075,1.0,4,122309,0,122309,Hotel,122309.0,,,,,25453690.0,False,Mono-usage,55,0.0,1.0,0,1
2016,NonResidential,Hotel,7,DOWNTOWN,47.61069,-122.34653,1.0,8,254273,38800,215473,Hotel,277000.0,,,,,26659244.0,False,Mono-usage,13,0.15259189925788424,0.8474081007421158,0,1
2016,Nonresidential COS,Other,7,DOWNTOWN,47.60729,-122.34211,1.0,2,69400,0,69400,Other - Entertainment/Public Assembly,69400.0,,,,,14833476.0,False,Mono-usage,36,0.0,1.0,0,1
2016,NonResidential,Mixed Use Property,7,DOWNTOWN,47.6041,-122.33958,1.0,1,62900,0,62900,Restaurant,32494.0,Other,29793.0,Retail Store,3384.300049,10394330.0,False,Multi-usages,116,0.0,1.0,1,3
2016,NonResidential,Small- and Mid-Sized Office,7,DOWNTOWN,47.60271,-122.33557,1.0,4,56500,0,56500,Office,33000.0,Retail Store,7000.0,,,1380293.625,False,Multi-usages,102,0.0,1.0,1,2
2016,NonResidential,Warehouse,2,GREATER DUWAMISH,47.59486,-122.32455,1.0,4,203504,0,203504,Non-Refrigerated Warehouse,159372.0,Other - Services,44132.0,,,3785282.5,False,Multi-usages,8,0.0,1.0,1,2
2016,NonResidential,Large Office,7,DOWNTOWN,47.61757,-122.35122,0.0,3,100734,26731,74003,Office,100734.0,,,,,9788717.0,False,Mono-usage,48,0.2653622411499593,0.7346377588500407,0,1
2016,NonResidential,Small- and Mid-Sized Office,7,DOWNTOWN,47.61703,-122.35012,1.0,4,77662,18504,59158,Office,62108.0,Parking,17570.0,,,5007401.0,False,Multi-usages,35,0.23826324328500426,0.7617367567149957,1,2
2016,NonResidential,Large Office,7,DOWNTOWN,47.61619,-122.34599,1.0,12,234000,21790,212210,Office,173786.0,Laboratory,29865.0,Parking,25373.0,18661606.0,False,Multi-usages,38,0.09311965811965812,0.9068803418803418,1,4
2016,NonResidential,Large Office,7,DOWNTOWN,47.61217,-122.33694,1.0,25,369996,0,369996,Office,383942.0,Parking,127192.0,,,24755086.0,False,Multi-usages,27,0.0,1.0,1,2
2016,NonResidential,Retail Store,7,DOWNTOWN,47.61229,-122.33629,1.0,10,693450,0,693450,Retail Store,361107.0,Office,332343.0,,,40062888.0,False,Multi-usages,91,0.0,1.0,1,2
2016,NonResidential,Large Office,7,DOWNTOWN,47.61316,-122.3343,1.0,33,791396,0,791396,Office,622034.0,Parking,132465.0,Other,33110.0,40847752.0,False,Multi-usages,40,0.0,1.0,1,5
2016,NonResidential,Large Office,7,DOWNTOWN,47.61399,-122.33523,1.0,23,747747,205076,542671,Office,542461.0,Parking,219045.0,Restaurant,9337.0,30985420.0,False,Multi-usages,16,0.2742585393187803,0.7257414606812197,1,3
2016,NonResidential,Small- and Mid-Sized Office,7,DOWNTOWN,47.61356,-122.33665,1.0,10,63409,7757,55652,Office,45260.0,Retail Store,6187.0,,,3444270.0,False,Multi-usages,90,0.12233279187497043,0.8776672081250295,1,2
2016,NonResidential,Large Office,7,DOWNTOWN,47.61375,-122.33566,1.0,17,204790,30000,174790,Office,142034.0,Other - Recreation,17070.0,Retail Store,14666.0,7739699.0,False,Multi-usages,86,0.14649152790663605,0.8535084720933639,1,4
2016,NonResidential,Small- and Mid-Sized Office,7,DOWNTOWN,47.61256,-122.33808,1.0,5,73399,0,73399,Office,51557.0,Retail Store,9976.0,,,3757006.0,False,Multi-usages,100,0.0,1.0,1,2
2016,NonResidential,Large Office,7,DOWNTOWN,47.61391,-122.33725,1.0,20,265851,32334,233517,Office,226454.0,Parking,29214.0,,,14633233.0,False,Multi-usages,47,0.12162451899748355,0.8783754810025165,1,2
2016,NonResidential,Large Office,7,DOWNTOWN,47.61578,-122.33726,1.0,25,758043,228668,529375,Office,582725.0,Parking,191082.0,,,27018020.0,False,Multi-usages,7,0.30165571082379233,0.6983442891762077,1,2
2016,NonResidential,Large Office,7,DOWNTOWN,47.61641,-122.34112,1.0,12,206000,0,206000,Office,161000.0,Parking,51250.0,,,8580279.0,False,Multi-usages,48,0.0,1.0,1,2
2016,NonResidential,Large Office,7,DOWNTOWN,47.61555,-122.33582,1.0,36,824887,154972,669915,Office,743562.0,Parking,161119.0,,,39523852.0,False,Multi-usages,7,0.187870581061406,0.812129418938594,1,2
2016,NonResidential,Large Office,7,DOWNTOWN,47.61516,-122.33303,1.0,16,480840,141600,339240,Office,311736.0,Parking,123356.0,Fitness Center/Health Club/Gym,18239.0,17867002.0,False,Multi-usages,26,0.2944846518592463,0.7055153481407537,1,5
2016,NonResidential,Small- and Mid-Sized Office,7,DOWNTOWN,47.60266,-122.33332,1.0,7,89550,0,89550,Office,64712.0,Retail Store,10058.0,Social/Meeting Hall,7030.0,3903259.75,False,Multi-usages,116,0.0,1.0,1,3
2016,NonResidential,Small- and Mid-Sized Office,7,DOWNTOWN,47.60219,-122.33347,1.0,6,89355,0,89355,Office,82355.0,Retail Store,7000.0,,,4178233.5,False,Multi-usages,116,0.0,1.0,1,2
2016,NonResidential,Large Office,7,DOWNTOWN,47.6036,-122.33288,1.0,15,388934,0,388934,Office,388934.0,,,,,18576900.0,False,Mono-usage,94,0.0,1.0,0,1
2016,NonResidential,Large Office,7,DOWNTOWN,47.60403,-122.33497,1.0,22,384302,0,384302,Office,348969.0,Convenience Store without Gas Station,3291.899902,Food Service,1437.0,10062436.0,False,Multi-usages,87,0.0,1.0,1,3
2016,NonResidential,Large Office,7,DOWNTOWN,47.6037,-122.33447,1.0,17,378525,84600,293925,Office,236827.0,Parking,83311.0,Restaurant,14679.0,24906132.0,False,Multi-usages,58,0.22349910838121656,0.7765008916187834,1,2
2016,NonResidential,Large Office,7,DOWNTOWN,47.60505,-122.33427,1.0,47,1323055,0,1323055,Office,1011135.0,Parking,272682.0,Restaurant,37595.0,44683660.0,False,Multi-usages,33,0.0,1.0,1,3
2016,NonResidential,Large Office,7,DOWNTOWN,47.60567,-122.33511,1.0,41,589921,129432,460489,Office,470416.0,Parking,107667.0,Pre-school/Daycare,10290.0,24603420.0,False,Multi-usages,30,0.21940564923099873,0.7805943507690013,1,3
2016,NonResidential,Small- and Mid-Sized Office,7,DOWNTOWN,47.60542,-122.33588,1.0,6,91091,1392,89699,Office,89699.0,Parking,1392.0,,,1835804.875,False,Multi-usages,66,0.015281421874828468,0.9847185781251715,1,2
2016,NonResidential,Large Office,7,DOWNTOWN,47.60581,-122.33664,1.0,8,157941,62993,94948,Office,84838.0,Parking,15401.0,,,3743228.5,False,Multi-usages,48,0.39883880689624607,0.6011611931037539,1,2
2016,NonResidential,Large Office,7,DOWNTOWN,47.60614,-122.33674,1.0,29,635303,197231,438072,Office,522667.0,Parking,194435.0,Convenience Store without Gas Station,6122.0,18221224.0,False,Multi-usages,25,0.3104518631267285,0.6895481368732715,1,2
2016,NonResidential,Large Office,7,DOWNTOWN,47.60642,-122.33581,1.0,6,172842,25920,146922,Office,99890.0,Data Center,39336.0,Parking,25000.0,41399504.0,False,Multi-usages,58,0.14996355052591384,0.8500364494740862,1,3
2016,NonResidential,Large Office,7,DOWNTOWN,47.60655,-122.33533,1.0,34,776762,162604,614158,Office,606050.0,Parking,154947.0,,,32552428.0,False,Multi-usages,36,0.20933567810989723,0.7906643218901027,1,2
2016,NonResidential,Large Office,7,DOWNTOWN,47.60671,-122.33456,1.0,14,186768,23775,162993,Office,182540.0,Parking,33671.0,Data Center,240.0,9641043.0,False,Multi-usages,44,0.1272969673605757,0.8727030326394243,1,3
2016,NonResidential,Large Office,7,DOWNTOWN,47.60615,-122.33388,1.0,49,1123435,368980,754455,Office,808980.0,Parking,232248.0,Other,30329.0,45163308.0,False,Multi-usages,47,0.32843911752793886,0.6715608824720611,1,5
2016,NonResidential,Large Office,7,DOWNTOWN,47.60549,-122.33319,1.0,37,1052469,164420,888049,Office,765351.0,Parking,185581.0,Financial Office,103478.0,41213584.0,False,Multi-usages,14,0.15622312866222188,0.8437768713377781,1,11
2016,NonResidential,Large Office,7,DOWNTOWN,47.60616,-122.33165,1.0,42,617684,171500,446184,Office,581558.0,Parking,189600.0,Retail Store,18026.0,69519808.0,False,Multi-usages,43,0.27765006054875957,0.7223499394512405,1,4
2016,NonResidential,Large Office,7,DOWNTOWN,47.60471,-122.33261,1.0,8,201480,0,201480,Office,161762.0,Retail Store,29094.0,Non-Refrigerated Warehouse,10624.0,8921778.0,False,Multi-usages,109,0.0,1.0,1,3
2016,Nonresidential COS,Large Office,3,DOWNTOWN,47.60501,-122.32988,1.0,63,1354987,159600,1195387,Office,1191115.0,Parking,159599.0,Other,18656.0,61576184.0,False,Multi-usages,26,0.11778710792059259,0.8822128920794075,1,2
2016,Nonresidential COS,Large Office,3,DOWNTOWN,47.60421,-122.32919,1.0,14,310490,0,310490,Office,269284.0,Other,28394.0,Data Center,600.0,21169502.0,False,Multi-usages,15,0.0,1.0,1,3
2016,Nonresidential COS,Large Office,7,DOWNTOWN,47.60377,-122.32971,1.0,8,199530,30660,168870,Office,160418.0,Parking,18590.0,Other,17480.0,13214416.0,False,Multi-usages,13,0.1536611035934446,0.8463388964065554,1,4
2016,NonResidential,Large Office,7,DOWNTOWN,47.60249,-122.32854,1.0,13,372242,52703,319539,Office,319539.0,Parking,52703.0,,,13843866.0,False,Multi-usages,10,0.14158262635597274,0.8584173736440273,1,2
2016,NonResidential,Large Office,7,DOWNTOWN,47.60193,-122.32812,1.0,7,114395,8296,106099,Office,96582.0,,,,,2746560.75,False,Mono-usage,107,0.07252065212640413,0.9274793478735959,0,1
2016,NonResidential,Retail Store,4,NORTHEAST,47.66024,-122.31278,1.0,2,89200,0,89200,Retail Store,89200.0,,,,,6461937.0,False,Mono-usage,38,0.0,1.0,0,1
2016,NonResidential,Large Office,4,NORTHEAST,47.66072,-122.31466,1.0,23,474546,0,474546,Office,474546.0,,,,,28450436.0,False,Mono-usage,45,0.0,1.0,0,1
2016,NonResidential,Other,4,NORTHEAST,47.6606,-122.31512,1.0,5,36000,0,36000,Data Center,36000.0,,,,,30038490.0,False,Mono-usage,47,0.0,1.0,0,1
2016,NonResidential,Small- and Mid-Sized Office,4,NORTHEAST,47.661,-122.31626,0.0,5,99005,0,99005,Office,79555.0,,,,,4728488.5,False,Mono-usage,55,0.0,1.0,0,1
2016,NonResidential,Large Office,4,NORTHEAST,47.66065,-122.31689,1.0,6,135051,44248,90803,Office,95943.0,Parking,42500.0,,,4426136.0,False,Multi-usages,14,0.32763918815854753,0.6723608118414525,1,2
2016,NonResidential,Large Office,4,NORTHEAST,47.65999,-122.31741,1.0,5,220649,82720,137929,Office,145754.0,Parking,90000.0,,,7046345.5,False,Multi-usages,14,0.37489406251557905,0.625105937484421,1,2
2016,NonResidential,Self-Storage Facility,7,DOWNTOWN,47.61591,-122.33238,1.0,5,93660,0,93660,Self-Storage Facility,93660.0,,,,,873221.875,False,Mono-usage,52,0.0,1.0,0,1
2016,NonResidential,Large Office,7,DOWNTOWN,47.61597,-122.33086,1.0,18,413715,64660,349055,Office,348270.0,Parking,69634.0,,,24224888.0,False,Multi-usages,36,0.156291166624367,0.843708833375633,1,2
2016,NonResidential,Mixed Use Property,7,DOWNTOWN,47.6177,-122.3306,1.0,11,381381,195621,185760,Parking,182820.0,Office,164192.0,Fitness Center/Health Club/Gym,37782.0,9765777.0,False,Multi-usages,16,0.5129280168650248,0.48707198313497524,1,3
2016,NonResidential,Large Office,7,DOWNTOWN,47.61695,-122.32965,1.0,20,497513,118744,378769,Office,367623.0,Parking,114510.0,,,26823218.0,False,Multi-usages,28,0.23867517029705757,0.7613248297029425,1,2
2016,NonResidential,Large Office,7,DOWNTOWN,47.61431,-122.34244,1.0,24,543876,116721,427155,Office,424044.0,Parking,107300.0,,,25307744.0,False,Multi-usages,37,0.2146095801248814,0.7853904198751186,1,2
2016,NonResidential,Mixed Use Property,7,DOWNTOWN,47.6177,-122.3545,1.0,4,109347,38700,70647,Laboratory,42389.0,Parking,38700.0,Office,28258.0,8218155.5,False,Multi-usages,36,0.35391917473730417,0.6460808252626958,1,3
2016,NonResidential,Large Office,7,DOWNTOWN,47.6182,-122.352,1.0,6,396626,124216,272410,Office,274002.0,Parking,122624.0,,,20361158.0,False,Multi-usages,34,0.31318168753435227,0.6868183124656477,1,2
2016,NonResidential,Large Office,7,DOWNTOWN,47.61598,-122.34369,1.0,6,287471,83591,203880,Office,191814.0,Parking,72178.0,Other - Restaurant/Bar,5322.0,14913424.0,False,Multi-usages,14,0.2907806352640788,0.7092193647359212,1,4
2016,NonResidential,Large Office,7,DOWNTOWN,47.61734,-122.34434,1.0,3,192630,48512,144118,Office,146157.0,Parking,48199.0,,,5357833.0,False,Multi-usages,69,0.25184031563100245,0.7481596843689976,1,2
2016,NonResidential,Large Office,7,DOWNTOWN,47.6176,-122.35686,1.0,8,253103,61986,191117,Office,158681.0,Parking,70190.0,Other,21782.0,29949248.0,False,Multi-usages,32,0.244904248468015,0.755095751531985,1,4
2016,NonResidential,Supermarket / Grocery Store,6,NORTHWEST,47.7019,-122.36374,1.0,1,60880,0,60880,Supermarket/Grocery Store,61666.0,,,,,14293972.0,False,Mono-usage,60,0.0,1.0,0,1
2016,NonResidential,Small- and Mid-Sized Office,7,DOWNTOWN,47.60227,-122.33202,1.0,5,50176,0,50176,Office,50328.0,Other,8329.0,Restaurant,4253.0,2933288.75,False,Multi-usages,116,0.0,1.0,1,3
2016,NonResidential,Large Office,7,DOWNTOWN,47.60198,-122.33174,1.0,42,304346,0,304346,Office,245028.0,Retail Store,8429.0,Other - Restaurant/Bar,7518.0,23262244.0,False,Multi-usages,104,0.0,1.0,1,4
2016,NonResidential,Warehouse,2,GREATER DUWAMISH,47.54066,-122.33023,1.0,1,128800,0,128800,Non-Refrigerated Warehouse,119200.0,Other,9600.0,,,1809101.5,False,Multi-usages,39,0.0,1.0,1,2
2016,NonResidential,Large Office,7,DOWNTOWN,47.60932,-122.33388,1.0,8,321945,0,321945,Office,166919.0,Performing Arts,39355.0,Retail Store,19787.0,13656587.0,False,Multi-usages,89,0.0,1.0,1,3
2016,NonResidential,Large Office,7,DOWNTOWN,47.60842,-122.33305,1.0,22,336330,0,336330,Office,256299.0,Parking,66430.0,Other - Restaurant/Bar,7438.0,18967014.0,False,Multi-usages,52,0.0,1.0,1,3
2016,NonResidential,Large Office,7,DOWNTOWN,47.60869,-122.33588,1.0,21,298426,0,298426,Office,286538.0,Parking,197750.0,Other - Education,11888.0,27076922.0,False,Multi-usages,56,0.0,1.0,1,3
2016,NonResidential,Large Office,7,DOWNTOWN,47.60896,-122.33481,1.0,42,635824,0,635824,Office,718473.0,Parking,40000.0,Restaurant,19671.0,48479988.0,False,Multi-usages,40,0.0,1.0,1,5
2016,NonResidential,Hotel,7,DOWNTOWN,47.60804,-122.33391,1.0,12,542305,0,542305,Hotel,542305.0,Swimming Pool,0.0,,,56485204.0,False,Multi-usages,93,0.0,1.0,1,2
2016,NonResidential,Retail Store,2,SOUTHEAST,47.57936,-122.29744,1.0,2,291940,0,291940,Retail Store,191940.0,Office,100000.0,,,11688601.0,False,Multi-usages,36,0.0,1.0,1,2
2016,NonResidential,Mixed Use Property,2,GREATER DUWAMISH,47.52871,-122.29443,0.0,1,88400,0,88400,Non-Refrigerated Warehouse,33450.0,Office,29620.0,Distribution Center,27715.0,4383100.5,False,Multi-usages,46,0.0,1.0,1,3
2016,NonResidential,Warehouse,5,NORTHWEST,47.72912,-122.34677,1.0,1,52311,0,52311,Non-Refrigerated Warehouse,51116.0,,,,,930611.875,False,Mono-usage,56,0.0,1.0,0,1
2016,NonResidential,Other,7,LAKE UNION,47.62323,-122.33028,1.0,5,141131,69710,71421,Parking,74831.0,Office,71643.0,,,3085814.0,False,Multi-usages,7,0.4939382559466028,0.5060617440533972,1,5
2016,NonResidential,Large Office,7,LAKE UNION,47.62333,-122.3296,1.0,5,176532,70067,106465,Office,103494.0,Parking,70067.0,,,5803409.0,False,Multi-usages,15,0.3969082092765051,0.6030917907234948,1,2
2016,NonResidential,Warehouse,6,BALLARD,47.65825,-122.3683,1.0,1,52500,0,52500,Non-Refrigerated Warehouse,49395.0,Office,5853.0,,,3989399.0,False,Multi-usages,43,0.0,1.0,1,2
2016,NonResidential,Warehouse,6,BALLARD,47.66587,-122.38476,1.0,2,57300,0,57300,Non-Refrigerated Warehouse,29001.0,Office,28299.0,,,4560492.0,False,Multi-usages,57,0.0,1.0,1,2
2016,NonResidential,Large Office,7,DOWNTOWN,47.61429,-122.35263,1.0,6,350310,0,350310,Office,305233.0,College/University,26900.0,Restaurant,7666.0,18102026.0,False,Multi-usages,100,0.0,1.0,1,3
2016,NonResidential,Large Office,7,DOWNTOWN,47.60723,-122.33611,1.0,55,1400000,285000,1115000,Office,994116.0,Parking,264481.0,Other,133598.0,53079164.0,False,Multi-usages,28,0.20357142857142857,0.7964285714285714,1,4
2016,NonResidential,Hotel,7,DOWNTOWN,47.60968,-122.33379,1.0,21,305548,0,305548,Hotel,310000.0,,,,,33729336.0,False,Mono-usage,86,0.0,1.0,0,1
2016,NonResidential,Large Office,7,DOWNTOWN,47.61054,-122.33466,1.0,46,1536606,512608,1023998,Office,1002403.0,Parking,377046.0,Other,53116.0,56606136.0,False,Multi-usages,27,0.3335975520074762,0.6664024479925238,1,6
2016,NonResidential,Large Office,7,DOWNTOWN,47.61003,-122.33452,1.0,10,135918,0,135918,Office,144570.0,,,,,6423556.5,False,Mono-usage,58,0.0,1.0,0,1
2016,NonResidential,Retail Store,7,DOWNTOWN,47.61159,-122.33601,1.0,4,79957,0,79957,Retail Store,35694.0,Office,29723.0,,,5252131.0,False,Multi-usages,102,0.0,1.0,1,2
2016,NonResidential,Large Office,7,DOWNTOWN,47.61166,-122.33528,1.0,4,127268,0,127268,Office,62512.0,Retail Store,53971.0,Non-Refrigerated Warehouse,5000.0,7711757.5,True,Multi-usages,95,0.0,1.0,1,3
2016,NonResidential,Large Office,7,DOWNTOWN,47.61125,-122.33494,1.0,29,500000,0,500000,Office,411301.0,Parking,80005.0,Retail Store,14528.0,18848780.0,False,Multi-usages,33,0.0,1.0,1,3
2016,NonResidential,Large Office,7,DOWNTOWN,47.61005,-122.3361,0.0,10,132326,0,132326,Office,92006.0,Other,12610.0,Retail Store,9835.0,6029020.0,False,Multi-usages,90,0.0,1.0,1,3
2016,NonResidential,Large Office,7,DOWNTOWN,47.61033,-122.3357,1.0,6,109830,13200,96630,Office,83485.0,Parking,13200.0,Retail Store,5000.0,7335905.5,False,Multi-usages,32,0.12018574160065555,0.8798142583993445,1,4
2016,NonResidential,Hotel,7,DOWNTOWN,47.60996,-122.33572,0.0,19,332067,59280,272787,Hotel,332067.0,,,,,37785552.0,False,Mono-usage,43,0.17851819060611263,0.8214818093938874,0,1
2016,NonResidential,Large Office,7,DOWNTOWN,47.60991,-122.33687,1.0,10,130513,0,130513,Office,87391.0,Retail Store,32264.0,Restaurant,10858.0,11651200.0,False,Multi-usages,106,0.0,1.0,1,3
2016,NonResidential,Small- and Mid-Sized Office,7,DOWNTOWN,47.60953,-122.33647,1.0,8,60660,0,60660,Office,41958.0,Retail Store,4800.0,,,2586116.0,False,Multi-usages,96,0.0,1.0,1,2
2016,NonResidential,Large Office,7,DOWNTOWN,47.60902,-122.33674,1.0,14,137350,0,137350,Office,124508.0,,,,,6366084.5,False,Mono-usage,87,0.0,1.0,0,1
2016,NonResidential,Large Office,7,DOWNTOWN,47.60923,-122.33625,1.0,15,151039,0,151039,Office,125473.0,,,,,5446624.0,False,Mono-usage,87,0.0,1.0,0,1
2016,NonResidential,Large Office,7,DOWNTOWN,47.61022,-122.33745,1.0,30,755000,134662,620338,Office,643083.0,Parking,126891.0,Restaurant,13422.0,52226204.0,False,Multi-usages,31,0.17836026490066226,0.8216397350993377,1,5
2016,NonResidential,Small- and Mid-Sized Office,7,DOWNTOWN,47.60995,-122.33904,1.0,4,63540,0,63540,Office,56747.0,,,,,3518459.5,False,Mono-usage,110,0.0,1.0,0,1
2016,NonResidential,Large Office,7,DOWNTOWN,47.60987,-122.33824,1.0,10,130893,0,130893,Office,87925.0,Supermarket/Grocery Store,27177.0,Medical Office,6644.0,6962073.0,False,Multi-usages,89,0.0,1.0,1,3
2016,NonResidential,Mixed Use Property,7,DOWNTOWN,47.60821,-122.33899,1.0,5,79920,0,79920,Office,39960.0,Retail Store,26640.0,Other,13320.0,3009463.75,False,Multi-usages,106,0.0,1.0,1,3
2016,NonResidential,Other,7,DOWNTOWN,47.61164,-122.33446,1.0,6,147852,86429,61423,Parking,64821.0,Retail Store,40629.0,Other - Restaurant/Bar,13039.0,9671619.0,False,Multi-usages,20,0.5845642940237534,0.4154357059762465,1,4
2016,NonResidential,Other,7,DOWNTOWN,47.61185,-122.33421,0.0,4,267335,166960,100375,Parking,166960.0,Movie Theater,69947.0,Other - Restaurant/Bar,27400.0,7273155.5,False,Multi-usages,20,0.6245347597583556,0.3754652402416444,1,3
2016,NonResidential,Large Office,7,DOWNTOWN,47.61043,-122.33206,1.0,56,1605578,389860,1215718,Office,1314475.0,Parking,389860.0,Other,30744.0,49517704.0,False,Multi-usages,27,0.2428159827800331,0.7571840172199669,1,3
2016,NonResidential,Large Office,7,DOWNTOWN,47.60967,-122.33229,1.0,36,794592,0,794592,Office,748011.0,Parking,36606.0,Other,9975.0,26689658.0,False,Multi-usages,36,0.0,1.0,1,3
2016,NonResidential,Large Office,7,DOWNTOWN,47.60909,-122.33202,1.0,21,456304,93204,363100,Office,342952.0,Parking,106466.0,,,19397324.0,False,Multi-usages,45,0.20425856446579474,0.7957414355342053,1,2
2016,NonResidential,Large Office,7,DOWNTOWN,47.61029,-122.34089,1.0,12,115857,15140,100717,Office,104788.0,Parking,11844.0,Restaurant,528.0,4757299.5,False,Multi-usages,30,0.13067833622482888,0.8693216637751711,1,3
2016,NonResidential,Small- and Mid-Sized Office,7,DOWNTOWN,47.61116,-122.34748,1.0,4,87500,17500,70000,Office,70090.0,Other,1672.0,,,4549892.0,False,Multi-usages,17,0.2,0.8,1,2
2016,NonResidential,Large Office,7,DOWNTOWN,47.6117,-122.34778,1.0,11,374405,184776,189629,Office,150969.0,Laboratory,41829.0,,,13329024.0,False,Multi-usages,18,0.49351905022635917,0.5064809497736409,1,2
2016,NonResidential,Other,7,DOWNTOWN,47.61252,-122.34351,1.0,12,193500,38000,155500,Other,146689.0,,,,,14436982.0,False,Mono-usage,31,0.19638242894056848,0.8036175710594315,0,1
2016,NonResidential,Large Office,7,DOWNTOWN,47.61108,-122.34217,1.0,11,102846,0,102846,Office,93879.0,Retail Store,7500.0,,,5327249.5,False,Multi-usages,93,0.0,1.0,1,2
2016,NonResidential,Small- and Mid-Sized Office,7,DOWNTOWN,47.61304,-122.34059,1.0,4,52800,0,52800,Office,38880.0,Restaurant,12960.0,,,2429021.0,False,Multi-usages,91,0.0,1.0,1,2
2016,NonResidential,Retail Store,7,DOWNTOWN,47.61098,-122.33815,1.0,8,861702,0,861702,Retail Store,509342.0,Other,380639.0,,,17666646.0,False,Multi-usages,87,0.0,1.0,1,2
2016,NonResidential,Other,7,EAST,47.61,-122.32922,1.0,5,206950,97400,109550,Other,206950.0,,,,,19295226.0,False,Mono-usage,17,0.470645083353467,0.529354916646533,0,1
2016,NonResidential,Other,3,EAST,47.61048,-122.32837,1.0,9,46710,0,46710,Urgent Care/Clinic/Other Outpatient,46710.0,,,,,4169431.5,False,Mono-usage,28,0.0,1.0,0,1
2016,NonResidential,Medical Office,3,EAST,47.61048,-122.32837,1.0,3,266000,104000,162000,Medical Office,162000.0,Parking,104000.0,,,13911761.0,False,Multi-usages,71,0.39097744360902253,0.6090225563909775,1,2
2016,NonResidential,Medical Office,3,EAST,47.60921,-122.32425,1.0,14,690158,407795,282363,Medical Office,270384.0,Parking,270383.0,,,21156670.0,False,Multi-usages,24,0.5908719452647075,0.4091280547352925,1,2
2016,NonResidential,Mixed Use Property,7,LAKE UNION,47.61915,-122.34857,1.0,6,378443,177660,200783,Parking,164332.0,Office,108781.0,Data Center,54184.0,55073120.0,False,Multi-usages,15,0.46944982467637136,0.5305501753236287,1,6
2016,NonResidential,Mixed Use Property,7,LAKE UNION,47.61915,-122.34857,1.0,6,213834,104922,108912,Parking,104922.0,Data Center,54385.0,Office,37721.0,75073888.0,False,Multi-usages,15,0.4906703330620949,0.5093296669379052,1,6
2016,NonResidential,Hotel,7,LAKE UNION,47.62036,-122.34588,1.0,5,109017,29409,79608,Hotel,109017.0,,,,,9474745.0,False,Mono-usage,37,0.2697652659676931,0.7302347340323069,0,1
2016,NonResidential,Large Office,7,MAGNOLIA / QUEEN ANNE,47.62177,-122.36158,1.0,5,275734,38452,237282,Office,228504.0,Parking,47404.0,,,16373232.0,False,Multi-usages,35,0.1394532411672119,0.8605467588327881,1,2
2016,NonResidential,Warehouse,2,GREATER DUWAMISH,47.56064,-122.32522,1.0,1,123061,0,123061,Non-Refrigerated Warehouse,123061.0,,,,,1987934.625,False,Mono-usage,15,0.0,1.0,0,1
2016,NonResidential,Distribution Center,2,GREATER DUWAMISH,47.54868,-122.3255,1.0,1,59090,0,59090,Distribution Center,40272.0,Office,18818.0,,,2756214.75,False,Multi-usages,53,0.0,1.0,1,2
2016,NonResidential,Warehouse,2,GREATER DUWAMISH,47.5471,-122.32406,1.0,1,106000,0,106000,Non-Refrigerated Warehouse,106001.0,,,,,763364.5,False,Mono-usage,53,0.0,1.0,0,1
2016,NonResidential,Large Office,4,LAKE UNION,47.63349,-122.32634,1.0,3,158600,38400,120200,Office,125779.0,Parking,32821.0,Laboratory,20000.0,18309150.0,False,Multi-usages,54,0.2421185372005044,0.7578814627994955,1,3
2016,NonResidential,Distribution Center,2,GREATER DUWAMISH,47.53764,-122.3232,1.0,1,119661,0,119661,Distribution Center,118733.0,,,,,775729.1875,False,Mono-usage,56,0.0,1.0,0,1
2016,NonResidential,Large Office,3,LAKE UNION,47.62958,-122.32826,1.0,7,139200,44728,94472,Office,82098.0,,,,,4342597.0,False,Mono-usage,15,0.32132183908045975,0.6786781609195403,0,1
2016,NonResidential,Small- and Mid-Sized Office,7,MAGNOLIA / QUEEN ANNE,47.62566,-122.34287,1.0,6,95721,33921,61800,Office,95721.0,Parking,31746.0,,,3063504.5,False,Multi-usages,32,0.3543736484157082,0.6456263515842918,1,2
2016,NonResidential,Large Office,7,MAGNOLIA / QUEEN ANNE,47.62929,-122.34194,2.0,5,213283,115228,98055,Office,105563.0,Parking,0.0,,,5661689.5,False,Multi-usages,20,0.5402587172911109,0.45974128270888914,1,2
2016,NonResidential,Large Office,4,LAKE UNION,47.64776,-122.33924,1.0,3,103697,47656,56041,Office,63199.0,,,,,11319836.0,False,Mono-usage,15,0.4595697078989749,0.5404302921010251,0,1
2016,NonResidential,Small- and Mid-Sized Office,5,NORTH,47.70105,-122.32659,1.0,5,74880,0,74880,Office,71751.0,Parking,0.0,,,5134607.5,False,Multi-usages,42,0.0,1.0,1,2
2016,NonResidential,Small- and Mid-Sized Office,5,NORTH,47.69999,-122.32663,1.0,6,88774,0,88774,Office,85339.0,Parking,0.0,,,6029121.5,False,Multi-usages,37,0.0,1.0,1,2
2016,NonResidential,Large Office,5,NORTH,47.69917,-122.3268,1.0,5,122250,0,122250,Office,91281.0,Adult Education,30177.0,Bank Branch,5931.0,5535626.0,False,Multi-usages,33,0.0,1.0,1,4
2016,NonResidential,Small- and Mid-Sized Office,5,NORTH,47.70063,-122.32487,1.0,4,53730,0,53730,Office,53730.0,Parking,0.0,,,4742869.0,False,Multi-usages,37,0.0,1.0,1,2
2016,NonResidential,Small- and Mid-Sized Office,1,DELRIDGE,47.5671,-122.36416,1.0,3,55593,0,55593,Office,55593.0,,,,,4224872.5,False,Mono-usage,56,0.0,1.0,0,1
2016,NonResidential,Large Office,7,LAKE UNION,47.62269,-122.33224,1.0,4,134056,60960,73096,Office,72066.0,Parking,59137.0,,,4695139.0,False,Multi-usages,34,0.45473533448708003,0.54526466551292,1,2
2016,NonResidential,Retail Store,2,GREATER DUWAMISH,47.5653,-122.33076,1.0,1,158415,0,158415,Retail Store,158415.0,,,,,22394416.0,False,Mono-usage,11,0.0,1.0,0,1
2016,NonResidential,Large Office,7,LAKE UNION,47.61907,-122.33651,1.0,8,287819,0,287819,Office,155985.0,Data Center,88350.0,Other,15630.0,48406556.0,False,Multi-usages,87,0.0,1.0,1,4
2016,NonResidential,Other,3,EAST,47.60953,-122.32793,1.0,8,158738,0,158738,Urgent Care/Clinic/Other Outpatient,158738.0,,,,,61762380.0,False,Mono-usage,41,0.0,1.0,0,1
2016,NonResidential,Small- and Mid-Sized Office,7,MAGNOLIA / QUEEN ANNE,47.62003,-122.35706,1.0,4,86995,28800,58195,Office,58195.0,Parking,28800.0,,,2991674.75,False,Multi-usages,31,0.33105350882234613,0.6689464911776539,1,2
2016,NonResidential,Retail Store,6,BALLARD,47.66057,-122.36857,1.0,1,164437,0,164437,Retail Store,102653.0,Supermarket/Grocery Store,74102.0,Parking,0.0,18390344.0,False,Multi-usages,17,0.0,1.0,1,3
2016,NonResidential,Large Office,7,LAKE UNION,47.62402,-122.33755,1.0,5,184482,66234,118248,Office,118016.0,Parking,66234.0,Other,1595.0,5671256.0,False,Multi-usages,7,0.35902689693303413,0.6409731030669659,1,3
2016,NonResidential,Laboratory,7,LAKE UNION,47.62348,-122.33743,1.0,3,55200,0,55200,Laboratory,54880.0,Data Center,320.0,,,11594121.0,False,Multi-usages,88,0.0,1.0,1,2
2016,NonResidential,Laboratory,7,LAKE UNION,47.62254,-122.33753,1.0,4,241159,111793,129366,Laboratory,176171.0,,,,,33713876.0,False,Mono-usage,13,0.4635655314543517,0.5364344685456484,0,1
2016,NonResidential,Large Office,7,LAKE UNION,47.62286,-122.33804,1.0,6,139282,52582,86700,Office,79384.0,Parking,52582.0,Financial Office,3027.0,3238216.0,False,Multi-usages,12,0.37752186212145145,0.6224781378785486,1,5
2016,NonResidential,Large Office,7,LAKE UNION,47.62383,-122.3356,1.0,5,271071,98700,172371,Office,168132.0,Parking,96918.0,Medical Office,16862.0,7851334.5,False,Multi-usages,7,0.3641112476067156,0.6358887523932845,1,3
2016,NonResidential,Warehouse,3,LAKE UNION,47.62572,-122.33389,1.0,5,127800,0,127800,Non-Refrigerated Warehouse,127800.0,,,,,2767491.0,False,Mono-usage,102,0.0,1.0,0,1
2016,NonResidential,Large Office,3,LAKE UNION,47.62855,-122.33035,1.0,5,560516,206597,353919,Office,372503.0,Parking,189133.0,,,30083496.0,False,Multi-usages,14,0.36858359083416,0.6314164091658401,1,2
2016,NonResidential,Large Office,3,LAKE UNION,47.62621,-122.33128,1.0,6,226592,95000,131592,Office,131592.0,Parking,83178.0,,,11963428.0,False,Multi-usages,15,0.41925575483688743,0.5807442451631125,1,2
2016,NonResidential,Mixed Use Property,7,LAKE UNION,47.62121,-122.33885,1.0,5,159700,50654,109046,Other,72407.0,Parking,49314.0,Office,37406.0,31371618.0,False,Multi-usages,13,0.3171822166562304,0.6828177833437695,1,4
2016,NonResidential,Large Office,7,LAKE UNION,47.62137,-122.33744,1.0,4,209816,73673,136143,Office,113803.0,Parking,79091.0,Fitness Center/Health Club/Gym,15803.0,6917478.5,False,Multi-usages,10,0.35113146757158653,0.6488685324284135,1,4
2016,NonResidential,Large Office,7,LAKE UNION,47.62131,-122.33814,1.0,6,303103,109905,193198,Office,178628.0,Parking,99368.0,Bank Branch,6015.0,7519466.5,False,Multi-usages,10,0.36259951237698074,0.6374004876230193,1,3
2016,NonResidential,Mixed Use Property,7,LAKE UNION,47.62002,-122.33687,1.0,3,67380,0,67380,Non-Refrigerated Warehouse,29732.0,Office,17372.0,Other - Entertainment/Public Assembly,13639.0,2755829.0,False,Multi-usages,62,0.0,1.0,1,5
2016,NonResidential,Laboratory,7,LAKE UNION,47.62405,-122.34036,1.0,4,102235,0,102235,Laboratory,103135.0,,,,,24395228.0,False,Mono-usage,53,0.0,1.0,0,1
2016,NonResidential,Mixed Use Property,7,LAKE UNION,47.62405,-122.34036,1.0,5,436497,153684,282813,Laboratory,175364.0,Parking,173235.0,Office,88901.0,45252356.0,False,Multi-usages,8,0.3520848940542547,0.6479151059457453,1,3
2016,NonResidential,Small- and Mid-Sized Office,7,MAGNOLIA / QUEEN ANNE,47.62115,-122.3597,1.0,5,88062,20826,67236,Office,64752.0,Parking,21396.0,,,3415561.25,False,Multi-usages,42,0.23649247121346323,0.7635075287865367,1,2
2016,NonResidential,Small- and Mid-Sized Office,7,MAGNOLIA / QUEEN ANNE,47.62224,-122.3585,1.0,5,87178,20416,66762,Office,66648.0,Parking,15167.0,,,3632613.75,False,Multi-usages,44,0.23418752437541582,0.7658124756245842,1,2
2016,NonResidential,Small- and Mid-Sized Office,7,MAGNOLIA / QUEEN ANNE,47.62224,-122.3585,1.0,5,87178,20416,66762,Office,66747.0,Parking,28285.0,,,3493093.75,False,Multi-usages,46,0.23418752437541582,0.7658124756245842,1,2
2016,NonResidential,Small- and Mid-Sized Office,7,MAGNOLIA / QUEEN ANNE,47.62014,-122.35768,1.0,5,88000,21600,66400,Office,69691.0,Parking,17487.0,,,3484915.5,False,Multi-usages,45,0.24545454545454545,0.7545454545454545,1,2
2016,NonResidential,Medical Office,4,NORTHEAST,47.65821,-122.31831,1.0,4,196749,88405,108344,Medical Office,108344.0,Parking,88405.0,,,19165116.0,False,Multi-usages,28,0.4493288402990612,0.5506711597009387,1,2
2016,NonResidential,Medical Office,4,NORTHEAST,47.65884,-122.3183,1.0,4,191276,95281,95995,Medical Office,95995.0,,,,,8422861.0,False,Mono-usage,22,0.4981335870679019,0.5018664129320981,0,1
2016,NonResidential,Self-Storage Facility,6,BALLARD,47.66838,-122.3931,2.0,2,111445,0,111445,,,,,,,5697472.5,False,Mono-usage,70,0.0,1.0,1,13
2016,NonResidential,Warehouse,1,SOUTHWEST,47.56885,-122.37121,1.0,4,98475,0,98475,Non-Refrigerated Warehouse,98475.0,,,,,1090496.625,False,Mono-usage,19,0.0,1.0,0,1
2016,NonResidential,Hospital,3,LAKE UNION,47.62667,-122.32965,1.0,7,351530,150455,201075,Hospital (General Medical & Surgical),215602.0,,,,,42709624.0,False,Mono-usage,16,0.4280004551531875,0.5719995448468125,0,1
2016,NonResidential,Supermarket / Grocery Store,5,NORTH,47.7237,-122.29232,1.0,2,308965,187878,121087,Supermarket/Grocery Store,121087.0,Parking,0.0,Parking,0.0,14512786.0,False,Multi-usages,21,0.6080882947906721,0.39191170520932794,1,2
2016,NonResidential,Supermarket / Grocery Store,2,GREATER DUWAMISH,47.56895,-122.33775,1.0,1,63225,0,63225,Supermarket/Grocery Store,63225.0,,,,,6522551.5,False,Mono-usage,8,0.0,1.0,0,1
2016,Nonresidential COS,Other,1,DELRIDGE,47.56548,-122.35378,0.0,1,113780,0,113780,Other - Services,91532.0,Office,22248.0,,,3574542.25,False,Multi-usages,61,0.0,1.0,1,2
2016,NonResidential,Warehouse,2,GREATER DUWAMISH,47.56419,-122.34262,1.0,1,243044,0,243044,Non-Refrigerated Warehouse,325424.0,,,,,1396082.25,False,Mono-usage,17,0.0,1.0,0,1
2016,NonResidential,Other,6,LAKE UNION,47.64942,-122.35024,1.0,3,280252,156312,123940,Parking,156312.0,Office,116440.0,Retail Store,7500.0,11521702.0,False,Multi-usages,15,0.5577551632102536,0.44224483678974635,1,3
2016,NonResidential,Other,7,MAGNOLIA / QUEEN ANNE,47.63549,-122.34103,1.0,3,66462,12998,53464,Other,72000.0,Parking,15000.0,,,6876439.5,False,Multi-usages,64,0.19557040113147361,0.8044295988685264,1,2
2016,NonResidential,Retail Store,5,NORTHWEST,47.72053,-122.34739,1.0,1,131387,0,131387,Retail Store,107931.0,,,,,8773058.0,False,Mono-usage,19,0.0,1.0,0,1
2016,NonResidential,Warehouse,5,NORTHWEST,47.72377,-122.34095,1.0,3,94400,0,94400,Non-Refrigerated Warehouse,67155.0,,,,,784364.5,False,Mono-usage,17,0.0,1.0,0,1
2016,NonResidential,Other,5,NORTHWEST,47.72546,-122.34659,6.0,1,111900,0,111900,Strip Mall,124231.0,Parking,0.0,,,9814820.0,False,Multi-usages,52,0.0,1.0,1,2
2016,NonResidential,Supermarket / Grocery Store,5,NORTHWEST,47.72803,-122.34214,0.0,1,144776,0,144776,Wholesale Club/Supercenter,144776.0,,,,,13424079.0,False,Mono-usage,32,0.0,1.0,0,1
2016,NonResidential,Retail Store,5,NORTHWEST,47.7249,-122.34332,1.0,1,114000,0,114000,Retail Store,57805.0,Supermarket/Grocery Store,56312.0,,,17225444.0,False,Multi-usages,49,0.0,1.0,1,2
2016,NonResidential,Supermarket / Grocery Store,5,NORTHWEST,47.7235,-122.34458,1.0,1,50083,0,50083,Supermarket/Grocery Store,50065.0,Parking,0.0,,,8663691.0,False,Multi-usages,19,0.0,1.0,1,2
2016,NonResidential,Large Office,6,LAKE UNION,47.65086,-122.35412,1.0,3,124071,28645,95426,Office,96504.0,,,,,4991360.5,False,Mono-usage,28,0.2308758694618404,0.7691241305381596,0,1
2016,NonResidential,Small- and Mid-Sized Office,6,LAKE UNION,47.64963,-122.35158,1.0,4,90000,36528,53472,Office,90000.0,,,,,3897738.0,False,Mono-usage,16,0.40586666666666665,0.5941333333333333,0,1
2016,NonResidential,Small- and Mid-Sized Office,6,LAKE UNION,47.64849,-122.35041,1.0,3,96041,33709,62332,Office,62232.0,Parking,33709.0,,,5413418.0,False,Multi-usages,15,0.35098551660228444,0.6490144833977156,1,2
2016,NonResidential,Large Office,6,LAKE UNION,47.64822,-122.34848,1.0,3,280957,114829,166128,Office,152579.0,Parking,93893.0,Data Center,7500.0,11325513.0,False,Multi-usages,17,0.4087066704157576,0.5912933295842424,1,4
2016,NonResidential,Large Office,6,LAKE UNION,47.64882,-122.34905,1.0,4,243334,103032,140302,Office,138995.0,Parking,24549.0,,,8651835.0,False,Multi-usages,17,0.4234180180328273,0.5765819819671727,1,2
2016,NonResidential,Mixed Use Property,7,DOWNTOWN,47.6074,-122.33777,1.0,6,154660,0,154660,Other - Entertainment/Public Assembly,119815.0,Other - Recreation,63101.0,Social/Meeting Hall,26380.0,52960796.0,False,Multi-usages,25,0.0,1.0,1,9
2016,NonResidential,Large Office,2,GREATER DUWAMISH,47.55146,-122.32832,1.0,5,390295,121375,268920,Office,243018.0,Parking,108408.0,,,7683885.0,False,Multi-usages,34,0.31098271820033563,0.6890172817996644,1,2
2016,NonResidential,Warehouse,2,GREATER DUWAMISH,47.54983,-122.32858,1.0,2,90000,0,90000,Non-Refrigerated Warehouse,70000.0,Office,20000.0,,,1429146.375,False,Multi-usages,49,0.0,1.0,1,2
2016,NonResidential,Retail Store,2,GREATER DUWAMISH,47.55032,-122.32614,1.0,1,50200,0,50200,Retail Store,50200.0,,,,,1047461.0,False,Mono-usage,50,0.0,1.0,0,1
2016,NonResidential,Small- and Mid-Sized Office,6,BALLARD,47.66891,-122.38528,1.0,6,94033,6200,87833,Office,53993.0,Retail Store,24744.0,Parking,4500.0,4758198.0,False,Multi-usages,91,0.0659342996607574,0.9340657003392426,1,5
2016,NonResidential,Warehouse,6,BALLARD,47.66724,-122.38553,1.0,2,63240,0,63240,Non-Refrigerated Warehouse,63240.0,,,,,227566.7031,False,Mono-usage,75,0.0,1.0,0,1
2016,NonResidential,Other,6,BALLARD,47.66233,-122.3748,1.0,5,322869,182454,140415,Parking,182454.0,Retail Store,130744.0,,,17085344.0,False,Multi-usages,8,0.5651022550941713,0.43489774490582866,1,2
2016,NonResidential,Self-Storage Facility,7,MAGNOLIA / QUEEN ANNE,47.64676,-122.37581,1.0,4,130293,23400,106893,Self-Storage Facility,130293.0,Parking,8800.0,,,465533.3125,False,Multi-usages,28,0.17959522000414452,0.8204047799958555,1,2
2016,NonResidential,Warehouse,7,MAGNOLIA / QUEEN ANNE,47.65567,-122.37478,1.0,4,106041,0,106041,Non-Refrigerated Warehouse,106041.0,,,,,1123943.0,False,Mono-usage,19,0.0,1.0,0,1
2016,NonResidential,Self-Storage Facility,7,MAGNOLIA / QUEEN ANNE,47.63634,-122.3754,1.0,3,94470,0,94470,Self-Storage Facility,94470.0,,,,,1000796.875,False,Mono-usage,60,0.0,1.0,0,1
2016,NonResidential,Large Office,2,DOWNTOWN,47.59963,-122.32796,1.0,10,181694,38186,143508,Office,150840.0,Parking,26946.0,Other,2155.0,7637986.0,False,Multi-usages,14,0.21016654374938082,0.7898334562506192,1,3
2016,NonResidential,Retail Store,4,NORTHEAST,47.66178,-122.31812,1.0,2,69492,0,69492,Retail Store,69800.0,Other,0.0,,,318962.8125,False,Multi-usages,29,0.0,1.0,0,1
2016,NonResidential,Warehouse,2,GREATER DUWAMISH,47.54769,-122.3251,1.0,1,22780,0,22780,Non-Refrigerated Warehouse,22780.0,,,,,402051.3125,False,Mono-usage,50,0.0,1.0,0,1
2016,NonResidential,Distribution Center,2,GREATER DUWAMISH,47.54187,-122.32714,1.0,1,124472,0,124472,Distribution Center,124423.0,Parking,0.0,,,5464762.0,False,Multi-usages,49,0.0,1.0,1,2
2016,NonResidential,Large Office,7,DOWNTOWN,47.60411,-122.33225,1.0,22,227556,98556,129000,Office,227556.0,Parking,77887.79688,,,8493420.0,False,Multi-usages,46,0.4331065759637188,0.5668934240362812,1,2
2016,NonResidential,Distribution Center,2,GREATER DUWAMISH,47.54187,-122.32714,1.0,1,50065,0,50065,Distribution Center,49918.0,Parking,0.0,,,1529510.25,False,Multi-usages,49,0.0,1.0,1,2
2016,NonResidential,Distribution Center,2,GREATER DUWAMISH,47.54621,-122.33486,1.0,1,57540,0,57540,Distribution Center,57540.0,,,,,2582687.0,False,Mono-usage,47,0.0,1.0,0,1
2016,NonResidential,Warehouse,2,GREATER DUWAMISH,47.54853,-122.32814,1.0,1,85400,0,85400,Non-Refrigerated Warehouse,85400.0,,,,,1536998.25,False,Mono-usage,50,0.0,1.0,0,1
2016,NonResidential,Warehouse,2,GREATER DUWAMISH,47.54912,-122.32819,1.0,1,55700,0,55700,Non-Refrigerated Warehouse,55700.0,,,,,519806.0938,False,Mono-usage,50,0.0,1.0,0,1
2016,NonResidential,Small- and Mid-Sized Office,2,GREATER DUWAMISH,47.54965,-122.3278,1.0,1,53250,0,53250,Office,52759.0,Parking,0.0,,,1794187.25,False,Multi-usages,52,0.0,1.0,1,2
2016,NonResidential,Small- and Mid-Sized Office,7,MAGNOLIA / QUEEN ANNE,47.62476,-122.34843,1.0,6,78672,28427,50245,Office,78672.0,,,,,2179719.75,False,Mono-usage,29,0.3613356721578198,0.6386643278421802,0,1
2016,NonResidential,Warehouse,5,NORTHWEST,47.71286,-122.34422,1.0,3,64660,0,64660,Non-Refrigerated Warehouse,64660.0,,,,,325513.0,False,Mono-usage,30,0.0,1.0,0,1
2016,NonResidential,Mixed Use Property,3,EAST,47.61552,-122.31744,1.0,2,75844,19928,55916,Other,28442.0,Office,28441.0,Parking,18961.0,3684188.5,False,Multi-usages,89,0.2627498549654554,0.7372501450345446,1,3
2016,NonResidential,Distribution Center,2,GREATER DUWAMISH,47.5701,-122.33342,1.0,1,161678,0,161678,Distribution Center,162425.0,,,,,9357230.0,False,Mono-usage,48,0.0,1.0,0,1
2016,NonResidential,Distribution Center,2,GREATER DUWAMISH,47.56874,-122.33303,1.0,1,101101,0,101101,Distribution Center,101101.0,,,,,21795830.0,False,Mono-usage,67,0.0,1.0,0,1
2016,NonResidential,Distribution Center,2,GREATER DUWAMISH,47.57023,-122.33241,1.0,1,52613,0,52613,Distribution Center,59504.0,,,,,1061458.25,False,Mono-usage,36,0.0,1.0,0,1
2016,NonResidential,Other,2,GREATER DUWAMISH,47.56785,-122.33361,1.0,1,56608,0,56608,Other,45340.0,Office,11520.0,,,5094197.0,False,Multi-usages,76,0.0,1.0,1,2
2016,NonResidential,Refrigerated Warehouse,2,GREATER DUWAMISH,47.56637,-122.33273,1.0,1,104099,0,104099,Refrigerated Warehouse,100000.0,Office,4099.0,Parking,0.0,17695420.0,False,Multi-usages,63,0.0,1.0,1,3
2016,NonResidential,Supermarket / Grocery Store,5,NORTHWEST,47.69267,-122.35506,1.0,1,58184,7450,50734,Supermarket/Grocery Store,51722.0,Parking,0.0,,,14715262.0,False,Multi-usages,13,0.12804207342224666,0.8719579265777533,1,2
2016,NonResidential,Supermarket / Grocery Store,5,NORTH,47.73315,-122.3105,1.0,1,58480,0,58480,Supermarket/Grocery Store,44431.0,,,,,11054535.0,False,Mono-usage,36,0.0,1.0,0,1
2016,NonResidential,Large Office,7,LAKE UNION,47.62029,-122.33078,1.0,6,336700,124800,211900,Office,217977.0,Parking,4569.0,Retail Store,0.0,9058916.0,False,Multi-usages,11,0.37065637065637064,0.6293436293436293,1,3
2016,NonResidential,Retail Store,7,LAKE UNION,47.62,-122.33027,1.0,4,264008,159994,104014,Retail Store,98863.0,,,,,9937707.0,False,Mono-usage,20,0.6060195145601649,0.39398048543983516,0,1
2016,NonResidential,Small- and Mid-Sized Office,3,CENTRAL,47.59367,-122.30957,1.0,2,62220,0,62220,Office,60676.0,Parking,13780.0,Other - Services,1324.0,5444253.5,False,Multi-usages,102,0.0,1.0,1,3
2016,NonResidential,Small- and Mid-Sized Office,3,GREATER DUWAMISH,47.59388,-122.31124,1.0,1,65430,0,65430,Office,60732.0,Other,8142.0,,,3181045.5,False,Multi-usages,46,0.0,1.0,1,2
2016,NonResidential,Large Office,4,NORTHEAST,47.66517,-122.30186,1.0,3,102290,42440,59850,Office,83715.0,Parking,18575.0,,,6062770.5,False,Multi-usages,10,0.4148988170886695,0.5851011829113305,1,2
2016,NonResidential,Other,3,CENTRAL,47.6144,-122.30982,1.0,3,80004,0,80004,Other,74864.0,,,,,12232124.0,False,Mono-usage,90,0.0,1.0,0,1
2016,NonResidential,Warehouse,2,GREATER DUWAMISH,47.56407,-122.32765,1.0,2,323916,0,323916,Non-Refrigerated Warehouse,263528.0,Office,60388.0,,,8024064.5,False,Multi-usages,25,0.0,1.0,1,2
2016,NonResidential,Mixed Use Property,2,GREATER DUWAMISH,47.5928,-122.31599,1.0,14,304052,0,304052,Office,218918.0,Parking,156487.0,Medical Office,84051.89844,21027396.0,False,Multi-usages,84,0.0,1.0,1,3
2016,NonResidential,Small- and Mid-Sized Office,4,LAKE UNION,47.64037,-122.32626,1.0,4,85385,31210,54175,Office,50235.0,Parking,25525.0,Data Center,2875.0,4855036.5,False,Multi-usages,38,0.36552087603208994,0.6344791239679101,1,3
2016,NonResidential,Distribution Center,1,GREATER DUWAMISH,47.53687,-122.33316,1.0,2,98024,0,98024,Distribution Center,63896.0,Office,33712.0,,,1988334.5,False,Multi-usages,27,0.0,1.0,1,2
2016,NonResidential,Mixed Use Property,7,LAKE UNION,47.62405,-122.33084,1.0,1,65000,15000,50000,Office,20000.0,Parking,15000.0,Other,10000.0,2603931.25,False,Multi-usages,88,0.23076923076923078,0.7692307692307693,1,3
2016,NonResidential,Large Office,7,LAKE UNION,47.62488,-122.33007,1.0,5,144573,66620,77953,Office,78521.0,Parking,66650.0,,,5135040.0,False,Multi-usages,26,0.46080526792692966,0.5391947320730703,1,2
2016,NonResidential,Retail Store,5,NORTH,47.70759,-122.3255,1.0,2,302812,0,302812,Retail Store,302812.0,,,,,7290824.5,False,Mono-usage,66,0.0,1.0,0,1
2016,NonResidential,Small- and Mid-Sized Office,5,NORTHWEST,47.70744,-122.33171,1.0,5,86400,0,86400,Office,78200.0,,,,,9080022.0,False,Mono-usage,42,0.0,1.0,0,1
2016,NonResidential,Other,5,North,47.7094,-122.31843,0.0,2,98539,0,98539,Strip Mall,98539.0,,,,,5450441.5,False,Mono-usage,47,0.0,1.0,0,1
2016,NonResidential,Small- and Mid-Sized Office,5,NORTHWEST,47.70732,-122.33279,1.0,6,86483,0,86483,Office,86483.0,Parking,0.0,,,6361236.5,False,Multi-usages,35,0.0,1.0,1,2
2016,NonResidential,Distribution Center,1,DELRIDGE,47.53926,-122.34143,1.0,1,51600,0,51600,Distribution Center,34400.0,Office,17200.0,,,1124543.125,False,Multi-usages,40,0.0,1.0,1,2
2016,NonResidential,Warehouse,1,DELRIDGE,47.53689,-122.33847,1.0,1,140520,0,140520,Non-Refrigerated Warehouse,140520.0,,,,,2225512.0,False,Mono-usage,48,0.0,1.0,0,1
2016,NonResidential,Large Office,7,MAGNOLIA / QUEEN ANNE,47.63116,-122.34193,1.0,5,154029,62380,91649,Office,91645.0,Parking,66288.0,,,4636396.5,False,Multi-usages,30,0.4049886709645586,0.5950113290354414,1,2
2016,NonResidential,Other,5,NORTHWEST,47.70887,-122.33494,1.0,3,161789,91935,69854,Parking,91935.0,Medical Office,69854.0,,,6963616.5,False,Multi-usages,11,0.5682401152117882,0.4317598847882118,1,2
2016,NonResidential,Medical Office,5,NORTHWEST,47.7126,-122.33782,1.0,3,63909,0,63909,Medical Office,60670.0,Retail Store,3239.0,,,4765753.5,False,Multi-usages,11,0.0,1.0,1,2
2016,NonResidential,Warehouse,5,NORTHWEST,47.69814,-122.34295,1.0,2,53472,0,53472,Non-Refrigerated Warehouse,46846.0,Office,10033.0,,,971155.625,False,Multi-usages,68,0.0,1.0,1,2
2016,NonResidential,Warehouse,1,GREATER DUWAMISH,47.52696,-122.32913,1.0,1,50417,0,50417,Non-Refrigerated Warehouse,50417.0,,,,,1847401.0,False,Mono-usage,36,0.0,1.0,0,1
2016,NonResidential,Restaurant,7,DOWNTOWN,47.60613,-122.34115,1.0,1,43728,0,43728,Restaurant,43728.0,,,,,11508035.0,False,Mono-usage,116,0.0,1.0,0,1
2016,NonResidential,Medical Office,5,NORTHWEST,47.70449,-122.33272,1.0,3,133298,0,133298,Medical Office,133298.0,,,,,15640994.0,False,Mono-usage,55,0.0,1.0,0,1
2016,NonResidential,Retail Store,5,NORTH,47.70759,-122.3255,1.0,2,168619,0,168619,Retail Store,173106.0,,,,,6455828.5,False,Mono-usage,51,0.0,1.0,0,1
2016,NonResidential,Mixed Use Property,4,LAKE UNION,47.63451,-122.32505,0.0,5,251827,113318,138509,Parking,113318.0,Laboratory,84000.0,Office,84000.0,47102428.0,False,Multi-usages,14,0.449983520432678,0.550016479567322,1,3
2016,NonResidential,Large Office,7,LAKE UNION,47.6244,-122.33157,1.0,4,175885,71385,104500,Office,103970.0,Parking,71390.0,,,6486377.5,False,Multi-usages,16,0.4058617846888592,0.5941382153111407,1,2
2016,NonResidential,Warehouse,2,GREATER DUWAMISH,47.56089,-122.33474,1.0,2,104786,0,104786,Non-Refrigerated Warehouse,104786.0,,,,,1028376.875,False,Mono-usage,47,0.0,1.0,0,1
2016,NonResidential,Other,2,GREATER DUWAMISH,47.55787,-122.335,1.0,1,53040,41600,11440,Other,51427.0,,,,,1770027.5,False,Mono-usage,16,0.7843137254901961,0.21568627450980393,0,1
2016,NonResidential,Other,2,GREATER DUWAMISH,47.55741,-122.33163,0.0,1,110689,0,110689,Other,110689.0,,,,,2339814.25,False,Mono-usage,43,0.0,1.0,0,1
2016,NonResidential,Small- and Mid-Sized Office,2,GREATER DUWAMISH,47.5563,-122.33186,1.0,1,53620,0,53620,Office,53620.0,,,,,2058955.25,False,Mono-usage,68,0.0,1.0,0,1
2016,NonResidential,Small- and Mid-Sized Office,2,GREATER DUWAMISH,47.55623,-122.33316,1.0,1,50008,0,50008,Office,50008.0,,,,,3202213.0,False,Mono-usage,78,0.0,1.0,0,1
2016,NonResidential,Large Office,7,MAGNOLIA / QUEEN ANNE,47.6252,-122.36737,1.0,4,291176,100176,191000,Office,194674.0,Parking,111198.0,,,6657348.5,False,Multi-usages,7,0.34403934390196994,0.65596065609803,1,2
2016,NonResidential,Warehouse,2,GREATER DUWAMISH,47.56549,-122.33221,1.0,1,50832,0,50832,Non-Refrigerated Warehouse,43920.0,Office,6912.0,,,2551022.25,False,Multi-usages,59,0.0,1.0,1,2
2016,NonResidential,Refrigerated Warehouse,2,GREATER DUWAMISH,47.56158,-122.32754,1.0,1,76354,0,76354,Refrigerated Warehouse,76486.0,,,,,2843033.5,False,Mono-usage,45,0.0,1.0,0,1
2016,NonResidential,Warehouse,2,GREATER DUWAMISH,47.56558,-122.32889,1.0,1,98480,0,98480,Non-Refrigerated Warehouse,98480.0,,,,,2831565.5,False,Mono-usage,60,0.0,1.0,0,1
2016,NonResidential,Mixed Use Property,4,LAKE UNION,47.66113,-122.33572,1.0,2,53002,0,53002,Retail Store,31602.0,Parking,27427.0,Multifamily Housing,18130.0,3441643.25,False,Multi-usages,112,0.0,1.0,1,4
2016,NonResidential,Mixed Use Property,4,LAKE UNION,47.63465,-122.32592,1.0,3,175918,51218,124700,Office,66737.0,Parking,58218.0,Laboratory,30230.0,22530168.0,False,Multi-usages,8,0.29114701167589446,0.7088529883241056,1,3
2016,NonResidential,Other,3,LAKE UNION,47.63108,-122.32746,1.0,3,169785,63782,106003,Other,106003.0,Parking,63782.0,,,19155416.0,False,Multi-usages,96,0.37566333892864506,0.624336661071355,1,2
2016,NonResidential,Large Office,7,LAKE UNION,47.63,-122.3396,1.0,11,124721,0,124721,Office,107594.0,Restaurant,15600.0,Parking,12000.0,13898181.0,False,Multi-usages,45,0.0,1.0,1,4
2016,NonResidential,Small- and Mid-Sized Office,7,LAKE UNION,47.63376,-122.33968,1.0,7,94002,0,94002,Office,93905.0,Parking,31348.0,,,5662234.0,False,Multi-usages,46,0.0,1.0,1,2
2016,NonResidential,Warehouse,2,GREATER DUWAMISH,47.55515,-122.3275,1.0,1,93020,0,93020,Non-Refrigerated Warehouse,93020.0,,,,,1252323.875,False,Mono-usage,42,0.0,1.0,0,1
2016,NonResidential,Other,7,DOWNTOWN,47.6153,-122.35014,1.0,1,23000,0,23000,Other,20310.0,Office,2689.600098,,,711118.375,False,Multi-usages,70,0.0,1.0,1,2
2016,NonResidential,Supermarket / Grocery Store,2,SOUTHEAST,47.52095,-122.26825,1.0,1,61053,0,61053,Supermarket/Grocery Store,54434.0,Parking,0.0,,,13133225.0,False,Multi-usages,14,0.0,1.0,1,2
2016,NonResidential,Large Office,2,DOWNTOWN,47.59878,-122.33458,5.0,7,154159,0,154159,Office,193154.0,,,,,11195917.0,False,Mono-usage,103,0.0,1.0,0,1
2016,NonResidential,Small- and Mid-Sized Office,2,DOWNTOWN,47.59895,-122.33379,1.0,5,78920,0,78920,Office,78564.0,,,,,2830674.75,False,Mono-usage,112,0.0,1.0,0,1
2016,NonResidential,Small- and Mid-Sized Office,2,DOWNTOWN,47.59855,-122.33327,1.0,7,99440,0,99440,Office,65088.0,Retail Store,23857.0,,,6606832.5,False,Multi-usages,110,0.0,1.0,1,2
2016,NonResidential,Small- and Mid-Sized Office,2,DOWNTOWN,47.59856,-122.33379,1.0,6,73260,0,73260,Office,63871.0,,,,,2853189.5,False,Mono-usage,109,0.0,1.0,0,1
2016,NonResidential,Small- and Mid-Sized Office,7,DOWNTOWN,47.59979,-122.3338,1.0,4,69817,0,69817,Office,34647.0,Retail Store,26039.0,,,2178074.5,False,Multi-usages,116,0.0,1.0,1,2
2016,NonResidential,Small- and Mid-Sized Office,7,DOWNTOWN,47.60035,-122.33379,1.0,4,84750,0,84750,Office,41609.0,Enclosed Mall,28734.0,,,2094724.625,False,Multi-usages,116,0.0,1.0,1,2
2016,NonResidential,Small- and Mid-Sized Office,7,DOWNTOWN,47.60146,-122.33248,1.0,6,75496,13320,62176,Office,45799.0,Retail Store,9739.0,Restaurant,4689.0,3570161.75,False,Multi-usages,116,0.17643318851329873,0.8235668114867013,1,3
2016,NonResidential,Large Office,7,DOWNTOWN,47.59962,-122.33247,1.0,4,164380,0,164380,Office,123607.0,Retail Store,20795.0,,,7655751.0,False,Multi-usages,116,0.0,1.0,1,2
2016,NonResidential,Large Office,2,DOWNTOWN,47.59858,-122.33198,1.0,7,160580,0,160580,Office,160580.0,,,,,4336187.5,False,Mono-usage,109,0.0,1.0,0,1
2016,NonResidential,Small- and Mid-Sized Office,7,DOWNTOWN,47.60159,-122.32915,1.0,6,73470,0,73470,Office,47145.0,Non-Refrigerated Warehouse,9477.0,Retail Store,9477.0,3212269.0,True,Multi-usages,107,0.0,1.0,1,3
2016,Nonresidential COS,Other,2,DOWNTOWN,47.59871,-122.3299,1.0,3,67755,0,67755,Other,33647.0,Office,19705.0,Other - Entertainment/Public Assembly,11988.0,1904480.0,False,Multi-usages,110,0.0,1.0,1,4
2016,NonResidential,Mixed Use Property,2,GREATER DUWAMISH,47.59334,-122.32905,1.0,3,56700,0,56700,Office,26250.0,Distribution Center,18050.0,Non-Refrigerated Warehouse,12400.0,2371575.0,False,Multi-usages,106,0.0,1.0,1,3
2016,NonResidential,Warehouse,2,GREATER DUWAMISH,47.59366,-122.32666,1.0,1,82852,0,82852,Non-Refrigerated Warehouse,58472.0,Retail Store,23282.0,,,2153603.5,False,Multi-usages,94,0.0,1.0,1,2
2016,NonResidential,Other,2,GREATER DUWAMISH,47.57941,-122.33131,1.0,2,76442,0,76442,Other,50500.0,Distribution Center,18000.0,Office,7604.0,3978277.0,False,Multi-usages,63,0.0,1.0,1,3
2016,NonResidential,Distribution Center,2,GREATER DUWAMISH,47.57658,-122.33054,1.0,2,92792,0,92792,Distribution Center,85343.0,Office,13435.0,,,3155496.0,False,Multi-usages,54,0.0,1.0,1,2
2016,NonResidential,Other,2,GREATER DUWAMISH,47.58444,-122.33282,2.0,2,125519,0,125519,Manufacturing/Industrial Plant,142901.0,,,,,2244317.0,False,Mono-usage,75,0.0,1.0,0,1
2016,NonResidential,Large Office,2,GREATER DUWAMISH,47.58361,-122.33369,1.0,4,129000,25800,103200,Office,104869.0,,,,,4374646.0,False,Mono-usage,116,0.2,0.8,0,1
2016,NonResidential,Warehouse,2,GREATER DUWAMISH,47.58781,-122.33264,1.0,1,78814,0,78814,Non-Refrigerated Warehouse,78814.0,,,,,861972.875,False,Mono-usage,62,0.0,1.0,0,1
2016,NonResidential,Small- and Mid-Sized Office,2,GREATER DUWAMISH,47.59486,-122.33368,1.0,4,58970,0,58970,Office,39870.0,Non-Refrigerated Warehouse,11600.0,Multifamily Housing,7000.0,1776411.75,False,Multi-usages,112,0.0,1.0,1,4
2016,NonResidential,Distribution Center,2,GREATER DUWAMISH,47.59403,-122.33367,1.0,6,75600,10800,64800,Distribution Center,51040.0,Office,10500.0,Parking,6000.0,2688675.75,False,Multi-usages,106,0.14285714285714285,0.8571428571428571,1,3
2016,NonResidential,Distribution Center,2,GREATER DUWAMISH,47.59363,-122.33371,1.0,4,56270,0,56270,Distribution Center,39884.0,Non-Refrigerated Warehouse,9270.0,Office,4116.0,1056782.125,False,Multi-usages,109,0.0,1.0,1,4
2016,NonResidential,Small- and Mid-Sized Office,2,DOWNTOWN,47.59701,-122.33378,1.0,4,66842,0,66842,Office,43122.0,Retail Store,10514.0,,,5608600.5,False,Multi-usages,112,0.0,1.0,1,2
2016,NonResidential,Small- and Mid-Sized Office,2,DOWNTOWN,47.59639,-122.33368,1.0,6,75288,10800,64488,Office,65508.0,Parking,10918.0,,,2891605.0,False,Multi-usages,107,0.14344915524386356,0.8565508447561364,1,2
2016,NonResidential,Large Office,2,DOWNTOWN,47.59806,-122.33475,1.0,7,184322,0,184322,Office,183916.0,Data Center,406.0,,,9722890.0,False,Multi-usages,112,0.0,1.0,1,2
2016,NonResidential,Large Office,2,DOWNTOWN,47.59767,-122.33467,1.0,7,287853,0,287853,Office,273812.0,Retail Store,12102.0,,,25567108.0,False,Multi-usages,7,0.0,1.0,1,2
2016,NonResidential,Small- and Mid-Sized Office,2,GREATER DUWAMISH,47.59202,-122.33486,1.0,2,64512,0,64512,Office,63000.0,,,,,5968153.5,False,Mono-usage,102,0.0,1.0,0,1
2016,NonResidential,Mixed Use Property,2,GREATER DUWAMISH,47.58924,-122.33566,1.0,6,286000,111774,174226,Parking,111774.0,Office,108747.0,Other,49271.0,63835192.0,False,Multi-usages,7,0.39081818181818184,0.6091818181818182,1,5
2016,NonResidential,Warehouse,2,GREATER DUWAMISH,47.58365,-122.33467,1.0,7,144050,0,144050,Non-Refrigerated Warehouse,144050.0,,,,,3929371.0,False,Mono-usage,90,0.0,1.0,0,1
2016,NonResidential,Small- and Mid-Sized Office,2,GREATER DUWAMISH,47.58252,-122.33465,1.0,3,60592,0,60592,Office,60384.0,,,,,5049446.5,False,Mono-usage,86,0.0,1.0,0,1
2016,NonResidential,Large Office,2,GREATER DUWAMISH,47.58181,-122.33534,0.0,6,1380959,0,1380959,Office,1000730.0,Retail Store,281296.0,Non-Refrigerated Warehouse,220303.0,74130576.0,False,Multi-usages,104,0.0,1.0,1,3
2016,NonResidential,Retail Store,2,GREATER DUWAMISH,47.57842,-122.33558,1.0,1,107930,0,107930,Retail Store,107704.0,,,,,7221482.5,False,Mono-usage,23,0.0,1.0,0,1
2016,NonResidential,Warehouse,2,GREATER DUWAMISH,47.57096,-122.3355,1.0,1,99084,0,99084,Non-Refrigerated Warehouse,99084.0,,,,,1618110.375,False,Mono-usage,90,0.0,1.0,0,1
2016,NonResidential,Distribution Center,1,Delridge,47.56676,-122.35247,1.0,1,72719,0,72719,Distribution Center,72719.0,,,,,2581741.75,False,Mono-usage,63,0.0,1.0,0,1
2016,NonResidential,Small- and Mid-Sized Office,3,EAST,47.59534849,-122.327269,0.0,4,76624,0,76624,Office,76624.0,,,,,2773647.5,False,Mono-usage,86,0.0,1.0,0,1
2016,NonResidential,Small- and Mid-Sized Office,4,NORTHEAST,47.66158,-122.31625,1.0,6,91706,36583,55123,Office,53281.0,Parking,34701.0,Other,3724.0,8570571.0,False,Multi-usages,15,0.39891610145464856,0.6010838985453515,1,3
2016,NonResidential,Medical Office,7,LAKE UNION,47.62395,-122.33392,1.0,5,129093,39902,89191,Medical Office,89131.0,Parking,37652.0,Other,5615.0,19248732.0,False,Multi-usages,8,0.3090949935317949,0.6909050064682051,1,3
2016,NonResidential,Large Office,1,DELRIDGE,47.56787,-122.36419,1.0,5,138106,16221,121885,Office,119083.0,Parking,16221.0,,,8381834.5,False,Multi-usages,25,0.11745326053900627,0.8825467394609937,1,2
2016,NonResidential,Retail Store,2,GREATER DUWAMISH,47.56664,-122.32346,1.0,1,56572,0,56572,Retail Store,56576.0,,,,,2409429.0,False,Mono-usage,43,0.0,1.0,0,1
2016,NonResidential,Medical Office,3,EAST,47.60979,-122.32298,1.0,0,225982,0,225982,Medical Office,200184.0,,,,,20560622.0,False,Mono-usage,12,0.0,1.0,0,1
2016,NonResidential,Mixed Use Property,7,DOWNTOWN,47.61783,-122.33729,0.0,0,516407,0,516407,Parking,385196.0,Multifamily Housing,340236.0,Hotel,67627.0,39403320.0,False,Multi-usages,10,0.0,1.0,1,7
2016,NonResidential,Large Office,2,DOWNTOWN,47.59794,-122.32767,1.0,11,312512,0,312512,Office,303312.0,Data Center,4738.0,Restaurant,4462.0,25747022.0,False,Multi-usages,16,0.0,1.0,1,3
2016,NonResidential,Large Office,7,DOWNTOWN,47.6074,-122.33777,1.0,42,1592914,0,1592914,Office,914832.0,Parking,348788.0,Financial Office,303910.0,56498868.0,False,Multi-usages,11,0.0,1.0,1,5
2016,NonResidential,Small- and Mid-Sized Office,7,DOWNTOWN,47.61077,-122.3361,1.0,6,97720,0,97720,Office,51881.0,Data Center,11999.0,Retail Store,9713.0,2478025.25,False,Multi-usages,90,0.0,1.0,1,3
2016,NonResidential,Medical Office,3,EAST,47.61002,-122.32222,1.0,10,422503,206580,215923,Medical Office,197408.0,,,,,17254810.0,False,Mono-usage,31,0.48894327377557084,0.5110567262244292,0,1
2016,NonResidential,Medical Office,3,CENTRAL,47.60649,-122.31121,1.0,7,94500,0,94500,Medical Office,113739.0,,,,,5792926.0,False,Mono-usage,29,0.0,1.0,0,1
2016,NonResidential,Retail Store,1,DELRIDGE,47.53655,-122.36377,0.0,1,94713,0,94713,Retail Store,109758.0,,,,,5417598.0,False,Mono-usage,11,0.0,1.0,0,1
2016,NonResidential,Medical Office,7,EAST,47.60707,-122.3288,1.0,9,302902,101342,201560,Medical Office,201365.0,Parking,86270.0,,,14751117.0,False,Multi-usages,8,0.33457025704683363,0.6654297429531664,1,2
2016,NonResidential,Medical Office,3,EAST,47.60883,-122.32494,1.0,19,319911,156407,163504,Medical Office,170727.0,Parking,69171.0,,,15067340.0,False,Multi-usages,43,0.48890785249647556,0.5110921475035244,1,2
2016,NonResidential,Large Office,7,DOWNTOWN,47.60353,-122.33558,1.0,6,205521,0,205521,Office,114919.0,Retail Store,28643.0,,,8138616.5,False,Multi-usages,116,0.0,1.0,1,2
2016,NonResidential,Small- and Mid-Sized Office,7,DOWNTOWN,47.60197,-122.33437,1.0,6,56700,0,56700,Office,46000.0,Retail Store,10500.0,,,3065954.5,False,Multi-usages,116,0.0,1.0,1,2
2016,NonResidential,Small- and Mid-Sized Office,2,GREATER DUWAMISH,47.59554,-122.32471,1.0,4,72000,0,72000,Office,72000.0,,,,,2729167.75,False,Mono-usage,91,0.0,1.0,0,1
2016,NonResidential,Large Office,7,MAGNOLIA / QUEEN ANNE,47.63347,-122.34078,1.0,4,191146,94892,96254,Office,103000.0,Parking,80000.0,,,5101504.5,False,Multi-usages,16,0.49643727831082,0.50356272168918,1,2
2016,NonResidential,Other,1,DELRIDGE,47.56797,-122.36711,1.0,3,68763,11527,57236,Other - Recreation,50000.0,Parking,11527.0,Swimming Pool,0.0,9029489.0,False,Multi-usages,15,0.1676337565260387,0.8323662434739613,1,3
2016,NonResidential,Other,2,SOUTHEAST,47.56961,-122.28881,3.0,1,102133,0,102133,Strip Mall,107427.0,Parking,0.0,,,20725996.0,False,Multi-usages,22,0.0,1.0,1,2
2016,NonResidential,Large Office,7,DOWNTOWN,47.61567,-122.33503,1.0,14,362046,0,362046,Office,232443.0,Parking,97874.0,Other,3534.0,15725581.0,False,Multi-usages,8,0.0,1.0,1,3
2016,NonResidential,Other,7,MAGNOLIA / QUEEN ANNE,47.62476,-122.35521,3.0,2,81336,0,81336,Lifestyle Center,81385.0,,,,,13085297.0,False,Mono-usage,22,0.0,1.0,0,1
2016,NonResidential,Large Office,7,DOWNTOWN,47.6115,-122.33278,1.0,23,538933,0,538933,Office,366554.0,Parking,122821.0,,,16020642.0,False,Multi-usages,15,0.0,1.0,1,2
2016,NonResidential,Other,7,DOWNTOWN,47.61234,-122.34897,1.0,6,275982,197130,78852,Parking,197040.0,Office,78852.0,,,5233553.5,False,Multi-usages,33,0.7142857142857143,0.2857142857142857,1,2
2016,NonResidential,Small- and Mid-Sized Office,7,MAGNOLIA / QUEEN ANNE,47.62497,-122.35965,1.0,5,98668,0,98668,Office,98668.0,,,,,4391348.0,False,Mono-usage,34,0.0,1.0,0,1
2016,NonResidential,Large Office,2,GREATER DUWAMISH,47.57639,-122.32072,1.0,1,158931,28381,130550,Office,80157.0,Multifamily Housing,34302.0,Parking,26937.0,8751704.0,False,Multi-usages,9,0.17857434987510304,0.821425650124897,1,4
2016,NonResidential,Large Office,7,MAGNOLIA / QUEEN ANNE,47.65692,-122.37059,1.0,1,105100,0,105100,Office,105100.0,,,,,22078064.0,False,Mono-usage,38,0.0,1.0,0,1
2016,NonResidential,Supermarket / Grocery Store,7,MAGNOLIA / QUEEN ANNE,47.63718,-122.37734,1.0,1,57176,0,57176,Supermarket/Grocery Store,39500.0,Retail Store,15000.0,"Personal Services (Health/Beauty, Dry Cleaning, etc)",5500.0,12525174.0,False,Multi-usages,8,0.0,1.0,1,5
2016,NonResidential,Retail Store,7,MAGNOLIA / QUEEN ANNE,47.63284,-122.37712,1.0,1,50660,0,50660,Retail Store,50660.0,,,,,2661488.0,False,Mono-usage,38,0.0,1.0,0,1
2016,NonResidential,Small- and Mid-Sized Office,7,MAGNOLIA / QUEEN ANNE,47.63156,-122.37551,1.0,2,61929,0,61929,Office,39879.0,,,,,2203026.5,False,Mono-usage,79,0.0,1.0,0,1
2016,NonResidential,Large Office,7,MAGNOLIA / QUEEN ANNE,47.62302,-122.36476,1.0,4,165111,55000,110111,Office,104667.0,Parking,55000.0,Data Center,5444.0,25478086.0,False,Multi-usages,16,0.33310924166167005,0.66689075833833,1,3
2016,NonResidential,Large Office,7,MAGNOLIA / QUEEN ANNE,47.62235,-122.36378,1.0,4,129551,42500,87051,Office,82273.0,Parking,42500.0,Data Center,4778.0,27137190.0,False,Multi-usages,16,0.3280561323339843,0.6719438676660157,1,3
2016,NonResidential,Small- and Mid-Sized Office,7,DOWNTOWN,47.61588,-122.34965,1.0,3,20565,0,20565,Office,20565.0,,,,,802312.5,False,Mono-usage,91,0.0,1.0,0,1
2016,NonResidential,Large Office,7,MAGNOLIA / QUEEN ANNE,47.62175,-122.36313,1.0,5,159937,55971,103966,Office,106449.0,Parking,50258.0,,,7857972.5,False,Multi-usages,16,0.3499565453897472,0.6500434546102528,1,2
2016,NonResidential,Large Office,7,MAGNOLIA / QUEEN ANNE,47.62101,-122.36188,1.0,5,183964,46763,137201,Office,133451.0,Parking,46763.0,Data Center,3750.0,14856199.0,False,Multi-usages,8,0.2541964732230219,0.7458035267769781,1,3
2016,NonResidential,Large Office,7,MAGNOLIA / QUEEN ANNE,47.61891,-122.35958,1.0,5,208210,78848,129362,Office,109978.0,Parking,78848.0,,,5514308.5,False,Multi-usages,30,0.3786945871956198,0.6213054128043802,1,2
2016,NonResidential,Large Office,7,DOWNTOWN,47.61813,-122.35833,1.0,7,277486,80283,197203,Office,178625.0,Parking,87624.0,Other,14653.0,12729858.0,False,Multi-usages,30,0.28932270456887915,0.7106772954311209,1,3
2016,NonResidential,Large Office,7,DOWNTOWN,47.614,-122.35375,1.0,3,187130,0,187130,Office,171783.0,Non-Refrigerated Warehouse,9581.0,Other - Recreation,4413.0,10053489.0,False,Multi-usages,23,0.0,1.0,1,6
2016,NonResidential,Large Office,7,DOWNTOWN,47.61287,-122.35022,1.0,5,251044,117867,133177,Office,126218.0,Data Center,12717.0,,,17186624.0,False,Multi-usages,16,0.46950733735918804,0.530492662640812,1,2
2016,NonResidential,Warehouse,7,DOWNTOWN,47.60703,-122.34038,1.0,5,154330,0,154330,Non-Refrigerated Warehouse,95330.0,,,,,1262235.25,False,Mono-usage,104,0.0,1.0,0,1
2016,NonResidential,Large Office,7,DOWNTOWN,47.60604,-122.33948,1.0,6,108245,14690,93555,Office,64055.0,Adult Education,14621.0,Parking,12359.0,4515180.5,False,Multi-usages,98,0.1357106563813571,0.8642893436186428,1,6
2016,NonResidential,Large Office,7,DOWNTOWN,47.6047,-122.33739,1.0,6,167860,0,167860,Office,110370.0,Retail Store,19801.0,Data Center,634.0,6797647.0,False,Multi-usages,111,0.0,1.0,1,3
2016,NonResidential,Large Office,7,DOWNTOWN,47.60247,-122.33621,1.0,6,112560,0,112560,Office,80400.0,Retail Store,16080.0,,,4946798.5,False,Multi-usages,106,0.0,1.0,1,2
2016,NonResidential,Retail Store,7,DOWNTOWN,47.60223,-122.33602,1.0,6,86204,0,86204,Other,67670.0,Retail Store,13534.0,,,3241917.0,False,Multi-usages,106,0.0,1.0,0,1
2016,Nonresidential COS,Warehouse,2,GREATER DUWAMISH,47.5829,-122.32417,1.0,2,145158,0,145158,Non-Refrigerated Warehouse,101633.0,Office,48544.0,Other,10270.0,8384523.0,False,Multi-usages,31,0.0,1.0,1,3
2016,NonResidential,Large Office,2,GREATER DUWAMISH,47.58716,-122.32214,1.0,2,112896,0,112896,Office,110746.0,Parking,57500.0,,,10287986.0,False,Multi-usages,65,0.0,1.0,1,2
2016,NonResidential,Distribution Center,2,GREATER DUWAMISH,47.58685,-122.32501,1.0,1,110613,0,110613,Distribution Center,99551.0,Office,11061.0,,,1015060.188,False,Multi-usages,56,0.0,1.0,1,2
2016,NonResidential,Warehouse,2,GREATER DUWAMISH,47.58553,-122.32511,1.0,4,149881,0,149881,Non-Refrigerated Warehouse,119593.0,Office,30288.0,,,2417401.25,False,Multi-usages,65,0.0,1.0,1,2
2016,NonResidential,Warehouse,2,GREATER DUWAMISH,47.58042,-122.32552,1.0,3,98220,0,98220,Non-Refrigerated Warehouse,129420.0,,,,,6468090.0,False,Mono-usage,65,0.0,1.0,0,1
2016,NonResidential,Distribution Center,2,GREATER DUWAMISH,47.58096,-122.32313,1.0,1,84420,0,84420,Distribution Center,44300.0,Office,24838.0,Retail Store,12349.0,2848317.25,False,Multi-usages,46,0.0,1.0,1,3
2016,NonResidential,Distribution Center,2,GREATER DUWAMISH,47.57055,-122.3267,1.0,1,73335,0,73335,Distribution Center,73335.0,Parking,0.0,,,5197118.0,False,Multi-usages,55,0.0,1.0,1,2
2016,NonResidential,Distribution Center,2,GREATER DUWAMISH,47.5794,-122.32848,1.0,2,56876,0,56876,Distribution Center,48400.0,Office,4276.0,Retail Store,4200.0,1791715.625,False,Multi-usages,88,0.0,1.0,1,3
2016,NonResidential,Warehouse,2,GREATER DUWAMISH,47.58241,-122.32866,1.0,2,61200,0,61200,Non-Refrigerated Warehouse,61200.0,,,,,4912143.0,False,Mono-usage,85,0.0,1.0,0,1
2016,NonResidential,Distribution Center,2,GREATER DUWAMISH,47.58772,-122.32686,1.0,1,111908,0,111908,Distribution Center,109090.0,,,,,1555420.25,False,Mono-usage,29,0.0,1.0,0,1
2016,NonResidential,Other,2,GREATER DUWAMISH,47.5908,-122.32828,3.0,2,63644,0,63644,Other - Public Services,65700.0,Parking,0.0,,,6858533.5,False,Multi-usages,30,0.0,1.0,1,2
2016,NonResidential,Mixed Use Property,2,GREATER DUWAMISH,47.59439,-122.32839,3.0,2,108753,18860,89893,Non-Refrigerated Warehouse,58605.0,Multifamily Housing,24338.0,Retail Store,18864.0,3639670.25,False,Multi-usages,86,0.17342050334243653,0.8265794966575635,1,6
2016,NonResidential,Supermarket / Grocery Store,6,NORTHWEST,47.69197,-122.35877,1.0,1,141890,35545,106345,Supermarket/Grocery Store,168735.0,Parking,0.0,Parking,0.0,16865978.0,False,Multi-usages,46,0.2505109591937416,0.7494890408062583,1,2
2016,NonResidential,Small- and Mid-Sized Office,6,BALLARD,47.6633,-122.37549,1.0,4,92092,21055,71037,Office,70074.0,,,,,4817062.0,False,Mono-usage,15,0.22863006558658733,0.7713699344134127,0,1
2016,NonResidential,Warehouse,7,MAGNOLIA / QUEEN ANNE,47.6592,-122.38437,0.0,3,56259,0,56259,Non-Refrigerated Warehouse,31582.0,Retail Store,20962.0,Office,3715.0,2346571.5,False,Multi-usages,42,0.0,1.0,1,3
2016,NonResidential,Other,4,NORTHEAST,47.65529,-122.32133,1.0,6,143439,0,143439,Other,119570.0,Parking,23869.0,,,25631512.0,False,Multi-usages,10,0.0,1.0,1,2
2016,NonResidential,Large Office,6,LAKE UNION,47.64912,-122.34823,1.0,4,202623,88855,113768,Office,105206.0,Parking,31992.0,Fitness Center/Health Club/Gym,6374.0,8873485.0,False,Multi-usages,8,0.43852376087610984,0.5614762391238902,1,3
2016,NonResidential,Small- and Mid-Sized Office,6,LAKE UNION,47.64932,-122.35187,1.0,2,77174,25800,51374,Office,77174.0,,,,,5481549.0,False,Mono-usage,16,0.33430948246818876,0.6656905175318112,0,1
2016,NonResidential,Large Office,7,MAGNOLIA / QUEEN ANNE,47.62817,-122.34212,1.0,5,110524,0,110524,Office,98781.0,Other,8634.0,Parking,0.0,6859198.0,False,Multi-usages,18,0.0,1.0,1,3
2016,NonResidential,Mixed Use Property,3,LAKE UNION,47.6289,-122.32877,1.0,5,287224,103650,183574,Parking,97500.0,Office,88051.0,Other,54106.0,21042926.0,False,Multi-usages,8,0.36086817257610787,0.6391318274238922,1,4
2016,NonResidential,Laboratory,3,LAKE UNION,47.63079,-122.32693,1.0,4,115748,18382,97366,Laboratory,97365.0,,,,,36436388.0,False,Mono-usage,17,0.15881051940422297,0.841189480595777,0,1
2016,NonResidential,Large Office,7,MAGNOLIA / QUEEN ANNE,47.62225,-122.35915,1.0,7,241875,84689,157186,Office,163082.0,Parking,83425.0,,,8655604.0,False,Multi-usages,16,0.35013540051679587,0.6498645994832042,1,2
2016,NonResidential,Large Office,7,MAGNOLIA / QUEEN ANNE,47.61949,-122.35639,1.0,5,102930,18720,84210,Office,89075.0,Parking,15164.0,,,4750799.0,False,Multi-usages,42,0.1818711745846692,0.8181288254153308,1,2
2016,NonResidential,Small- and Mid-Sized Office,7,DOWNTOWN,47.61472,-122.35566,1.0,3,76893,0,76893,Office,90345.0,Parking,33380.0,Retail Store,15845.0,12029600.0,False,Multi-usages,114,0.0,1.0,1,3
2016,NonResidential,Large Office,7,DOWNTOWN,47.61732,-122.34791,1.0,8,150000,23630,126370,Office,126648.0,Parking,23913.0,,,9343428.0,False,Multi-usages,41,0.15753333333333333,0.8424666666666667,1,2
2016,NonResidential,Large Office,7,DOWNTOWN,47.61628,-122.33391,1.0,7,274362,0,274362,Office,274362.0,,,,,16540550.0,False,Mono-usage,63,0.0,1.0,0,1
2016,NonResidential,Large Office,7,DOWNTOWN,47.61599,-122.34165,1.0,15,378002,116280,261722,Office,270237.0,Parking,71602.0,,,17750994.0,False,Multi-usages,33,0.3076174200136507,0.6923825799863493,1,2
2016,NonResidential,Large Office,7,DOWNTOWN,47.61481,-122.33969,1.0,11,169020,0,169020,Office,156414.0,Bar/Nightclub,10337.0,"Personal Services (Health/Beauty, Dry Cleaning, etc)",8208.0,11480494.0,False,Multi-usages,53,0.0,1.0,1,5
2016,NonResidential,Other,7,DOWNTOWN,47.61438,-122.33871,1.0,33,429405,0,429405,Data Center,218997.0,Office,210409.0,,,274682208.0,False,Multi-usages,35,0.0,1.0,1,2
2016,NonResidential,Large Office,7,DOWNTOWN,47.60454,-122.33072,1.0,76,1952220,319400,1632820,Office,1680937.0,Parking,319368.0,,,92937640.0,False,Multi-usages,31,0.16360860968538382,0.8363913903146162,1,2
2016,NonResidential,Large Office,7,DOWNTOWN,47.61418,-122.33485,1.0,19,383515,89778,293737,Office,312442.0,Parking,84800.0,Medical Office,18799.0,15878689.0,False,Multi-usages,35,0.2340925387533734,0.7659074612466266,1,3
2016,NonResidential,Medical Office,7,DOWNTOWN,47.6129,-122.33684,1.0,18,363934,28870,335064,Medical Office,281598.0,Parking,27597.0,Retail Store,21519.0,22104512.0,False,Multi-usages,91,0.079327570383641,0.920672429616359,1,3
2016,NonResidential,Retail Store,7,DOWNTOWN,47.61203,-122.33486,1.0,4,78920,0,78920,Retail Store,78920.0,,,,,8303666.5,False,Mono-usage,87,0.0,1.0,0,1
2016,NonResidential,Large Office,7,DOWNTOWN,47.61051,-122.34439,1.0,7,131143,87160,43983,Office,120248.0,Retail Store,10853.0,,,5177270.5,False,Multi-usages,37,0.6646180123986793,0.3353819876013207,1,2
2016,NonResidential,Other,7,DOWNTOWN,47.61289,-122.33531,1.0,0,947987,0,947987,Other - Mall,561684.0,Other - Entertainment/Public Assembly,100000.0,Restaurant,80000.0,46510960.0,False,Multi-usages,17,0.0,1.0,1,4
2016,NonResidential,Mixed Use Property,3,EAST,47.61505,-122.32,1.0,4,55520,0,55520,Office,17120.0,Performing Arts,15300.0,Self-Storage Facility,13400.0,3686962.25,False,Multi-usages,108,0.0,1.0,1,5
2016,NonResidential,Large Office,7,DOWNTOWN,47.61036,-122.34037,1.0,10,132998,0,132998,Office,138257.0,Retail Store,0.0,,,3775187.5,False,Multi-usages,108,0.0,1.0,1,2
2016,NonResidential,Retail Store,7,DOWNTOWN,47.60956,-122.33715,1.0,3,83118,0,83118,Retail Store,45000.0,,,,,2443141.5,False,Mono-usage,76,0.0,1.0,0,1
2016,NonResidential,Retail Store,7,DOWNTOWN,47.60925,-122.33734,1.0,3,77555,0,77555,Retail Store,73563.0,,,,,7802205.5,False,Mono-usage,92,0.0,1.0,0,1
2016,NonResidential,Small- and Mid-Sized Office,7,DOWNTOWN,47.60765,-122.34097,1.0,6,51218,0,51218,Office,44913.0,Restaurant,7044.0,,,2886141.5,False,Multi-usages,107,0.0,1.0,1,2
2016,NonResidential,Large Office,7,DOWNTOWN,47.60765,-122.3348,1.0,29,489182,0,489182,Office,371450.0,Parking,65451.0,Other - Technology/Science,9295.0,36378588.0,False,Multi-usages,46,0.0,1.0,1,4
2016,NonResidential,Large Office,7,DOWNTOWN,47.60769,-122.33544,1.0,27,216571,13320,203251,Office,182604.0,Parking,13320.0,Other - Technology/Science,6246.0,16246106.0,False,Multi-usages,87,0.061504079493561,0.938495920506439,1,3
2016,NonResidential,Large Office,7,DOWNTOWN,47.60741,-122.33565,1.0,13,189175,0,189175,Office,151740.0,Other,12645.0,,,19036416.0,False,Multi-usages,95,0.0,1.0,1,2
2016,NonResidential,Large Office,7,DOWNTOWN,47.60582,-122.33464,1.0,13,293803,74481,219322,Office,145491.0,Parking,70603.0,,,17074142.0,False,Multi-usages,18,0.2535066013621372,0.7464933986378628,1,2
2016,NonResidential,Large Office,7,DOWNTOWN,47.60576,-122.33922,1.0,7,122356,0,122356,Office,95942.0,Retail Store,15523.0,Data Center,182.0,4585070.5,False,Multi-usages,106,0.0,1.0,1,3
2016,NonResidential,Small- and Mid-Sized Office,7,DOWNTOWN,47.60366,-122.33328,1.0,3,52298,0,52298,Office,50250.0,,,,,1968655.125,False,Mono-usage,95,0.0,1.0,0,1
2016,NonResidential,Large Office,7,DOWNTOWN,47.60304,-122.33362,1.0,17,116640,0,116640,Office,82053.0,Financial Office,6561.0,Food Service,6333.0,6758565.5,False,Multi-usages,105,0.0,1.0,1,4
2016,NonResidential,Large Office,3,DOWNTOWN,47.60573,-122.33028,1.0,42,1249055,201121,1047934,Office,983697.0,Parking,296815.0,Medical Office,12941.0,37980712.0,False,Multi-usages,35,0.16101853000868657,0.8389814699913134,1,5
2016,NonResidential,Medical Office,3,EAST,47.60663,-122.32157,1.0,5,188339,99314,89025,Medical Office,81873.0,Parking,67000.0,,,8523594.0,False,Multi-usages,28,0.5273151073330536,0.4726848926669463,1,2
2016,NonResidential,University,3,CENTRAL,47.6094,-122.31506,1.0,2,60122,0,60122,College/University,60122.0,Parking,0.0,,,690529.5,False,Multi-usages,100,0.0,1.0,1,2
2016,NonResidential,Small- and Mid-Sized Office,2,DOWNTOWN,47.5981,-122.33369,1.0,6,95000,13700,81300,Office,84481.0,Parking,8474.0,,,4052720.0,False,Multi-usages,106,0.14421052631578948,0.8557894736842105,1,2
2016,NonResidential,Large Office,7,DOWNTOWN,47.6029,-122.32927,1.0,9,224857,0,224857,Office,204993.0,,,,,15272491.0,False,Mono-usage,45,0.0,1.0,0,1
2016,NonResidential,Large Office,2,DOWNTOWN,47.59878,-122.33088,1.0,8,446261,124788,321473,Office,343400.0,Parking,114237.0,,,13568148.0,False,Multi-usages,18,0.27963008194755984,0.7203699180524402,1,2
2016,NonResidential,Other,2,GREATER DUWAMISH,47.59273,-122.33455,1.0,2,58492,0,58492,Other,58500.0,,,,,1594422.5,False,Mono-usage,77,0.0,1.0,0,1
2016,NonResidential,Small- and Mid-Sized Office,2,GREATER DUWAMISH,47.58958,-122.33369,1.0,6,62370,0,62370,Office,49473.0,Restaurant,10408.0,,,4353025.0,False,Multi-usages,109,0.0,1.0,1,2
2016,NonResidential,Warehouse,2,GREATER DUWAMISH,47.58454,-122.3269,1.0,1,73296,0,73296,Non-Refrigerated Warehouse,77800.0,Parking,0.0,,,2356376.75,False,Multi-usages,56,0.0,1.0,1,2
2016,Nonresidential COS,Other,2,GREATER DUWAMISH,47.5829,-122.32417,1.0,4,99122,0,99122,Other,50036.0,Office,49086.0,,,14469228.0,False,Multi-usages,72,0.0,1.0,1,2
2016,NonResidential,Other,2,GREATER DUWAMISH,47.58251,-122.32528,1.0,1,66133,0,66133,Other,60787.0,Office,13805.0,Non-Refrigerated Warehouse,2408.0,6345009.5,False,Multi-usages,31,0.0,1.0,1,3
2016,NonResidential,Warehouse,2,GREATER DUWAMISH,47.57613,-122.33864,1.0,2,115668,0,115668,Non-Refrigerated Warehouse,101752.0,Office,8068.0,Retail Store,4270.0,3534690.75,False,Multi-usages,64,0.0,1.0,1,4
2016,NonResidential,Other,2,GREATER DUWAMISH,47.56301,-122.32564,1.0,1,141686,0,141686,Other,152511.0,,,,,6673138.0,False,Mono-usage,46,0.0,1.0,0,1
2016,NonResidential,Small- and Mid-Sized Office,2,GREATER DUWAMISH,47.55695,-122.33176,1.0,1,93610,0,93610,Office,101278.0,Data Center,502.0,,,6235947.0,False,Multi-usages,66,0.0,1.0,1,2
2016,NonResidential,Large Office,2,GREATER DUWAMISH,47.55238,-122.32762,1.0,2,156188,0,156188,Office,141917.0,Parking,0.0,,,6843855.0,False,Multi-usages,43,0.0,1.0,1,2
2016,NonResidential,Warehouse,2,GREATER DUWAMISH,47.54923,-122.32446,1.0,1,115620,0,115620,Non-Refrigerated Warehouse,56900.0,,,,,1951856.25,False,Mono-usage,50,0.0,1.0,0,1
2016,NonResidential,Large Office,2,GREATER DUWAMISH,47.54699,-122.32882,1.0,5,238148,0,238148,Office,245240.0,Parking,5616.0,Parking,5616.0,10775646.0,False,Multi-usages,41,0.0,1.0,1,2
2016,NonResidential,Distribution Center,2,GREATER DUWAMISH,47.54326,-122.33134,1.0,1,71718,0,71718,Distribution Center,71718.0,,,,,151754.2969,False,Mono-usage,47,0.0,1.0,0,1
2016,NonResidential,Warehouse,1,GREATER DUWAMISH,47.53628,-122.3329,1.0,1,55450,0,55450,Non-Refrigerated Warehouse,34206.0,Office,21244.0,,,4345698.0,False,Multi-usages,47,0.0,1.0,1,2
2016,NonResidential,Distribution Center,1,GREATER DUWAMISH,47.52549,-122.33064,1.0,1,54880,0,54880,Distribution Center,55000.0,,,,,2763597.0,False,Mono-usage,37,0.0,1.0,0,1
2016,NonResidential,Retail Store,1,DELRIDGE,47.52222,-122.36892,1.0,1,102500,0,102500,Retail Store,99471.0,Parking,0.0,,,7305474.0,False,Multi-usages,24,0.0,1.0,1,2
2016,NonResidential,Other,4,NORTHEAST,47.66478,-122.29804,1.0,6,361398,272900,88498,Parking,232685.0,Retail Store,63419.0,Non-Refrigerated Warehouse,15757.0,8915523.0,False,Multi-usages,14,0.7551231606151667,0.24487683938483334,1,4
2016,NonResidential,Supermarket / Grocery Store,2,GREATER DUWAMISH,47.57903,-122.29982,1.0,1,50785,0,50785,Supermarket/Grocery Store,27382.0,,,,,7439009.0,False,Mono-usage,53,0.0,1.0,0,1
2016,NonResidential,Small- and Mid-Sized Office,1,Delridge,47.54103,-122.33766,1.0,3,85126,0,85126,Office,81526.0,,,,,37951708.0,False,Mono-usage,87,0.0,1.0,0,1
2016,NonResidential,Other,5,North,47.70911,-122.32529,1.0,5,303255,19820,283435,Parking,321828.0,Retail Store,298043.0,Other,5636.0,11077140.0,False,Multi-usages,16,0.06535753738602826,0.9346424626139718,1,4
2016,NonResidential,Distribution Center,2,GREATER DUWAMISH,47.56613,-122.33838,1.0,1,411584,0,411584,Distribution Center,288048.0,Non-Refrigerated Warehouse,83683.0,Refrigerated Warehouse,35760.0,15091579.0,False,Multi-usages,30,0.0,1.0,1,3
2016,NonResidential,Mixed Use Property,7,DOWNTOWN,47.59937,-122.33116,1.0,4,73320,0,73320,Non-Refrigerated Warehouse,27283.0,Office,23277.0,Retail Store,6540.0,1141189.75,False,Multi-usages,114,0.0,1.0,1,3
2016,NonResidential,Large Office,7,MAGNOLIA / QUEEN ANNE,47.6252,-122.36737,1.0,4,242686,100176,142510,Office,149081.0,Parking,76364.0,,,9683979.0,False,Multi-usages,8,0.4127803004705669,0.5872196995294331,1,2
2016,NonResidential,Small- and Mid-Sized Office,2,DOWNTOWN,47.5992,-122.33223,1.0,6,95760,15840,79920,Office,95760.0,,,,,5392617.5,False,Mono-usage,116,0.16541353383458646,0.8345864661654135,0,1
2016,NonResidential,Warehouse,2,GREATER DUWAMISH,47.56733,-122.3352,1.0,1,179413,0,179413,Non-Refrigerated Warehouse,178087.0,,,,,3459543.0,False,Mono-usage,70,0.0,1.0,0,1
2016,NonResidential,Warehouse,2,GREATER DUWAMISH,47.57513,-122.33739,0.0,1,65288,0,65288,Non-Refrigerated Warehouse,60000.0,Other - Services,5000.0,Retail Store,5000.0,605971.1875,False,Multi-usages,99,0.0,1.0,1,4
2016,NonResidential,Warehouse,1,Delridge,47.5725,-122.3571,1.0,1,170632,0,170632,Non-Refrigerated Warehouse,164806.0,Office,5826.0,,,602245.0,False,Multi-usages,50,0.0,1.0,1,2
2016,NonResidential,Large Office,7,MAGNOLIA / QUEEN ANNE,47.63264,-122.34171,1.0,10,381511,0,381511,Office,220033.0,Parking,168978.0,,,11410228.0,False,Multi-usages,22,0.0,1.0,1,2
2016,NonResidential,Large Office,3,DOWNTOWN,47.60214,-122.32726,1.0,17,413264,138098,275166,Office,295494.0,Parking,94781.0,,,13631141.0,False,Multi-usages,7,0.33416411785202677,0.6658358821479732,1,2
2016,NonResidential,Mixed Use Property,4,NORTHEAST,47.6586,-122.3124,1.0,6,122400,54300,68100,Office,41624.0,Parking,33399.0,Multifamily Housing,20740.0,4865551.5,False,Multi-usages,7,0.44362745098039214,0.5563725490196079,1,4
2016,NonResidential,Retail Store,4,NORTHEAST,47.66246,-122.29898,1.0,2,93803,0,93803,Retail Store,85572.0,Restaurant,2950.0,Other,2500.0,5453438.5,False,Multi-usages,60,0.0,1.0,1,4
2016,NonResidential,Warehouse,2,GREATER DUWAMISH,47.51304,-122.28394,1.0,2,123000,0,123000,Non-Refrigerated Warehouse,112484.0,Office,24433.0,,,3004271.0,False,Multi-usages,50,0.0,1.0,1,2
2016,NonResidential,Medical Office,3,EAST,47.6056366,-122.3214798,1.0,5,275130,112980,162150,Medical Office,177748.0,,,,,9941308.0,False,Mono-usage,13,0.4106422418493076,0.5893577581506924,0,1
2016,NonResidential,Warehouse,2,GREATER DUWAMISH,47.51168,-122.28285,1.0,1,60448,0,60448,Non-Refrigerated Warehouse,52702.0,Office,7746.0,,,1052244.75,False,Multi-usages,38,0.0,1.0,1,2
2016,NonResidential,Hospital,3,EAST,47.608951,-122.322402,7.0,14,1765970,0,1765970,Hospital (General Medical & Surgical),1639334.0,Parking,441551.0,,,291614432.0,False,Multi-usages,22,0.0,1.0,1,2
2016,NonResidential,Other,7,MAGNOLIA / QUEEN ANNE,47.61915,-122.35871,3.0,4,62600,0,62600,Other,215197.0,,,,,11147342.0,False,Mono-usage,88,0.0,1.0,0,1
2016,NonResidential,Mixed Use Property,3,EAST,47.60453796,-122.3203278,1.0,4,77412,21612,55800,Other,26400.0,Office,19200.0,Parking,17000.0,2655387.5,False,Multi-usages,12,0.27918152224461323,0.7208184777553868,1,3
2016,NonResidential,Medical Office,3,EAST,47.60796711,-122.3195445,1.0,5,289419,159157,130262,Medical Office,146150.0,Parking,139000.0,,,12731388.0,False,Multi-usages,26,0.5499189756028457,0.4500810243971543,1,2
2016,NonResidential,Other,5,NORTH,47.6993,-122.32378,1.0,5,90266,0,90266,Financial Office,87552.0,,,,,7771933.5,False,Mono-usage,29,0.0,1.0,0,1
2016,NonResidential,Warehouse,6,Ballard,47.6582,-122.36434,1.0,4,87332,6458,80874,Non-Refrigerated Warehouse,87332.0,,,,,1165598.875,False,Mono-usage,12,0.07394769385792149,0.9260523061420785,0,1
2016,NonResidential,Hotel,3,EAST,47.61210727,-122.3205972,1.0,6,150545,50017,100528,Hotel,100528.0,Parking,50017.0,,,13410041.0,False,Multi-usages,13,0.33223952970872495,0.667760470291275,1,2
2016,NonResidential,Other,7,MAGNOLIA / QUEEN ANNE,47.62147,-122.34817,1.0,5,141718,0,141718,Other - Entertainment/Public Assembly,134197.0,Restaurant,5803.0,,,19085174.0,False,Multi-usages,17,0.0,1.0,1,2
2016,NonResidential,Hotel,7,MAGNOLIA / QUEEN ANNE,47.62562,-122.35121,1.0,5,111856,21273,90583,Hotel,92000.0,Parking,20000.0,Restaurant,4006.0,9444484.0,False,Multi-usages,8,0.19018201973966528,0.8098179802603347,1,4
2016,NonResidential,Warehouse,3,EAST,47.61818,-122.31728,1.0,4,132828,0,132828,Non-Refrigerated Warehouse,132828.0,,,,,1083729.625,False,Mono-usage,28,0.0,1.0,0,1
2016,NonResidential,Warehouse,1,DELRIDGE,47.53935,-122.34402,1.0,1,70400,0,70400,Non-Refrigerated Warehouse,58047.0,Office,12353.0,,,13962749.0,False,Multi-usages,46,0.0,1.0,1,2
2016,NonResidential,Retail Store,5,NORTHWEST,47.71417,-122.34256,1.0,1,101830,0,101830,Retail Store,130767.0,,,,,10713006.0,False,Mono-usage,21,0.0,1.0,0,1
2016,NonResidential,University,3,CENTRAL,47.5997,-122.30364,2.0,4,114000,0,114000,College/University,114000.0,,,,,7575080.0,False,Mono-usage,42,0.0,1.0,0,1
2016,NonResidential,Warehouse,1,SOUTHWEST,47.57311,-122.3601,1.0,1,152365,0,152365,Non-Refrigerated Warehouse,149293.0,Office,7858.0,,,1069749.75,False,Multi-usages,51,0.0,1.0,1,2
2016,NonResidential,Medical Office,3,CENTRAL,47.60705,-122.30966,1.0,6,320946,0,320946,Medical Office,236359.0,Laboratory,86298.0,,,25471308.0,False,Multi-usages,106,0.0,1.0,1,2
2016,NonResidential,Retail Store,2,GREATER DUWAMISH,47.54862,-122.32272,1.0,1,74178,0,74178,Retail Store,74178.0,,,,,5402181.0,False,Mono-usage,58,0.0,1.0,0,1
2016,NonResidential,Warehouse,5,NORTH,47.70799,-122.30185,1.0,4,80360,0,80360,Non-Refrigerated Warehouse,80360.0,,,,,686019.1875,False,Mono-usage,29,0.0,1.0,0,1
2016,NonResidential,Supermarket / Grocery Store,3,EAST,47.61318,-122.32122,1.0,3,119190,0,119190,Supermarket/Grocery Store,46280.0,,,,,10077532.0,False,Mono-usage,20,0.0,1.0,0,1
2016,NonResidential,Other,2,GREATER DUWAMISH,47.59394,-122.32452,1.0,2,51856,0,51856,Automobile Dealership,48103.0,Office,3753.0,,,1938613.125,False,Multi-usages,8,0.0,1.0,1,2
2016,NonResidential,Mixed Use Property,2,GREATER DUWAMISH,47.58718,-122.33467,1.0,3,66138,12586,53552,Office,26044.0,Manufacturing/Industrial Plant,13884.0,Parking,13858.0,7070998.5,False,Multi-usages,95,0.19029907163809007,0.80970092836191,1,4
2016,NonResidential,Large Office,4,NORTHEAST,47.66181,-122.31231,1.0,3,113944,48510,65434,Office,65434.0,,,,,17880184.0,False,Mono-usage,56,0.42573544899248755,0.5742645510075125,0,1
2016,NonResidential,Low-Rise Multifamily,4,LAKE UNION,47.64859,-122.33311,1.0,3,93079,36093,56986,Multifamily Housing,91064.0,,,,,1997181.5,False,Mono-usage,16,0.3877673803972969,0.612232619602703,0,1
2016,NonResidential,Worship Facility,4,NORTHEAST,47.67738,-122.28996,1.0,2,22220,0,22220,Worship Facility,22220.0,,,,,778355.8125,False,Mono-usage,59,0.0,1.0,0,1
2016,NonResidential,Mixed Use Property,2,GREATER DUWAMISH,47.54437,-122.30863,1.0,1,44700,0,44700,Office,23751.0,Other,14024.0,Non-Refrigerated Warehouse,10095.0,2042771.0,False,Multi-usages,54,0.0,1.0,1,3
2016,NonResidential,Warehouse,2,GREATER DUWAMISH,47.54137,-122.33051,1.0,1,44100,0,44100,Non-Refrigerated Warehouse,40000.0,,,,,1618916.375,False,Mono-usage,40,0.0,1.0,0,1
2016,NonResidential,Distribution Center,2,GREATER DUWAMISH,47.54113,-122.32633,1.0,1,27800,0,27800,Distribution Center,27800.0,,,,,1224186.25,False,Mono-usage,51,0.0,1.0,0,1
2016,NonResidential,Warehouse,2,GREATER DUWAMISH,47.55436,-122.33631,1.0,1,46340,0,46340,Non-Refrigerated Warehouse,46340.0,,,,,2564004.0,False,Mono-usage,15,0.0,1.0,0,1
2016,NonResidential,Small- and Mid-Sized Office,3,CENTRAL,47.60191,-122.31438,1.0,3,38460,0,38460,Office,38460.0,,,,,1950713.25,False,Mono-usage,106,0.0,1.0,0,1
2016,NonResidential,Worship Facility,6,NORTHWEST,47.68576,-122.35481,1.0,2,21022,0,21022,Worship Facility,21022.0,,,,,945245.625,False,Mono-usage,94,0.0,1.0,0,1
2016,NonResidential,Distribution Center,2,GREATER DUWAMISH,47.51127,-122.281,1.0,1,48001,0,48001,Distribution Center,48001.0,,,,,2143650.75,False,Mono-usage,49,0.0,1.0,0,1
2016,NonResidential,Warehouse,2,GREATER DUWAMISH,47.51399,-122.27946,1.0,1,26380,0,26380,Non-Refrigerated Warehouse,23620.0,Office,2760.0,,,509124.0,False,Multi-usages,37,0.0,1.0,1,2
2016,NonResidential,Warehouse,2,GREATER DUWAMISH,47.51018,-122.28192,1.0,1,37351,0,37351,Non-Refrigerated Warehouse,29551.0,Office,9569.0,,,2559461.75,False,Multi-usages,47,0.0,1.0,1,2
2016,NonResidential,Warehouse,2,GREATER DUWAMISH,47.51127,-122.281,1.0,1,30375,0,30375,Non-Refrigerated Warehouse,30375.0,,,,,345866.6875,False,Mono-usage,35,0.0,1.0,0,1
2016,NonResidential,Warehouse,2,GREATER DUWAMISH,47.51104,-122.28245,1.0,1,30004,0,30004,Non-Refrigerated Warehouse,24280.0,Office,4950.0,,,369291.5,False,Multi-usages,37,0.0,1.0,1,2
2016,NonResidential,Other,4,NORTHEAST,47.68541,-122.27097,1.0,3,39971,0,39971,Other,36185.0,Retail Store,3142.0,Office,644.0,10960107.0,False,Multi-usages,88,0.0,1.0,1,4
2016,NonResidential,Worship Facility,6,BALLARD,47.68164,-122.3753,1.0,2,33589,0,33589,Worship Facility,33589.0,,,,,509836.1875,False,Mono-usage,102,0.0,1.0,0,1
2016,NonResidential,Small- and Mid-Sized Office,6,BALLARD,47.66587,-122.38476,1.0,3,43500,0,43500,Office,43495.0,,,,,3220635.25,False,Mono-usage,37,0.0,1.0,0,1
2016,NonResidential,Small- and Mid-Sized Office,6,BALLARD,47.67528,-122.40836,1.0,2,28492,0,28492,Office,28492.0,,,,,1896298.875,False,Mono-usage,38,0.0,1.0,0,1
2016,NonResidential,Small- and Mid-Sized Office,6,BALLARD,47.6744,-122.40735,1.0,3,22325,0,22325,Office,18000.0,Medical Office,1800.0,Other,1000.0,1401315.875,False,Multi-usages,53,0.0,1.0,1,6
2016,NonResidential,Restaurant,6,BALLARD,47.67398,-122.40765,1.0,3,22719,0,22719,Restaurant,22719.0,Parking,0.0,,,1358519.0,False,Multi-usages,39,0.0,1.0,1,2
2016,NonResidential,Laboratory,7,DOWNTOWN,47.61597,-122.33086,1.0,2,44588,22000,22588,Laboratory,69000.0,,,,,7251589.0,False,Mono-usage,70,0.49340629765856286,0.5065937023414372,0,1
2016,NonResidential,Retail Store,3,DOWNTOWN,47.59692,-122.31543,1.0,2,147545,0,147545,Retail Store,147545.0,,,,,6787070.0,False,Mono-usage,99,0.0,1.0,0,1
2016,Nonresidential COS,Other,4,NORTH,47.68339,-122.31947,1.0,2,21462,0,21462,Other,25778.0,Office,200.0,,,1114384.625,False,Multi-usages,93,0.0,1.0,1,2
2016,NonResidential,Other,6,NORTHWEST,47.67713,-122.35398,1.0,2,28072,0,28072,Social/Meeting Hall,23835.0,,,,,1362523.0,False,Mono-usage,99,0.0,1.0,0,1
2016,NonResidential,Restaurant,7,DOWNTOWN,47.61468,-122.34925,1.0,2,31020,0,31020,Restaurant,31020.0,,,,,4970047.0,False,Mono-usage,61,0.0,1.0,0,1
2016,NonResidential,Small- and Mid-Sized Office,7,DOWNTOWN,47.61402,-122.35016,1.0,2,21600,0,21600,Office,14400.0,Other - Lodging/Residential,7200.0,,,1636649.125,False,Multi-usages,99,0.0,1.0,1,2
2016,NonResidential,Small- and Mid-Sized Office,7,DOWNTOWN,47.6158,-122.35126,1.0,5,61825,13320,48505,Office,37993.0,Bank Branch,3547.0,,,4322873.0,False,Multi-usages,42,0.21544682571775173,0.7845531742822482,1,2
2016,NonResidential,Small- and Mid-Sized Office,7,DOWNTOWN,47.61683,-122.35176,1.0,3,64630,0,64630,Office,64630.0,,,,,1408291.375,False,Mono-usage,74,0.0,1.0,0,1
2016,NonResidential,Worship Facility,7,DOWNTOWN,47.61636,-122.35094,1.0,2,20920,0,20920,Worship Facility,20920.0,,,,,1042108.5,False,Mono-usage,68,0.0,1.0,0,1
2016,NonResidential,Worship Facility,1,SOUTHWEST,47.57384,-122.41182,1.0,2,22128,0,22128,Worship Facility,22128.0,,,,,608359.6875,False,Mono-usage,90,0.0,1.0,0,1
2016,NonResidential,Retail Store,5,NORTHWEST,47.72736,-122.34579,1.0,1,48139,0,48139,Retail Store,40000.0,,,,,859236.625,False,Mono-usage,48,0.0,1.0,0,1
2016,NonResidential,Worship Facility,1,SOUTHWEST,47.56633,-122.38725,1.0,2,21364,0,21364,Worship Facility,15364.0,K-12 School,6000.0,,,965651.125,False,Multi-usages,67,0.0,1.0,1,2
2016,NonResidential,University,7,DOWNTOWN,47.61741,-122.33491,1.0,2,28923,0,28923,College/University,28800.0,,,,,439311.9063,False,Mono-usage,24,0.0,1.0,0,1
2016,NonResidential,University,7,DOWNTOWN,47.61789,-122.33573,1.0,3,21600,0,21600,College/University,21600.0,,,,,323739.4063,False,Mono-usage,88,0.0,1.0,0,1
2016,NonResidential,Retail Store,4,NORTHEAST,47.6646,-122.29932,1.0,1,25735,0,25735,Retail Store,25691.0,,,,,1169394.875,False,Mono-usage,20,0.0,1.0,0,1
2016,NonResidential,Retail Store,4,NORTHEAST,47.66246,-122.29898,1.0,2,25862,0,25862,Retail Store,25562.0,Other,300.0,,,4801472.0,False,Multi-usages,60,0.0,1.0,1,2
2016,NonResidential,Retail Store,4,NORTHEAST,47.66246,-122.29898,1.0,2,49965,0,49965,Retail Store,47465.0,Other,2500.0,,,3377209.75,False,Multi-usages,13,0.0,1.0,1,2
2016,NonResidential,Small- and Mid-Sized Office,7,DOWNTOWN,47.6026,-122.33232,1.0,2,20028,0,20028,Office,20028.0,,,,,511797.4063,False,Mono-usage,87,0.0,1.0,0,1
2016,NonResidential,Small- and Mid-Sized Office,7,DOWNTOWN,47.60247,-122.33372,1.0,7,23622,0,23622,Office,26195.0,Restaurant,2285.0,,,552007.5,False,Multi-usages,116,0.0,1.0,1,2
2016,NonResidential,Small- and Mid-Sized Office,7,DOWNTOWN,47.60237,-122.33365,1.0,3,23563,0,23563,Office,20183.0,Restaurant,3380.0,,,883197.6875,False,Multi-usages,114,0.0,1.0,1,2
2016,NonResidential,Mixed Use Property,7,DOWNTOWN,47.60284,-122.33407,1.0,3,28600,0,28600,Office,12000.0,Retail Store,11000.0,Restaurant,3000.0,1062722.625,False,Multi-usages,113,0.0,1.0,1,3
2016,NonResidential,Mixed Use Property,7,DOWNTOWN,47.60427,-122.33385,1.0,2,38539,12379,26160,Retail Store,15549.0,Parking,12379.0,Office,10611.0,2186018.5,False,Multi-usages,38,0.3212070889229093,0.6787929110770907,1,3
2016,NonResidential,Small- and Mid-Sized Office,7,DOWNTOWN,47.60427,-122.33385,1.0,5,26840,0,26840,Office,29040.0,,,,,1989287.0,False,Mono-usage,110,0.0,1.0,0,1
2016,NonResidential,Retail Store,7,DOWNTOWN,47.60427,-122.33385,1.0,2,46800,0,46800,Retail Store,36019.0,Office,10781.0,,,1245187.5,False,Multi-usages,110,0.0,1.0,1,2
2016,NonResidential,Small- and Mid-Sized Office,7,DOWNTOWN,47.60431,-122.33335,1.0,3,63990,26640,37350,Office,39000.0,Parking,26640.0,,,2067352.5,False,Multi-usages,37,0.41631504922644164,0.5836849507735584,1,2
2016,NonResidential,Small- and Mid-Sized Office,7,DOWNTOWN,47.61285,-122.34817,1.0,3,28800,0,28800,Office,21600.0,Other,7200.0,Non-Refrigerated Warehouse,6200.0,1345025.75,False,Multi-usages,108,0.0,1.0,1,3
2016,NonResidential,Small- and Mid-Sized Office,7,DOWNTOWN,47.6172,-122.34979,1.0,3,33552,4968,28584,Office,26556.0,Parking,4968.0,,,1696978.75,False,Multi-usages,62,0.148068669527897,0.851931330472103,1,2
2016,NonResidential,Retail Store,7,DOWNTOWN,47.61652,-122.34854,1.0,2,26270,0,26270,Retail Store,26270.0,,,,,1560461.75,False,Mono-usage,85,0.0,1.0,0,1
2016,NonResidential,Small- and Mid-Sized Office,7,DOWNTOWN,47.61595,-122.34756,1.0,3,57620,7820,49800,Office,49800.0,Parking,7820.0,,,2385395.0,False,Multi-usages,90,0.13571676501214855,0.8642832349878514,1,2
2016,NonResidential,Mixed Use Property,7,DOWNTOWN,47.61543,-122.34651,1.0,2,28696,6080,22616,Other,12960.0,Bank Branch,7760.0,Parking,6080.0,418348.5,False,Multi-usages,62,0.21187621968218567,0.7881237803178144,1,3
2016,NonResidential,Hotel,7,DOWNTOWN,47.61471,-122.34525,1.0,5,57800,0,57800,Hotel,57800.0,,,,,2443065.25,False,Mono-usage,26,0.0,1.0,0,1
2016,NonResidential,Other,7,DOWNTOWN,47.61319,-122.33695,1.0,2,31890,0,31890,Financial Office,31160.0,,,,,1858224.625,False,Mono-usage,61,0.0,1.0,0,1
2016,NonResidential,Small- and Mid-Sized Office,7,DOWNTOWN,47.61267,-122.33852,1.0,2,44098,13660,30438,Office,25920.0,Parking,13155.0,,,1441900.5,False,Multi-usages,91,0.3097646151752914,0.6902353848247086,1,2
2016,NonResidential,Restaurant,7,DOWNTOWN,47.61332,-122.33904,1.0,3,22381,0,22381,Restaurant,22381.0,,,,,3532966.5,False,Mono-usage,93,0.0,1.0,0,1
2016,NonResidential,Laboratory,7,DOWNTOWN,47.61763,-122.35507,0.0,4,49249,0,49249,Laboratory,40584.0,Office,7165.0,,,33268410.0,False,Multi-usages,90,0.0,1.0,1,2
2016,NonResidential,Retail Store,7,DOWNTOWN,47.61812,-122.35509,1.0,1,24825,1263,23562,Retail Store,13940.0,Non-Refrigerated Warehouse,10439.0,,,439521.0938,False,Multi-usages,91,0.050876132930513594,0.9491238670694864,1,2
2016,NonResidential,Medical Office,7,DOWNTOWN,47.6146,-122.34217,1.0,4,26670,0,26670,Medical Office,26670.0,,,,,1553208.375,False,Mono-usage,64,0.0,1.0,0,1
2016,Nonresidential COS,Other,7,DOWNTOWN,47.61607,-122.34449,1.0,2,37740,0,37740,Fire Station,38939.0,,,,,3095882.0,False,Mono-usage,94,0.0,1.0,0,1
2016,NonResidential,Small- and Mid-Sized Office,7,DOWNTOWN,47.61768,-122.34139,1.0,1,23752,0,23752,Office,14317.0,Retail Store,9435.0,Parking,0.0,1067153.75,False,Multi-usages,51,0.0,1.0,1,3
2016,NonResidential,Hotel,7,DOWNTOWN,47.61822,-122.34132,1.0,4,44416,0,44416,Hotel,52668.0,,,,,2669564.25,False,Mono-usage,49,0.0,1.0,0,1
2016,NonResidential,Mixed Use Property,7,DOWNTOWN,47.61634,-122.35385,1.0,2,33792,22867,10925,Social/Meeting Hall,8969.0,Parking,8540.0,Other - Entertainment/Public Assembly,1600.0,2547848.0,False,Multi-usages,10,0.6766986268939394,0.3233013731060606,1,4
2016,NonResidential,Worship Facility,6,Northwest,47.66476,-122.35248,1.0,2,45991,0,45991,Worship Facility,45991.0,,,,,1145535.75,False,Mono-usage,88,0.0,1.0,0,1
2016,NonResidential,Residence Hall,4,NORTHEAST,47.66282,-122.305,1.0,3,21499,0,21499,Residence Hall/Dormitory,21499.0,,,,,605130.6875,False,Mono-usage,95,0.0,1.0,0,1
2016,NonResidential,Small- and Mid-Sized Office,4,NORTHEAST,47.66461,-122.30142,1.0,2,20384,0,20384,Office,25021.0,,,,,1791071.375,False,Mono-usage,27,0.0,1.0,0,1
2016,NonResidential,Retail Store,4,NORTHEAST,47.66246,-122.29898,1.0,2,39265,0,39265,Retail Store,31905.0,Office,4388.0,Other,2679.0,5238803.0,False,Multi-usages,60,0.0,1.0,1,4
2016,NonResidential,Retail Store,4,NORTHEAST,47.66246,-122.29898,1.0,2,54284,0,54284,Retail Store,52784.0,Other,1900.0,,,6778694.0,False,Multi-usages,60,0.0,1.0,1,2
2016,NonResidential,Retail Store,4,NORTHEAST,47.66246,-122.29898,1.0,1,23409,0,23409,Retail Store,21909.0,Other,1500.0,,,2545405.0,False,Multi-usages,60,0.0,1.0,1,2
2016,NonResidential,Retail Store,4,NORTHEAST,47.66246,-122.29898,1.0,1,63153,0,63153,Retail Store,59396.0,Non-Refrigerated Warehouse,2757.0,Other,1000.0,4644178.0,False,Multi-usages,19,0.0,1.0,1,3
2016,NonResidential,Hotel,4,NORTHEAST,47.66355,-122.30123,2.0,2,24100,0,24100,Hotel,30910.0,,,,,1587454.75,False,Mono-usage,55,0.0,1.0,0,1
2016,NonResidential,Restaurant,7,DOWNTOWN,47.61521,-122.33747,1.0,3,33600,0,33600,Restaurant,19200.0,Office,14400.0,,,4475650.0,False,Multi-usages,93,0.0,1.0,1,2
2016,NonResidential,Other,7,DOWNTOWN,47.61362,-122.33959,1.0,4,32356,0,32356,Financial Office,25876.0,Bank Branch,6480.0,,,1857154.75,False,Multi-usages,89,0.0,1.0,1,2
2016,NonResidential,Hotel,7,DOWNTOWN,47.61798,-122.33974,1.0,7,61180,12960,48220,Hotel,61180.0,,,,,3993913.25,False,Mono-usage,56,0.2118339326577313,0.7881660673422687,0,1
2016,NonResidential,Small- and Mid-Sized Office,7,DOWNTOWN,47.61524,-122.33519,1.0,5,43506,11250,32256,Office,32569.0,Parking,0.0,,,3460275.5,False,Multi-usages,38,0.258585022755482,0.741414977244518,1,2
2016,NonResidential,Worship Facility,6,Northwest,47.67572,-122.3285,1.0,2,23931,0,23931,Worship Facility,23931.0,,,,,496477.3125,False,Mono-usage,106,0.0,1.0,0,1
2016,NonResidential,Worship Facility,6,Northwest,47.67491,-122.33316,1.0,2,21393,0,21393,Worship Facility,21393.0,,,,,845961.375,False,Mono-usage,68,0.0,1.0,0,1
2016,NonResidential,Mixed Use Property,2,SOUTHEAST,47.57256,-122.29265,1.0,2,47560,0,47560,Distribution Center,23146.0,Non-Refrigerated Warehouse,15724.0,Office,8255.0,1132489.625,False,Multi-usages,26,0.0,1.0,1,3
2016,NonResidential,Senior Care Community,3,EAST,47.60897,-122.32507,1.0,6,62334,0,62334,Senior Care Community,35696.0,Bank Branch,15661.0,Parking,10877.0,1076733.25,False,Multi-usages,10,0.0,1.0,1,3
2016,NonResidential,Residence Hall,4,NORTHEAST,47.66159,-122.30441,1.0,3,20960,0,20960,Residence Hall/Dormitory,20960.0,,,,,1500309.75,False,Mono-usage,86,0.0,1.0,0,1
2016,NonResidential,University,7,DOWNTOWN,47.61679,-122.33619,1.0,3,28800,0,28800,College/University,28800.0,,,,,717056.375,False,Mono-usage,106,0.0,1.0,0,1
2016,NonResidential,K-12 School,7,DOWNTOWN,47.61718,-122.33654,1.0,2,21600,0,21600,K-12 School,21600.0,,,,,1261536.75,False,Mono-usage,59,0.0,1.0,0,1
2016,NonResidential,K-12 School,7,DOWNTOWN,47.61687,-122.33533,1.0,3,22860,0,22860,K-12 School,22860.0,,,,,931148.625,False,Mono-usage,21,0.0,1.0,0,1
2016,NonResidential,Worship Facility,4,NORTHEAST,47.66516,-122.2738,1.0,1,26366,0,26366,Worship Facility,26386.0,Parking,0.0,,,888031.875,False,Multi-usages,44,0.0,1.0,1,2
2016,NonResidential,Worship Facility,2,SOUTHEAST,47.54362,-122.2667,1.0,2,21732,0,21732,Worship Facility,21732.0,,,,,860364.1875,False,Mono-usage,51,0.0,1.0,0,1
2016,NonResidential,Mixed Use Property,6,BALLARD,47.66835,-122.38886,1.0,1,21060,0,21060,Non-Refrigerated Warehouse,10495.0,Retail Store,10240.0,Office,1890.0,350264.5938,False,Multi-usages,71,0.0,1.0,1,4
2016,NonResidential,Mixed Use Property,6,BALLARD,47.6684,-122.38788,1.0,4,20539,0,20539,Retail Store,7387.0,Multifamily Housing,5264.0,Restaurant,3700.0,1678458.75,False,Multi-usages,56,0.0,1.0,1,5
2016,NonResidential,Retail Store,4,NORTHEAST,47.66033,-122.31348,1.0,3,32960,0,32960,Retail Store,32960.0,,,,,813641.0,False,Mono-usage,116,0.0,1.0,0,1
2016,NonResidential,Other,4,NORTHEAST,47.66097,-122.3139,1.0,3,29636,0,29636,Other - Entertainment/Public Assembly,25096.0,Multifamily Housing,4540.0,,,688641.8125,False,Multi-usages,95,0.0,1.0,1,2
2016,NonResidential,Hotel,4,NORTHEAST,47.66023,-122.31581,1.0,3,20571,0,20571,Hotel,20571.0,,,,,716279.6875,False,Mono-usage,86,0.0,1.0,0,1
2016,NonResidential,Worship Facility,4,NORTHEAST,47.65926,-122.31241,1.0,2,47992,0,47992,Worship Facility,37800.0,Other,10206.0,,,3040195.5,False,Multi-usages,90,0.0,1.0,1,2
2016,NonResidential,Residence Hall,4,NORTHEAST,47.65711,-122.31409,1.0,3,28572,0,28572,Residence Hall/Dormitory,22000.0,Parking,7000.0,,,2717863.25,False,Multi-usages,23,0.0,1.0,1,2
2016,NonResidential,Residence Hall,3,EAST,47.60817,-122.32654,0.0,15,115775,31535,84240,Residence Hall/Dormitory,150000.0,Office,25000.0,,,2882489.75,False,Multi-usages,34,0.2723817749946016,0.7276182250053984,1,2
2016,NonResidential,Worship Facility,4,NORTHEAST,47.68752,-122.29852,1.0,2,31386,0,31386,Worship Facility,30000.0,,,,,1128179.125,False,Mono-usage,16,0.0,1.0,0,1
2016,NonResidential,Small- and Mid-Sized Office,4,LAKE UNION,47.64834,-122.33188,1.0,2,84116,26497,57619,Office,55000.0,,,,,2641681.75,False,Mono-usage,4,0.3150054686385468,0.6849945313614533,0,1
2016,NonResidential,Hotel,7,DOWNTOWN,47.61345,-122.34068,1.0,9,104000,0,104000,Hotel,96000.0,Restaurant,8000.0,,,8690648.0,False,Multi-usages,91,0.0,1.0,1,2
2016,NonResidential,Senior Care Community,2,SOUTHEAST,47.57188,-122.29531,1.0,3,78374,0,78374,Senior Care Community,58665.0,Parking,0.0,,,3321035.75,False,Multi-usages,35,0.0,1.0,1,2
2016,NonResidential,Mixed Use Property,6,BALLARD,47.65742,-122.36736,1.0,2,38784,0,38784,Non-Refrigerated Warehouse,16826.0,Office,16826.0,,,1841154.25,False,Multi-usages,9,0.0,1.0,1,2
2016,NonResidential,Other,2,GREATER DUWAMISH,47.57383,-122.33046,1.0,2,41790,0,41790,Social/Meeting Hall,21790.0,Office,20000.0,,,2177075.0,False,Multi-usages,47,0.0,1.0,1,2
2016,NonResidential,Small- and Mid-Sized Office,7,DOWNTOWN,47.60542,-122.3364,1.0,5,39960,0,39960,Office,37120.0,Other,2840.0,,,2178690.5,False,Multi-usages,116,0.0,1.0,1,2
2016,NonResidential,Warehouse,7,DOWNTOWN,47.60528,-122.33627,1.0,5,33300,0,33300,Non-Refrigerated Warehouse,24000.0,Retail Store,6000.0,,,90558.70313,False,Multi-usages,116,0.0,1.0,1,2
2016,NonResidential,Hotel,7,DOWNTOWN,47.60721,-122.33451,1.0,11,36240,0,36240,Hotel,36240.0,,,,,2147968.25,False,Mono-usage,90,0.0,1.0,0,1
2016,NonResidential,Other,7,DOWNTOWN,47.60781,-122.33186,1.0,3,39320,6960,32360,Social/Meeting Hall,39320.0,,,,,3042875.5,False,Mono-usage,94,0.1770091556459817,0.8229908443540183,0,1
2016,NonResidential,Other,7,DOWNTOWN,47.60547,-122.33118,1.0,5,41536,0,41536,Performing Arts,41536.0,,,,,2735166.0,False,Mono-usage,108,0.0,1.0,0,1
2016,NonResidential,Hotel,7,DOWNTOWN,47.60223,-122.32889,1.0,6,35820,0,35820,Hotel,35820.0,,,,,3321603.0,False,Mono-usage,107,0.0,1.0,0,1
2016,NonResidential,K-12 School,1,SOUTHWEST,47.56542,-122.38502,1.0,2,33462,0,33462,K-12 School,57896.0,,,,,3987215.5,False,Mono-usage,94,0.0,1.0,0,1
2016,NonResidential,K-12 School,1,SOUTHWEST,47.56504,-122.38455,1.0,3,49744,0,49744,K-12 School,49744.0,,,,,2096835.5,False,Mono-usage,51,0.0,1.0,0,1
2016,NonResidential,Worship Facility,1,SOUTHWEST,47.56342,-122.38509,1.0,2,37816,0,37816,Worship Facility,19407.0,K-12 School,18701.0,,,1411305.5,False,Multi-usages,93,0.0,1.0,1,2
2016,NonResidential,Mixed Use Property,1,SOUTHWEST,47.5622,-122.38648,0.0,2,23315,0,23315,Office,7758.0,Retail Store,6919.0,Restaurant,1976.0,1354000.625,False,Multi-usages,90,0.0,1.0,1,3
2016,NonResidential,Mixed Use Property,1,SOUTHWEST,47.56147,-122.38638,1.0,2,20700,0,20700,Non-Refrigerated Warehouse,6900.0,Restaurant,6900.0,Other - Recreation,4323.0,4265815.0,False,Multi-usages,86,0.0,1.0,1,4
2016,NonResidential,Other,1,SOUTHWEST,47.56263,-122.38196,1.0,1,41521,13124,28397,Other - Recreation,26241.0,Parking,13124.0,Restaurant,2574.0,3343550.0,False,Multi-usages,68,0.3160810192432745,0.6839189807567255,1,3
2016,NonResidential,Supermarket / Grocery Store,1,SOUTHWEST,47.56197,-122.38109,1.0,2,25762,0,25762,Supermarket/Grocery Store,25762.0,,,,,1906384.875,False,Mono-usage,70,0.0,1.0,0,1
2016,NonResidential,Other,1,SOUTHWEST,47.56245,-122.37805,1.0,1,33334,0,33334,Fitness Center/Health Club/Gym,50000.0,Swimming Pool,0.0,,,6118300.5,False,Multi-usages,32,0.0,1.0,1,2
2016,NonResidential,Small- and Mid-Sized Office,1,SOUTHWEST,47.56175,-122.37835,1.0,3,43387,0,43387,Office,45000.0,,,,,2686765.0,False,Mono-usage,35,0.0,1.0,0,1
2016,NonResidential,Mixed Use Property,5,NORTH,47.72178,-122.29498,1.0,1,39350,0,39350,Supermarket/Grocery Store,19271.0,Retail Store,19249.0,Food Service,2663.0,267135.0938,False,Multi-usages,37,0.0,1.0,1,3
2016,NonResidential,Other,5,NORTH,47.72032,-122.29507,0.0,1,22405,0,22405,Other,11000.0,Retail Store,7500.0,,,3498214.75,False,Multi-usages,67,0.0,1.0,1,2
2016,NonResidential,Warehouse,2,GREATER DUWAMISH,47.552,-122.32262,1.0,1,37500,0,37500,Non-Refrigerated Warehouse,61419.0,,,,,1811506.375,False,Mono-usage,31,0.0,1.0,0,1
2016,NonResidential,Medical Office,3,CENTRAL,47.60132,-122.30477,1.0,2,39000,0,39000,Medical Office,39000.0,,,,,2615247.75,False,Mono-usage,26,0.0,1.0,0,1
2016,NonResidential,Other,1,SOUTHWEST,47.56018,-122.38716,1.0,1,22180,0,22180,Other - Mall,14000.0,Restaurant,8180.0,,,5089083.0,False,Multi-usages,92,0.0,1.0,1,2
2016,NonResidential,Distribution Center,2,GREATER DUWAMISH,47.58513,-122.30645,1.0,1,25920,0,25920,Distribution Center,19277.0,Refrigerated Warehouse,4051.0,Office,2592.0,1219744.75,False,Multi-usages,47,0.0,1.0,1,3
2016,NonResidential,Refrigerated Warehouse,2,GREATER DUWAMISH,47.58528,-122.30595,1.0,1,25480,0,25480,Refrigerated Warehouse,25480.0,,,,,741287.1875,False,Mono-usage,63,0.0,1.0,0,1
2016,NonResidential,Warehouse,2,GREATER DUWAMISH,47.58482,-122.30501,1.0,2,31000,0,31000,Non-Refrigerated Warehouse,31000.0,,,,,2301043.75,False,Mono-usage,46,0.0,1.0,0,1
2016,NonResidential,Small- and Mid-Sized Office,2,GREATER DUWAMISH,47.58528,-122.305,1.0,1,29740,0,29740,Office,17804.0,Non-Refrigerated Warehouse,12208.0,,,1467060.25,False,Multi-usages,55,0.0,1.0,1,2
2016,NonResidential,Distribution Center,2,GREATER DUWAMISH,47.58607,-122.30445,1.0,1,23236,0,23236,Distribution Center,20736.0,Office,1250.0,Retail Store,1250.0,433871.0,False,Multi-usages,62,0.0,1.0,1,3
2016,NonResidential,Small- and Mid-Sized Office,2,SOUTHEAST,47.58579,-122.3034,1.0,3,38075,0,38075,Office,29035.0,K-12 School,6213.0,Retail Store,2825.0,1921801.25,False,Multi-usages,7,0.0,1.0,1,3
2016,NonResidential,Small- and Mid-Sized Office,3,SOUTHEAST,47.5859,-122.29957,1.0,2,39170,0,39170,Office,35500.0,,,,,2130673.75,False,Mono-usage,46,0.0,1.0,0,1
2016,Nonresidential COS,Other,3,SOUTHEAST,47.58476,-122.29765,0.0,1,36070,0,36070,Other - Recreation,66597.0,,,,,1441665.375,False,Mono-usage,39,0.0,1.0,0,1
2016,NonResidential,Other,2,SOUTHEAST,47.56979,-122.29234,1.0,2,20047,0,20047,Other - Services,20047.0,,,,,117438.3984,False,Mono-usage,53,0.0,1.0,0,1
2016,NonResidential,Retail Store,2,GREATER DUWAMISH,47.57403,-122.3336,1.0,1,20000,0,20000,Retail Store,20000.0,,,,,557863.6875,False,Mono-usage,102,0.0,1.0,0,1
2016,NonResidential,Warehouse,2,GREATER DUWAMISH,47.5741,-122.32541,1.0,2,32400,0,32400,Non-Refrigerated Warehouse,32700.0,,,,,248616.0,False,Mono-usage,61,0.0,1.0,0,1
2016,NonResidential,Supermarket / Grocery Store,7,MAGNOLIA / QUEEN ANNE,47.63776,-122.35606,1.0,1,25159,0,25159,Supermarket/Grocery Store,25883.0,Parking,0.0,,,8905287.0,False,Multi-usages,54,0.0,1.0,1,2
2016,Nonresidential COS,Other,7,MAGNOLIA / QUEEN ANNE,47.63629,-122.35922,1.0,1,27247,0,27247,Other - Recreation,14317.0,Fitness Center/Health Club/Gym,7701.0,Pre-school/Daycare,3045.0,2332996.5,False,Multi-usages,68,0.0,1.0,1,4
2016,NonResidential,Distribution Center,2,GREATER DUWAMISH,47.56489,-122.3409,1.0,1,26680,0,26680,Distribution Center,33987.0,,,,,243518.2031,False,Mono-usage,61,0.0,1.0,0,1
2016,NonResidential,Warehouse,1,DELRIDGE,47.56447,-122.35335,1.0,1,31521,0,31521,Non-Refrigerated Warehouse,31521.0,,,,,1788148.0,False,Mono-usage,63,0.0,1.0,0,1
2016,NonResidential,Warehouse,2,GREATER DUWAMISH,47.56982,-122.33479,1.0,1,24000,0,24000,Non-Refrigerated Warehouse,20400.0,Office,3600.0,,,1257033.5,False,Multi-usages,65,0.0,1.0,1,2
2016,NonResidential,Self-Storage Facility,2,GREATER DUWAMISH,47.56487,-122.34181,1.0,1,21900,0,21900,Self-Storage Facility,21900.0,,,,,1333637.625,False,Mono-usage,64,0.0,1.0,0,1
2016,NonResidential,Retail Store,2,GREATER DUWAMISH,47.56535,-122.34054,1.0,1,39900,0,39900,Retail Store,25000.0,Non-Refrigerated Warehouse,15000.0,,,145468.7969,True,Multi-usages,63,0.0,1.0,1,2
2016,NonResidential,Warehouse,2,GREATER DUWAMISH,47.56897,-122.33617,1.0,1,38005,0,38005,Non-Refrigerated Warehouse,21560.0,Self-Storage Facility,10974.0,Office,5471.0,752093.625,False,Multi-usages,55,0.0,1.0,1,3
2016,NonResidential,Distribution Center,2,GREATER DUWAMISH,47.5678,-122.33622,1.0,1,35579,0,35579,Distribution Center,35579.0,,,,,1096646.25,False,Mono-usage,18,0.0,1.0,0,1
2016,NonResidential,Distribution Center,2,GREATER DUWAMISH,47.57382,-122.32672,1.0,1,49950,0,49950,Distribution Center,49950.0,,,,,238969.7031,False,Mono-usage,41,0.0,1.0,0,1
2016,NonResidential,Worship Facility,7,MAGNOLIA / QUEEN ANNE,47.63927,-122.4032,1.0,2,22612,0,22612,Worship Facility,22612.0,,,,,731321.8125,False,Mono-usage,69,0.0,1.0,0,1
2016,NonResidential,Other,5,NORTH,47.72599,-122.29314,1.0,2,38787,0,38787,Automobile Dealership,38787.0,Parking,0.0,,,3204685.5,False,Multi-usages,40,0.0,1.0,1,2
2016,NonResidential,Self-Storage Facility,5,NORTH,47.72356,-122.29378,2.0,2,50368,0,50368,Self-Storage Facility,50369.0,,,,,753275.1875,False,Mono-usage,28,0.0,1.0,0,1
2016,NonResidential,Warehouse,2,GREATER DUWAMISH,47.55302,-122.33605,1.0,1,30545,0,30545,Non-Refrigerated Warehouse,23545.0,Office,7000.0,,,1577040.875,False,Multi-usages,78,0.0,1.0,1,2
2016,NonResidential,K-12 School,7,MAGNOLIA / QUEEN ANNE,47.63111,-122.35814,1.0,3,32691,0,32691,K-12 School,33550.0,,,,,971990.3125,False,Mono-usage,94,0.0,1.0,0,1
2016,NonResidential,Worship Facility,7,MAGNOLIA / QUEEN ANNE,47.63159,-122.35839,1.0,2,24227,0,24227,Worship Facility,26210.0,,,,,1086678.125,False,Mono-usage,53,0.0,1.0,0,1
2016,NonResidential,Distribution Center,2,GREATER DUWAMISH,47.54365,-122.30785,1.0,1,27000,0,27000,Distribution Center,27000.0,,,,,651293.3125,False,Mono-usage,60,0.0,1.0,0,1
2016,NonResidential,Small- and Mid-Sized Office,4,LAKE UNION,47.64243,-122.32618,1.0,2,21183,0,21183,Office,13945.0,Parking,7238.0,,,361542.0938,False,Multi-usages,59,0.0,1.0,1,2
2016,NonResidential,Small- and Mid-Sized Office,4,LAKE UNION,47.64428,-122.32627,1.0,3,29392,3834,25558,Office,29392.0,Parking,3834.0,,,755618.1875,False,Multi-usages,55,0.13044365813826891,0.869556341861731,1,2
2016,NonResidential,Large Office,4,LAKE UNION,47.6465,-122.3252,1.0,5,137738,55504,82234,Office,77796.0,Parking,55504.0,Other,4438.0,4704936.5,False,Multi-usages,31,0.40296795365113475,0.5970320463488652,1,3
2016,NonResidential,Residence Hall,4,LAKE UNION,47.65014,-122.34424,1.0,3,21118,0,21118,Residence Hall/Dormitory,21118.0,,,,,1361427.75,False,Mono-usage,28,0.0,1.0,0,1
2016,NonResidential,Large Office,4,LAKE UNION,47.64868,-122.34254,1.0,5,206126,79284,126842,Office,101941.0,Parking,73177.0,Other,8324.0,4489661.0,False,Multi-usages,3,0.38463852206902577,0.6153614779309743,1,4
2016,NonResidential,Small- and Mid-Sized Office,4,LAKE UNION,47.64866,-122.34509,1.0,2,20500,0,20500,Office,20500.0,,,,,1326178.125,False,Mono-usage,116,0.0,1.0,0,1
2016,NonResidential,Senior Care Community,6,BALLARD,47.69875,-122.36725,1.0,2,34636,31000,3636,Senior Care Community,36000.0,Parking,0.0,,,12148720.0,False,Multi-usages,50,0.895022519921469,0.10497748007853101,1,2
2016,NonResidential,Worship Facility,4,NORTHEAST,47.67485,-122.29284,1.0,2,25521,0,25521,Worship Facility,25521.0,,,,,605186.3125,False,Mono-usage,86,0.0,1.0,0,1
2016,NonResidential,K-12 School,4,NORTHEAST,47.67485,-122.29284,1.0,1,23190,0,23190,K-12 School,23190.0,,,,,1705515.25,False,Mono-usage,30,0.0,1.0,0,1
2016,NonResidential,Small- and Mid-Sized Office,6,NORTHWEST,47.68602,-122.35674,1.0,1,20678,0,20678,Office,23100.0,,,,,770333.0,False,Mono-usage,56,0.0,1.0,0,1
2016,NonResidential,K-12 School,6,NORTHWEST,47.68642,-122.35707,1.0,3,28820,0,28820,K-12 School,33780.0,,,,,2595783.5,False,Mono-usage,94,0.0,1.0,0,1
2016,NonResidential,Worship Facility,2,SOUTHEAST,47.51042,-122.26277,1.0,2,27876,0,27876,Worship Facility,44816.0,,,,,1829981.375,False,Mono-usage,62,0.0,1.0,0,1
2016,NonResidential,Senior Care Community,2,SOUTHEAST,47.55387,-122.27875,1.0,2,48882,7233,41649,Senior Care Community,41922.0,Parking,9079.0,,,6782435.0,False,Multi-usages,50,0.14796857739045047,0.8520314226095496,1,2
2016,NonResidential,Warehouse,2,GREATER DUWAMISH,47.55374,-122.32498,1.0,1,22320,0,22320,Non-Refrigerated Warehouse,22320.0,,,,,439065.9063,False,Mono-usage,39,0.0,1.0,0,1
2016,NonResidential,Other,2,GREATER DUWAMISH,47.55297,-122.32472,1.0,1,47105,0,47105,Manufacturing/Industrial Plant,45320.0,,,,,10234721.0,False,Mono-usage,40,0.0,1.0,0,1
2016,NonResidential,Small- and Mid-Sized Office,2,GREATER DUWAMISH,47.55316,-122.32616,1.0,2,40029,0,40029,Office,31800.0,Non-Refrigerated Warehouse,8200.0,,,1471914.25,False,Multi-usages,34,0.0,1.0,1,2
2016,NonResidential,Small- and Mid-Sized Office,2,GREATER DUWAMISH,47.55196,-122.32518,1.0,2,28304,0,28304,Office,27185.0,,,,,1269367.5,False,Mono-usage,46,0.0,1.0,0,1
2016,NonResidential,Other,2,GREATER DUWAMISH,47.55168,-122.32459,1.0,1,26400,0,26400,Other - Recreation,20560.0,Non-Refrigerated Warehouse,7200.0,,,452612.5,False,Multi-usages,46,0.0,1.0,1,2
2016,NonResidential,Warehouse,2,GREATER DUWAMISH,47.55049,-122.32382,1.0,1,27680,0,27680,Non-Refrigerated Warehouse,25000.0,Office,2680.0,,,1778431.75,False,Multi-usages,48,0.0,1.0,1,2
2016,NonResidential,Small- and Mid-Sized Office,2,GREATER DUWAMISH,47.55145,-122.32635,1.0,2,25872,0,25872,Office,23272.0,Non-Refrigerated Warehouse,2600.0,,,1787119.0,False,Multi-usages,47,0.0,1.0,1,2
2016,NonResidential,Small- and Mid-Sized Office,2,GREATER DUWAMISH,47.55127,-122.32576,1.0,2,25872,0,25872,Office,24988.0,,,,,2399353.5,False,Mono-usage,47,0.0,1.0,0,1
2016,NonResidential,Warehouse,2,GREATER DUWAMISH,47.55127,-122.32576,1.0,1,20500,0,20500,Non-Refrigerated Warehouse,21386.0,,,,,222600.0938,False,Mono-usage,47,0.0,1.0,0,1
2016,NonResidential,Small- and Mid-Sized Office,4,LAKE UNION,47.6557,-122.34682,1.0,2,21436,0,21436,Office,21436.0,,,,,534703.6875,False,Mono-usage,58,0.0,1.0,0,1
2016,NonResidential,Mixed Use Property,3,NORTHEAST,47.65205,-122.3218,1.0,1,20233,0,20233,Office,7245.0,Non-Refrigerated Warehouse,6644.0,Other,6344.0,630250.125,False,Multi-usages,18,0.0,1.0,1,3
2016,NonResidential,Small- and Mid-Sized Office,6,LAKE UNION,47.65178,-122.351,1.0,4,39926,12400,27526,Office,24335.0,Parking,12400.0,Retail Store,2575.0,1010967.688,False,Multi-usages,10,0.31057456294144165,0.6894254370585583,1,4
2016,NonResidential,Small- and Mid-Sized Office,4,LAKE UNION,47.64904,-122.34609,1.0,3,31417,8110,23307,Office,26295.0,Parking,12890.0,,,1126157.25,False,Multi-usages,31,0.25814049718305376,0.7418595028169462,1,2
2016,NonResidential,Self-Storage Facility,7,DOWNTOWN,47.61179,-122.3404,1.0,6,46580,0,46580,Self-Storage Facility,46580.0,,,,,710275.375,False,Mono-usage,88,0.0,1.0,0,1
2016,NonResidential,Retail Store,7,DOWNTOWN,47.61165,-122.34011,1.0,2,25920,0,25920,Retail Store,25920.0,,,,,478690.0938,False,Mono-usage,100,0.0,1.0,0,1
2016,NonResidential,Retail Store,7,DOWNTOWN,47.61236,-122.34144,1.0,2,25920,0,25920,Retail Store,38880.0,,,,,1011667.5,False,Mono-usage,97,0.0,1.0,0,1
2016,NonResidential,Hotel,7,DOWNTOWN,47.61203,-122.34165,1.0,8,61721,0,61721,,,,,,,2897079.75,False,Mono-usage,106,0.0,1.0,0,1
2016,NonResidential,Small- and Mid-Sized Office,7,DOWNTOWN,47.61297,-122.34324,1.0,2,25920,0,25920,Office,23995.0,,,,,1793851.375,False,Mono-usage,97,0.0,1.0,0,1
2016,NonResidential,Small- and Mid-Sized Office,3,EAST,47.61098,-122.32766,1.0,4,39760,0,39760,Office,39760.0,,,,,2478960.0,False,Mono-usage,91,0.0,1.0,0,1
2016,NonResidential,Other,3,EAST,47.61109,-122.32721,1.0,3,30971,0,30971,Other,30971.0,,,,,2823184.0,False,Mono-usage,96,0.0,1.0,0,1
2016,NonResidential,Small- and Mid-Sized Office,3,EAST,47.61063,-122.32741,1.0,3,22667,0,22667,Office,22667.0,,,,,3767135.0,False,Mono-usage,70,0.0,1.0,0,1
2016,NonResidential,Warehouse,6,LAKE UNION,47.64965,-122.34913,1.0,2,33840,0,33840,Non-Refrigerated Warehouse,18740.0,Office,13660.0,Retail Store,1440.0,2227638.25,False,Multi-usages,89,0.0,1.0,1,3
2016,NonResidential,Mixed Use Property,6,LAKE UNION,47.6502,-122.34959,5.0,3,41827,9226,32601,Multifamily Housing,14273.0,Office,14128.0,Parking,9680.0,4193371.0,False,Multi-usages,15,0.22057522652831904,0.7794247734716809,1,5
2016,NonResidential,Small- and Mid-Sized Office,6,LAKE UNION,47.65114,-122.34954,1.0,5,33740,6010,27730,Office,15908.0,Retail Store,8762.0,Parking,1500.0,1291405.25,False,Multi-usages,15,0.17812685240071133,0.8218731475992886,1,3
2016,NonResidential,Retail Store,6,LAKE UNION,47.65115,-122.35024,1.0,2,20516,0,20516,Retail Store,10155.0,Hotel,8000.0,,,1021796.625,False,Multi-usages,105,0.0,1.0,1,2
2016,NonResidential,Retail Store,6,LAKE UNION,47.65019,-122.35013,1.0,3,27480,0,27480,Retail Store,22218.0,Office,8668.0,,,1215156.25,False,Multi-usages,110,0.0,1.0,1,2
2016,NonResidential,Mixed Use Property,6,LAKE UNION,47.65061,-122.35159,1.0,1,46958,0,46958,Office,40313.0,Parking,33976.0,Bar/Nightclub,4579.0,1818867.875,False,Multi-usages,69,0.0,1.0,1,4
2016,NonResidential,Distribution Center,6,LAKE UNION,47.65214,-122.356,1.0,1,26532,0,26532,Distribution Center,26532.0,,,,,1934224.25,False,Mono-usage,32,0.0,1.0,0,1
2016,NonResidential,Small- and Mid-Sized Office,6,LAKE UNION,47.65186,-122.35531,1.0,2,22388,0,22388,Office,19600.0,Multifamily Housing,2788.0,,,576405.125,False,Multi-usages,35,0.0,1.0,1,2
2016,NonResidential,Other,6,LAKE UNION,47.65138,-122.35565,1.0,1,30730,0,30730,Other,30730.0,,,,,3050455.25,False,Mono-usage,47,0.0,1.0,0,1
2016,NonResidential,Small- and Mid-Sized Office,6,LAKE UNION,47.65297,-122.35839,1.0,2,35600,0,35600,Office,36839.0,Parking,0.0,,,2173143.75,False,Multi-usages,30,0.0,1.0,1,2
2016,NonResidential,Worship Facility,7,MAGNOLIA / QUEEN ANNE,47.64905,-122.36055,1.0,3,62000,0,62000,Worship Facility,57200.0,Other,5000.0,,,1799664.125,False,Multi-usages,67,0.0,1.0,1,2
2016,NonResidential,Small- and Mid-Sized Office,7,MAGNOLIA / QUEEN ANNE,47.64805,-122.35534,1.0,2,23600,0,23600,Office,23600.0,,,,,776248.6875,False,Mono-usage,35,0.0,1.0,0,1
2016,NonResidential,Small- and Mid-Sized Office,7,MAGNOLIA / QUEEN ANNE,47.64976,-122.35684,1.0,3,40067,0,40067,Office,40067.0,,,,,2303732.75,False,Mono-usage,30,0.0,1.0,0,1
2016,NonResidential,Small- and Mid-Sized Office,7,MAGNOLIA / QUEEN ANNE,47.64976,-122.35684,1.0,3,26419,6922,19497,Office,26419.0,,,,,1074989.0,False,Mono-usage,27,0.26200840304326434,0.7379915969567357,0,1
2016,NonResidential,Small- and Mid-Sized Office,7,MAGNOLIA / QUEEN ANNE,47.64976,-122.35684,1.0,3,25262,0,25262,Office,25262.0,,,,,1469556.25,False,Mono-usage,37,0.0,1.0,0,1
2016,NonResidential,Other,6,LAKE UNION,47.64975,-122.35289,0.0,3,53103,0,53103,Other,38723.0,,,,,4877959.0,False,Mono-usage,20,0.0,1.0,0,1
2016,NonResidential,Small- and Mid-Sized Office,7,MAGNOLIA / QUEEN ANNE,47.64901,-122.35516,1.0,3,34106,0,34106,Office,32739.0,,,,,1619177.125,False,Mono-usage,36,0.0,1.0,0,1
2016,NonResidential,Small- and Mid-Sized Office,7,MAGNOLIA / QUEEN ANNE,47.64934,-122.35592,1.0,3,34545,0,34545,Office,34545.0,,,,,2313978.75,False,Mono-usage,36,0.0,1.0,0,1
2016,NonResidential,Small- and Mid-Sized Office,7,MAGNOLIA / QUEEN ANNE,47.64865,-122.35435,1.0,3,70296,0,70296,Office,70296.0,,,,,2782066.5,False,Mono-usage,36,0.0,1.0,0,1
2016,NonResidential,Small- and Mid-Sized Office,7,DOWNTOWN,47.59979,-122.33339,1.0,4,27838,0,27838,Office,27838.0,,,,,1217509.125,False,Mono-usage,114,0.0,1.0,0,1
2016,NonResidential,Distribution Center,1,DELRIDGE,47.55105,-122.34695,2.0,2,28368,0,28368,Distribution Center,35300.0,Office,9408.0,,,1856230.625,False,Multi-usages,45,0.0,1.0,1,2
2016,NonResidential,Other,5,NORTHWEST,47.72471,-122.3412,1.0,2,92080,0,92080,Other,92129.0,,,,,5155090.5,False,Mono-usage,52,0.0,1.0,0,1
2016,NonResidential,Other,5,NORTHWEST,47.72288,-122.34065,1.0,1,20236,0,20236,Other - Recreation,20236.0,,,,,1965182.25,False,Mono-usage,55,0.0,1.0,0,1
2016,NonResidential,Small- and Mid-Sized Office,5,NORTHWEST,47.72004,-122.34418,1.0,2,39815,0,39815,Office,27118.0,Non-Refrigerated Warehouse,12697.0,,,2050600.75,False,Multi-usages,65,0.0,1.0,1,2
2016,Nonresidential COS,Other,5,NORTHWEST,47.72299,-122.34293,1.0,4,25557,0,25557,Residential Care Facility,25557.0,,,,,2280352.5,False,Mono-usage,46,0.0,1.0,0,1
2016,Nonresidential COS,Other,5,NORTHWEST,47.72134,-122.34102,1.0,2,26994,0,26994,Other - Services,16243.0,Office,10751.0,,,3076813.25,False,Multi-usages,58,0.0,1.0,1,2
2016,NonResidential,Warehouse,5,NORTHWEST,47.72183,-122.34328,1.0,1,48112,0,48112,Non-Refrigerated Warehouse,48112.0,,,,,1485945.875,False,Mono-usage,44,0.0,1.0,0,1
2016,NonResidential,Other,5,NORTHWEST,47.72065,-122.34318,1.0,1,20909,0,20909,Other - Public Services,19050.0,Parking,0.0,,,1208029.25,False,Multi-usages,7,0.0,1.0,1,2
2016,NonResidential,Small- and Mid-Sized Office,5,NORTHWEST,47.73387,-122.34722,1.0,2,42793,16518,26275,Office,26275.0,Parking,16518.0,,,1772188.5,False,Multi-usages,15,0.3859977099058257,0.6140022900941743,1,2
2016,NonResidential,Other,5,NORTHWEST,47.72644,-122.34338,1.0,2,45000,0,45000,Other - Recreation,45000.0,,,,,5912066.0,False,Mono-usage,9,0.0,1.0,0,1
2016,NonResidential,Retail Store,5,NORTHWEST,47.72337,-122.34373,1.0,1,26115,0,26115,Retail Store,26115.0,,,,,1689372.625,False,Mono-usage,18,0.0,1.0,0,1
2016,NonResidential,Worship Facility,4,NORTHEAST,47.6702,-122.32066,1.0,1,26033,0,26033,Worship Facility,30044.0,Parking,0.0,,,1149140.25,False,Multi-usages,67,0.0,1.0,1,2
2016,NonResidential,K-12 School,7,MAGNOLIA / QUEEN ANNE,47.64344,-122.3509,1.0,4,48660,0,48660,K-12 School,49468.0,,,,,1881516.125,False,Mono-usage,9,0.0,1.0,0,1
2016,NonResidential,Senior Care Community,7,MAGNOLIA / QUEEN ANNE,47.6441,-122.34795,1.0,2,46539,0,46539,Senior Care Community,46539.0,,,,,5400049.5,False,Mono-usage,46,0.0,1.0,0,1
2016,NonResidential,Residence Hall,7,DOWNTOWN,47.61283,-122.34392,1.0,4,29796,0,29796,Residence Hall/Dormitory,29796.0,,,,,2233262.0,False,Mono-usage,107,0.0,1.0,0,1
2016,NonResidential,Retail Store,7,DOWNTOWN,47.6123,-122.34395,1.0,2,26400,0,26400,Retail Store,14428.0,Office,7200.0,Parking,2788.0,983595.875,False,Multi-usages,96,0.0,1.0,1,3
2016,NonResidential,Small- and Mid-Sized Office,7,DOWNTOWN,47.61185,-122.3434,1.0,3,38148,0,38148,Office,37853.0,Retail Store,12495.0,,,1262255.75,False,Multi-usages,98,0.0,1.0,1,2
2016,NonResidential,Mixed Use Property,7,LAKE UNION,47.62231,-122.34145,1.0,2,28800,0,28800,Non-Refrigerated Warehouse,14400.0,Office,14400.0,,,456953.0,False,Multi-usages,88,0.0,1.0,1,2
2016,NonResidential,Worship Facility,7,MAGNOLIA / QUEEN ANNE,47.62232,-122.36101,1.0,5,31945,0,31945,Worship Facility,31945.0,Parking,0.0,,,1806468.0,False,Multi-usages,61,0.0,1.0,1,2
2016,NonResidential,Small- and Mid-Sized Office,7,MAGNOLIA / QUEEN ANNE,47.6189,-122.35713,1.0,5,85963,33055,52908,Office,52908.0,Parking,33055.0,,,4480961.0,False,Multi-usages,31,0.38452590067819875,0.6154740993218012,1,2
2016,NonResidential,Retail Store,7,DOWNTOWN,47.60683,-122.33771,1.0,4,34680,0,34680,Retail Store,34680.0,,,,,1169948.875,False,Mono-usage,116,0.0,1.0,0,1
2016,NonResidential,Worship Facility,7,DOWNTOWN,47.60867,-122.33265,1.0,3,75058,34510,40548,Worship Facility,75058.0,,,,,5587347.0,False,Mono-usage,48,0.45977777185643104,0.540222228143569,0,1
2016,NonResidential,Small- and Mid-Sized Office,7,DOWNTOWN,47.61119,-122.33581,1.0,3,57720,0,57720,Office,25000.0,,,,,24105.5,False,Mono-usage,113,0.0,1.0,0,1
2016,NonResidential,Retail Store,7,DOWNTOWN,47.61103,-122.33549,1.0,1,36504,0,36504,Retail Store,16200.0,,,,,2100982.75,False,Mono-usage,101,0.0,1.0,0,1
2016,NonResidential,Small- and Mid-Sized Office,7,DOWNTOWN,47.61091,-122.33667,1.0,6,35200,0,35200,Office,35200.0,,,,,2998208.25,False,Mono-usage,109,0.0,1.0,0,1
2016,NonResidential,Small- and Mid-Sized Office,7,DOWNTOWN,47.60961,-122.33566,1.0,5,35840,0,35840,Office,35840.0,,,,,1538750.625,False,Mono-usage,109,0.0,1.0,0,1
2016,NonResidential,Other,7,DOWNTOWN,47.60985,-122.33527,1.0,2,25920,0,25920,Bank Branch,23230.0,,,,,1333432.125,False,Mono-usage,75,0.0,1.0,0,1
2016,NonResidential,Small- and Mid-Sized Office,7,DOWNTOWN,47.60952,-122.33558,1.0,4,30525,0,30525,Office,15609.0,Retail Store,6104.0,,,2883139.0,False,Multi-usages,88,0.0,1.0,1,2
2016,NonResidential,Other,7,EAST,47.61186,-122.32857,1.0,4,49243,0,49243,Other/Specialty Hospital,52284.0,,,,,8476183.0,False,Mono-usage,52,0.0,1.0,0,1
2016,NonResidential,Other,3,EAST,47.6097,-122.325,0.0,3,20411,0,20411,Social/Meeting Hall,20411.0,,,,,2014475.875,False,Mono-usage,104,0.0,1.0,0,1
2016,NonResidential,Medical Office,3,EAST,47.61065,-122.32125,1.0,2,30855,10285,20570,Medical Office,21571.0,,,,,2946756.25,False,Mono-usage,54,0.3333333333333333,0.6666666666666666,0,1
2016,NonResidential,Small- and Mid-Sized Office,3,EAST,47.61194,-122.32177,1.0,3,73549,0,73549,Office,41632.0,Worship Facility,31917.0,,,2828950.5,False,Multi-usages,106,0.0,1.0,1,2
2016,NonResidential,Other,3,EAST,47.60865694,-122.3205368,1.0,5,45780,11400,34380,Other - Education,45780.0,Parking,4500.0,,,10834087.0,False,Multi-usages,28,0.2490170380078637,0.7509829619921363,1,2
2016,NonResidential,Medical Office,3,EAST,47.60865416,-122.3205904,0.0,3,39115,0,39115,Medical Office,50000.0,,,,,3735308.5,False,Mono-usage,53,0.0,1.0,0,1
2016,NonResidential,Other,7,EAST,47.60901,-122.32994,1.0,3,38038,0,38038,Other - Entertainment/Public Assembly,35886.0,Office,1184.0,Food Service,436.0,1107290.625,False,Multi-usages,100,0.0,1.0,1,3
2016,NonResidential,Worship Facility,7,EAST,47.60821,-122.3296,1.0,3,37796,0,37796,Worship Facility,53000.0,Parking,17600.0,,,2465983.5,False,Multi-usages,54,0.0,1.0,1,2
2016,Nonresidential COS,Small- and Mid-Sized Office,6,Ballard,47.66256,-122.36483,1.0,1,27744,0,27744,Office,18380.0,Other,6060.0,Data Center,3304.0,5355753.0,False,Multi-usages,23,0.0,1.0,1,3
2016,NonResidential,Warehouse,6,BALLARD,47.66388,-122.36831,1.0,1,36444,0,36444,Non-Refrigerated Warehouse,36444.0,,,,,161311.0938,False,Mono-usage,56,0.0,1.0,0,1
2016,NonResidential,Warehouse,6,BALLARD,47.65907,-122.36783,1.0,1,27553,0,27553,Non-Refrigerated Warehouse,27553.0,,,,,966677.125,False,Mono-usage,66,0.0,1.0,0,1
2016,NonResidential,Distribution Center,6,BALLARD,47.6583,-122.36638,3.0,1,57310,0,57310,Distribution Center,57310.0,,,,,1253745.5,False,Mono-usage,65,0.0,1.0,0,1
2016,NonResidential,Mixed Use Property,7,LAKE UNION,47.62296,-122.33884,1.0,2,25920,0,25920,Office,10109.0,Other - Services,7016.0,Restaurant,3609.0,989079.5,False,Multi-usages,96,0.0,1.0,1,5
2016,NonResidential,Restaurant,7,LAKE UNION,47.62354,-122.33808,1.0,3,40686,0,40686,Restaurant,40686.0,,,,,2106073.5,False,Mono-usage,97,0.0,1.0,0,1
2016,NonResidential,Retail Store,7,LAKE UNION,47.62399,-122.33804,1.0,2,45271,0,45271,Retail Store,45271.0,,,,,2553763.5,False,Mono-usage,52,0.0,1.0,0,1
2016,NonResidential,Small- and Mid-Sized Office,7,LAKE UNION,47.62437,-122.33802,1.0,3,28380,12180,16200,Office,28380.0,,,,,1372213.375,False,Mono-usage,96,0.42917547568710357,0.5708245243128964,0,1
2016,NonResidential,Large Office,7,LAKE UNION,47.62296,-122.3362,1.0,5,508160,0,508160,Office,329850.0,Parking,162894.0,Food Service,11846.0,28053172.0,False,Multi-usages,7,0.0,1.0,1,3
2016,NonResidential,Small- and Mid-Sized Office,7,LAKE UNION,47.62353,-122.33622,1.0,3,26176,0,26176,Office,23730.0,,,,,966907.375,False,Mono-usage,90,0.0,1.0,0,1
2016,NonResidential,Small- and Mid-Sized Office,3,LAKE UNION,47.62799,-122.33132,1.0,1,37740,0,37740,Office,37481.0,Parking,0.0,,,7442314.5,False,Multi-usages,90,0.0,1.0,1,2
2016,Nonresidential COS,Other,7,MAGNOLIA / QUEEN ANNE,47.62208,-122.35398,1.0,1,26000,0,26000,Other,49847.0,,,,,5277482.5,False,Mono-usage,55,0.0,1.0,0,1
2016,NonResidential,Worship Facility,7,MAGNOLIA / QUEEN ANNE,47.61876,-122.3534,1.0,3,23241,0,23241,Worship Facility,23241.0,,,,,739210.5,False,Mono-usage,7,0.0,1.0,0,1
2016,NonResidential,Other,7,MAGNOLIA / QUEEN ANNE,47.61974,-122.3511,1.0,1,155795,0,155795,Other,155795.0,,,,,17673018.0,False,Mono-usage,54,0.0,1.0,0,1
2016,Nonresidential COS,Other,7,MAGNOLIA / QUEEN ANNE,47.62208,-122.35398,1.0,1,21018,0,21018,Other,21018.0,,,,,1761137.5,False,Mono-usage,14,0.0,1.0,0,1
2016,Nonresidential COS,Other,7,MAGNOLIA / QUEEN ANNE,47.62208,-122.35398,1.0,1,30533,0,30533,Museum,28631.0,,,,,5903015.0,False,Mono-usage,18,0.0,1.0,0,1
2016,NonResidential,Other,7,MAGNOLIA / QUEEN ANNE,47.62049,-122.3493,1.0,2,33971,0,33971,Other - Recreation,50000.0,,,,,17686444.0,False,Mono-usage,55,0.0,1.0,0,1
2016,Nonresidential COS,Other,7,MAGNOLIA / QUEEN ANNE,47.62082,-122.35251,1.0,2,40600,0,40600,Other,33000.0,,,,,2485521.0,False,Mono-usage,24,0.0,1.0,0,1
2016,NonResidential,Small- and Mid-Sized Office,7,LAKE UNION,47.62055,-122.33881,1.0,4,38038,0,38038,Office,38038.0,Parking,19600.0,,,2003807.75,False,Multi-usages,17,0.0,1.0,1,2
2016,NonResidential,Small- and Mid-Sized Office,7,LAKE UNION,47.62028,-122.33717,1.0,4,64596,24596,40000,Office,41591.0,Parking,21350.0,,,2524228.25,False,Multi-usages,9,0.38076661093566166,0.6192333890643383,1,2
2016,NonResidential,Small- and Mid-Sized Office,7,LAKE UNION,47.62038,-122.33759,1.0,3,41466,6062,35404,Office,35404.0,Laboratory,5000.0,Parking,1250.0,9190442.0,False,Multi-usages,88,0.14619206096561038,0.8538079390343897,1,3
2016,NonResidential,Large Office,7,LAKE UNION,47.62004,-122.33807,1.0,6,130710,100800,29910,Office,120548.0,Parking,88960.0,Bank Branch,5436.0,7429423.0,False,Multi-usages,3,0.7711728253385357,0.22882717466146432,1,4
2016,NonResidential,Small- and Mid-Sized Office,7,LAKE UNION,47.62054,-122.33807,1.0,4,35780,0,35780,Office,22341.0,Retail Store,8214.0,Parking,5225.0,1912760.75,False,Multi-usages,90,0.0,1.0,1,3
2016,NonResidential,Mixed Use Property,7,MAGNOLIA / QUEEN ANNE,47.6223,-122.35653,1.0,4,25132,7308,17824,Office,8061.0,Parking,8000.0,Restaurant,2095.0,564754.1875,False,Multi-usages,52,0.290784657010982,0.709215342989018,1,3
2016,Nonresidential COS,Other,7,DOWNTOWN,47.60192,-122.33282,1.0,1,49680,0,49680,Other,49680.0,,,,,2844685.0,False,Mono-usage,50,0.0,1.0,0,1
2016,Nonresidential COS,Other,7,DOWNTOWN,47.60219,-122.3313,1.0,1,36314,0,36314,Other,36314.0,,,,,1832808.75,False,Mono-usage,54,0.0,1.0,0,1
2016,NonResidential,Other,7,DOWNTOWN,47.60849,-122.33924,1.0,2,25920,0,25920,Other - Entertainment/Public Assembly,11888.0,Restaurant,4329.0,Retail Store,4029.0,1257774.625,False,Multi-usages,100,0.0,1.0,1,3
2016,NonResidential,Small- and Mid-Sized Office,7,DOWNTOWN,47.60994,-122.33997,1.0,4,47686,0,47686,Office,25500.0,Retail Store,8500.0,,,2071670.25,False,Multi-usages,97,0.0,1.0,1,2
2016,NonResidential,Other,7,DOWNTOWN,47.60711,-122.33886,1.0,3,49760,0,49760,Other,24019.0,,,,,44293.5,False,Mono-usage,116,0.0,1.0,0,1
2016,NonResidential,Small- and Mid-Sized Office,7,DOWNTOWN,47.60836,-122.34157,1.0,6,40715,0,40715,Office,20895.0,Retail Store,16260.0,Non-Refrigerated Warehouse,3560.0,2827772.75,False,Multi-usages,101,0.0,1.0,1,3
2016,NonResidential,Mixed Use Property,7,DOWNTOWN,47.61113,-122.34556,1.0,4,82065,34800,47265,Parking,36036.0,Office,27594.0,Retail Store,13945.0,1717130.875,False,Multi-usages,26,0.42405410345457867,0.5759458965454213,1,3
2016,NonResidential,Small- and Mid-Sized Office,7,DOWNTOWN,47.61041,-122.34214,1.0,4,36160,0,36160,Office,36160.0,,,,,1862176.875,False,Mono-usage,106,0.0,1.0,0,1
2016,NonResidential,Mixed Use Property,7,DOWNTOWN,47.61014,-122.34251,1.0,1,34617,0,34617,Other - Restaurant/Bar,6455.0,Office,5813.0,Manufacturing/Industrial Plant,5581.0,5136604.5,False,Multi-usages,98,0.0,1.0,1,8
2016,NonResidential,Small- and Mid-Sized Office,7,DOWNTOWN,47.6123,-122.34611,1.0,5,66900,0,66900,Office,68048.0,,,,,1634178.25,False,Mono-usage,107,0.0,1.0,0,1
2016,NonResidential,Mixed Use Property,7,DOWNTOWN,47.61252,-122.34565,1.0,3,29340,0,29340,Office,12714.0,Multifamily Housing,11592.0,Restaurant,2836.0,2160420.0,False,Multi-usages,106,0.0,1.0,1,3
2016,NonResidential,Other,7,DOWNTOWN,47.61341,-122.34597,0.0,2,22710,0,22710,Food Service,22710.0,,,,,287763.5,False,Mono-usage,86,0.0,1.0,0,1
2016,NonResidential,Small- and Mid-Sized Office,4,LAKE UNION,47.6367,-122.3285,1.0,3,50499,13540,36959,Office,36959.0,Parking,13540.0,,,3205182.5,False,Multi-usages,16,0.2681241212697281,0.7318758787302719,1,2
2016,NonResidential,Small- and Mid-Sized Office,4,LAKE UNION,47.63616,-122.32718,1.0,5,54465,9605,44860,Office,57972.0,Parking,0.0,,,3600571.25,False,Multi-usages,52,0.17635178555035344,0.8236482144496465,1,2
2016,NonResidential,K-12 School,3,EAST,47.63239,-122.32072,1.0,2,45960,0,45960,K-12 School,45960.0,,,,,4167253.75,False,Mono-usage,86,0.0,1.0,0,1
2016,NonResidential,Small- and Mid-Sized Office,7,LAKE UNION,47.61992,-122.34539,1.0,2,21128,0,21128,Office,21128.0,,,,,436604.0938,False,Mono-usage,57,0.0,1.0,0,1
2016,NonResidential,Mixed Use Property,7,LAKE UNION,47.61893,-122.34473,1.0,4,274442,0,274442,Hotel,108763.0,Parking,105499.0,Multifamily Housing,58152.0,9155568.0,False,Multi-usages,8,0.0,1.0,1,4
2016,NonResidential,Small- and Mid-Sized Office,7,LAKE UNION,47.61952,-122.34462,1.0,3,51552,0,51552,Office,54150.0,Data Center,650.0,,,1539066.375,False,Multi-usages,3,0.0,1.0,1,2
2016,NonResidential,Hotel,7,LAKE UNION,47.62014,-122.34456,1.0,4,38520,0,38520,Hotel,38500.0,,,,,2804534.0,False,Mono-usage,57,0.0,1.0,0,1
2016,NonResidential,Hotel,7,LAKE UNION,47.62174,-122.34417,1.0,3,29186,4256,24930,Hotel,19000.0,,,,,867184.375,False,Mono-usage,55,0.14582333995751387,0.8541766600424862,0,1
2016,NonResidential,Worship Facility,7,LAKE UNION,47.6201,-122.34071,1.0,1,27338,0,27338,Worship Facility,27338.0,,,,,581289.0,False,Mono-usage,56,0.0,1.0,0,1
2016,NonResidential,Other,3,EAST,47.64132,-122.31644,1.0,2,85750,65640,20110,Parking,65000.0,K-12 School,20000.0,,,2045592.0,False,Multi-usages,17,0.7654810495626823,0.2345189504373178,1,2
2016,NonResidential,Laboratory,7,MAGNOLIA / QUEEN ANNE,47.6224,-122.36248,1.0,2,34416,0,34416,Laboratory,20649.0,Office,13767.0,Parking,2000.0,12015936.0,False,Multi-usages,54,0.0,1.0,1,3
2016,NonResidential,Small- and Mid-Sized Office,7,MAGNOLIA / QUEEN ANNE,47.61954,-122.35847,1.0,3,45864,0,45864,Office,45864.0,,,,,2590622.0,False,Mono-usage,86,0.0,1.0,0,1
2016,NonResidential,K-12 School,5,NORTHWEST,47.72726,-122.32835,1.0,2,49252,0,49252,K-12 School,61099.0,,,,,3485865.5,False,Mono-usage,17,0.0,1.0,0,1
2016,NonResidential,Small- and Mid-Sized Office,4,LAKE UNION,47.63245,-122.32529,1.0,3,33176,0,33176,Office,33176.0,Parking,15000.0,,,1426279.5,False,Multi-usages,29,0.0,1.0,1,2
2016,NonResidential,Retail Store,4,LAKE UNION,47.63246,-122.32658,1.0,3,25194,3764,21430,Retail Store,10751.0,Medical Office,8044.0,Office,2635.0,1878742.875,False,Multi-usages,23,0.14940065094863855,0.8505993490513615,1,3
2016,NonResidential,Worship Facility,2,GREATER DUWAMISH,47.55072,-122.30265,1.0,99,21948,0,21948,Worship Facility,21948.0,,,,,326001.1875,False,Mono-usage,39,0.0,1.0,0,1
2016,NonResidential,Other,3,EAST,47.64033,-122.29135,1.0,3,31191,0,31191,Other - Recreation,30095.0,Self-Storage Facility,1096.0,,,5876439.0,False,Multi-usages,89,0.0,1.0,1,2
2016,NonResidential,Other,5,NORTH,47.72039,-122.29729,1.0,1,37377,0,37377,"Repair Services (Vehicle, Shoe, Locksmith, etc)",31303.0,Retail Store,3468.0,Office,840.0,3040978.0,False,Multi-usages,69,0.0,1.0,1,6
2016,NonResidential,Warehouse,2,GREATER DUWAMISH,47.53906,-122.32031,1.0,1,29380,0,29380,Non-Refrigerated Warehouse,16768.0,Office,6837.0,Other,5775.0,856088.625,False,Multi-usages,39,0.0,1.0,1,3
2016,NonResidential,Worship Facility,3,EAST,47.60321889,-122.3205567,1.0,2,22688,0,22688,Worship Facility,22688.0,,,,,331675.0,False,Mono-usage,94,0.0,1.0,0,1
2016,NonResidential,Other,2,SOUTHEAST,47.56028,-122.28914,1.0,2,22364,0,22364,Adult Education,22364.0,Parking,0.0,,,1467029.75,False,Multi-usages,54,0.0,1.0,1,2
2016,NonResidential,Small- and Mid-Sized Office,2,GREATER DUWAMISH,47.54693,-122.28718,1.0,2,41262,0,41262,Office,40738.0,,,,,1903455.875,False,Mono-usage,34,0.0,1.0,0,1
2016,NonResidential,Small- and Mid-Sized Office,7,LAKE UNION,47.62038,-122.34668,1.0,2,43183,0,43183,Office,26580.0,Data Center,11497.0,,,7408342.0,False,Multi-usages,63,0.0,1.0,1,2
2016,NonResidential,Worship Facility,4,NORTH,47.68566,-122.31849,1.0,3,45680,0,45680,Worship Facility,45680.0,,,,,2077039.375,False,Mono-usage,108,0.0,1.0,0,1
2016,NonResidential,Senior Care Community,7,LAKE UNION,47.61935,-122.33389,1.0,14,724148,0,724148,Senior Care Community,726000.0,,,,,37797084.0,False,Mono-usage,10,0.0,1.0,0,1
2016,NonResidential,Worship Facility,1,SOUTHWEST,47.53439,-122.37699,1.0,1,23562,0,23562,Worship Facility,18278.0,Office,15212.0,,,531737.1875,False,Multi-usages,59,0.0,1.0,1,2
2016,NonResidential,Small- and Mid-Sized Office,6,Ballard,47.65804,-122.36537,1.0,4,28844,0,28844,Office,10292.0,Other,10200.0,,,910718.6875,False,Multi-usages,17,0.0,1.0,1,2
2016,NonResidential,Warehouse,2,GREATER DUWAMISH,47.56067,-122.32646,1.0,1,21101,0,21101,Non-Refrigerated Warehouse,18373.0,Office,2728.0,,,675772.875,False,Multi-usages,27,0.0,1.0,1,2
2016,NonResidential,Refrigerated Warehouse,2,GREATER DUWAMISH,47.56067,-122.32705,1.0,2,45594,0,45594,Refrigerated Warehouse,45594.0,,,,,1351267.875,False,Mono-usage,102,0.0,1.0,0,1
2016,NonResidential,Other,2,GREATER DUWAMISH,47.55013,-122.33044,1.0,1,26660,0,26660,Manufacturing/Industrial Plant,26660.0,,,,,2241280.5,False,Mono-usage,66,0.0,1.0,0,1
2016,NonResidential,Warehouse,2,GREATER DUWAMISH,47.56056,-122.32593,1.0,1,28126,0,28126,Non-Refrigerated Warehouse,21780.0,Office,6346.0,,,870625.8125,False,Multi-usages,41,0.0,1.0,1,2
2016,NonResidential,Warehouse,2,GREATER DUWAMISH,47.54813,-122.32553,1.0,1,35000,0,35000,Non-Refrigerated Warehouse,35000.0,,,,,378714.4063,False,Mono-usage,52,0.0,1.0,0,1
2016,NonResidential,Warehouse,2,GREATER DUWAMISH,47.54948,-122.32536,1.0,1,26150,0,26150,Non-Refrigerated Warehouse,26150.0,,,,,1208407.625,False,Mono-usage,54,0.0,1.0,0,1
2016,NonResidential,Small- and Mid-Sized Office,2,GREATER DUWAMISH,47.54974,-122.3261,1.0,2,24000,0,24000,Office,24000.0,,,,,1088556.25,False,Mono-usage,49,0.0,1.0,0,1
2016,NonResidential,K-12 School,3,EAST,47.64132,-122.31644,1.0,5,43594,0,43594,K-12 School,40809.0,,,,,2478045.5,False,Mono-usage,48,0.0,1.0,0,1
2016,NonResidential,Distribution Center,4,LAKE UNION,47.65791,-122.34274,1.0,1,28080,0,28080,Distribution Center,25580.0,Office,2500.0,,,794724.625,False,Multi-usages,104,0.0,1.0,1,2
2016,NonResidential,Senior Care Community,5,NORTHWEST,47.72618,-122.35642,1.0,2,51298,0,51298,Senior Care Community,51298.0,,,,,5655578.0,False,Mono-usage,62,0.0,1.0,0,1
2016,NonResidential,Worship Facility,5,NORTHWEST,47.72558,-122.3578,1.0,1,22047,0,22047,Worship Facility,22898.0,Parking,0.0,,,265774.9063,False,Multi-usages,54,0.0,1.0,1,2
2016,NonResidential,Warehouse,1,GREATER DUWAMISH,47.5213,-122.32182,1.0,1,31600,0,31600,Non-Refrigerated Warehouse,31600.0,,,,,3363535.5,False,Mono-usage,37,0.0,1.0,0,1
2016,NonResidential,Warehouse,1,GREATER DUWAMISH,47.52024,-122.32137,1.0,1,35289,0,35289,Non-Refrigerated Warehouse,35289.0,,,,,876425.0,False,Mono-usage,9,0.0,1.0,0,1
2016,NonResidential,Warehouse,1,GREATER DUWAMISH,47.51899,-122.321,1.0,1,28920,0,28920,Non-Refrigerated Warehouse,30000.0,,,,,1750419.0,False,Mono-usage,35,0.0,1.0,0,1
2016,NonResidential,Warehouse,1,GREATER DUWAMISH,47.5193,-122.3213,1.0,1,22176,0,22176,Non-Refrigerated Warehouse,22176.0,,,,,736428.625,False,Mono-usage,38,0.0,1.0,0,1
2016,NonResidential,Warehouse,1,GREATER DUWAMISH,47.51968,-122.3212,1.0,1,31300,0,31300,Non-Refrigerated Warehouse,31300.0,,,,,362874.0,True,Mono-usage,38,0.0,1.0,0,1
2016,NonResidential,Warehouse,1,GREATER DUWAMISH,47.51918,-122.31957,1.0,1,22000,0,22000,Non-Refrigerated Warehouse,22000.0,Parking,0.0,,,700627.625,True,Multi-usages,37,0.0,1.0,1,2
2016,NonResidential,Small- and Mid-Sized Office,5,NORTH,47.70079,-122.32714,1.0,3,39927,0,39927,Office,39541.0,Parking,0.0,,,3568419.5,False,Multi-usages,42,0.0,1.0,1,2
2016,NonResidential,Other,5,NORTH,47.69883,-122.32479,1.0,1,30610,0,30610,Other - Recreation,23320.0,Office,7290.0,,,4294550.0,False,Multi-usages,37,0.0,1.0,1,2
2016,NonResidential,Medical Office,5,NORTH,47.70007,-122.32533,1.0,2,26930,6350,20580,Medical Office,26930.0,,,,,1002995.0,False,Mono-usage,36,0.2357965094689937,0.7642034905310063,0,1
2016,NonResidential,Medical Office,5,NORTH,47.70087,-122.32379,1.0,2,38745,0,38745,Medical Office,65069.0,Parking,0.0,,,2890379.0,False,Multi-usages,48,0.0,1.0,1,2
2016,NonResidential,Self-Storage Facility,4,NORTHEAST,47.66353,-122.29505,1.0,2,20296,0,20296,Self-Storage Facility,20296.0,,,,,855665.125,False,Mono-usage,57,0.0,1.0,0,1
2016,NonResidential,Mixed Use Property,4,NORTHEAST,47.66246,-122.29342,1.0,2,22135,0,22135,Medical Office,10388.0,Office,8116.0,Retail Store,3200.0,1261634.5,False,Multi-usages,71,0.0,1.0,1,4
2016,NonResidential,Medical Office,4,NORTHEAST,47.66183,-122.29264,1.0,3,38378,0,38378,Medical Office,35066.0,Parking,3312.0,,,1645605.125,False,Multi-usages,49,0.0,1.0,1,2
2016,NonResidential,Warehouse,4,NORTHEAST,47.66294,-122.29521,1.0,2,33576,0,33576,Non-Refrigerated Warehouse,33576.0,,,,,1275231.75,False,Mono-usage,36,0.0,1.0,0,1
2016,NonResidential,Supermarket / Grocery Store,4,NORTHEAST,47.66205,-122.29545,1.0,1,33005,0,33005,Supermarket/Grocery Store,34982.0,Parking,0.0,,,10642754.0,False,Multi-usages,41,0.0,1.0,1,2
2016,NonResidential,Other,3,EAST,47.61074,-122.32259,1.0,1,20971,0,20971,Parking,23483.0,Retail Store,10360.0,Medical Office,8509.0,729397.1875,False,Multi-usages,35,0.0,1.0,1,4
2016,NonResidential,Small- and Mid-Sized Office,7,MAGNOLIA / QUEEN ANNE,47.63981,-122.39907,1.0,3,23910,0,23910,Office,20000.0,Retail Store,3910.0,,,873577.3125,False,Multi-usages,89,0.0,1.0,1,2
2016,NonResidential,Worship Facility,6,BALLARD,47.67477,-122.38241,1.0,2,21765,0,21765,Worship Facility,21765.0,,,,,431390.4063,False,Mono-usage,106,0.0,1.0,0,1
2016,NonResidential,Worship Facility,3,CENTRAL,47.6101,-122.30838,1.0,2,26560,0,26560,Worship Facility,26560.0,,,,,1751483.875,False,Mono-usage,115,0.0,1.0,0,1
2016,NonResidential,Warehouse,4,LAKE UNION,47.65022,-122.34174,1.0,2,20140,0,20140,Non-Refrigerated Warehouse,20140.0,,,,,116486.6016,False,Mono-usage,59,0.0,1.0,0,1
2016,NonResidential,Retail Store,2,GREATER DUWAMISH,47.53846,-122.28305,1.0,2,38845,0,38845,Retail Store,38845.0,Parking,6000.0,,,6917280.0,False,Multi-usages,24,0.0,1.0,1,2
2016,NonResidential,Supermarket / Grocery Store,2,GREATER DUWAMISH,47.53747,-122.28308,1.0,1,26092,0,26092,Supermarket/Grocery Store,25946.0,Parking,0.0,,,7619445.0,False,Multi-usages,63,0.0,1.0,1,2
2016,NonResidential,Small- and Mid-Sized Office,2,GREATER DUWAMISH,47.55045,-122.32749,1.0,1,25500,0,25500,Office,25500.0,,,,,1213869.75,False,Mono-usage,49,0.0,1.0,0,1
2016,NonResidential,Warehouse,2,GREATER DUWAMISH,47.5478,-122.32307,1.0,1,41895,0,41895,Non-Refrigerated Warehouse,37524.0,Office,2596.0,,,1242311.5,False,Multi-usages,55,0.0,1.0,1,2
2016,NonResidential,Retail Store,2,GREATER DUWAMISH,47.54912,-122.32184,1.0,2,56193,0,56193,Retail Store,56193.0,,,,,2497942.75,False,Mono-usage,58,0.0,1.0,0,1
2016,NonResidential,K-12 School,6,BALLARD,47.6712,-122.37568,1.0,3,35448,0,35448,K-12 School,35448.0,,,,,1379932.5,False,Mono-usage,94,0.0,1.0,0,1
2016,NonResidential,Supermarket / Grocery Store,6,BALLARD,47.66986,-122.37418,1.0,1,29214,0,29214,Supermarket/Grocery Store,29214.0,,,,,9336239.0,False,Mono-usage,50,0.0,1.0,0,1
2016,NonResidential,Supermarket / Grocery Store,6,BALLARD,47.66828,-122.37428,1.0,1,89103,43035,46068,Supermarket/Grocery Store,47034.0,Parking,0.0,,,14029480.0,False,Multi-usages,16,0.4829803710312784,0.5170196289687216,1,2
2016,NonResidential,Other,6,BALLARD,47.66621,-122.37502,1.0,1,32000,0,32000,Other - Recreation,29880.0,Office,4700.0,,,1331122.125,False,Multi-usages,55,0.0,1.0,1,2
2016,NonResidential,Mixed Use Property,6,BALLARD,47.66389,-122.37307,1.0,2,31140,0,31140,Other,14840.0,Retail Store,9400.0,Non-Refrigerated Warehouse,6900.0,935580.3125,False,Multi-usages,106,0.0,1.0,1,3
2016,NonResidential,Warehouse,6,BALLARD,47.6644,-122.37246,1.0,3,41478,0,41478,Non-Refrigerated Warehouse,31932.0,Office,9546.0,,,3035962.25,False,Multi-usages,41,0.0,1.0,1,2
2016,NonResidential,Warehouse,6,BALLARD,47.66411,-122.37185,1.0,1,39840,0,39840,Non-Refrigerated Warehouse,39840.0,,,,,752104.0,False,Mono-usage,36,0.0,1.0,0,1
2016,Nonresidential COS,Other,6,BALLARD,47.66984,-122.3842,1.0,1,30576,15576,15000,Library,15000.0,Other - Services,3100.0,,,1533245.75,False,Multi-usages,12,0.5094191522762951,0.49058084772370486,1,2
2016,NonResidential,Other,6,BALLARD,47.66894,-122.38242,1.0,2,21528,0,21528,Social/Meeting Hall,21528.0,,,,,306911.0938,False,Mono-usage,92,0.0,1.0,0,1
2016,NonResidential,Other,6,BALLARD,47.66908,-122.38627,1.0,2,30000,0,30000,Strip Mall,25828.0,Parking,0.0,,,1094940.75,False,Multi-usages,88,0.0,1.0,1,2
2016,NonResidential,Other,6,BALLARD,47.67482,-122.37316,1.0,2,30087,0,30087,Other,30554.0,,,,,5274642.0,False,Mono-usage,74,0.0,1.0,0,1
2016,NonResidential,Worship Facility,6,BALLARD,47.66327,-122.37439,1.0,1,40445,0,40445,Worship Facility,40445.0,,,,,786253.6875,False,Mono-usage,41,0.0,1.0,0,1
2016,NonResidential,Retail Store,6,BALLARD,47.66318,-122.37283,1.0,1,23500,0,23500,Retail Store,23500.0,,,,,1137967.5,False,Mono-usage,20,0.0,1.0,0,1
2016,NonResidential,Retail Store,6,Ballard,47.67518,-122.36549,1.0,1,22420,0,22420,Retail Store,23067.0,,,,,1404253.75,False,Mono-usage,49,0.0,1.0,0,1
2016,NonResidential,Supermarket / Grocery Store,7,MAGNOLIA / QUEEN ANNE,47.64909,-122.37788,1.0,1,25842,0,25842,Supermarket/Grocery Store,25987.0,,,,,8518313.0,False,Mono-usage,55,0.0,1.0,0,1
2016,NonResidential,Small- and Mid-Sized Office,7,MAGNOLIA / QUEEN ANNE,47.65018,-122.37787,1.0,3,26389,0,26389,Office,16766.0,Fitness Center/Health Club/Gym,9623.0,,,1208035.375,False,Multi-usages,24,0.0,1.0,1,2
2016,NonResidential,Small- and Mid-Sized Office,7,MAGNOLIA / QUEEN ANNE,47.65252,-122.37587,1.0,3,25859,0,25859,Office,25859.0,Parking,4000.0,,,858780.625,False,Multi-usages,34,0.0,1.0,1,2
2016,NonResidential,Warehouse,7,MAGNOLIA / QUEEN ANNE,47.66238,-122.38831,1.0,1,25600,0,25600,Non-Refrigerated Warehouse,20600.0,Office,5000.0,,,1730600.625,False,Multi-usages,42,0.0,1.0,1,2
2016,NonResidential,Other,7,MAGNOLIA / QUEEN ANNE,47.66126,-122.38751,1.0,1,23169,0,23169,Manufacturing/Industrial Plant,10200.0,,,,,222255.9063,False,Mono-usage,51,0.0,1.0,0,1
2016,NonResidential,Small- and Mid-Sized Office,7,MAGNOLIA / QUEEN ANNE,47.66106,-122.38576,1.0,4,41784,8399,33385,Office,33385.0,Parking,8399.0,,,1294615.25,False,Multi-usages,8,0.20100995596400537,0.7989900440359946,1,2
2016,NonResidential,Warehouse,7,MAGNOLIA / QUEEN ANNE,47.66206,-122.38948,1.0,1,56884,0,56884,Non-Refrigerated Warehouse,56884.0,,,,,1388345.125,False,Mono-usage,56,0.0,1.0,0,1
2016,NonResidential,Retail Store,6,BALLARD,47.6917,-122.37617,1.0,1,32810,0,32810,Retail Store,32810.0,,,,,2017967.75,False,Mono-usage,27,0.0,1.0,0,1
2016,NonResidential,Self-Storage Facility,7,MAGNOLIA / QUEEN ANNE,47.64455,-122.37581,1.0,3,30989,0,30989,Self-Storage Facility,30989.0,,,,,97690.39844,False,Mono-usage,36,0.0,1.0,0,1
2016,NonResidential,Self-Storage Facility,7,MAGNOLIA / QUEEN ANNE,47.64418,-122.37587,1.0,3,39952,0,39952,Self-Storage Facility,39952.0,,,,,57133.19922,False,Mono-usage,101,0.0,1.0,0,1
2016,NonResidential,Small- and Mid-Sized Office,7,MAGNOLIA / QUEEN ANNE,47.65504,-122.37402,1.0,2,20022,0,20022,Office,20784.0,,,,,657385.8125,False,Mono-usage,55,0.0,1.0,0,1
2016,NonResidential,Distribution Center,7,MAGNOLIA / QUEEN ANNE,47.65563,-122.37194,1.0,2,36498,0,36498,Distribution Center,18229.0,Non-Refrigerated Warehouse,17200.0,,,520011.8125,False,Multi-usages,56,0.0,1.0,1,2
2016,NonResidential,Distribution Center,7,MAGNOLIA / QUEEN ANNE,47.66161,-122.39075,1.0,1,35946,0,35946,Distribution Center,31845.0,Office,4101.0,,,469499.8125,False,Multi-usages,48,0.0,1.0,1,2
2016,NonResidential,Small- and Mid-Sized Office,7,MAGNOLIA / QUEEN ANNE,47.66006,-122.38631,1.0,4,30152,5680,24472,Office,25184.0,Parking,4968.0,,,845044.125,False,Multi-usages,9,0.18837888033961264,0.8116211196603874,1,2
2016,NonResidential,Small- and Mid-Sized Office,7,MAGNOLIA / QUEEN ANNE,47.65881,-122.38382,1.0,4,22365,0,22365,Office,21617.0,,,,,727385.8125,False,Mono-usage,37,0.0,1.0,0,1
2016,NonResidential,Small- and Mid-Sized Office,7,MAGNOLIA / QUEEN ANNE,47.65801,-122.3839,1.0,4,30172,0,30172,Office,30172.0,,,,,904059.875,False,Mono-usage,22,0.0,1.0,0,1
2016,NonResidential,Warehouse,6,BALLARD,47.66353,-122.38064,1.0,4,42500,0,42500,Non-Refrigerated Warehouse,42500.0,Retail Store,5091.0,,,241478.5938,False,Multi-usages,89,0.0,1.0,1,2
2016,NonResidential,Small- and Mid-Sized Office,6,BALLARD,47.66691,-122.38416,1.0,4,23032,0,23032,Office,14448.0,Restaurant,5300.0,Retail Store,1460.0,1121537.75,False,Multi-usages,115,0.0,1.0,1,3
2016,NonResidential,Other,6,BALLARD,47.66646,-122.38263,1.0,3,45750,4914,40836,Other,42850.0,Parking,2900.0,,,7240274.0,False,Multi-usages,116,0.10740983606557378,0.8925901639344263,1,2
2016,NonResidential,Small- and Mid-Sized Office,6,BALLARD,47.66497,-122.38047,1.0,2,23500,0,23500,Office,23500.0,,,,,1686405.0,False,Mono-usage,48,0.0,1.0,0,1
2016,NonResidential,Small- and Mid-Sized Office,6,BALLARD,47.66431,-122.37988,1.0,1,22282,0,22282,Office,22282.0,,,,,579888.3125,False,Mono-usage,50,0.0,1.0,0,1
2016,NonResidential,Self-Storage Facility,6,BALLARD,47.66351,-122.37961,1.0,2,24000,0,24000,Self-Storage Facility,24000.0,,,,,502898.6875,False,Mono-usage,114,0.0,1.0,0,1
2016,NonResidential,Mixed Use Property,6,BALLARD,47.66852,-122.38175,1.0,3,27085,0,27085,Strip Mall,9500.0,Office,8196.0,Multifamily Housing,6700.0,1995131.75,False,Multi-usages,107,0.0,1.0,1,4
2016,Nonresidential COS,Other,5,NORTH,47.70544,-122.2918,0.0,2,29258,0,29258,Other - Recreation,31991.0,Fitness Center/Health Club/Gym,2648.0,Swimming Pool,0.0,8086943.5,False,Multi-usages,20,0.0,1.0,1,3
2016,NonResidential,Small- and Mid-Sized Office,5,NORTH,47.719,-122.29966,1.0,2,37500,0,37500,Office,37500.0,,,,,2235765.5,False,Mono-usage,85,0.0,1.0,0,1
2016,NonResidential,K-12 School,5,NORTHWEST,47.73143,-122.32784,1.0,3,23983,0,23983,K-12 School,23983.0,,,,,1164364.75,False,Mono-usage,86,0.0,1.0,0,1
2016,NonResidential,Distribution Center,1,DELRIDGE,47.55832,-122.35239,1.0,1,24100,0,24100,Distribution Center,20100.0,Non-Refrigerated Warehouse,3500.0,,,809870.8125,False,Multi-usages,36,0.0,1.0,1,2
2016,NonResidential,Worship Facility,1,SOUTHWEST,47.51709,-122.37797,1.0,1,23772,0,23772,Worship Facility,23772.0,,,,,100841.7031,False,Mono-usage,45,0.0,1.0,0,1
2016,NonResidential,K-12 School,4,NORTHEAST,47.66665,-122.31818,3.0,2,31343,0,31343,K-12 School,51515.0,,,,,3846501.25,False,Mono-usage,12,0.0,1.0,0,1
2016,NonResidential,Mixed Use Property,6,NORTHWEST,47.68582,-122.33709,1.0,3,55912,22850,33062,Parking,24052.0,Office,23501.0,Retail Store,9561.0,2450442.75,False,Multi-usages,20,0.4086779224495636,0.5913220775504364,1,3
2016,NonResidential,Other,7,MAGNOLIA / QUEEN ANNE,47.65843,-122.38435,1.0,2,20294,0,20294,Other,18000.0,Office,2294.0,,,1735995.75,False,Multi-usages,59,0.0,1.0,1,2
2016,NonResidential,Small- and Mid-Sized Office,7,MAGNOLIA / QUEEN ANNE,47.65708,-122.38383,1.0,4,40571,10849,29722,Office,24008.0,,,,,1286817.375,False,Mono-usage,33,0.2674077543072638,0.7325922456927362,0,1
2016,NonResidential,Small- and Mid-Sized Office,7,MAGNOLIA / QUEEN ANNE,47.65649,-122.38383,1.0,4,41707,15659,26048,Office,41707.0,Parking,12000.0,,,1755788.5,False,Multi-usages,33,0.3754525619200614,0.6245474380799386,1,2
2016,NonResidential,Mixed Use Property,7,MAGNOLIA / QUEEN ANNE,47.65118,-122.37875,1.0,2,57644,0,57644,Office,20176.0,Other - Services,19440.0,Non-Refrigerated Warehouse,15490.0,2189735.0,False,Multi-usages,56,0.0,1.0,1,3
2016,NonResidential,Warehouse,7,MAGNOLIA / QUEEN ANNE,47.64913,-122.37929,1.0,2,39497,0,39497,Non-Refrigerated Warehouse,25547.0,Office,13950.0,,,1700057.375,False,Multi-usages,61,0.0,1.0,1,2
2016,Nonresidential COS,Other,3,EAST,47.6303,-122.3142,1.0,1,33087,0,33087,Other - Entertainment/Public Assembly,53776.0,,,,,3548858.25,False,Mono-usage,84,0.0,1.0,0,1
2016,NonResidential,Small- and Mid-Sized Office,5,NORTHWEST,47.70793,-122.33316,1.0,2,27574,0,27574,Office,27574.0,,,,,1211349.25,False,Mono-usage,34,0.0,1.0,0,1
2016,NonResidential,Retail Store,5,NORTH,47.70747,-122.32249,1.0,1,24982,0,24982,Retail Store,24982.0,,,,,335245.0,True,Mono-usage,51,0.0,1.0,0,1
2016,NonResidential,Senior Care Community,5,North,47.71069,-122.32674,1.0,5,43661,0,43661,Senior Care Community,43661.0,Parking,0.0,,,3936421.5,False,Multi-usages,18,0.0,1.0,1,2
2016,NonResidential,Small- and Mid-Sized Office,5,NORTHWEST,47.70842,-122.3332,1.0,3,76105,27307,48798,Office,76105.0,,,,,2472350.25,False,Mono-usage,29,0.35880691150384336,0.6411930884961566,0,1
2016,NonResidential,Mixed Use Property,5,North,47.70983,-122.31865,1.0,2,32009,0,32009,Non-Refrigerated Warehouse,17500.0,Retail Store,15770.0,Office,4000.0,1998725.25,False,Multi-usages,64,0.0,1.0,1,3
2016,NonResidential,Retail Store,5,NORTH,47.70708,-122.32251,1.0,1,41615,0,41615,Retail Store,41615.0,,,,,1900006.25,True,Mono-usage,50,0.0,1.0,0,1
2016,NonResidential,Medical Office,5,NORTH,47.70676,-122.32264,1.0,3,28841,0,28841,Medical Office,28841.0,,,,,1459199.75,False,Mono-usage,28,0.0,1.0,0,1
2016,NonResidential,Self-Storage Facility,5,NORTH,47.70782,-122.31873,2.0,2,33344,0,33344,Self-Storage Facility,31360.0,Office,984.0,Parking,0.0,123767.2031,False,Multi-usages,39,0.0,1.0,1,3
2016,Nonresidential COS,Other,5,NORTH,47.70541,-122.32232,2.0,1,30498,0,30498,Other - Recreation,30498.0,,,,,2436063.0,False,Mono-usage,11,0.0,1.0,0,1
2016,NonResidential,K-12 School,1,DELRIDGE,47.51698,-122.35946,1.0,2,42975,0,42975,K-12 School,21405.0,,,,,959352.0,False,Mono-usage,92,0.0,1.0,0,1
2016,NonResidential,Other,1,DELRIDGE,47.53366,-122.33733,1.0,1,23260,0,23260,"Repair Services (Vehicle, Shoe, Locksmith, etc)",13075.0,Office,10185.0,,,1612105.75,False,Multi-usages,53,0.0,1.0,1,5
2016,NonResidential,Small- and Mid-Sized Office,1,DELRIDGE,47.53309,-122.33977,1.0,2,30659,0,30659,Office,27262.0,Non-Refrigerated Warehouse,8653.0,Data Center,285.0,2619088.5,False,Multi-usages,28,0.0,1.0,1,3
2016,NonResidential,Other,7,MAGNOLIA / QUEEN ANNE,47.63132,-122.34136,1.0,2,27144,0,27144,Other,27144.0,,,,,1012024.313,False,Mono-usage,96,0.0,1.0,0,1
2016,NonResidential,Other,5,NORTHWEST,47.70969,-122.34557,5.0,1,23166,0,23166,Other,23166.0,,,,,3475804.25,False,Mono-usage,46,0.0,1.0,0,1
2016,NonResidential,Medical Office,5,NORTHWEST,47.70558,-122.33486,1.0,2,34759,0,34759,Medical Office,44667.0,Parking,0.0,,,1633105.375,False,Multi-usages,37,0.0,1.0,1,2
2016,NonResidential,Hospital,5,NORTHWEST,47.71425,-122.33689,8.0,1,415632,0,415632,Hospital (General Medical & Surgical),483520.0,Parking,266833.0,,,98960776.0,False,Multi-usages,50,0.0,1.0,1,2
2016,NonResidential,Worship Facility,5,NORTHWEST,47.71745,-122.33221,1.0,2,44719,0,44719,Worship Facility,45909.0,Medical Office,1025.0,Office,972.0,1614026.25,False,Multi-usages,51,0.0,1.0,1,3
2016,NonResidential,Supermarket / Grocery Store,2,GREATER DUWAMISH,47.57894,-122.31287,1.0,1,21603,0,21603,Supermarket/Grocery Store,21603.0,,,,,5833800.0,False,Mono-usage,51,0.0,1.0,0,1
2016,NonResidential,Medical Office,3,EAST,47.62014,-122.31228,1.0,3,591981,0,591981,Medical Office,520187.0,Parking,282392.0,Other/Specialty Hospital,54159.0,102673696.0,False,Multi-usages,52,0.0,1.0,1,4
2016,NonResidential,Distribution Center,1,DELRIDGE,47.53158,-122.33568,1.0,1,42900,0,42900,Distribution Center,43050.0,,,,,436252.5,False,Mono-usage,37,0.0,1.0,0,1
2016,NonResidential,Other,1,DELRIDGE,47.52956,-122.33592,1.0,1,26232,0,26232,Other - Services,18262.0,Office,7970.0,,,3094090.0,False,Multi-usages,45,0.0,1.0,1,2
2016,NonResidential,Warehouse,3,DOWNTOWN,47.59783,-122.31554,1.0,2,25840,0,25840,Non-Refrigerated Warehouse,25840.0,,,,,313528.0938,False,Mono-usage,60,0.0,1.0,0,1
2016,NonResidential,Small- and Mid-Sized Office,2,DOWNTOWN,47.59721,-122.31838,1.0,1,45145,0,45145,Office,43813.0,,,,,1268459.0,False,Mono-usage,28,0.0,1.0,0,1
2016,NonResidential,Small- and Mid-Sized Office,3,DOWNTOWN,47.59728,-122.31587,1.0,5,70332,22095,48237,Office,44417.0,Parking,25915.0,,,1981115.25,False,Multi-usages,15,0.31415287493601773,0.6858471250639823,1,2
2016,NonResidential,Supermarket / Grocery Store,6,BALLARD,47.6899,-122.37619,1.0,1,45522,0,45522,Supermarket/Grocery Store,45522.0,Parking,0.0,,,12250422.0,False,Multi-usages,22,0.0,1.0,1,2
2016,NonResidential,Retail Store,5,NORTHWEST,47.72286,-122.34612,1.0,2,20088,0,20088,Retail Store,16080.0,Office,3500.0,Parking,508.0,326778.6875,False,Multi-usages,37,0.0,1.0,1,3
2016,NonResidential,Small- and Mid-Sized Office,1,GREATER DUWAMISH,47.56999,-122.34703,1.0,2,40657,0,40657,Office,40657.0,Parking,0.0,,,2826828.0,False,Multi-usages,19,0.0,1.0,1,2
2016,NonResidential,Warehouse,1,GREATER DUWAMISH,47.57279,-122.35066,1.0,1,20200,0,20200,Non-Refrigerated Warehouse,18700.0,Office,1500.0,,,269016.6875,False,Multi-usages,116,0.0,1.0,1,2
2016,NonResidential,Residence Hall,3,EAST,47.6073,-122.32585,1.0,1,44086,0,44086,Residence Hall/Dormitory,44091.0,,,,,3652708.75,False,Mono-usage,112,0.0,1.0,0,1
2016,NonResidential,Small- and Mid-Sized Office,3,EAST,47.60663,-122.32526,1.0,7,54372,20824,33548,Office,54372.0,Parking,15000.0,,,1403820.0,False,Multi-usages,46,0.38299124549400426,0.6170087545059957,1,2
2016,NonResidential,Other,3,EAST,47.60709,-122.32416,1.0,1,47699,0,47699,Museum,47000.0,Parking,0.0,,,14524386.0,False,Multi-usages,65,0.0,1.0,1,2
2016,NonResidential,Medical Office,3,EAST,47.60862,-122.32372,1.0,0,274568,0,274568,Medical Office,228133.0,Parking,135954.0,,,25311526.0,False,Multi-usages,71,0.0,1.0,1,2
2016,NonResidential,Small- and Mid-Sized Office,3,EAST,47.60819,-122.32282,1.0,3,21282,0,21282,Office,19658.0,,,,,1245923.75,False,Mono-usage,60,0.0,1.0,0,1
2016,NonResidential,Other,2,SOUTHEAST,47.54563,-122.27616,1.0,2,41022,0,41022,Other,41022.0,,,,,3787648.25,False,Mono-usage,95,0.0,1.0,0,1
2016,NonResidential,Other,1,DELRIDGE,47.57058,-122.35626,1.0,2,28109,0,28109,Other,28109.0,,,,,3612526.75,False,Mono-usage,50,0.0,1.0,0,1
2016,NonResidential,Small- and Mid-Sized Office,5,NORTH,47.72986,-122.29278,1.0,3,33580,12990,20590,Office,20590.0,Parking,12990.0,,,409578.4063,False,Multi-usages,31,0.38683740321620014,0.6131625967837999,1,2
2016,NonResidential,Warehouse,5,NORTH,47.72051,-122.30103,1.0,1,21936,0,21936,Non-Refrigerated Warehouse,21936.0,,,,,113130.0,False,Mono-usage,39,0.0,1.0,0,1
2016,NonResidential,Other,5,NORTH,47.72083,-122.29979,1.0,1,30160,0,30160,Other,30139.0,,,,,1045838.5,False,Mono-usage,47,0.0,1.0,0,1
2016,NonResidential,Mixed Use Property,7,DOWNTOWN,47.61056,-122.33661,1.0,11,111137,0,111137,Office,42939.0,Multifamily Housing,40878.0,Bank Branch,10887.0,9546165.0,False,Multi-usages,107,0.0,1.0,1,5
2016,NonResidential,Other,1,Delridge,47.56319,-122.35067,1.0,1,40189,0,40189,Other - Utility,28347.0,Office,9113.0,Parking,0.0,1509292.0,False,Multi-usages,19,0.0,1.0,1,3
2016,NonResidential,Small- and Mid-Sized Office,1,DELRIDGE,47.56877,-122.36369,1.0,2,66484,0,66484,Office,49334.0,Non-Refrigerated Warehouse,18000.0,Retail Store,9000.0,3046543.0,False,Multi-usages,28,0.0,1.0,1,3
2016,NonResidential,Small- and Mid-Sized Office,3,EAST,47.60789,-122.32249,1.0,3,25151,0,25151,Office,24155.0,,,,,1356874.75,False,Mono-usage,57,0.0,1.0,0,1
2016,NonResidential,Hotel,3,EAST,47.60958,-122.32646,1.0,6,35770,0,35770,Hotel,35770.0,,,,,2640980.25,False,Mono-usage,88,0.0,1.0,0,1
2016,NonResidential,Hotel,3,EAST,47.60981,-122.32687,1.0,9,48006,0,48006,Hotel,48006.0,,,,,3239754.0,False,Mono-usage,88,0.0,1.0,0,1
2016,NonResidential,Mixed Use Property,2,DOWNTOWN,47.59949,-122.31851,1.0,2,29631,0,29631,Supermarket/Grocery Store,16000.0,Office,13000.0,Restaurant,5000.0,5144392.0,False,Multi-usages,56,0.0,1.0,1,3
2016,NonResidential,Small- and Mid-Sized Office,2,DOWNTOWN,47.59727,-122.32196,1.0,2,23472,0,23472,Office,20695.0,Other,1065.0,Retail Store,945.0,1625308.625,False,Multi-usages,27,0.0,1.0,1,3
2016,Nonresidential COS,Small- and Mid-Sized Office,2,GREATER DUWAMISH,47.5956,-122.32292,1.0,2,21315,0,21315,Office,20424.0,,,,,2796425.0,False,Mono-usage,43,0.0,1.0,0,1
2016,NonResidential,Small- and Mid-Sized Office,7,MAGNOLIA / QUEEN ANNE,47.62481,-122.35762,1.0,4,57110,15812,41298,Office,36867.0,Parking,28390.0,,,2190460.0,False,Multi-usages,32,0.2768691997898792,0.7231308002101208,1,2
2016,NonResidential,Small- and Mid-Sized Office,7,DOWNTOWN,47.61833,-122.35871,1.0,3,34030,0,34030,Office,34030.0,,,,,1748629.875,False,Mono-usage,37,0.0,1.0,0,1
2016,NonResidential,Restaurant,1,SOUTHWEST,47.58654,-122.37644,1.0,2,20398,0,20398,Restaurant,19232.0,Office,1166.0,,,9313513.0,False,Multi-usages,114,0.0,1.0,1,2
2016,NonResidential,Distribution Center,2,GREATER DUWAMISH,47.5746,-122.32637,1.0,1,41308,0,41308,Distribution Center,41308.0,,,,,1642471.5,False,Mono-usage,64,0.0,1.0,0,1
2016,NonResidential,Mixed Use Property,7,DOWNTOWN,47.60195,-122.33516,1.0,3,43878,0,43878,Multifamily Housing,12000.0,Office,8262.0,Retail Store,6312.0,769771.3125,False,Multi-usages,103,0.0,1.0,1,4
2016,NonResidential,Other,7,MAGNOLIA / QUEEN ANNE,47.62591,-122.35843,1.0,3,34976,0,34976,Performing Arts,34976.0,,,,,873711.125,False,Mono-usage,104,0.0,1.0,0,1
2016,NonResidential,Warehouse,7,MAGNOLIA / QUEEN ANNE,47.65674,-122.37223,1.0,1,38255,0,38255,Non-Refrigerated Warehouse,38255.0,,,,,985401.8125,False,Mono-usage,59,0.0,1.0,0,1
2016,NonResidential,Small- and Mid-Sized Office,6,LAKE UNION,47.65103,-122.35541,1.0,3,48924,0,48924,Office,31325.0,Parking,13143.0,,,2282551.25,False,Multi-usages,27,0.0,1.0,1,2
2016,NonResidential,Small- and Mid-Sized Office,4,LAKE UNION,47.64168,-122.32562,1.0,4,50333,18036,32297,Office,50333.0,,,,,1602084.375,False,Mono-usage,57,0.35833349889734367,0.6416665011026563,0,1
2016,NonResidential,Small- and Mid-Sized Office,4,LAKE UNION,47.6404,-122.32553,1.0,4,57432,21906,35526,Office,34160.0,Parking,19650.0,,,2520483.25,False,Multi-usages,30,0.3814249895528625,0.6185750104471375,1,2
2016,NonResidential,Small- and Mid-Sized Office,4,LAKE UNION,47.63995,-122.32557,1.0,3,25912,7956,17956,Office,17332.0,Parking,9162.0,,,666740.3125,False,Multi-usages,47,0.30703920963260267,0.6929607903673973,1,2
2016,NonResidential,Small- and Mid-Sized Office,4,LAKE UNION,47.64113,-122.32625,1.0,3,57132,21908,35224,Office,33705.0,Parking,21908.0,,,1994967.75,False,Multi-usages,16,0.38346285794300916,0.6165371420569908,1,2
2016,NonResidential,Worship Facility,1,DELRIDGE,47.52172,-122.35487,1.0,2,24224,0,24224,Worship Facility,24224.0,Parking,0.0,,,968026.3125,False,Multi-usages,59,0.0,1.0,1,2
2016,NonResidential,Worship Facility,1,DELRIDGE,47.51989,-122.35489,1.0,1,23706,0,23706,Worship Facility,23706.0,,,,,400770.9063,False,Mono-usage,53,0.0,1.0,0,1
2016,NonResidential,Warehouse,2,GREATER DUWAMISH,47.5465,-122.31704,1.0,1,31900,0,31900,Non-Refrigerated Warehouse,28000.0,Office,4000.0,,,1964681.25,False,Multi-usages,53,0.0,1.0,1,2
2016,NonResidential,Other,1,SOUTHWEST,47.5219,-122.38787,1.0,1,49066,0,49066,Social/Meeting Hall,49000.0,,,,,3835202.0,False,Mono-usage,99,0.0,1.0,0,1
2016,NonResidential,Worship Facility,1,SOUTHWEST,47.52097,-122.38688,1.0,3,30740,0,30740,Worship Facility,28293.0,Other - Recreation,11630.0,,,1686262.25,False,Multi-usages,64,0.0,1.0,1,2
2016,NonResidential,Supermarket / Grocery Store,2,SOUTHEAST,47.52262,-122.26922,1.0,1,67450,0,67450,Supermarket/Grocery Store,42760.0,,,,,2842819.5,False,Mono-usage,57,0.0,1.0,0,1
2016,NonResidential,Warehouse,7,MAGNOLIA / QUEEN ANNE,47.65649,-122.37507,1.0,1,46970,0,46970,Non-Refrigerated Warehouse,46970.0,,,,,882896.5,False,Mono-usage,68,0.0,1.0,0,1
2016,NonResidential,Warehouse,7,MAGNOLIA / QUEEN ANNE,47.6331,-122.37582,1.0,1,47554,0,47554,Non-Refrigerated Warehouse,18133.0,Office,8679.0,Retail Store,2388.0,1035554.688,False,Multi-usages,85,0.0,1.0,1,5
2016,NonResidential,Small- and Mid-Sized Office,7,MAGNOLIA / QUEEN ANNE,47.63063,-122.37428,1.0,2,43016,5400,37616,Office,43016.0,,,,,1234095.5,False,Mono-usage,37,0.12553468476845825,0.8744653152315418,0,1
2016,NonResidential,Mixed Use Property,7,MAGNOLIA / QUEEN ANNE,47.63034,-122.37412,1.0,1,24196,0,24196,Other,8711.0,Non-Refrigerated Warehouse,6792.0,Office,5306.0,1055033.0,False,Multi-usages,85,0.0,1.0,1,4
2016,NonResidential,Small- and Mid-Sized Office,7,MAGNOLIA / QUEEN ANNE,47.63128,-122.37387,1.0,2,20671,0,20671,Office,20671.0,,,,,638507.125,False,Mono-usage,76,0.0,1.0,0,1
2016,NonResidential,Warehouse,2,GREATER DUWAMISH,47.58065,-122.33356,1.0,1,21600,0,21600,Non-Refrigerated Warehouse,21600.0,,,,,499828.5938,False,Mono-usage,89,0.0,1.0,0,1
2016,NonResidential,Worship Facility,1,SOUTHWEST,47.50959,-122.37417,1.0,1,35844,0,35844,Worship Facility,35844.0,,,,,866126.375,False,Mono-usage,39,0.0,1.0,0,1
2016,NonResidential,Small- and Mid-Sized Office,4,LAKE UNION,47.66116,-122.34172,1.0,3,31774,0,31774,Office,19896.0,Retail Store,13941.0,Parking,0.0,1639136.25,False,Multi-usages,100,0.0,1.0,1,3
2016,NonResidential,Warehouse,2,GREATER DUWAMISH,47.56121,-122.33872,1.0,1,26094,0,26094,Non-Refrigerated Warehouse,26094.0,,,,,709990.8125,False,Mono-usage,63,0.0,1.0,0,1
2016,NonResidential,Small- and Mid-Sized Office,2,GREATER DUWAMISH,47.56121,-122.33872,1.0,2,23687,0,23687,Office,23687.0,,,,,1084553.75,False,Mono-usage,33,0.0,1.0,0,1
2016,NonResidential,Small- and Mid-Sized Office,2,GREATER DUWAMISH,47.56121,-122.33872,1.0,2,24221,0,24221,Office,24221.0,,,,,1435562.75,False,Mono-usage,33,0.0,1.0,0,1
2016,NonResidential,Mixed Use Property,7,DOWNTOWN,47.60546,-122.34091,1.0,2,71919,14083,57836,Office,34550.0,Retail Store,23085.0,Parking,11465.0,5381105.0,False,Multi-usages,116,0.1958175169287671,0.804182483071233,1,3
2016,NonResidential,Small- and Mid-Sized Office,7,DOWNTOWN,47.60546,-122.34091,1.0,2,32027,0,32027,Office,17526.0,Retail Store,14501.0,,,3999505.25,False,Multi-usages,116,0.0,1.0,1,2
2016,NonResidential,Small- and Mid-Sized Office,7,DOWNTOWN,47.6032,-122.33663,1.0,3,32160,0,32160,Office,35693.0,Retail Store,14219.0,,,2805826.0,False,Multi-usages,110,0.0,1.0,1,2
2016,NonResidential,Other,2,GREATER DUWAMISH,47.59549,-122.32538,1.0,3,47836,7572,40264,Other - Lodging/Residential,43336.0,Parking,4500.0,,,3540225.75,False,Multi-usages,24,0.15829082699222344,0.8417091730077766,1,2
2016,NonResidential,Small- and Mid-Sized Office,2,GREATER DUWAMISH,47.58802,-122.32111,1.0,3,34425,0,34425,Office,34425.0,Non-Refrigerated Warehouse,15536.0,,,2018385.75,False,Multi-usages,102,0.0,1.0,1,2
2016,NonResidential,Medical Office,1,SOUTHWEST,47.57296,-122.38643,1.0,3,40304,12000,28304,Medical Office,20106.0,Parking,16412.0,,,1961581.5,False,Multi-usages,32,0.29773719730051607,0.7022628026994839,1,2
2016,NonResidential,Distribution Center,1,GREATER DUWAMISH,47.52878,-122.32771,1.0,1,29619,0,29619,Distribution Center,15000.0,Office,14619.0,,,1280263.75,False,Multi-usages,26,0.0,1.0,1,2
2016,NonResidential,K-12 School,3,CENTRAL,47.59692,-122.30601,1.0,2,21592,0,21592,K-12 School,20700.0,,,,,1431784.0,False,Mono-usage,94,0.0,1.0,0,1
2016,NonResidential,K-12 School,5,NORTH,47.69061,-122.31992,1.0,2,23923,0,23923,K-12 School,23923.0,,,,,805643.5,False,Mono-usage,85,0.0,1.0,0,1
2016,NonResidential,Small- and Mid-Sized Office,3,CENTRAL,47.59976,-122.31441,1.0,3,25200,0,25200,Office,16000.0,Retail Store,8000.0,,,1748444.25,False,Multi-usages,109,0.0,1.0,1,2
2016,NonResidential,Small- and Mid-Sized Office,3,CENTRAL,47.59973,-122.31331,1.0,1,45068,0,45068,Office,45068.0,,,,,284857.3125,False,Mono-usage,69,0.0,1.0,0,1
2016,NonResidential,Small- and Mid-Sized Office,3,CENTRAL,47.59693,-122.31124,1.0,2,28296,0,28296,Office,26899.0,,,,,1328461.25,False,Mono-usage,53,0.0,1.0,0,1
2016,NonResidential,Small- and Mid-Sized Office,3,CENTRAL,47.61744,-122.30514,1.0,3,31357,0,31357,Office,25500.0,Medical Office,5000.0,Parking,0.0,1965075.625,False,Multi-usages,17,0.0,1.0,1,3
2016,NonResidential,Distribution Center,2,GREATER DUWAMISH,47.55945,-122.33601,1.0,1,160000,0,160000,Distribution Center,160000.0,,,,,1157976.5,False,Mono-usage,48,0.0,1.0,0,1
2016,NonResidential,Warehouse,2,GREATER DUWAMISH,47.55601,-122.33627,1.0,1,53550,0,53550,Non-Refrigerated Warehouse,53550.0,,,,,4590246.5,False,Mono-usage,56,0.0,1.0,0,1
2016,NonResidential,Warehouse,2,GREATER DUWAMISH,47.55716,-122.33744,1.0,1,38412,0,38412,Non-Refrigerated Warehouse,32000.0,Office,8000.0,,,1628540.0,False,Multi-usages,92,0.0,1.0,1,2
2016,NonResidential,Self-Storage Facility,2,GREATER DUWAMISH,47.55662,-122.33728,1.0,1,25881,0,25881,Self-Storage Facility,25881.0,,,,,545426.375,False,Mono-usage,86,0.0,1.0,0,1
2016,NonResidential,Small- and Mid-Sized Office,2,GREATER DUWAMISH,47.55498,-122.32497,1.0,1,24291,0,24291,Office,24023.0,,,,,655422.375,False,Mono-usage,63,0.0,1.0,0,1
2016,NonResidential,Warehouse,2,GREATER DUWAMISH,47.55458,-122.32639,1.0,1,36544,0,36544,Non-Refrigerated Warehouse,36544.0,,,,,1269847.75,False,Mono-usage,50,0.0,1.0,0,1
2016,NonResidential,Warehouse,2,GREATER DUWAMISH,47.58387,-122.32092,1.0,1,20796,0,20796,Non-Refrigerated Warehouse,20796.0,,,,,1324092.125,False,Mono-usage,67,0.0,1.0,0,1
2016,NonResidential,Distribution Center,2,GREATER DUWAMISH,47.5822,-122.321,1.0,1,21349,0,21349,Distribution Center,13000.0,Office,8349.0,,,659761.875,False,Multi-usages,69,0.0,1.0,1,2
2016,NonResidential,Warehouse,2,GREATER DUWAMISH,47.58082,-122.32031,1.0,1,38630,0,38630,Non-Refrigerated Warehouse,38500.0,,,,,416885.5938,False,Mono-usage,80,0.0,1.0,0,1
2016,NonResidential,Warehouse,2,GREATER DUWAMISH,47.58032,-122.32083,1.0,1,20724,0,20724,Non-Refrigerated Warehouse,19224.0,Office,1500.0,,,1832031.5,False,Multi-usages,66,0.0,1.0,1,2
2016,NonResidential,Other,2,GREATER DUWAMISH,47.5793,-122.32226,1.0,1,24109,0,24109,Manufacturing/Industrial Plant,24109.0,Parking,0.0,,,4747403.5,False,Multi-usages,56,0.0,1.0,1,2
2016,NonResidential,Refrigerated Warehouse,2,GREATER DUWAMISH,47.58118,-122.32211,1.0,1,25375,0,25375,Refrigerated Warehouse,23419.0,Office,2266.0,,,4069301.5,False,Multi-usages,61,0.0,1.0,1,2
2016,Nonresidential COS,Warehouse,2,GREATER DUWAMISH,47.5829,-122.32417,1.0,1,22803,0,22803,Non-Refrigerated Warehouse,19373.0,Other,3430.0,,,764094.5,False,Multi-usages,31,0.0,1.0,1,2
2016,Nonresidential COS,Mixed Use Property,2,GREATER DUWAMISH,47.5829,-122.32417,1.0,1,23100,0,23100,Office,11550.0,Other - Public Services,11550.0,,,4323672.0,False,Multi-usages,31,0.0,1.0,1,2
2016,NonResidential,Refrigerated Warehouse,2,GREATER DUWAMISH,47.58252,-122.32193,1.0,1,41550,0,41550,Refrigerated Warehouse,41550.0,,,,,642645.1875,False,Mono-usage,65,0.0,1.0,0,1
2016,NonResidential,Other,1,GREATER DUWAMISH,47.52305,-122.31899,1.0,2,54170,0,54170,Other,54170.0,,,,,5804784.5,False,Mono-usage,22,0.0,1.0,0,1
2016,NonResidential,K-12 School,2,SOUTHEAST,47.55095,-122.27978,1.0,2,42252,0,42252,K-12 School,42252.0,,,,,2203758.5,False,Mono-usage,104,0.0,1.0,0,1
2016,NonResidential,Self-Storage Facility,2,GREATER DUWAMISH,47.54514,-122.28596,1.0,1,23100,0,23100,Self-Storage Facility,23250.0,,,,,863703.0,False,Mono-usage,61,0.0,1.0,0,1
2016,NonResidential,Worship Facility,2,SOUTHEAST,47.5419,-122.28302,1.0,3,22895,0,22895,Worship Facility,22895.0,Parking,0.0,,,440419.1875,False,Multi-usages,35,0.0,1.0,1,2
2016,NonResidential,Retail Store,2,GREATER DUWAMISH,47.53922,-122.28295,1.0,2,54211,17471,36740,Retail Store,30000.0,Supermarket/Grocery Store,5000.0,Parking,4000.0,1267463.125,True,Multi-usages,14,0.3222777665049529,0.6777222334950471,1,3
2016,NonResidential,Self-Storage Facility,5,NORTHEAST,47.69316,-122.30487,1.0,6,48179,7132,41047,Self-Storage Facility,48179.0,,,,,797170.3125,False,Mono-usage,10,0.148031299943959,0.851968700056041,0,1
2016,NonResidential,Warehouse,2,GREATER DUWAMISH,47.59294,-122.32555,1.0,1,52325,0,52325,Non-Refrigerated Warehouse,52325.0,,,,,808968.1875,False,Mono-usage,79,0.0,1.0,0,1
2016,NonResidential,Other,2,GREATER DUWAMISH,47.59322,-122.32491,1.0,4,20600,0,20600,"Repair Services (Vehicle, Shoe, Locksmith, etc)",20600.0,,,,,270838.5,False,Mono-usage,96,0.0,1.0,1,4
2016,NonResidential,Retail Store,2,GREATER DUWAMISH,47.58698,-122.32397,1.0,1,25880,0,25880,Retail Store,25880.0,,,,,162960.0,False,Mono-usage,72,0.0,1.0,0,1
2016,NonResidential,Warehouse,2,GREATER DUWAMISH,47.58336,-122.32525,1.0,1,45842,0,45842,Non-Refrigerated Warehouse,49802.0,Office,22198.0,,,819354.625,False,Multi-usages,56,0.0,1.0,1,2
2016,NonResidential,Other,2,GREATER DUWAMISH,47.57936,-122.32322,1.0,1,31365,0,31365,Other,31365.0,,,,,652991.6875,False,Mono-usage,44,0.0,1.0,0,1
2016,NonResidential,Other,2,GREATER DUWAMISH,47.57959,-122.32557,1.0,1,32100,0,32100,Other,32100.0,,,,,758008.875,False,Mono-usage,106,0.0,1.0,0,1
2016,NonResidential,Warehouse,2,GREATER DUWAMISH,47.57895,-122.32551,1.0,1,20520,0,20520,Non-Refrigerated Warehouse,15400.0,Office,5120.0,,,1167887.75,False,Multi-usages,50,0.0,1.0,1,2
2016,NonResidential,Warehouse,2,GREATER DUWAMISH,47.57833,-122.32563,1.0,1,22972,0,22972,Non-Refrigerated Warehouse,22972.0,,,,,495481.0,False,Mono-usage,71,0.0,1.0,0,1
2016,NonResidential,Warehouse,2,GREATER DUWAMISH,47.57934,-122.32501,1.0,1,24990,0,24990,Non-Refrigerated Warehouse,25649.0,Office,6728.0,,,523614.0938,False,Multi-usages,63,0.0,1.0,1,2
2016,NonResidential,Retail Store,2,GREATER DUWAMISH,47.57667,-122.32542,1.0,2,24000,0,24000,Retail Store,22740.0,Office,4860.0,,,1318947.25,False,Multi-usages,65,0.0,1.0,1,2
2016,NonResidential,Warehouse,2,GREATER DUWAMISH,47.56845,-122.32732,1.0,1,100386,0,100386,Non-Refrigerated Warehouse,50628.0,Other - Services,49758.0,,,3626431.5,False,Multi-usages,53,0.0,1.0,1,2
2016,NonResidential,Distribution Center,2,GREATER DUWAMISH,47.56758,-122.32638,1.0,1,24354,0,24354,Distribution Center,18470.0,Office,5884.0,,,735907.8125,False,Multi-usages,50,0.0,1.0,1,2
2016,NonResidential,Distribution Center,2,GREATER DUWAMISH,47.56823,-122.32506,1.0,1,33600,0,33600,Distribution Center,24000.0,Office,9600.0,,,847419.375,False,Multi-usages,57,0.0,1.0,1,2
2016,NonResidential,Other,2,GREATER DUWAMISH,47.56671,-122.32446,1.0,1,20819,0,20819,Manufacturing/Industrial Plant,20819.0,,,,,1694930.375,False,Mono-usage,42,0.0,1.0,0,1
2016,NonResidential,Warehouse,2,GREATER DUWAMISH,47.5668,-122.32499,1.0,1,23296,0,23296,Non-Refrigerated Warehouse,19471.0,Office,3825.0,,,1429855.75,False,Multi-usages,49,0.0,1.0,1,2
2016,NonResidential,Mixed Use Property,2,GREATER DUWAMISH,47.57019,-122.32352,1.0,1,35222,0,35222,Non-Refrigerated Warehouse,15000.0,"Repair Services (Vehicle, Shoe, Locksmith, etc)",15000.0,Retail Store,4232.0,1758134.625,False,Multi-usages,62,0.0,1.0,1,7
2016,NonResidential,Refrigerated Warehouse,2,GREATER DUWAMISH,47.5668,-122.32149,1.0,1,25520,0,25520,Refrigerated Warehouse,25200.0,,,,,1610794.75,False,Mono-usage,59,0.0,1.0,0,1
2016,NonResidential,Other,2,GREATER DUWAMISH,47.58754,-122.3224,1.0,1,25460,0,25460,Other,8223.0,,,,,834711.875,False,Mono-usage,64,0.0,1.0,0,1
2016,NonResidential,Small- and Mid-Sized Office,5,NORTH,47.70008,-122.30321,1.0,2,24291,0,24291,Office,24291.0,,,,,920430.625,False,Mono-usage,42,0.0,1.0,0,1
2016,NonResidential,Retail Store,5,NORTH,47.70053,-122.3038,1.0,2,20738,0,20738,Retail Store,20738.0,,,,,526752.8125,False,Mono-usage,58,0.0,1.0,0,1
2016,NonResidential,Mixed Use Property,5,NORTH,47.70175,-122.30269,1.0,4,30948,0,30948,Office,11729.0,Other,11729.0,,,919746.3125,False,Multi-usages,16,0.0,1.0,1,2
2016,NonResidential,Medical Office,5,NORTH,47.7044,-122.32285,1.0,2,28385,7056,21329,Medical Office,20575.0,,,,,2654316.0,False,Mono-usage,30,0.24858199753390875,0.7514180024660913,0,1
2016,NonResidential,Warehouse,2,GREATER DUWAMISH,47.57254,-122.32549,1.0,1,21755,0,21755,Non-Refrigerated Warehouse,17650.0,Office,2400.0,,,844076.8125,False,Multi-usages,38,0.0,1.0,1,2
2016,NonResidential,Other,2,GREATER DUWAMISH,47.57217,-122.32421,1.0,1,27933,0,27933,Other,27933.0,,,,,6129780.0,False,Mono-usage,56,0.0,1.0,0,1
2016,NonResidential,Small- and Mid-Sized Office,2,GREATER DUWAMISH,47.57013,-122.3244,1.0,1,23143,0,23143,Office,15609.0,Non-Refrigerated Warehouse,7534.0,,,1139980.625,False,Multi-usages,33,0.0,1.0,1,2
2016,NonResidential,Small- and Mid-Sized Office,2,GREATER DUWAMISH,47.57075,-122.32724,1.0,1,28800,0,28800,Office,28800.0,Non-Refrigerated Warehouse,7350.0,,,2107743.75,False,Multi-usages,54,0.0,1.0,1,2
2016,NonResidential,Warehouse,2,GREATER DUWAMISH,47.57294,-122.32811,1.0,1,39600,0,39600,Non-Refrigerated Warehouse,39600.0,,,,,405050.4063,False,Mono-usage,64,0.0,1.0,0,1
2016,NonResidential,Warehouse,2,GREATER DUWAMISH,47.57199,-122.32811,1.0,1,39600,0,39600,Non-Refrigerated Warehouse,39600.0,,,,,468396.9063,False,Mono-usage,64,0.0,1.0,0,1
2016,NonResidential,Distribution Center,2,GREATER DUWAMISH,47.57747,-122.32844,1.0,1,41248,0,41248,Distribution Center,41430.0,,,,,1108310.875,False,Mono-usage,79,0.0,1.0,0,1
2016,NonResidential,Other,2,GREATER DUWAMISH,47.57587,-122.32789,1.0,1,36400,0,36400,Other,21400.0,Retail Store,15000.0,,,1567746.75,False,Multi-usages,7,0.0,1.0,1,2
2016,NonResidential,Other,1,SOUTHWEST,47.56398,-122.38727,1.0,1,31332,0,31332,Other,31332.0,,,,,3573328.25,False,Mono-usage,96,0.0,1.0,0,1
2016,NonResidential,Worship Facility,1,SOUTHWEST,47.57177,-122.38716,1.0,2,35864,0,35864,Worship Facility,35864.0,,,,,1228113.5,False,Mono-usage,68,0.0,1.0,0,1
2016,NonResidential,Worship Facility,2,GREATER DUWAMISH,47.55464,-122.31576,1.0,1,20484,0,20484,Worship Facility,20484.0,,,,,822636.625,False,Mono-usage,62,0.0,1.0,0,1
2016,NonResidential,Medical Office,4,NORTHEAST,47.66169,-122.28558,1.0,4,45264,17622,27642,Medical Office,21743.0,,,,,1849331.25,False,Mono-usage,32,0.38931601272534466,0.6106839872746553,0,1
2016,NonResidential,Medical Office,4,NORTHEAST,47.66159,-122.28606,2.0,4,36932,14576,22356,Medical Office,27642.0,,,,,2824096.75,False,Mono-usage,29,0.39467128777212174,0.6053287122278782,0,1
2016,NonResidential,Other,3,CENTRAL,47.60775,-122.31198,1.0,4,45082,0,45082,Other/Specialty Hospital,45082.0,,,,,4262316.5,False,Mono-usage,43,0.0,1.0,0,1
2016,NonResidential,Worship Facility,6,NORTHWEST,47.68351,-122.35482,0.0,2,41600,0,41600,Worship Facility,41600.0,,,,,1195165.25,False,Mono-usage,65,0.0,1.0,0,1
2016,NonResidential,Small- and Mid-Sized Office,4,LAKE UNION,47.63567,-122.32522,1.0,2,34110,0,34110,Office,34110.0,,,,,2563985.5,False,Mono-usage,56,0.0,1.0,0,1
2016,NonResidential,Warehouse,2,GREATER DUWAMISH,47.57798,-122.32783,1.0,1,23750,0,23750,Non-Refrigerated Warehouse,19430.0,Office,1470.0,,,522972.1875,False,Multi-usages,46,0.0,1.0,1,2
2016,NonResidential,Warehouse,2,GREATER DUWAMISH,47.57832,-122.32649,1.0,1,43390,0,43390,Non-Refrigerated Warehouse,36430.0,Office,6960.0,,,533742.8125,False,Multi-usages,46,0.0,1.0,1,2
2016,NonResidential,Warehouse,2,GREATER DUWAMISH,47.58238,-122.32719,1.0,1,35400,0,35400,Non-Refrigerated Warehouse,35400.0,,,,,419978.6875,False,Mono-usage,57,0.0,1.0,0,1
2016,NonResidential,Distribution Center,2,GREATER DUWAMISH,47.58517,-122.32853,1.0,1,28144,0,28144,Distribution Center,22201.0,Office,6087.0,,,858701.0,False,Multi-usages,50,0.0,1.0,1,2
2016,NonResidential,Warehouse,2,GREATER DUWAMISH,47.5842,-122.32826,1.0,3,71283,0,71283,Non-Refrigerated Warehouse,57910.0,Office,13373.0,,,2491238.25,False,Multi-usages,100,0.0,1.0,1,2
2016,NonResidential,Warehouse,2,GREATER DUWAMISH,47.58661,-122.3281,1.0,1,23792,0,23792,Non-Refrigerated Warehouse,22992.0,Office,800.0,,,2852102.75,False,Multi-usages,27,0.0,1.0,1,2
2016,NonResidential,Small- and Mid-Sized Office,2,GREATER DUWAMISH,47.58895,-122.32833,1.0,2,47368,0,47368,Office,47368.0,Parking,0.0,,,1042652.625,False,Multi-usages,37,0.0,1.0,1,2
2016,NonResidential,Mixed Use Property,2,GREATER DUWAMISH,47.58874,-122.32662,1.0,1,46183,0,46183,Non-Refrigerated Warehouse,18871.0,Food Service,14000.0,Retail Store,13312.0,1890502.5,False,Multi-usages,85,0.0,1.0,1,3
2016,NonResidential,Small- and Mid-Sized Office,3,CENTRAL,47.60592,-122.31367,1.0,5,72613,22788,49825,Office,49825.0,Parking,22788.0,,,2602213.75,False,Multi-usages,32,0.31382810240590525,0.6861718975940947,1,2
2016,NonResidential,Retail Store,2,SOUTHEAST,47.56514,-122.28781,1.0,1,36071,0,36071,Retail Store,36071.0,,,,,1519952.125,True,Mono-usage,48,0.0,1.0,0,1
2016,Nonresidential COS,Medical Office,2,SOUTHEAST,47.56364,-122.28572,1.0,2,38352,11082,27270,Medical Office,19987.0,Office,7505.0,,,2108861.75,False,Multi-usages,26,0.2889549436795995,0.7110450563204005,1,2
2016,Nonresidential COS,Mixed Use Property,2,SOUTHEAST,47.56214,-122.28143,1.0,1,28425,0,28425,Fitness Center/Health Club/Gym,14081.0,Other - Recreation,12824.0,Office,1479.0,2133797.75,False,Multi-usages,21,0.0,1.0,1,3
2016,NonResidential,Other,5,NORTH,47.7139,-122.29794,1.0,3,35115,0,35115,Automobile Dealership,35115.0,,,,,1922953.25,False,Mono-usage,7,0.0,1.0,0,1
2016,NonResidential,Mixed Use Property,5,NORTHWEST,47.69734,-122.34639,1.0,1,66704,0,66704,Other - Education,23904.0,Distribution Center,18500.0,Non-Refrigerated Warehouse,18500.0,600516.875,False,Multi-usages,44,0.0,1.0,1,5
2016,Nonresidential COS,Warehouse,5,NORTHWEST,47.70117,-122.34284,1.0,1,25658,0,25658,Non-Refrigerated Warehouse,18854.0,Office,6804.0,,,1063960.125,False,Multi-usages,47,0.0,1.0,1,2
2016,NonResidential,Small- and Mid-Sized Office,3,EAST,47.61345,-122.3198,1.0,2,36000,0,36000,Office,27600.0,Other,8400.0,,,1046187.625,False,Multi-usages,109,0.0,1.0,1,2
2016,NonResidential,Mixed Use Property,3,EAST,47.61324,-122.31724,1.0,1,36000,0,36000,Parking,18000.0,Retail Store,18000.0,,,1162163.125,False,Multi-usages,103,0.0,1.0,1,2
2016,NonResidential,Warehouse,3,EAST,47.61467,-122.31777,1.0,2,43200,0,43200,Non-Refrigerated Warehouse,43200.0,,,,,1929851.5,False,Mono-usage,101,0.0,1.0,0,1
2016,NonResidential,Small- and Mid-Sized Office,2,GREATER DUWAMISH,47.59501,-122.32852,1.0,4,53840,12870,40970,Office,42800.0,Parking,10400.0,,,2912454.75,False,Multi-usages,103,0.23904160475482913,0.7609583952451708,1,2
2016,NonResidential,Retail Store,2,GREATER DUWAMISH,47.58801,-122.32944,1.0,1,43794,0,43794,Retail Store,34038.0,Office,9756.0,,,1164537.75,False,Multi-usages,41,0.0,1.0,1,2
2016,NonResidential,Warehouse,2,GREATER DUWAMISH,47.57466,-122.33089,1.0,1,48280,0,48280,Non-Refrigerated Warehouse,40780.0,Office,7500.0,,,2701833.75,False,Multi-usages,48,0.0,1.0,1,2
2016,NonResidential,Distribution Center,2,GREATER DUWAMISH,47.57258,-122.33059,1.0,1,36040,0,36040,Distribution Center,31476.0,Office,4564.0,,,363808.1875,False,Multi-usages,62,0.0,1.0,1,2
2016,NonResidential,Supermarket / Grocery Store,4,NORTHEAST,47.68269,-122.28912,1.0,1,32822,0,32822,Supermarket/Grocery Store,35042.0,Parking,0.0,,,8839812.0,False,Multi-usages,51,0.0,1.0,1,2
2016,NonResidential,Worship Facility,4,NORTHEAST,47.68061,-122.29002,1.0,2,20385,0,20385,Worship Facility,20385.0,,,,,809291.8125,False,Mono-usage,66,0.0,1.0,0,1
2016,NonResidential,Worship Facility,4,NORTHEAST,47.67984,-122.27739,1.0,1,24295,0,24295,Worship Facility,24295.0,,,,,216115.0,False,Mono-usage,70,0.0,1.0,0,1
2016,NonResidential,Small- and Mid-Sized Office,4,NORTHEAST,47.66888,-122.28333,1.0,2,20317,0,20317,Office,20317.0,,,,,620994.3125,False,Mono-usage,49,0.0,1.0,0,1
2016,NonResidential,Supermarket / Grocery Store,4,NORTHEAST,47.66824,-122.28394,1.0,1,24377,0,24377,Supermarket/Grocery Store,24377.0,,,,,9851260.0,False,Mono-usage,43,0.0,1.0,0,1
2016,NonResidential,Other,5,NORTHWEST,47.70197,-122.34219,1.0,1,33392,0,33392,Movie Theater,33392.0,,,,,2786648.75,False,Mono-usage,30,0.0,1.0,0,1
2016,NonResidential,Supermarket / Grocery Store,5,NORTHWEST,47.70224,-122.34409,0.0,1,45155,0,45155,Supermarket/Grocery Store,45155.0,,,,,6674179.5,False,Mono-usage,30,0.0,1.0,0,1
2016,NonResidential,Warehouse,1,GREATER DUWAMISH,47.5316,-122.333,1.0,1,32000,0,32000,Non-Refrigerated Warehouse,32040.0,,,,,2186148.5,False,Mono-usage,50,0.0,1.0,0,1
2016,NonResidential,Warehouse,1,GREATER DUWAMISH,47.5316,-122.333,1.0,1,44000,0,44000,Non-Refrigerated Warehouse,45449.0,,,,,4302455.5,False,Mono-usage,46,0.0,1.0,0,1
2016,NonResidential,Warehouse,1,GREATER DUWAMISH,47.5316,-122.333,1.0,1,36000,0,36000,Non-Refrigerated Warehouse,36000.0,,,,,2771820.5,False,Mono-usage,43,0.0,1.0,0,1
2016,NonResidential,Warehouse,1,GREATER DUWAMISH,47.52549,-122.33064,1.0,1,31360,0,31360,Non-Refrigerated Warehouse,29640.0,Retail Store,1460.0,,,1356972.25,False,Multi-usages,37,0.0,1.0,1,2
2016,NonResidential,Warehouse,1,GREATER DUWAMISH,47.52549,-122.33064,1.0,1,33320,0,33320,Non-Refrigerated Warehouse,32200.0,Office,1200.0,,,2339234.0,False,Multi-usages,37,0.0,1.0,1,2
2016,NonResidential,Warehouse,1,GREATER DUWAMISH,47.52549,-122.33064,1.0,1,48020,0,48020,Non-Refrigerated Warehouse,47800.0,,,,,2373568.25,False,Mono-usage,37,0.0,1.0,0,1
2016,NonResidential,Warehouse,1,GREATER DUWAMISH,47.52549,-122.33064,1.0,1,27420,0,27420,Non-Refrigerated Warehouse,27850.0,,,,,1176342.25,False,Mono-usage,37,0.0,1.0,0,1
2016,NonResidential,K-12 School,3,CENTRAL,47.60885,-122.2999,1.0,2,24152,0,24152,K-12 School,24152.0,,,,,161363.4063,False,Mono-usage,87,0.0,1.0,0,1
2016,NonResidential,K-12 School,5,NORTHEAST,47.694,-122.28967,1.0,2,43645,0,43645,K-12 School,37000.0,,,,,2053956.375,False,Mono-usage,67,0.0,1.0,0,1
2016,NonResidential,Retail Store,5,NORTHEAST,47.69066,-122.29023,1.0,1,26853,0,26853,Retail Store,20360.0,,,,,1399062.75,False,Mono-usage,64,0.0,1.0,0,1
2016,NonResidential,Other,2,GREATER DUWAMISH,47.59347,-122.33369,1.0,4,44775,0,44775,Other,44775.0,,,,,950695.625,False,Mono-usage,107,0.0,1.0,0,1
2016,NonResidential,Other,2,GREATER DUWAMISH,47.57507,-122.33349,2.0,1,27760,0,27760,Other,19715.0,Office,12000.0,Retail Store,6000.0,2833624.5,False,Multi-usages,100,0.0,1.0,1,4
2016,NonResidential,Other,2,GREATER DUWAMISH,47.57459,-122.3339,1.0,1,20975,0,20975,Other - Entertainment/Public Assembly,13144.0,Other,6600.0,Fast Food Restaurant,1070.0,347437.6875,False,Multi-usages,79,0.0,1.0,1,3
2016,NonResidential,Other,2,GREATER DUWAMISH,47.57619,-122.3339,1.0,1,26075,0,26075,Other,26075.0,,,,,1608508.75,False,Mono-usage,98,0.0,1.0,0,1
2016,NonResidential,Warehouse,2,GREATER DUWAMISH,47.57881,-122.33273,1.0,1,29394,0,29394,Non-Refrigerated Warehouse,29394.0,Office,16902.0,,,1486681.75,False,Multi-usages,24,0.0,1.0,1,2
2016,NonResidential,Warehouse,2,GREATER DUWAMISH,47.57941,-122.3336,1.0,2,20400,0,20400,Non-Refrigerated Warehouse,15000.0,Office,5400.0,,,438557.0,False,Multi-usages,90,0.0,1.0,1,2
2016,NonResidential,Small- and Mid-Sized Office,2,GREATER DUWAMISH,47.57893,-122.33374,1.0,1,20460,0,20460,Office,20460.0,,,,,903541.875,False,Mono-usage,90,0.0,1.0,0,1
2016,NonResidential,Self-Storage Facility,2,GREATER DUWAMISH,47.58168,-122.33369,1.0,2,25821,0,25821,Self-Storage Facility,25821.0,,,,,209698.7031,False,Mono-usage,91,0.0,1.0,0,1
2016,NonResidential,Refrigerated Warehouse,2,GREATER DUWAMISH,47.58217,-122.33263,1.0,2,21870,0,21870,Refrigerated Warehouse,21870.0,,,,,1074350.375,False,Mono-usage,61,0.0,1.0,0,1
2016,NonResidential,Warehouse,2,GREATER DUWAMISH,47.58069,-122.3325,3.0,1,51664,0,51664,Non-Refrigerated Warehouse,51664.0,,,,,3528086.75,False,Mono-usage,28,0.0,1.0,0,1
2016,NonResidential,Medical Office,1,DELRIDGE,47.53419,-122.36624,1.0,1,43615,0,43615,Medical Office,43615.0,,,,,3133849.5,False,Mono-usage,46,0.0,1.0,0,1
2016,NonResidential,Small- and Mid-Sized Office,1,DELRIDGE,47.53419,-122.36624,1.0,3,36879,0,36879,Office,16855.0,,,,,1144267.5,False,Mono-usage,46,0.0,1.0,0,1
2016,Nonresidential COS,Other,1,DELRIDGE,47.53578,-122.36205,1.0,2,28531,0,28531,Other,28303.0,Parking,1100.0,,,3494929.5,False,Multi-usages,14,0.0,1.0,1,2
2016,NonResidential,Warehouse,1,DELRIDGE,47.53846,-122.36175,1.0,2,36600,0,36600,Non-Refrigerated Warehouse,43556.0,,,,,308400.4063,False,Mono-usage,34,0.0,1.0,0,1
2016,NonResidential,Mixed Use Property,1,SOUTHWEST,47.57269,-122.37056,1.0,5,35176,0,35176,Office,14452.0,Other,14452.0,,,1011965.375,False,Multi-usages,12,0.0,1.0,1,2
2016,NonResidential,University,4,LAKE UNION,47.65231,-122.34217,1.0,2,41293,15243,26050,College/University,26393.0,Medical Office,15000.0,,,2839882.25,False,Multi-usages,76,0.3691424696679825,0.6308575303320175,1,2
2016,NonResidential,Warehouse,2,GREATER DUWAMISH,47.55718,-122.33288,1.0,1,48890,0,48890,Non-Refrigerated Warehouse,30889.0,Office,18000.0,,,2100216.5,False,Multi-usages,75,0.0,1.0,1,2
2016,NonResidential,Small- and Mid-Sized Office,2,GREATER DUWAMISH,47.55658,-122.33322,1.0,3,43473,0,43473,Office,43473.0,,,,,4416909.5,False,Mono-usage,16,0.0,1.0,0,1
2016,NonResidential,Retail Store,1,DELRIDGE,47.52254,-122.36627,1.0,1,40265,0,40265,Retail Store,40793.0,,,,,3740373.75,False,Mono-usage,26,0.0,1.0,0,1
2016,NonResidential,Retail Store,1,DELRIDGE,47.52254,-122.36627,1.0,1,26208,0,26208,Retail Store,32427.0,,,,,1608884.25,False,Mono-usage,11,0.0,1.0,0,1
2016,Nonresidential COS,Other,1,DELRIDGE,47.52801,-122.36918,0.0,2,27227,0,27227,Other - Recreation,29064.0,Fitness Center/Health Club/Gym,8508.0,Pre-school/Daycare,715.0,8054334.0,False,Multi-usages,41,0.0,1.0,1,6
2016,NonResidential,Mixed Use Property,6,BALLARD,47.69766,-122.37346,1.0,1,42172,0,42172,Other - Education,12000.0,Other - Entertainment/Public Assembly,11400.0,Social/Meeting Hall,9100.0,3275779.25,False,Multi-usages,90,0.0,1.0,1,6
2016,NonResidential,Small- and Mid-Sized Office,2,DOWNTOWN,47.59657,-122.33394,1.0,5,32250,0,32250,Office,32250.0,,,,,796042.375,False,Mono-usage,106,0.0,1.0,0,1
2016,NonResidential,Retail Store,6,NORTHWEST,47.69061,-122.35731,1.0,1,51000,0,51000,Retail Store,51000.0,,,,,1298039.875,False,Mono-usage,63,0.0,1.0,0,1
2016,NonResidential,Mixed Use Property,2,GREATER DUWAMISH,47.58452,-122.3337,1.0,1,27000,0,27000,Other,9000.0,Other - Entertainment/Public Assembly,9000.0,Self-Storage Facility,9000.0,229856.4063,False,Multi-usages,100,0.0,1.0,1,3
2016,NonResidential,Other,2,GREATER DUWAMISH,47.58787,-122.33365,1.0,2,20747,0,20747,Other - Entertainment/Public Assembly,11815.0,Restaurant,5120.0,Office,3812.0,1001964.0,False,Multi-usages,81,0.0,1.0,1,3
2016,NonResidential,Warehouse,2,GREATER DUWAMISH,47.58903,-122.33361,1.0,2,40800,0,40800,Non-Refrigerated Warehouse,36000.0,Office,4800.0,,,817255.875,False,Multi-usages,88,0.0,1.0,1,2
2016,NonResidential,Small- and Mid-Sized Office,2,GREATER DUWAMISH,47.59508,-122.33378,1.0,2,20150,0,20150,Office,20150.0,,,,,576174.125,False,Mono-usage,96,0.0,1.0,0,1
2016,NonResidential,Small- and Mid-Sized Office,2,DOWNTOWN,47.59639,-122.33368,1.0,7,36000,0,36000,Office,31500.0,,,,,1682454.875,False,Mono-usage,107,0.0,1.0,0,1
2016,NonResidential,Warehouse,2,GREATER DUWAMISH,47.59081,-122.33487,1.0,2,41276,0,41276,Non-Refrigerated Warehouse,24300.0,Retail Store,13284.0,Office,3692.0,2502081.0,False,Multi-usages,78,0.0,1.0,1,3
2016,NonResidential,Refrigerated Warehouse,2,GREATER DUWAMISH,47.58999,-122.33539,0.0,2,24430,0,24430,Refrigerated Warehouse,15667.0,Other,8690.0,,,1232822.875,False,Multi-usages,79,0.0,1.0,1,2
2016,NonResidential,Other,2,GREATER DUWAMISH,47.58788,-122.33458,1.0,3,27690,0,27690,Other,24717.0,Parking,0.0,,,16808.90039,False,Multi-usages,106,0.0,1.0,1,2
2016,NonResidential,Small- and Mid-Sized Office,2,GREATER DUWAMISH,47.58686,-122.33469,1.0,1,22580,0,22580,Office,22580.0,,,,,928584.875,False,Mono-usage,89,0.0,1.0,0,1
2016,NonResidential,Warehouse,3,CENTRAL,47.60192,-122.31641,1.0,1,20000,0,20000,Non-Refrigerated Warehouse,20000.0,,,,,743528.125,False,Mono-usage,90,0.0,1.0,0,1
2016,NonResidential,Warehouse,3,CENTRAL,47.60224,-122.31529,1.0,1,42000,0,42000,Non-Refrigerated Warehouse,38000.0,Office,4000.0,,,2070005.625,False,Multi-usages,62,0.0,1.0,1,2
2016,NonResidential,Self-Storage Facility,3,CENTRAL,47.61234,-122.31628,1.0,1,24248,0,24248,Self-Storage Facility,21018.0,Parking,3230.0,,,111969.7031,False,Multi-usages,54,0.0,1.0,1,2
2016,NonResidential,Senior Care Community,5,NORTH,47.70178,-122.32352,1.0,6,244500,0,244500,Senior Care Community,244500.0,,,,,11019641.0,False,Mono-usage,7,0.0,1.0,0,1
2016,NonResidential,Warehouse,2,GREATER DUWAMISH,47.55608,-122.3388,1.0,1,24617,0,24617,Non-Refrigerated Warehouse,22752.0,,,,,106918.0,False,Mono-usage,84,0.0,1.0,0,1
2016,NonResidential,Other,2,GREATER DUWAMISH,47.55768,-122.33137,1.0,3,127065,84710,42355,Parking,84710.0,Office,42355.0,,,3245111.5,False,Multi-usages,7,0.6666666666666666,0.3333333333333333,1,2
2016,NonResidential,Retail Store,2,GREATER DUWAMISH,47.55772,-122.33017,1.0,1,37247,0,37247,Retail Store,37247.0,,,,,1748644.5,False,Mono-usage,52,0.0,1.0,0,1
2016,NonResidential,Retail Store,6,BALLARD,47.69274,-122.37602,1.0,1,25384,0,25384,Retail Store,23468.0,,,,,3027867.5,False,Mono-usage,23,0.0,1.0,0,1
2016,NonResidential,Small- and Mid-Sized Office,2,GREATER DUWAMISH,47.58462,-122.3347,0.0,3,49052,0,49052,Office,32393.0,Retail Store,10057.0,,,1441445.625,False,Multi-usages,106,0.0,1.0,1,2
2016,NonResidential,Warehouse,2,GREATER DUWAMISH,47.58318,-122.3347,1.0,2,52110,0,52110,Non-Refrigerated Warehouse,32000.0,,,,,586589.1875,False,Mono-usage,116,0.0,1.0,0,1
2016,NonResidential,Small- and Mid-Sized Office,2,GREATER DUWAMISH,47.58292,-122.33468,1.0,2,20970,0,20970,Office,20970.0,Parking,0.0,,,204499.0938,False,Multi-usages,106,0.0,1.0,1,2
2016,NonResidential,Small- and Mid-Sized Office,2,GREATER DUWAMISH,47.57595,-122.33624,1.0,2,39036,0,39036,Office,27636.0,Other,13611.0,,,1528295.75,False,Multi-usages,79,0.0,1.0,1,2
2016,NonResidential,Small- and Mid-Sized Office,2,GREATER DUWAMISH,47.57529,-122.33475,1.0,1,26310,0,26310,Office,24000.0,Non-Refrigerated Warehouse,8874.0,Social/Meeting Hall,1000.0,771512.6875,False,Multi-usages,93,0.0,1.0,1,3
2016,NonResidential,Retail Store,2,SOUTHEAST,47.54723,-122.28455,1.0,1,37883,0,37883,Retail Store,28734.0,Supermarket/Grocery Store,24813.0,,,12434593.0,False,Multi-usages,50,0.0,1.0,1,2
2016,NonResidential,K-12 School,1,DELRIDGE,47.53887,-122.37564,1.0,3,29874,0,29874,K-12 School,31375.0,,,,,1274049.75,False,Mono-usage,54,0.0,1.0,0,1
2016,NonResidential,Worship Facility,7,MAGNOLIA / QUEEN ANNE,47.64,-122.39743,1.0,1,20140,0,20140,Worship Facility,22000.0,Parking,0.0,,,992794.6875,False,Multi-usages,51,0.0,1.0,1,2
2016,NonResidential,Self-Storage Facility,6,NORTHWEST,47.70281,-122.35623,1.0,2,71874,31389,40485,Self-Storage Facility,71874.0,,,,,1242811.75,False,Mono-usage,26,0.4367225978796227,0.5632774021203774,0,1
2016,NonResidential,Small- and Mid-Sized Office,3,CENTRAL,47.60104,-122.30155,1.0,2,39953,0,39953,Office,30100.0,,,,,1508561.875,False,Mono-usage,45,0.0,1.0,0,1
2016,NonResidential,Retail Store,3,CENTRAL,47.60009,-122.3017,1.0,2,21200,0,21200,Retail Store,14168.0,Office,7032.0,,,1676426.5,False,Multi-usages,18,0.0,1.0,1,2
2016,NonResidential,Supermarket / Grocery Store,3,CENTRAL,47.59881,-122.30189,1.0,1,30630,0,30630,Supermarket/Grocery Store,28470.0,Other,2442.0,,,6058494.0,False,Multi-usages,36,0.0,1.0,1,2
2016,NonResidential,Retail Store,3,CENTRAL,47.59881,-122.30189,1.0,2,23421,0,23421,Retail Store,19271.0,Bank Branch,4150.0,,,1896626.375,False,Multi-usages,36,0.0,1.0,1,2
2016,NonResidential,Worship Facility,6,BALLARD,47.67628,-122.38238,1.0,2,24120,0,24120,Worship Facility,24120.0,,,,,893053.1875,False,Mono-usage,88,0.0,1.0,0,1
2016,NonResidential,Worship Facility,6,BALLARD,47.6764,-122.38502,1.0,3,35736,0,35736,Worship Facility,28970.0,Office,6766.0,,,1148202.25,False,Multi-usages,87,0.0,1.0,1,2
2016,NonResidential,Warehouse,2,GREATER DUWAMISH,47.57298,-122.33644,1.0,1,51050,0,51050,Non-Refrigerated Warehouse,49500.0,,,,,1206165.75,False,Mono-usage,75,0.0,1.0,0,1
2016,NonResidential,Retail Store,2,GREATER DUWAMISH,47.57044,-122.33475,1.0,2,21900,0,21900,Retail Store,21900.0,,,,,1302192.875,False,Mono-usage,62,0.0,1.0,0,1
2016,NonResidential,Distribution Center,2,GREATER DUWAMISH,47.57227,-122.33843,1.0,1,16300,0,16300,Distribution Center,65164.0,,,,,150167.7969,False,Mono-usage,64,0.0,1.0,0,1
2016,NonResidential,Warehouse,2,GREATER DUWAMISH,47.57339,-122.33735,1.0,1,33462,0,33462,Non-Refrigerated Warehouse,33462.0,,,,,1386445.375,False,Mono-usage,52,0.0,1.0,0,1
2016,NonResidential,Mixed Use Property,2,GREATER DUWAMISH,47.57506,-122.33862,1.0,1,35310,0,35310,Other,10471.0,Non-Refrigerated Warehouse,9875.0,Refrigerated Warehouse,8877.0,1331469.75,False,Multi-usages,64,0.0,1.0,1,3
2016,NonResidential,Other,2,GREATER DUWAMISH,47.54089,-122.32323,1.0,3,36140,0,36140,Other,34733.0,,,,,4653535.0,False,Mono-usage,54,0.0,1.0,0,1
2016,NonResidential,Other,3,DOWNTOWN,47.59886,-122.31678,1.0,2,47963,21384,26579,Other - Mall,29640.0,Parking,6000.0,,,8163413.0,False,Multi-usages,25,0.4458436711631883,0.5541563288368118,1,2
2016,NonResidential,Warehouse,2,DOWNTOWN,47.59774,-122.31936,1.0,1,23903,0,23903,Non-Refrigerated Warehouse,18350.0,Worship Facility,4500.0,,,415364.5938,False,Multi-usages,86,0.0,1.0,1,2
2016,NonResidential,Self-Storage Facility,4,NORTHEAST,47.67923,-122.31715,1.0,3,22522,0,22522,Self-Storage Facility,22522.0,,,,,561473.875,False,Mono-usage,69,0.0,1.0,0,1
2016,NonResidential,Self-Storage Facility,4,NORTHEAST,47.67905,-122.31697,1.0,4,38959,0,38959,Self-Storage Facility,38959.0,,,,,905750.375,False,Mono-usage,20,0.0,1.0,0,1
2016,NonResidential,Warehouse,3,GREATER DUWAMISH,47.5867,-122.30519,1.0,2,25955,0,25955,Non-Refrigerated Warehouse,14150.0,Other - Services,8745.0,Office,3060.0,1218112.0,False,Multi-usages,88,0.0,1.0,1,3
2016,NonResidential,Worship Facility,5,NORTHWEST,47.70901,-122.35498,1.0,2,21936,0,21936,Worship Facility,21936.0,,,,,608755.375,False,Mono-usage,65,0.0,1.0,0,1
2016,NonResidential,Other,5,NORTH,47.7162,-122.2956,1.0,1,25406,0,25406,"Personal Services (Health/Beauty, Dry Cleaning, etc)",25406.0,,,,,2442220.0,False,Mono-usage,56,0.0,1.0,1,3
2016,NonResidential,Small- and Mid-Sized Office,2,SOUTHEAST,47.56029,-122.2858,1.0,2,23250,0,23250,Office,22014.0,,,,,904236.0,False,Mono-usage,49,0.0,1.0,0,1
2016,NonResidential,Warehouse,2,GREATER DUWAMISH,47.55966,-122.33146,1.0,1,30000,0,30000,Non-Refrigerated Warehouse,30000.0,Parking,0.0,,,2794837.0,False,Multi-usages,56,0.0,1.0,1,2
2016,Nonresidential COS,Warehouse,2,GREATER DUWAMISH,47.56522,-122.32205,1.0,1,45036,0,45036,Non-Refrigerated Warehouse,21110.0,"Repair Services (Vehicle, Shoe, Locksmith, etc)",14074.0,Office,6755.0,1791697.75,False,Multi-usages,54,0.0,1.0,1,6
2016,NonResidential,Mixed Use Property,7,DOWNTOWN,47.61376,-122.33445,1.0,39,1074552,112124,962428,Multifamily Housing,311521.0,Hotel,303000.0,Parking,141450.0,26416770.0,False,Multi-usages,7,0.10434488047111727,0.8956551195288828,1,3
2016,NonResidential,University,7,MAGNOLIA / QUEEN ANNE,47.65019,-122.36173,1.0,2,122679,0,122679,College/University,101035.0,Restaurant,2000.0,,,16378152.0,False,Multi-usages,57,0.0,1.0,1,2
2016,NonResidential,Small- and Mid-Sized Office,5,NORTH,47.70868,-122.30089,1.0,4,23022,0,23022,Office,23022.0,,,,,1027230.875,False,Mono-usage,36,0.0,1.0,0,1
2016,NonResidential,Refrigerated Warehouse,2,GREATER DUWAMISH,47.56173,-122.32885,1.0,1,27263,0,27263,Refrigerated Warehouse,22000.0,Other,2700.0,Office,2500.0,2470642.0,False,Multi-usages,49,0.0,1.0,1,3
2016,NonResidential,Warehouse,2,GREATER DUWAMISH,47.56318,-122.32889,1.0,1,31569,0,31569,Non-Refrigerated Warehouse,33000.0,,,,,3064039.5,False,Mono-usage,54,0.0,1.0,0,1
2016,NonResidential,Warehouse,2,GREATER DUWAMISH,47.56362,-122.32876,1.0,1,22509,0,22509,Non-Refrigerated Warehouse,22509.0,,,,,177812.7969,False,Mono-usage,60,0.0,1.0,0,1
2016,NonResidential,Warehouse,2,GREATER DUWAMISH,47.56424,-122.32902,1.0,1,39984,0,39984,Non-Refrigerated Warehouse,31184.0,Office,8800.0,,,1073156.375,False,Multi-usages,60,0.0,1.0,1,2
2016,NonResidential,Worship Facility,3,EAST,47.62322037,-122.320017,1.0,1,26440,0,26440,Worship Facility,26440.0,,,,,719905.1875,False,Mono-usage,110,0.0,1.0,0,1
2016,NonResidential,Self-Storage Facility,3,GREATER DUWAMISH,47.59291,-122.31042,1.0,2,28800,0,28800,Self-Storage Facility,28800.0,,,,,1143826.625,False,Mono-usage,60,0.0,1.0,0,1
2016,NonResidential,K-12 School,3,CENTRAL,47.61791,-122.28594,4.0,2,28500,0,28500,K-12 School,31100.0,,,,,1162561.125,False,Mono-usage,7,0.0,1.0,0,1
2016,NonResidential,Restaurant,3,LAKE UNION,47.62902,-122.33173,1.0,2,26519,0,26519,Restaurant,13592.0,Office,12927.0,,,3717064.0,False,Multi-usages,38,0.0,1.0,1,2
2016,NonResidential,Mixed Use Property,3,LAKE UNION,47.62774,-122.33384,1.0,2,34639,15402,19237,Restaurant,23373.0,Other,19659.0,Parking,15402.0,15480681.0,False,Multi-usages,28,0.44464332111204136,0.5553566788879587,1,3
2016,NonResidential,Other,7,MAGNOLIA / QUEEN ANNE,47.62643,-122.33946,1.0,2,26300,0,26300,Other - Entertainment/Public Assembly,26300.0,,,,,3537841.5,False,Mono-usage,95,0.0,1.0,0,1
2016,NonResidential,Restaurant,7,LAKE UNION,47.63734,-122.33988,0.0,2,34072,0,34072,Restaurant,34072.0,,,,,6584966.5,False,Mono-usage,54,0.0,1.0,0,1
2016,NonResidential,Small- and Mid-Sized Office,7,LAKE UNION,47.63614,-122.33982,1.0,3,23355,0,23355,Office,21915.0,,,,,840549.375,False,Mono-usage,67,0.0,1.0,0,1
2016,NonResidential,Small- and Mid-Sized Office,7,MAGNOLIA / QUEEN ANNE,47.63575,-122.33895,1.0,4,30840,0,30840,Office,29255.0,Restaurant,1180.0,,,3542708.5,False,Multi-usages,51,0.0,1.0,1,2
2016,NonResidential,Other,4,NORTHEAST,47.67642,-122.3035,1.0,1,20332,0,20332,Other,20332.0,,,,,392683.6875,False,Mono-usage,70,0.0,1.0,0,1
2016,NonResidential,Worship Facility,3,CENTRAL,47.61118,-122.288,1.0,1,21850,0,21850,Worship Facility,21850.0,,,,,317794.4063,False,Mono-usage,116,0.0,1.0,0,1
2016,NonResidential,Mixed Use Property,4,NORTHEAST,47.66827,-122.29978,1.0,4,32282,6985,25297,Multifamily Housing,12600.0,Parking,6985.0,Other,6576.0,1391714.25,False,Multi-usages,19,0.2163744501579828,0.7836255498420173,1,4
2016,NonResidential,Large Office,7,DOWNTOWN,47.60449,-122.33803,1.0,13,307557,83064,224493,Office,162422.0,Parking,83064.0,Multifamily Housing,55065.0,9512829.0,False,Multi-usages,33,0.27007676625796195,0.729923233742038,1,4
2016,NonResidential,Self-Storage Facility,7,MAGNOLIA / QUEEN ANNE,47.64633,-122.3508,1.0,2,28309,0,28309,Self-Storage Facility,28309.0,,,,,430308.9063,False,Mono-usage,98,0.0,1.0,0,1
2016,NonResidential,Hotel,7,DOWNTOWN,47.60154,-122.3352,1.0,4,45500,0,45500,Hotel,45500.0,,,,,2799595.0,False,Mono-usage,102,0.0,1.0,0,1
2016,NonResidential,Small- and Mid-Sized Office,7,DOWNTOWN,47.60106,-122.33458,1.0,5,38376,0,38376,Office,29258.0,Retail Store,2409.0,,,2058532.875,False,Multi-usages,116,0.0,1.0,1,2
2016,NonResidential,Small- and Mid-Sized Office,7,DOWNTOWN,47.60149,-122.33458,1.0,4,42804,0,42804,Office,24120.0,Retail Store,6583.0,,,1544501.75,False,Multi-usages,116,0.0,1.0,1,2
2016,NonResidential,Mixed Use Property,7,DOWNTOWN,47.6005,-122.33514,0.0,5,57600,0,57600,Residence Hall/Dormitory,27600.0,Multifamily Housing,16000.0,Financial Office,7000.0,6983736.0,False,Multi-usages,11,0.0,1.0,1,4
2016,NonResidential,Small- and Mid-Sized Office,7,DOWNTOWN,47.60023,-122.33459,1.0,4,33300,0,33300,Office,26639.0,Restaurant,2820.0,Retail Store,2377.0,1287497.375,False,Multi-usages,116,0.0,1.0,1,4
2016,NonResidential,Hotel,7,DOWNTOWN,47.60035,-122.33379,1.0,3,25450,0,25450,Hotel,25450.0,,,,,503744.6875,False,Mono-usage,116,0.0,1.0,0,1
2016,NonResidential,Other,7,DOWNTOWN,47.59976,-122.33514,1.0,3,22200,0,22200,Other,22200.0,,,,,188745.7031,False,Mono-usage,116,0.0,1.0,0,1
2016,NonResidential,Warehouse,7,MAGNOLIA / QUEEN ANNE,47.64306,-122.34219,1.0,2,29498,0,29498,Non-Refrigerated Warehouse,19749.0,Office,9148.0,,,3768900.5,False,Multi-usages,48,0.0,1.0,1,2
2016,NonResidential,Warehouse,4,LAKE UNION,47.64793,-122.34358,1.0,1,23050,0,23050,Non-Refrigerated Warehouse,23050.0,,,,,466672.6875,False,Mono-usage,78,0.0,1.0,0,1
2016,NonResidential,Small- and Mid-Sized Office,4,LAKE UNION,47.64747,-122.34086,1.0,4,48350,0,48350,,,,,,,3168131.0,False,Mono-usage,8,0.0,1.0,0,1
2016,NonResidential,Retail Store,4,NORTHEAST,47.66097,-122.3192,1.0,1,46059,0,46059,Retail Store,46000.0,,,,,1582655.875,False,Mono-usage,86,0.0,1.0,0,1
2016,NonResidential,Medical Office,4,NORTHEAST,47.67437,-122.3181,1.0,2,23595,0,23595,Medical Office,23595.0,,,,,817409.625,False,Mono-usage,46,0.0,1.0,0,1
2016,NonResidential,Small- and Mid-Sized Office,7,DOWNTOWN,47.59938,-122.33328,1.0,3,28142,0,28142,Office,28142.0,,,,,847097.8125,False,Mono-usage,116,0.0,1.0,0,1
2016,NonResidential,Small- and Mid-Sized Office,7,DOWNTOWN,47.59954,-122.33327,1.0,3,28760,0,28760,Office,12314.0,Retail Store,6020.0,Non-Refrigerated Warehouse,6000.0,2615973.5,False,Multi-usages,116,0.0,1.0,1,3
2016,NonResidential,Small- and Mid-Sized Office,7,DOWNTOWN,47.59979,-122.33318,1.0,4,39030,0,39030,Office,32001.0,Retail Store,6685.0,,,713326.875,False,Multi-usages,114,0.0,1.0,1,2
2016,NonResidential,Small- and Mid-Sized Office,7,DOWNTOWN,47.60071,-122.33377,0.0,3,47215,0,47215,Office,23659.0,Retail Store,22376.0,,,2092696.0,False,Multi-usages,107,0.0,1.0,1,2
2016,Nonresidential COS,Other,3,EAST,47.61492,-122.31728,1.0,2,61580,27000,34580,Other,36280.0,Parking,23154.0,,,4199443.0,False,Multi-usages,90,0.43845404352062356,0.5615459564793764,1,2
2016,NonResidential,Small- and Mid-Sized Office,3,EAST,47.61459,-122.31724,1.0,3,30720,0,30720,Office,29720.0,Retail Store,1000.0,,,1288669.5,False,Multi-usages,99,0.0,1.0,1,2
2016,NonResidential,Mixed Use Property,3,EAST,47.61428,-122.31726,1.0,2,20640,0,20640,Retail Store,9750.0,Office,9212.0,Restaurant,2450.0,412562.4063,False,Multi-usages,100,0.0,1.0,1,3
2016,NonResidential,Mixed Use Property,3,EAST,47.61421,-122.3193,1.0,2,34914,0,34914,Retail Store,14983.0,Restaurant,10638.0,Office,5837.0,1333289.625,False,Multi-usages,104,0.0,1.0,1,3
2016,NonResidential,Small- and Mid-Sized Office,3,EAST,47.61508,-122.31845,1.0,3,20897,0,20897,Office,10228.0,Retail Store,3433.0,Non-Refrigerated Warehouse,3400.0,964923.8125,False,Multi-usages,110,0.0,1.0,1,3
2016,NonResidential,Retail Store,3,EAST,47.61478,-122.31847,1.0,2,36940,0,36940,Retail Store,36940.0,,,,,336745.4063,False,Mono-usage,100,0.0,1.0,0,1
2016,NonResidential,Small- and Mid-Sized Office,3,EAST,47.61435,-122.31859,1.0,3,22866,0,22866,Office,22866.0,,,,,1153690.125,False,Mono-usage,103,0.0,1.0,0,1
2016,NonResidential,Retail Store,3,EAST,47.61466,-122.31984,1.0,1,30240,0,30240,Retail Store,32205.0,Restaurant,714.0,,,1264626.875,False,Multi-usages,96,0.0,1.0,1,2
2016,NonResidential,Low-Rise Multifamily,3,EAST,47.61427,-122.31977,1.0,3,32100,0,32100,Multifamily Housing,21400.0,Bar/Nightclub,10700.0,,,108200.3984,False,Multi-usages,106,0.0,1.0,1,2
2016,NonResidential,Other,4,NORTHEAST,47.65729,-122.31937,1.0,2,28586,0,28586,Other,27022.0,,,,,5078204.0,False,Mono-usage,54,0.0,1.0,0,1
2016,NonResidential,Hotel,2,DOWNTOWN,47.59766,-122.32394,1.0,3,28800,0,28800,Hotel,21600.0,Restaurant,7200.0,,,4644346.0,False,Multi-usages,108,0.0,1.0,1,2
2016,NonResidential,Restaurant,2,DOWNTOWN,47.59697,-122.32474,1.0,3,28800,0,28800,,,,,,,899924.1875,False,Mono-usage,103,0.0,1.0,0,1
2016,NonResidential,Small- and Mid-Sized Office,2,DOWNTOWN,47.59644,-122.32415,1.0,3,35202,0,35202,Office,24227.0,Bank Branch,9127.0,,,3605755.5,False,Multi-usages,37,0.0,1.0,1,2
2016,NonResidential,Senior Care Community,7,EAST,47.61318,-122.32747,1.0,6,95117,26082,69035,Senior Care Community,69035.0,Parking,26082.0,,,7202141.5,False,Multi-usages,47,0.27420965757961246,0.7257903424203875,1,2
2016,NonResidential,Worship Facility,3,EAST,47.61426,-122.32661,1.0,2,24600,0,24600,Worship Facility,24600.0,,,,,331059.5,False,Mono-usage,106,0.0,1.0,0,1
2016,NonResidential,Worship Facility,3,EAST,47.60514,-122.32613,1.0,1,48850,0,48850,Worship Facility,28725.0,Office,4325.0,Other,3700.0,1063480.5,False,Multi-usages,116,0.0,1.0,1,3
2016,NonResidential,Hospital,1,SOUTHWEST,47.58767,-122.38672,0.0,3,54863,0,54863,Hospital (General Medical & Surgical),109726.0,,,,,2037720.625,False,Mono-usage,55,0.0,1.0,0,1
2016,NonResidential,Warehouse,2,GREATER DUWAMISH,47.55317,-122.33289,1.0,1,25000,0,25000,Non-Refrigerated Warehouse,13393.0,Food Sales,7500.0,Office,4107.0,1989103.875,False,Multi-usages,52,0.0,1.0,1,3
2016,NonResidential,Warehouse,2,GREATER DUWAMISH,47.55544,-122.33294,1.0,1,25000,0,25000,Non-Refrigerated Warehouse,24000.0,Office,1000.0,,,287132.5,False,Multi-usages,56,0.0,1.0,1,2
2016,NonResidential,Other,2,GREATER DUWAMISH,47.55523,-122.33448,1.0,1,22622,0,22622,Manufacturing/Industrial Plant,23000.0,,,,,774075.6875,False,Mono-usage,89,0.0,1.0,0,1
2016,NonResidential,Small- and Mid-Sized Office,3,EAST,47.61543,-122.32657,1.0,3,27544,0,27544,Office,22365.0,Parking,3744.0,,,1031667.5,False,Multi-usages,99,0.0,1.0,1,2
2016,NonResidential,Small- and Mid-Sized Office,7,DOWNTOWN,47.61161,-122.34592,1.0,7,47415,0,47415,Office,25884.0,Parking,7000.0,Multifamily Housing,5713.0,1478979.25,False,Multi-usages,27,0.0,1.0,1,4
2016,NonResidential,Other,7,MAGNOLIA / QUEEN ANNE,47.63644,-122.34218,1.0,3,22960,0,22960,Other - Entertainment/Public Assembly,22960.0,,,,,2266983.0,False,Mono-usage,55,0.0,1.0,0,1
2016,NonResidential,Supermarket / Grocery Store,3,EAST,47.62048,-122.31386,1.0,1,44739,0,44739,Supermarket/Grocery Store,44739.0,Parking,0.0,,,14585813.0,False,Multi-usages,18,0.0,1.0,1,2
2016,NonResidential,Mixed Use Property,4,NORTHEAST,47.66816,-122.27706,1.0,1,22778,0,22778,Retail Store,21194.0,Office,12923.0,Restaurant,3720.0,2470566.0,False,Multi-usages,68,0.0,1.0,1,5
2016,NonResidential,Worship Facility,6,BALLARD,47.68517,-122.38733,1.0,2,21562,0,21562,Worship Facility,21052.0,Pre-school/Daycare,400.0,,,866806.0,False,Multi-usages,60,0.0,1.0,1,2
2016,NonResidential,Other,3,CENTRAL,47.62322,-122.29006,1.0,1,25753,0,25753,Other - Entertainment/Public Assembly,25753.0,,,,,1378130.25,False,Mono-usage,57,0.0,1.0,0,1
2016,NonResidential,Other,3,EAST,47.62816,-122.28067,1.0,3,71280,0,71280,Other - Recreation,71280.0,,,,,22767828.0,False,Mono-usage,88,0.0,1.0,0,1
2016,NonResidential,Senior Care Community,3,EAST,47.63429,-122.27652,1.0,16,153312,0,153312,Senior Care Community,148590.0,Parking,72317.0,Worship Facility,4722.0,20628680.0,False,Multi-usages,53,0.0,1.0,1,3
2016,NonResidential,Mixed Use Property,7,DOWNTOWN,47.61811,-122.33908,1.0,19,1206670,201857,1004813,Office,319361.0,Multifamily Housing,181047.0,Parking,177210.0,27684480.0,False,Multi-usages,7,0.1672843445183853,0.8327156554816147,1,4
2016,NonResidential,Worship Facility,2,SOUTHEAST,47.53857,-122.28026,1.0,1,24200,0,24200,Worship Facility,24200.0,Parking,0.0,,,826488.6875,False,Multi-usages,48,0.0,1.0,1,2
2016,NonResidential,Residence Hall,7,MAGNOLIA / QUEEN ANNE,47.63651,-122.34418,1.0,4,23513,2211,21302,Residence Hall/Dormitory,15200.0,Office,2600.0,Social/Meeting Hall,1800.0,1740568.25,False,Multi-usages,35,0.09403308807893505,0.9059669119210649,1,5
2016,NonResidential,Self-Storage Facility,1,DELRIDGE,47.56785,-122.37039,1.0,3,66610,0,66610,Self-Storage Facility,66720.0,,,,,640377.0,False,Mono-usage,22,0.0,1.0,0,1
2016,NonResidential,Other,2,GREATER DUWAMISH,47.56774,-122.33289,1.0,1,36000,0,36000,Other,34000.0,Office,1400.0,,,3646053.75,False,Multi-usages,66,0.0,1.0,1,2
2016,NonResidential,K-12 School,5,NORTHWEST,47.71387,-122.3535,1.0,2,23222,0,23222,K-12 School,15006.0,,,,,1219863.125,False,Mono-usage,78,0.0,1.0,0,1
2016,NonResidential,Mixed Use Property,3,EAST,47.61426,-122.3253,1.0,2,24476,0,24476,Fitness Center/Health Club/Gym,7501.0,Office,5872.0,Retail Store,5375.0,2662054.25,False,Multi-usages,92,0.0,1.0,1,6
2016,NonResidential,Retail Store,3,EAST,47.61386,-122.32481,0.0,2,24750,0,24750,Retail Store,19240.0,Office,2050.0,Medical Office,1250.0,782343.8125,False,Multi-usages,106,0.0,1.0,1,3
2016,NonResidential,K-12 School,3,EAST,47.61339,-122.32594,1.0,3,60000,0,60000,K-12 School,48783.0,,,,,3625407.5,False,Mono-usage,112,0.0,1.0,0,1
2016,NonResidential,Other,3,EAST,47.61449,-122.32592,1.0,2,46560,0,46560,Other - Entertainment/Public Assembly,46560.0,,,,,690557.6875,False,Mono-usage,62,0.0,1.0,0,1
2016,NonResidential,Other,7,MAGNOLIA / QUEEN ANNE,47.63303,-122.34268,1.0,3,30408,0,30408,Bank Branch,25000.0,Parking,5408.0,,,1440554.25,False,Multi-usages,36,0.0,1.0,1,2
2016,NonResidential,Small- and Mid-Sized Office,7,MAGNOLIA / QUEEN ANNE,47.63439,-122.34078,1.0,3,30109,0,30109,Office,28400.0,Parking,7200.0,,,1465795.75,False,Multi-usages,96,0.0,1.0,1,2
2016,NonResidential,Small- and Mid-Sized Office,7,MAGNOLIA / QUEEN ANNE,47.63985,-122.36712,1.0,2,25481,0,25481,Office,25481.0,,,,,917100.3125,False,Mono-usage,56,0.0,1.0,0,1
2016,NonResidential,Senior Care Community,2,SOUTHEAST,47.53515,-122.26556,1.0,1,141297,0,141297,Senior Care Community,141297.0,,,,,19423344.0,False,Mono-usage,49,0.0,1.0,0,1
2016,NonResidential,Small- and Mid-Sized Office,7,LAKE UNION,47.62298,-122.33082,1.0,2,27788,0,27788,Office,32610.0,Other - Restaurant/Bar,4874.0,,,2119806.25,False,Multi-usages,104,0.0,1.0,1,2
2016,NonResidential,Hotel,5,NORTHWEST,47.729,-122.34473,1.0,4,41704,8584,33120,Hotel,41704.0,,,,,1943899.25,False,Mono-usage,26,0.20583157490888165,0.7941684250911184,0,1
2016,NonResidential,Warehouse,2,GREATER DUWAMISH,47.56683,-122.33358,1.0,2,22324,0,22324,Non-Refrigerated Warehouse,21000.0,,,,,588856.125,False,Mono-usage,75,0.0,1.0,0,1
2016,NonResidential,Other,2,GREATER DUWAMISH,47.5661,-122.33358,1.0,2,31360,0,31360,Other - Entertainment/Public Assembly,32000.0,,,,,1725108.25,False,Mono-usage,70,0.0,1.0,0,1
2016,NonResidential,Mixed Use Property,2,GREATER DUWAMISH,47.56555,-122.33362,1.0,1,30496,0,30496,Retail Store,14344.0,Manufacturing/Industrial Plant,10272.0,Office,8012.0,1992158.25,False,Multi-usages,69,0.0,1.0,1,3
2016,NonResidential,Small- and Mid-Sized Office,3,EAST,47.61545,-122.3238,1.0,3,27600,0,27600,Office,13175.0,Retail Store,9175.0,,,1072151.375,False,Multi-usages,94,0.0,1.0,1,2
2016,NonResidential,Senior Care Community,6,Northwest,47.66312,-122.35311,1.0,2,55974,0,55974,Senior Care Community,56000.0,,,,,6135173.0,False,Mono-usage,55,0.0,1.0,0,1
2016,NonResidential,Senior Care Community,5,NORTH,47.70883,-122.28887,1.0,1,22583,0,22583,Senior Care Community,22583.0,,,,,1981360.0,False,Mono-usage,62,0.0,1.0,0,1
2016,NonResidential,Small- and Mid-Sized Office,4,LAKE UNION,47.66117,-122.3391,0.0,3,31686,7358,24328,Office,25927.0,Parking,6750.0,Food Service,3743.0,2305643.5,False,Multi-usages,19,0.23221612068421385,0.7677838793157862,1,4
2016,NonResidential,Small- and Mid-Sized Office,4,LAKE UNION,47.6483,-122.33438,1.0,3,26694,6034,20660,Office,24914.0,Parking,4720.0,,,720170.6875,False,Multi-usages,35,0.22604330561174796,0.773956694388252,1,2
2016,NonResidential,Warehouse,5,NORTHWEST,47.70833,-122.34429,1.0,1,29400,0,29400,Non-Refrigerated Warehouse,25000.0,,,,,227509.5,False,Mono-usage,44,0.0,1.0,0,1
2016,NonResidential,Hotel,2,GREATER DUWAMISH,47.54774,-122.32091,1.0,3,22452,0,22452,Hotel,22452.0,,,,,1244150.0,False,Mono-usage,24,0.0,1.0,0,1
2016,NonResidential,Other,4,NORTHEAST,47.66148,-122.31279,1.0,2,25767,0,25767,Bank Branch,17434.0,,,,,1581352.75,False,Mono-usage,104,0.0,1.0,0,1
2016,NonResidential,Retail Store,4,NORTHEAST,47.66188,-122.31279,1.0,4,33910,0,33910,Retail Store,14585.0,Office,14462.0,,,1822834.25,False,Multi-usages,63,0.0,1.0,1,2
2016,NonResidential,Worship Facility,4,NORTHEAST,47.6645,-122.31224,1.0,2,78401,0,78401,Worship Facility,62400.0,Office,9940.0,K-12 School,4960.0,2462408.25,False,Multi-usages,89,0.0,1.0,1,4
2016,NonResidential,Warehouse,4,LAKE UNION,47.64748,-122.33435,1.0,2,78716,0,78716,Non-Refrigerated Warehouse,41275.0,Office,29399.0,Retail Store,6278.0,4103800.75,False,Multi-usages,37,0.0,1.0,1,4
2016,NonResidential,K-12 School,4,LAKE UNION,47.66389,-122.33692,1.0,2,33300,0,33300,K-12 School,30740.0,,,,,1594733.625,False,Mono-usage,106,0.0,1.0,0,1
2016,NonResidential,Supermarket / Grocery Store,4,LAKE UNION,47.66185,-122.33594,1.0,1,28808,0,28808,Supermarket/Grocery Store,31174.0,,,,,9232576.0,False,Mono-usage,59,0.0,1.0,0,1
2016,NonResidential,Small- and Mid-Sized Office,4,NORTHEAST,47.66345,-122.3134,1.0,1,27966,7004,20962,Office,20962.0,Parking,7004.0,,,1100499.75,False,Multi-usages,59,0.25044697132231997,0.74955302867768,1,2
2016,NonResidential,Supermarket / Grocery Store,4,NORTHEAST,47.66429,-122.31389,1.0,1,26226,0,26226,Supermarket/Grocery Store,25828.0,Parking,0.0,,,7588060.5,False,Multi-usages,66,0.0,1.0,1,2
2016,NonResidential,Mixed Use Property,4,NORTHEAST,47.6616,-122.31393,1.0,2,34948,15755,19193,Bank Branch,19183.0,Parking,19183.0,,,1159807.125,False,Multi-usages,40,0.4508126359162184,0.5491873640837817,1,2
2016,NonResidential,Small- and Mid-Sized Office,4,LAKE UNION,47.6342,-122.32661,1.0,3,37639,9999,27640,Office,20434.0,Laboratory,7557.0,,,6197824.5,False,Multi-usages,18,0.265655304338585,0.734344695661415,1,2
2016,NonResidential,Small- and Mid-Sized Office,7,DOWNTOWN,47.60102,-122.33378,1.0,4,22840,0,22840,Office,18400.0,Other,4440.0,,,881386.1875,True,Multi-usages,116,0.0,1.0,1,2
2016,NonResidential,Other,7,DOWNTOWN,47.60135,-122.33327,1.0,1,21420,0,21420,Museum,10420.0,Bar/Nightclub,5000.0,Supermarket/Grocery Store,2000.0,810636.875,False,Multi-usages,116,0.0,1.0,1,5
2016,NonResidential,Small- and Mid-Sized Office,7,DOWNTOWN,47.6011,-122.33197,1.0,1,20880,0,20880,Office,20880.0,,,,,683274.0,False,Mono-usage,116,0.0,1.0,0,1
2016,NonResidential,Mixed Use Property,7,DOWNTOWN,47.59938,-122.33197,1.0,3,26000,0,26000,Office,13000.0,Other - Entertainment/Public Assembly,13000.0,,,1063035.875,False,Multi-usages,50,0.0,1.0,1,2
2016,NonResidential,Small- and Mid-Sized Office,7,DOWNTOWN,47.59954,-122.33201,1.0,3,38675,0,38675,Office,12100.0,Restaurant,4281.0,,,1938776.75,False,Multi-usages,116,0.0,1.0,1,2
2016,Nonresidential COS,Small- and Mid-Sized Office,7,DOWNTOWN,47.59986,-122.33195,1.0,4,49951,0,49951,Office,32039.0,Other,24035.0,,,5134446.0,False,Multi-usages,87,0.0,1.0,1,2
2016,NonResidential,Medical Office,2,SOUTHEAST,47.5195,-122.26935,1.0,2,25880,0,25880,Medical Office,25880.0,,,,,1941728.75,False,Mono-usage,6,0.0,1.0,0,1
2016,NonResidential,Worship Facility,4,NORTHEAST,47.66517,-122.31037,1.0,3,41013,0,41013,Worship Facility,32098.0,Office,2310.0,,,1080821.0,False,Multi-usages,89,0.0,1.0,1,2
2016,NonResidential,Other,4,NORTHEAST,47.66453,-122.30999,1.0,2,21075,0,21075,Social/Meeting Hall,18075.0,Office,3000.0,,,1581036.75,False,Multi-usages,12,0.0,1.0,1,2
2016,NonResidential,Worship Facility,4,NORTHEAST,47.67842,-122.31949,1.0,3,46485,0,46485,Worship Facility,63922.0,,,,,1544995.75,False,Mono-usage,66,0.0,1.0,0,1
2016,NonResidential,Small- and Mid-Sized Office,6,NORTHWEST,47.67819,-122.3231,1.0,4,56896,0,56896,Office,40768.0,Parking,16128.0,,,1402048.5,False,Multi-usages,51,0.0,1.0,1,2
2016,NonResidential,Worship Facility,6,NORTHWEST,47.67783,-122.32577,1.0,2,27500,0,27500,Worship Facility,27500.0,,,,,577123.125,False,Mono-usage,38,0.0,1.0,0,1
2016,NonResidential,Small- and Mid-Sized Office,2,DOWNTOWN,47.59856,-122.33248,1.0,2,36630,0,36630,Office,22000.0,Distribution Center,11000.0,,,541943.3125,False,Multi-usages,86,0.0,1.0,1,2
2016,NonResidential,Small- and Mid-Sized Office,7,DOWNTOWN,47.59954,-122.33115,0.0,3,26830,0,26830,Office,16838.0,Other,10000.0,,,2099386.75,False,Multi-usages,116,0.0,1.0,1,2
2016,NonResidential,Small- and Mid-Sized Office,7,DOWNTOWN,47.59971,-122.33065,1.0,5,41920,0,41920,Office,41920.0,,,,,1103594.75,False,Mono-usage,110,0.0,1.0,0,1
2016,NonResidential,Small- and Mid-Sized Office,7,DOWNTOWN,47.60048,-122.33157,1.0,5,36879,0,36879,Office,44000.0,,,,,1537570.25,False,Mono-usage,111,0.0,1.0,0,1
2016,NonResidential,Other,7,DOWNTOWN,47.60055,-122.33057,1.0,6,29820,0,29820,Other - Lodging/Residential,29820.0,,,,,1601955.625,False,Mono-usage,112,0.0,1.0,0,1
2016,NonResidential,Small- and Mid-Sized Office,7,DOWNTOWN,47.60026,-122.3299,0.0,2,33640,0,33640,Office,27322.0,,,,,1078535.75,False,Mono-usage,111,0.0,1.0,0,1
2016,NonResidential,Warehouse,7,DOWNTOWN,47.59986,-122.32987,1.0,4,43484,0,43484,Non-Refrigerated Warehouse,26416.0,Retail Store,9531.0,Office,7537.0,1567040.75,False,Multi-usages,110,0.0,1.0,1,3
2016,NonResidential,Mixed Use Property,2,DOWNTOWN,47.599,-122.32717,1.0,3,22480,0,22480,Office,10800.0,Other,10800.0,Retail Store,7200.0,981009.125,False,Multi-usages,116,0.0,1.0,1,3
2016,NonResidential,Hotel,2,DOWNTOWN,47.5985,-122.32677,1.0,4,33018,0,33018,Hotel,23193.0,Retail Store,6165.0,,,4857581.5,False,Multi-usages,91,0.0,1.0,1,2
2016,NonResidential,Small- and Mid-Sized Office,2,DOWNTOWN,47.5962,-122.32548,1.0,2,26510,0,26510,Office,30800.0,,,,,987063.6875,False,Mono-usage,46,0.0,1.0,0,1
2016,NonResidential,Warehouse,4,LAKE UNION,47.65429,-122.32618,1.0,1,40028,0,40028,Non-Refrigerated Warehouse,33222.0,Retail Store,10208.0,Office,6200.0,942415.1875,False,Multi-usages,78,0.0,1.0,1,3
2016,NonResidential,Small- and Mid-Sized Office,4,LAKE UNION,47.65373,-122.32721,1.0,3,44510,18228,26282,Office,26282.0,Parking,18228.0,,,2188051.25,False,Multi-usages,9,0.40952594922489327,0.5904740507751067,1,2
2016,NonResidential,Worship Facility,5,NORTH,47.71705,-122.28577,1.0,1,21624,0,21624,Worship Facility,21624.0,,,,,666687.5,False,Mono-usage,62,0.0,1.0,0,1
2016,NonResidential,Small- and Mid-Sized Office,2,DOWNTOWN,47.59819,-122.32599,0.0,3,21600,0,21600,Office,11600.0,Restaurant,10000.0,,,1539176.625,False,Multi-usages,23,0.0,1.0,1,2
2016,NonResidential,Mixed Use Property,2,DOWNTOWN,47.59769,-122.32537,1.0,3,20620,0,20620,Multifamily Housing,10060.0,Retail Store,5280.0,Social/Meeting Hall,5280.0,747456.875,False,Multi-usages,107,0.0,1.0,1,3
2016,NonResidential,Hotel,2,DOWNTOWN,47.59983,-122.32598,1.0,5,40552,0,40552,Hotel,40552.0,,,,,1200180.875,False,Mono-usage,106,0.0,1.0,0,1
2016,NonResidential,Small- and Mid-Sized Office,2,DOWNTOWN,47.60105,-122.32542,1.0,3,31432,0,31432,Office,23059.0,Other,7125.0,Multifamily Housing,1248.0,1439572.375,False,Multi-usages,107,0.0,1.0,1,3
2016,NonResidential,Retail Store,2,DOWNTOWN,47.59935,-122.32468,1.0,2,24550,0,24550,Retail Store,13500.0,Office,11050.0,,,977230.3125,False,Multi-usages,99,0.0,1.0,1,2
2016,NonResidential,Other,3,CENTRAL,47.60285,-122.31458,1.0,3,25864,0,25864,Social/Meeting Hall,13364.0,Office,8420.0,,,1028277.313,False,Multi-usages,108,0.0,1.0,1,2
2016,NonResidential,Other,4,NORTHEAST,47.66192,-122.30998,1.0,3,20686,0,20686,Other - Lodging/Residential,20686.0,,,,,1207504.0,False,Mono-usage,92,0.0,1.0,0,1
2016,NonResidential,Residence Hall,4,NORTHEAST,47.6617,-122.31007,1.0,3,22124,0,22124,Residence Hall/Dormitory,22124.0,,,,,637685.0,False,Mono-usage,87,0.0,1.0,0,1
2016,NonResidential,Residence Hall,4,NORTHEAST,47.66289,-122.30863,1.0,3,27487,0,27487,Residence Hall/Dormitory,27487.0,,,,,1594504.875,False,Mono-usage,90,0.0,1.0,0,1
2016,NonResidential,Residence Hall,4,NORTHEAST,47.66164,-122.30874,1.0,4,23616,0,23616,Residence Hall/Dormitory,23616.0,,,,,1656420.25,False,Mono-usage,90,0.0,1.0,0,1
2016,NonResidential,Residence Hall,4,NORTHEAST,47.66238,-122.30801,1.0,3,33448,0,33448,Residence Hall/Dormitory,33448.0,,,,,998633.5,False,Mono-usage,40,0.0,1.0,0,1
2016,Nonresidential COS,Mixed Use Property,2,EAST,47.60153,-122.31986,0.0,2,29508,7120,22388,Other - Recreation,11074.0,Fitness Center/Health Club/Gym,8183.0,Parking,6569.0,2217620.0,False,Multi-usages,11,0.2412904974922055,0.7587095025077945,1,6
2016,NonResidential,Senior Care Community,3,CENTRAL,47.60133,-122.31088,1.0,2,74840,0,74840,Senior Care Community,74840.0,,,,,8268496.5,False,Mono-usage,29,0.0,1.0,0,1
2016,Nonresidential COS,Other,3,CENTRAL,47.60133,-122.31088,1.0,3,20992,0,20992,Performing Arts,24600.0,Social/Meeting Hall,4625.0,Other - Education,1665.0,2473302.0,False,Multi-usages,103,0.0,1.0,1,3
2016,NonResidential,K-12 School,3,CENTRAL,47.6032,-122.30596,1.0,2,22344,0,22344,K-12 School,22344.0,,,,,1522596.75,False,Mono-usage,91,0.0,1.0,0,1
2016,NonResidential,University,3,EAST,47.62531,-122.32303,1.0,3,31900,0,31900,College/University,26000.0,,,,,2466100.0,False,Mono-usage,95,0.0,1.0,0,1
2016,Nonresidential COS,Other,6,BALLARD,47.68475,-122.38257,1.0,2,29417,0,29417,Other - Recreation,18489.0,Fitness Center/Health Club/Gym,8946.0,Pre-school/Daycare,1445.0,1631479.125,False,Multi-usages,66,0.0,1.0,1,4
2016,NonResidential,Mixed Use Property,2,DOWNTOWN,47.59737,-122.32487,1.0,3,49299,0,49299,Office,24099.0,Multifamily Housing,23632.0,Restaurant,5320.0,4729846.5,False,Multi-usages,107,0.0,1.0,1,3
2016,NonResidential,Supermarket / Grocery Store,1,SOUTHWEST,47.58217,-122.38479,1.0,1,31841,0,31841,Supermarket/Grocery Store,30899.0,Office,942.0,,,13140574.0,False,Multi-usages,19,0.0,1.0,1,2
2016,NonResidential,Mixed Use Property,3,EAST,47.627,-122.29153,1.0,2,21036,0,21036,Parking,11021.0,Fitness Center/Health Club/Gym,8164.0,Office,7280.0,2735811.5,False,Multi-usages,28,0.0,1.0,1,5
2016,NonResidential,Mixed Use Property,4,NORTHEAST,47.66272,-122.31798,1.0,2,32928,0,32928,Parking,24288.0,Retail Store,16710.0,Office,16128.0,5652231.0,False,Multi-usages,17,0.0,1.0,1,4
2016,NonResidential,Worship Facility,4,NORTHEAST,47.66146,-122.2788,1.0,2,20039,0,20039,Worship Facility,20039.0,,,,,104722.2969,False,Mono-usage,62,0.0,1.0,0,1
2016,NonResidential,Warehouse,2,GREATER DUWAMISH,47.54761,-122.32759,1.0,1,44476,0,44476,Non-Refrigerated Warehouse,41256.0,,,,,1368120.5,False,Mono-usage,56,0.0,1.0,0,1
2016,NonResidential,Small- and Mid-Sized Office,2,GREATER DUWAMISH,47.54494,-122.32543,1.0,1,35017,0,35017,Office,19785.0,Non-Refrigerated Warehouse,10234.0,Parking,0.0,1295485.25,False,Multi-usages,47,0.0,1.0,1,3
2016,NonResidential,Residence Hall,4,NORTHEAST,47.66281,-122.30819,1.0,3,29084,0,29084,Residence Hall/Dormitory,26000.0,,,,,1632498.625,False,Mono-usage,66,0.0,1.0,0,1
2016,NonResidential,Worship Facility,3,SOUTHEAST,47.58671,-122.30201,1.0,2,22952,0,22952,Worship Facility,22962.0,Parking,0.0,,,470666.6875,False,Multi-usages,53,0.0,1.0,1,2
2016,NonResidential,Warehouse,2,GREATER DUWAMISH,47.54443,-122.32688,1.0,1,21040,0,21040,Non-Refrigerated Warehouse,21040.0,,,,,592088.125,False,Mono-usage,40,0.0,1.0,0,1
2016,NonResidential,Warehouse,2,GREATER DUWAMISH,47.54491,-122.32758,1.0,2,28032,0,28032,Non-Refrigerated Warehouse,30000.0,,,,,1321065.0,False,Mono-usage,65,0.0,1.0,0,1
2016,NonResidential,Distribution Center,2,GREATER DUWAMISH,47.54333,-122.32792,1.0,1,25620,0,25620,Distribution Center,25620.0,,,,,550324.1875,False,Mono-usage,42,0.0,1.0,0,1
2016,NonResidential,Warehouse,2,DOWNTOWN,47.59775,-122.32219,1.0,3,33238,0,33238,Non-Refrigerated Warehouse,33238.0,,,,,1632472.0,False,Mono-usage,24,0.0,1.0,0,1
2016,NonResidential,K-12 School,3,EAST,47.60745,-122.32542,1.0,4,27800,0,27800,K-12 School,11093.0,,,,,1181428.75,False,Mono-usage,104,0.0,1.0,0,1
2016,NonResidential,Large Office,7,DOWNTOWN,47.60331,-122.33389,1.0,6,706176,0,706176,Office,222807.0,Parking,78049.0,Bank Branch,5171.0,13270687.0,False,Multi-usages,16,0.0,1.0,1,3
2016,NonResidential,Supermarket / Grocery Store,1,SOUTHWEST,47.54427,-122.38609,1.0,1,33706,0,33706,Supermarket/Grocery Store,31746.0,,,,,8687690.0,False,Mono-usage,18,0.0,1.0,0,1
2016,NonResidential,Mixed Use Property,7,MAGNOLIA / QUEEN ANNE,47.65532,-122.37133,1.0,2,37600,0,37600,Non-Refrigerated Warehouse,18400.0,Other,16200.0,Office,3000.0,2171751.5,False,Multi-usages,55,0.0,1.0,1,3
2016,NonResidential,Other,3,EAST,47.61314,-122.32262,1.0,3,33708,0,33708,Other,33708.0,,,,,786324.0,False,Mono-usage,104,0.0,1.0,0,1
2016,NonResidential,Other,5,North,47.73368,-122.31366,1.0,2,47237,0,47237,Other,47661.0,,,,,5981430.0,False,Mono-usage,68,0.0,1.0,0,1
2016,NonResidential,Supermarket / Grocery Store,4,NORTHEAST,47.68217,-122.31675,1.0,1,76585,38585,38000,Supermarket/Grocery Store,41447.0,Parking,0.0,,,13906080.0,False,Multi-usages,19,0.5038192857609193,0.4961807142390808,1,2
2016,NonResidential,Worship Facility,4,NORTHEAST,47.66295,-122.31494,1.0,3,26373,0,26373,Worship Facility,26373.0,,,,,964236.0,False,Mono-usage,78,0.0,1.0,0,1
2016,NonResidential,Small- and Mid-Sized Office,3,CENTRAL,47.60207,-122.28481,6.0,2,75868,0,75868,Office,50379.0,Restaurant,12622.0,Retail Store,6662.0,3605749.75,False,Multi-usages,60,0.0,1.0,1,4
2016,NonResidential,Mixed Use Property,3,EAST,47.62164,-122.31238,1.0,2,21656,0,21656,Other - Entertainment/Public Assembly,5656.0,Other - Public Services,5561.0,Restaurant,5090.0,1607972.25,False,Multi-usages,69,0.0,1.0,1,5
2016,Nonresidential COS,Distribution Center,7,MAGNOLIA / QUEEN ANNE,47.63319,-122.36294,1.0,3,23040,0,23040,Distribution Center,23040.0,,,,,421430.0,False,Mono-usage,95,0.0,1.0,0,1
2016,NonResidential,Other,7,MAGNOLIA / QUEEN ANNE,47.63286,-122.36141,1.0,2,36771,0,36771,Other,34856.0,,,,,5447076.5,False,Mono-usage,60,0.0,1.0,0,1
2016,NonResidential,Warehouse,1,GREATER DUWAMISH,47.53104,-122.32784,1.0,1,24024,0,24024,Non-Refrigerated Warehouse,14314.0,Other - Services,9710.0,,,375773.5938,False,Multi-usages,39,0.0,1.0,1,2
2016,NonResidential,Warehouse,1,GREATER DUWAMISH,47.53326,-122.32579,1.0,1,42420,0,42420,Non-Refrigerated Warehouse,27420.0,Other,10000.0,Office,5000.0,965425.1875,False,Multi-usages,63,0.0,1.0,1,3
2016,NonResidential,Distribution Center,1,GREATER DUWAMISH,47.53379,-122.33063,1.0,1,36982,0,36982,Distribution Center,34382.0,Office,2600.0,,,374753.8125,False,Multi-usages,37,0.0,1.0,1,2
2016,NonResidential,Warehouse,1,GREATER DUWAMISH,47.53651,-122.32954,1.0,2,23400,0,23400,Non-Refrigerated Warehouse,20002.0,Office,3374.0,Parking,0.0,439266.9063,False,Multi-usages,52,0.0,1.0,1,3
2016,NonResidential,Other,7,MAGNOLIA / QUEEN ANNE,47.62518,-122.35317,1.0,2,30720,0,30720,Other,28120.0,Parking,1600.0,Office,1000.0,1683064.25,False,Multi-usages,68,0.0,1.0,1,3
2016,NonResidential,Warehouse,2,GREATER DUWAMISH,47.56626,-122.3244,1.0,1,23232,0,23232,Non-Refrigerated Warehouse,23232.0,,,,,127374.0,False,Mono-usage,44,0.0,1.0,0,1
2016,NonResidential,Warehouse,2,GREATER DUWAMISH,47.56501,-122.3248,1.0,1,35046,0,35046,Non-Refrigerated Warehouse,32546.0,,,,,1063269.125,False,Mono-usage,42,0.0,1.0,0,1
2016,NonResidential,Refrigerated Warehouse,2,GREATER DUWAMISH,47.56477,-122.32628,1.0,1,25577,0,25577,Refrigerated Warehouse,13349.0,Non-Refrigerated Warehouse,8228.0,Office,4000.0,895784.6875,False,Multi-usages,55,0.0,1.0,1,3
2016,NonResidential,Warehouse,2,GREATER DUWAMISH,47.56448,-122.32484,1.0,1,43380,0,43380,Non-Refrigerated Warehouse,42844.0,,,,,405062.0,False,Mono-usage,42,0.0,1.0,0,1
2016,NonResidential,Small- and Mid-Sized Office,4,LAKE UNION,47.65576,-122.34208,1.0,3,20410,0,20410,Office,20410.0,,,,,2720238.25,False,Mono-usage,21,0.0,1.0,0,1
2016,NonResidential,Small- and Mid-Sized Office,5,NORTHWEST,47.70349,-122.33424,1.0,3,24696,6300,18396,Office,18396.0,Parking,6300.0,,,624125.625,False,Multi-usages,33,0.25510204081632654,0.7448979591836735,1,2
2016,NonResidential,Worship Facility,5,NORTHWEST,47.71479,-122.32824,1.0,1,24955,0,24955,Worship Facility,24955.0,,,,,689803.0,False,Mono-usage,14,0.0,1.0,0,1
2016,NonResidential,Other,3,Central,47.62342,-122.29688,1.0,3,34074,0,34074,Other/Specialty Hospital,34074.0,,,,,8521989.0,False,Mono-usage,25,0.0,1.0,0,1
2016,NonResidential,Hotel,7,DOWNTOWN,47.60505,-122.3361,0.0,10,392552,22225,370327,Hotel,198400.0,Parking,52400.0,,,17457560.0,False,Multi-usages,10,0.05661670301004708,0.9433832969899529,1,2
2016,NonResidential,Worship Facility,5,North,47.71856,-122.32084,1.0,2,76475,0,76475,Worship Facility,45442.0,Other - Education,31033.0,,,1765813.625,False,Multi-usages,55,0.0,1.0,1,2
2016,NonResidential,K-12 School,5,North,47.71923,-122.32171,1.0,2,32961,0,32961,K-12 School,32961.0,,,,,1573155.0,False,Mono-usage,28,0.0,1.0,0,1
2016,Nonresidential COS,Other,6,NORTHWEST,47.6875,-122.35496,1.0,1,27376,14570,12806,Library,12806.0,Parking,0.0,,,1082920.125,False,Multi-usages,12,0.532218001168907,0.46778199883109295,1,2
2016,NonResidential,Other,3,Central,47.61796,-122.30847,1.0,3,25200,0,25200,Other - Lodging/Residential,25200.0,,,,,1242666.25,False,Mono-usage,105,0.0,1.0,0,1
2016,NonResidential,Supermarket / Grocery Store,5,North,47.70941,-122.31707,1.0,1,44755,0,44755,Supermarket/Grocery Store,46978.0,,,,,11521140.0,False,Mono-usage,20,0.0,1.0,0,1
2016,NonResidential,Other,3,EAST,47.61340332,-122.3203506,1.0,2,22320,0,22320,"Repair Services (Vehicle, Shoe, Locksmith, etc)",22320.0,,,,,209644.9063,False,Mono-usage,109,0.0,1.0,1,4
2016,NonResidential,Mixed Use Property,3,EAST,47.6139,-122.32034,1.0,3,24000,0,24000,Office,12000.0,Other,6000.0,Retail Store,6000.0,932083.5,False,Multi-usages,104,0.0,1.0,1,3
2016,NonResidential,Small- and Mid-Sized Office,3,EAST,47.61393,-122.31589,1.0,3,23422,0,23422,Office,23422.0,,,,,2701872.0,False,Mono-usage,96,0.0,1.0,0,1
2016,NonResidential,Other,3,EAST,47.61674,-122.31111,5.0,2,38879,11328,27551,Urgent Care/Clinic/Other Outpatient,38879.0,,,,,3371659.75,False,Mono-usage,41,0.2913655186604594,0.7086344813395407,0,1
2016,NonResidential,Mixed Use Property,3,EAST,47.61554,-122.31098,1.0,5,53034,14625,38409,Multifamily Housing,22486.0,Supermarket/Grocery Store,14257.0,Parking,13308.0,3392129.0,False,Multi-usages,18,0.2757664894218803,0.7242335105781197,1,3
2016,NonResidential,Warehouse,3,EAST,47.61481,-122.31536,1.0,2,23040,0,23040,Non-Refrigerated Warehouse,23040.0,,,,,79711.79688,False,Mono-usage,96,0.0,1.0,0,1
2016,NonResidential,Warehouse,3,EAST,47.61469,-122.31596,1.0,2,61880,0,61880,Non-Refrigerated Warehouse,61880.0,,,,,595936.5,False,Mono-usage,58,0.0,1.0,0,1
2016,NonResidential,Small- and Mid-Sized Office,3,EAST,47.61556,-122.32048,1.0,2,27938,0,27938,Office,13917.0,Retail Store,13188.0,,,1027394.313,False,Multi-usages,91,0.0,1.0,1,2
2016,NonResidential,Other,4,NORTHEAST,47.66386,-122.31715,1.0,2,21600,0,21600,Other - Services,32580.0,Retail Store,9650.0,,,1623657.0,False,Multi-usages,92,0.0,1.0,1,2
2016,Nonresidential COS,Other,4,NORTHEAST,47.66506,-122.31656,1.0,3,27908,0,27908,Other,21886.0,,,,,2028125.625,False,Mono-usage,87,0.0,1.0,0,1
2016,NonResidential,Retail Store,2,DOWNTOWN,47.59951,-122.32033,1.0,3,54969,0,54969,Retail Store,54969.0,,,,,3724098.25,False,Mono-usage,16,0.0,1.0,0,1
2016,NonResidential,K-12 School,3,CENTRAL,47.61395,-122.31253,1.0,2,36825,0,36825,K-12 School,44340.0,Worship Facility,10415.0,Social/Meeting Hall,4925.0,1755072.75,False,Multi-usages,65,0.0,1.0,1,4
2016,NonResidential,Small- and Mid-Sized Office,3,EAST,47.61546,-122.31195,1.0,3,25834,0,25834,Office,31822.0,,,,,2076289.625,False,Mono-usage,58,0.0,1.0,0,1
2016,NonResidential,Worship Facility,3,EAST,47.63193,-122.32126,1.0,1,37700,0,37700,Worship Facility,52225.0,,,,,3481727.5,False,Mono-usage,87,0.0,1.0,0,1
2016,NonResidential,Mixed Use Property,3,Central,47.61608,-122.30967,1.0,6,97229,0,97229,Multifamily Housing,45300.0,Parking,35973.0,Retail Store,16956.0,1021754.688,False,Multi-usages,12,0.0,1.0,1,3
2016,NonResidential,Small- and Mid-Sized Office,5,NORTHWEST,47.69898,-122.34162,1.0,3,25111,0,25111,Office,14256.0,Non-Refrigerated Warehouse,7850.0,Parking,0.0,954352.6875,False,Multi-usages,34,0.0,1.0,1,3
2016,NonResidential,Worship Facility,7,MAGNOLIA / QUEEN ANNE,47.64725,-122.39977,1.0,2,31805,0,31805,Worship Facility,31805.0,,,,,1641667.0,False,Mono-usage,63,0.0,1.0,0,1
2016,NonResidential,K-12 School,7,MAGNOLIA / QUEEN ANNE,47.64725,-122.39977,1.0,1,20811,0,20811,K-12 School,20811.0,,,,,1267348.5,False,Mono-usage,63,0.0,1.0,0,1
2016,Nonresidential COS,Warehouse,2,GREATER DUWAMISH,47.59393,-122.32211,1.0,2,22058,0,22058,Non-Refrigerated Warehouse,12644.0,Office,7286.0,,,1987334.75,False,Multi-usages,49,0.0,1.0,1,2
2016,NonResidential,Refrigerated Warehouse,2,GREATER DUWAMISH,47.56268,-122.32364,1.0,1,22890,0,22890,Refrigerated Warehouse,43452.0,Office,2890.0,,,10005787.0,False,Multi-usages,46,0.0,1.0,1,2
2016,NonResidential,Other,2,GREATER DUWAMISH,47.56166,-122.3237,1.0,5,36000,0,36000,Other,36000.0,,,,,1111293.75,False,Mono-usage,109,0.0,1.0,0,1
2016,NonResidential,Distribution Center,2,GREATER DUWAMISH,47.5616,-122.32603,1.0,1,28320,0,28320,Distribution Center,28320.0,Parking,0.0,,,4236396.5,False,Multi-usages,45,0.0,1.0,1,2
2016,NonResidential,Worship Facility,4,NORTHEAST,47.67816,-122.28998,1.0,1,29079,0,29079,Worship Facility,29079.0,,,,,861643.6875,False,Mono-usage,61,0.0,1.0,0,1
2016,NonResidential,Small- and Mid-Sized Office,3,EAST,47.63441,-122.28061,1.0,3,28848,9616,19232,Office,19232.0,Parking,9616.0,,,726917.5,False,Multi-usages,34,0.3333333333333333,0.6666666666666666,1,2
2016,NonResidential,Small- and Mid-Sized Office,6,Ballard,47.65564,-122.36191,1.0,2,20535,0,20535,Office,13600.0,Distribution Center,8200.0,,,1835804.0,False,Multi-usages,28,0.0,1.0,1,2
2016,NonResidential,Laboratory,7,MAGNOLIA / QUEEN ANNE,47.65223,-122.36147,1.0,2,43025,0,43025,Laboratory,29527.0,Other,13498.0,,,9393108.0,False,Multi-usages,31,0.0,1.0,1,2
2016,NonResidential,Warehouse,2,GREATER DUWAMISH,47.54769,-122.3251,1.0,1,30800,0,30800,Non-Refrigerated Warehouse,30800.0,,,,,485971.0,False,Mono-usage,51,0.0,1.0,0,1
2016,NonResidential,Mixed Use Property,3,EAST,47.59901628,-122.3315077,1.0,3,22168,0,22168,Multifamily Housing,11084.0,Other - Entertainment/Public Assembly,11084.0,,,1784385.25,False,Multi-usages,116,0.0,1.0,1,2
2016,NonResidential,Warehouse,2,GREATER DUWAMISH,47.59416,-122.3267,1.0,1,37400,0,37400,Non-Refrigerated Warehouse,27271.0,Supermarket/Grocery Store,5706.0,Distribution Center,4473.0,924192.6875,False,Multi-usages,94,0.0,1.0,1,3
2016,NonResidential,Large Office,2,DOWNTOWN,47.59666,-122.32768,1.0,11,268130,0,268130,Office,268130.0,,,,,15026352.0,False,Mono-usage,16,0.0,1.0,0,1
2016,NonResidential,Small- and Mid-Sized Office,2,DOWNTOWN,47.59706,-122.32813,1.0,11,68452,0,68452,Office,61665.0,Bank Branch,6787.0,,,3782378.25,False,Multi-usages,16,0.0,1.0,1,2
2016,NonResidential,Large Office,2,DOWNTOWN,47.59634,-122.32807,1.0,11,273185,0,273185,Office,281566.0,,,,,14709151.0,False,Mono-usage,16,0.0,1.0,0,1
2016,NonResidential,K-12 School,4,NORTHEAST,47.66368,-122.27324,1.0,3,97500,0,97500,K-12 School,97500.0,,,,,3736960.0,False,Mono-usage,92,0.0,1.0,0,1
2016,NonResidential,Small- and Mid-Sized Office,7,MAGNOLIA / QUEEN ANNE,47.62495,-122.36036,1.0,5,54015,0,54015,Office,54015.0,,,,,3020001.5,False,Mono-usage,34,0.0,1.0,0,1
2016,NonResidential,Restaurant,7,DOWNTOWN,47.60805,-122.33978,1.0,13,42000,0,42000,Other - Restaurant/Bar,26554.0,Other,15310.0,Strip Mall,7673.0,7798464.0,False,Multi-usages,31,0.0,1.0,1,4
2016,NonResidential,Large Office,7,DOWNTOWN,47.61706,-122.35141,0.0,24,119701,0,119701,Office,102878.0,Retail Store,16823.0,,,8382140.5,False,Multi-usages,34,0.0,1.0,1,2
2016,Nonresidential COS,Other,5,NORTH,47.71986,-122.29809,1.0,1,24697,0,24697,Library,15300.0,Other - Services,4717.0,,,1295685.75,False,Multi-usages,51,0.0,1.0,1,2
2016,NonResidential,University,3,CENTRAL,47.59677,-122.30172,2.0,1,57468,0,57468,College/University,67750.0,,,,,3543985.5,False,Mono-usage,3,0.0,1.0,0,1
2016,NonResidential,University,3,EAST,47.61808,-122.32175,1.0,5,84000,0,84000,College/University,84300.0,,,,,12184124.0,False,Mono-usage,10,0.0,1.0,0,1
2016,NonResidential,Retail Store,7,DOWNTOWN,47.6087,-122.33884,1.0,3,103000,0,103000,Retail Store,103000.0,,,,,5214621.5,False,Mono-usage,25,0.0,1.0,0,1
2016,NonResidential,Supermarket / Grocery Store,1,SOUTHWEST,47.56137,-122.38524,1.0,1,37864,0,37864,Supermarket/Grocery Store,37864.0,,,,,8025696.0,False,Mono-usage,8,0.0,1.0,0,1
2016,NonResidential,Supermarket / Grocery Store,3,EAST,47.62256,-122.32092,1.0,2,66497,0,66497,Supermarket/Grocery Store,66497.0,,,,,9290214.0,False,Mono-usage,66,0.0,1.0,0,1
2016,NonResidential,Retail Store,7,MAGNOLIA / QUEEN ANNE,47.62473,-122.34727,1.0,4,34010,0,34010,Retail Store,38428.0,,,,,3560614.25,False,Mono-usage,10,0.0,1.0,0,1
2016,NonResidential,Supermarket / Grocery Store,7,MAGNOLIA / QUEEN ANNE,47.62473,-122.34727,1.0,4,45980,0,45980,Supermarket/Grocery Store,45980.0,,,,,8305255.0,False,Mono-usage,10,0.0,1.0,0,1
2016,NonResidential,Retail Store,3,EAST,47.61378771,-122.3214255,0.0,3,45743,0,45743,Retail Store,45243.0,,,,,5313217.0,False,Mono-usage,20,0.0,1.0,0,1
2016,NonResidential,Other,3,CENTRAL,47.61674,-122.30207,1.0,1,45000,0,45000,Fitness Center/Health Club/Gym,45000.0,Swimming Pool,0.0,,,3505497.0,False,Multi-usages,25,0.0,1.0,1,2
2016,NonResidential,Other,2,GREATER DUWAMISH,47.59544,-122.33159,1.0,6,333698,0,333698,Parking,432903.0,Other - Entertainment/Public Assembly,333698.0,,,13730204.0,False,Multi-usages,17,0.0,1.0,1,2
2016,NonResidential,Warehouse,2,GREATER DUWAMISH,47.55066,-122.31787,1.0,4,72859,0,72859,Non-Refrigerated Warehouse,72859.0,,,,,1498457.875,False,Mono-usage,112,0.0,1.0,0,1
2016,NonResidential,Mixed Use Property,2,GREATER DUWAMISH,47.5823,-122.32937,1.0,3,21947,0,21947,Other,14877.0,Office,12023.0,Parking,4920.0,1554599.25,False,Multi-usages,12,0.0,1.0,1,3
2016,NonResidential,Warehouse,4,NORTHEAST,47.68454,-122.26235,1.0,0,384772,0,384772,Non-Refrigerated Warehouse,349953.0,Office,63872.0,,,15206762.0,False,Multi-usages,76,0.0,1.0,1,2
2016,NonResidential,Medical Office,4,NORTHEAST,47.6824,-122.26223,1.0,0,30287,0,30287,Medical Office,28050.0,,,,,2193115.0,False,Mono-usage,56,0.0,1.0,0,1
2016,NonResidential,Small- and Mid-Sized Office,4,NORTHEAST,47.68254,-122.26299,1.0,0,21931,0,21931,Office,31845.0,Office,31845.0,,,3947209.25,False,Multi-usages,56,0.0,1.0,0,1
2016,NonResidential,Small- and Mid-Sized Office,7,DOWNTOWN,47.60148,-122.33379,1.0,6,73102,0,73102,Office,92723.0,Parking,18364.0,,,4307238.5,False,Multi-usages,31,0.0,1.0,1,2
2016,NonResidential,Mixed Use Property,3,EAST,47.62256,-122.32092,1.0,2,140823,59401,81422,Parking,89820.0,Supermarket/Grocery Store,64000.0,Multifamily Housing,41014.0,2762846.0,False,Multi-usages,100,0.42181319812814666,0.5781868018718533,1,7
2016,Nonresidential COS,Mixed Use Property,2,GREATER DUWAMISH,47.57918,-122.32075,5.0,1,87458,0,87458,Office,41097.0,Distribution Center,39772.0,Other,6275.0,8475238.0,False,Multi-usages,50,0.0,1.0,1,4
2016,NonResidential,Supermarket / Grocery Store,5,NORTH,47.71864,-122.312,1.0,1,51400,0,51400,Supermarket/Grocery Store,51841.0,Parking,0.0,,,11702959.0,False,Multi-usages,5,0.0,1.0,1,2
2016,NonResidential,Small- and Mid-Sized Office,4,LAKE UNION,47.64779,-122.33352,1.0,1,26263,0,26263,Office,26263.0,,,,,1634669.375,False,Mono-usage,23,0.0,1.0,0,1
2016,Nonresidential COS,Other,2,GREATER DUWAMISH,47.54277,-122.31626,1.0,2,39212,0,39212,Other,39212.0,,,,,72370.39844,False,Mono-usage,110,0.0,1.0,0,1
2016,Nonresidential COS,Other,3,CENTRAL,47.60668,-122.30242,0.0,1,21400,0,21400,Other - Recreation,11737.0,Fitness Center/Health Club/Gym,9003.0,Swimming Pool,0.0,5170809.5,False,Multi-usages,48,0.0,1.0,1,3
2016,NonResidential,Laboratory,3,EAST,47.60427,-122.32311,1.0,8,178000,0,178000,Laboratory,181930.0,,,,,53166156.0,False,Mono-usage,16,0.0,1.0,0,1
2016,NonResidential,Large Office,2,GREATER DUWAMISH,47.5735,-122.32239,1.0,4,162157,0,162157,Office,88698.0,Other - Services,72726.0,,,40613740.0,False,Multi-usages,11,0.0,1.0,1,2
2016,NonResidential,Supermarket / Grocery Store,7,MAGNOLIA / QUEEN ANNE,47.6239,-122.35756,1.0,4,33997,0,33997,Supermarket/Grocery Store,33997.0,Parking,30000.0,,,8926736.0,False,Multi-usages,13,0.0,1.0,1,2
2016,NonResidential,Large Office,7,LAKE UNION,47.62037,-122.33627,1.0,11,526423,0,526423,Office,400536.0,Parking,182439.0,Other,7177.0,17463744.0,False,Multi-usages,4,0.0,1.0,1,3
2016,NonResidential,Mixed Use Property,7,DOWNTOWN,47.60121,-122.33518,1.0,6,74211,0,74211,Office,33279.0,Multifamily Housing,29878.0,Parking,8421.0,1357119.875,False,Multi-usages,114,0.0,1.0,1,3
2016,NonResidential,Warehouse,2,SOUTHEAST,47.51098,-122.27817,1.0,2,45700,0,45700,Non-Refrigerated Warehouse,293707.0,,,,,1544193.75,False,Mono-usage,28,0.0,1.0,0,1
2016,Nonresidential COS,Other,4,NORTHEAST,47.68212,-122.2633,8.0,0,502030,0,502030,Other - Recreation,564258.0,,,,,18470340.0,False,Mono-usage,87,0.0,1.0,0,1
2016,NonResidential,Other,5,NORTHWEST,47.71286,-122.33635,1.0,2,53575,0,53575,Urgent Care/Clinic/Other Outpatient,53575.0,,,,,31803568.0,False,Mono-usage,4,0.0,1.0,0,1
2016,NonResidential,Large Office,2,GREATER DUWAMISH,47.58995,-122.33472,1.0,6,157345,0,157345,Office,157345.0,,,,,11624548.0,False,Mono-usage,4,0.0,1.0,0,1
2016,NonResidential,Residence Hall,4,NORTHEAST,47.65642,-122.31475,1.0,5,136758,0,136758,Residence Hall/Dormitory,207017.0,,,,,6275367.5,False,Mono-usage,4,0.0,1.0,0,1
2016,NonResidential,Residence Hall,4,NORTHEAST,47.65599,-122.31385,1.0,7,192259,0,192259,Residence Hall/Dormitory,188118.0,Supermarket/Grocery Store,7000.0,,,8767617.0,False,Multi-usages,4,0.0,1.0,1,2
2016,Nonresidential COS,Other,1,GREATER DUWAMISH,47.53246,-122.33304,2.0,2,137138,0,137138,Other - Utility,138602.0,,,,,5475367.0,False,Mono-usage,4,0.0,1.0,0,1
2016,NonResidential,Other,3,EAST,47.60989,-122.32659,1.0,7,267470,0,267470,Other,160482.0,Hospital (General Medical & Surgical),106988.0,,,42584028.0,False,Multi-usages,4,0.0,1.0,1,2
2016,NonResidential,Hospital,4,NORTHEAST,47.66201,-122.28386,1.0,8,330000,0,330000,Hospital (General Medical & Surgical),241500.0,,,,,57764408.0,False,Mono-usage,3,0.0,1.0,0,1
2016,NonResidential,Retail Store,7,MAGNOLIA / QUEEN ANNE,47.62503,-122.35642,1.0,3,43832,0,43832,Retail Store,24588.0,Hotel,17558.0,Parking,1686.0,3886545.0,False,Multi-usages,98,0.0,1.0,1,3
2016,NonResidential,Other,1,SOUTHWEST,47.5596,-122.38459,1.0,6,146363,0,146363,Strip Mall,146363.0,,,,,11730555.0,False,Mono-usage,29,0.0,1.0,0,1
2016,NonResidential,Supermarket / Grocery Store,1,SOUTHWEST,47.57984,-122.38577,1.0,1,67263,0,67263,Supermarket/Grocery Store,67263.0,,,,,14697487.0,False,Mono-usage,5,0.0,1.0,0,1
2016,NonResidential,Large Office,7,DOWNTOWN,47.61156,-122.34401,1.0,13,354086,149326,204760,Office,193393.0,Parking,149326.0,Multifamily Housing,38225.0,13458948.0,False,Multi-usages,28,0.421722406421039,0.578277593578961,1,5
2016,NonResidential,Worship Facility,4,NORTHEAST,47.6709,-122.27054,1.0,2,70292,0,70292,Worship Facility,70292.0,,,,,1933811.625,False,Mono-usage,8,0.0,1.0,0,1
2016,NonResidential,Other,7,DOWNTOWN,47.61449,-122.33956,1.0,7,90679,35120,55559,Data Center,60000.0,Parking,30700.0,,,41680640.0,False,Multi-usages,41,0.3873002569503413,0.6126997430496587,1,2
2016,NonResidential,Laboratory,7,LAKE UNION,47.62351,-122.34135,0.0,8,339591,114010,225581,Laboratory,172793.0,Parking,139241.0,Convenience Store without Gas Station,294.0,41696464.0,False,Multi-usages,3,0.3357273897129194,0.6642726102870806,1,3
2016,NonResidential,Small- and Mid-Sized Office,3,CENTRAL,47.61432,-122.31257,1.0,6,52000,0,52000,Office,48159.0,,,,,342726.0938,False,Mono-usage,3,0.0,1.0,0,1
2016,NonResidential,K-12 School,3,EAST,47.61386,-122.32647,1.0,2,35780,0,35780,K-12 School,38000.0,,,,,2912264.0,False,Mono-usage,2,0.0,1.0,0,1
2016,NonResidential,Large Office,7,MAGNOLIA / QUEEN ANNE,47.63449,-122.37661,1.0,3,105061,28217,76844,Office,83533.0,Parking,28217.0,,,1363191.625,False,Multi-usages,3,0.26857730270985425,0.7314226972901458,1,2
2016,NonResidential,Small- and Mid-Sized Office,3,DOWNTOWN,47.59666,-122.31253,1.0,3,62662,14989,47673,Office,47000.0,,,,,2502131.0,False,Mono-usage,3,0.23920398327535028,0.7607960167246497,0,1
2016,NonResidential,Hotel,6,BALLARD,47.66629,-122.3826,1.0,4,62381,22948,39433,Hotel,60245.0,Parking,26067.0,Swimming Pool,0.0,3497215.5,False,Multi-usages,3,0.36786842147448745,0.6321315785255126,1,3
2016,NonResidential,Senior Care Community,3,Central,47.61885,-122.30341,1.0,6,79805,0,79805,Senior Care Community,79805.0,Parking,7000.0,,,7531325.0,False,Multi-usages,3,0.0,1.0,1,2
2016,NonResidential,K-12 School,5,NORTHWEST,47.73143,-122.32784,1.0,2,48925,0,48925,K-12 School,63500.0,,,,,1662054.125,False,Mono-usage,2,0.0,1.0,0,1
2016,Nonresidential COS,Other,7,MAGNOLIA / QUEEN ANNE,47.62082,-122.35251,0.0,1,29000,0,29000,Other,25100.0,,,,,2429214.0,False,Mono-usage,54,0.0,1.0,0,1
2016,NonResidential,Other,4,NORTHEAST,47.66246,-122.29898,1.0,6,305025,239252,65773,Lifestyle Center,318986.0,Medical Office,19909.0,,,25959642.0,False,Multi-usages,3,0.7843684943857061,0.21563150561429392,1,2
2016,NonResidential,Large Office,2,GREATER DUWAMISH,47.58872,-122.33475,1.0,7,333714,146687,187027,Office,191333.0,Parking,133432.0,,,4581493.0,False,Multi-usages,2,0.43955902359505444,0.5604409764049455,1,2
2016,NonResidential,Other,2,GREATER DUWAMISH,47.5843,-122.32229,1.0,2,56988,0,56988,Automobile Dealership,24520.0,Parking,0.0,,,544172.375,False,Multi-usages,2,0.0,1.0,1,2
2016,NonResidential,Other,1,DELRIDGE,47.51377011,-122.3432804,1.0,2,44162,0,44162,Pre-school/Daycare,44162.0,Parking,15761.0,,,1546484.875,False,Multi-usages,6,0.0,1.0,1,2
2016,Nonresidential COS,Other,2,SOUTHEAST,47.52472,-122.27074,1.0,1,53775,0,53775,Other - Recreation,35361.0,Fitness Center/Health Club/Gym,12689.0,Office,2110.0,12095818.0,False,Multi-usages,3,0.0,1.0,1,7
2016,NonResidential,Small- and Mid-Sized Office,3,EAST,47.61438,-122.32174,0.0,2,64820,0,64820,Office,37668.0,Movie Theater,11500.0,Vocational School,10000.0,2274296.75,False,Multi-usages,104,0.0,1.0,1,3
2016,NonResidential,University,3,EAST,47.61699,-122.32083,1.0,2,99765,0,99765,College/University,99765.0,,,,,3185005.25,False,Mono-usage,23,0.0,1.0,0,1
2016,NonResidential,University,3,EAST,47.61748356,-122.321853,1.0,3,428347,0,428347,College/University,472384.0,,,,,37022180.0,False,Mono-usage,91,0.0,1.0,0,1
2016,NonResidential,Hospital,3,EAST,47.60986,-122.32774,1.0,8,374466,0,374466,Hospital (General Medical & Surgical),1010135.0,,,,,163945984.0,False,Mono-usage,96,0.0,1.0,0,1
2016,NonResidential,Senior Care Community,7,DOWNTOWN,47.60898,-122.34213,1.0,3,197395,156000,41395,Senior Care Community,38800.0,Other - Public Services,3650.0,Office,586.0,2737534.5,False,Multi-usages,27,0.7902935737987284,0.20970642620127156,1,6
2016,NonResidential,Supermarket / Grocery Store,6,BALLARD,47.67034,-122.3873,1.0,8,41198,0,41198,Supermarket/Grocery Store,41198.0,,,,,7768057.5,False,Mono-usage,6,0.0,1.0,0,1
2016,Nonresidential COS,Other,2,GREATER DUWAMISH,47.59523,-122.32334,1.0,1,20993,0,20993,"Repair Services (Vehicle, Shoe, Locksmith, etc)",20983.0,,,,,923812.8125,False,Mono-usage,2,0.0,1.0,1,4
2016,NonResidential,Other,2,SOUTHEAST,47.5626,-122.29396,1.0,0,40265,0,40265,Pre-school/Daycare,40265.0,,,,,2159170.25,False,Mono-usage,7,0.0,1.0,0,1
2016,NonResidential,University,4,NORTHEAST,47.65395,-122.30584,1.0,4,58779,0,58779,College/University,58779.0,,,,,5000717.0,False,Mono-usage,47,0.0,1.0,0,1
2016,NonResidential,Residence Hall,4,NORTHEAST,47.65718,-122.31632,1.0,0,176225,0,176225,Residence Hall/Dormitory,176225.0,Parking,24000.0,,,4926695.0,False,Multi-usages,5,0.0,1.0,1,2
2016,NonResidential,University,4,NORTHEAST,47.65356,-122.30613,1.0,6,203030,0,203030,College/University,203030.0,,,,,51168308.0,False,Mono-usage,18,0.0,1.0,0,1
2016,NonResidential,Residence Hall,4,NORTHEAST,47.65577,-122.3153,1.0,0,166991,0,166991,Residence Hall/Dormitory,166991.0,,,,,15965859.0,False,Mono-usage,63,0.0,1.0,0,1
2016,NonResidential,Residence Hall,4,NORTHEAST,47.65447,-122.31733,1.0,0,89392,0,89392,Residence Hall/Dormitory,89392.0,,,,,6960904.5,False,Mono-usage,46,0.0,1.0,0,1
2016,NonResidential,Residence Hall,4,NORTHEAST,47.65176,-122.30756,1.0,0,97040,0,97040,Residence Hall/Dormitory,97040.0,,,,,3894142.5,False,Mono-usage,5,0.0,1.0,0,1
2016,NonResidential,Large Office,7,LAKE UNION,47.62384,-122.33941,1.0,6,427181,0,427181,Office,427181.0,Parking,169195.0,,,16371039.0,False,Multi-usages,2,0.0,1.0,1,2
2016,NonResidential,Self-Storage Facility,2,SOUTHEAST,47.57054,-122.29139,1.0,4,101580,14004,87576,Self-Storage Facility,87576.0,,,,,940844.6875,False,Mono-usage,2,0.13786178381571176,0.8621382161842882,0,1
2016,NonResidential,Other,4,NORTHEAST,47.66414,-122.31664,1.0,3,33648,0,33648,Parking,83600.0,Automobile Dealership,39000.0,,,1399581.625,False,Multi-usages,2,0.0,1.0,1,2
2016,NonResidential,Small- and Mid-Sized Office,3,EAST,47.61371,-122.31774,1.0,5,37873,0,37873,Office,25927.0,Parking,5834.0,Multifamily Housing,5160.0,2346692.5,False,Multi-usages,1,0.0,1.0,1,5
2016,NonResidential,Large Office,7,MAGNOLIA / QUEEN ANNE,47.62906,-122.34259,1.0,10,513816,0,513816,Office,359040.0,Parking,151658.0,Restaurant,1087.0,18760766.0,False,Multi-usages,1,0.0,1.0,1,3
2016,NonResidential,Hotel,7,DOWNTOWN,47.61665,-122.33261,1.0,14,144614,0,144614,Hotel,159500.0,,,,,5525072.5,False,Mono-usage,1,0.0,1.0,0,1
2016,NonResidential,Large Office,7,LAKE UNION,47.62146,-122.33976,1.0,12,480702,163260,317442,Office,341897.0,Parking,136594.0,,,12720069.0,False,Multi-usages,2,0.3396282936205799,0.6603717063794201,1,2
2016,NonResidential,Mixed Use Property,7,MAGNOLIA / QUEEN ANNE,47.66144,-122.38723,1.0,2,25532,0,25532,Office,11745.0,"Repair Services (Vehicle, Shoe, Locksmith, etc)",11745.0,,,627854.125,False,Multi-usages,2,0.0,1.0,1,5
2016,NonResidential,Other,2,GREATER DUWAMISH,47.58542,-122.32185,1.0,2,108036,0,108036,Parking,202171.0,Automobile Dealership,108036.0,,,4991893.5,False,Multi-usages,1,0.0,1.0,1,2
2016,NonResidential,Large Office,7,LAKE UNION,47.62263,-122.33976,1.0,12,483397,166208,317189,Office,342173.0,Parking,147597.0,,,13998638.0,False,Multi-usages,1,0.3438333295407295,0.6561666704592706,1,2
2016,Nonresidential COS,Large Office,7,LAKE UNION,47.62251,-122.3339,1.0,13,536697,197659,339038,Office,342838.0,Parking,202178.0,Retail Store,6313.200195,13239050.0,False,Multi-usages,2,0.36828787938073065,0.6317121206192693,1,3
2016,NonResidential,Hotel,4,LAKE UNION,47.65476,-122.34732,1.0,4,126823,41539,85284,Hotel,88157.0,Parking,41539.0,Swimming Pool,0.0,6042399.5,False,Multi-usages,2,0.3275352262602209,0.6724647737397791,1,3
2016,NonResidential,Warehouse,2,GREATER DUWAMISH,47.54425,-122.31776,1.0,1,52085,4222,47863,Non-Refrigerated Warehouse,52085.0,,,,,3605855.5,False,Mono-usage,61,0.08105980608620524,0.9189401939137948,0,1
2016,NonResidential,Small- and Mid-Sized Office,2,GREATER DUWAMISH,47.53161,-122.29944,1.0,2,24990,0,24990,Office,24990.0,,,,,4420650.5,False,Mono-usage,87,0.0,1.0,0,1
2016,NonResidential,Other,4,NORTHEAST,47.68109,-122.2618,1.0,1,72000,0,72000,Other - Recreation,72000.0,,,,,2925780.0,False,Mono-usage,3,0.0,1.0,0,1
2016,NonResidential,K-12 School,3,GREATER DUWAMISH,47.58831,-122.3065,1.0,3,45000,0,45000,K-12 School,45728.0,Parking,0.0,,,1325972.75,False,Multi-usages,1,0.0,1.0,1,2
2016,NonResidential,Mixed Use Property,7,LAKE UNION,47.62497,-122.33883,1.0,6,345290,85028,260262,Laboratory,151523.0,Office,106498.0,Parking,84002.0,39364116.0,False,Multi-usages,1,0.24625097743925395,0.753749022560746,1,6
2016,Nonresidential WA,University,4,NORTHEAST,47.66127,-122.31256,1.0,1,68072,0,68072,College/University,68916.0,,,,,3180819.25,False,Mono-usage,54,0.0,1.0,0,1
2016,Nonresidential COS,Mixed Use Property,5,NORTH,47.70541,-122.32232,1.0,1,20616,0,20616,Other - Recreation,9900.0,Fitness Center/Health Club/Gym,8577.0,Pre-school/Daycare,1364.0,636965.5,False,Multi-usages,11,0.0,1.0,1,5
2016,Nonresidential COS,Other,3,CENTRAL,47.59905,-122.29787,1.0,1,11685,0,11685,Prison/Incarceration,11685.0,,,,,851053.8125,False,Mono-usage,3,0.0,1.0,0,1
2016,Nonresidential COS,Other,6,BALLARD,47.6933,-122.37717,1.0,1,11968,0,11968,Prison/Incarceration,11968.0,,,,,783423.0,False,Mono-usage,6,0.0,1.0,0,1
2016,Nonresidential COS,Other,5,NORTH,47.72126,-122.29735,1.0,1,11285,0,11285,Prison/Incarceration,11285.0,,,,,645665.375,False,Mono-usage,67,0.0,1.0,0,1
2016,Nonresidential COS,Other,6,BALLARD,47.67295,-122.39228,1.0,1,16795,0,16795,Other - Recreation,8680.0,Fitness Center/Health Club/Gym,7014.0,Pre-school/Daycare,535.0,936616.5,False,Multi-usages,105,0.0,1.0,1,5
2016,Nonresidential COS,Other,6,BALLARD,47.67734,-122.37624,1.0,1,12769,0,12769,Other - Recreation,10912.0,Fitness Center/Health Club/Gym,1670.0,Office,187.0,5117308.5,False,Multi-usages,44,0.0,1.0,1,4
2016,Nonresidential COS,Office,7,MAGNOLIA / QUEEN ANNE,47.63572,-122.37525,1.0,1,13661,0,13661,Office,13661.0,,,,,502667.6875,True,Mono-usage,64,0.0,1.0,0,1
2016,Nonresidential COS,Other,3,EAST,47.63228,-122.31574,1.0,1,23445,0,23445,Other - Recreation,23445.0,,,,,5976246.0,False,Mono-usage,104,0.0,1.0,0,1
2016,Nonresidential COS,Mixed Use Property,3,CENTRAL,47.60775,-122.30225,1.0,1,20050,0,20050,Other - Recreation,8108.0,Fitness Center/Health Club/Gym,7726.0,Office,3779.0,1813404.0,False,Multi-usages,22,0.0,1.0,1,4
2016,Nonresidential COS,Office,2,SOUTHEAST,47.5644,-122.27813,1.0,1,15398,0,15398,Office,15398.0,,,,,387810.0,True,Mono-usage,56,0.0,1.0,0,1
2016,Nonresidential COS,Other,1,DELRIDGE NEIGHBORHOODS,47.54067,-122.37441,1.0,1,18261,0,18261,Other - Recreation,18261.0,,,,,932082.125,False,Mono-usage,34,0.0,1.0,0,1
2016,Nonresidential COS,Office,2,GREATER DUWAMISH,47.56722,-122.31154,1.0,1,12294,0,12294,Office,12294.0,,,,,849745.6875,True,Mono-usage,26,0.0,1.0,0,1
2016,Nonresidential COS,Other,2,DOWNTOWN,47.59625,-122.32283,1.0,1,16000,0,16000,Other - Recreation,16000.0,,,,,950276.1875,False,Mono-usage,12,0.0,1.0,0,1
2016,Nonresidential COS,Other,7,MAGNOLIA / QUEEN ANNE,47.63644,-122.35784,1.0,1,13157,0,13157,Other - Recreation,7583.0,Fitness Center/Health Club/Gym,5574.0,Swimming Pool,0.0,5765898.0,False,Multi-usages,42,0.0,1.0,1,3
2016,Nonresidential COS,Mixed Use Property,1,GREATER DUWAMISH,47.52832,-122.32431,1.0,1,14101,0,14101,Other - Recreation,6601.0,Fitness Center/Health Club/Gym,6501.0,Pre-school/Daycare,484.0,719471.1875,False,Multi-usages,27,0.0,1.0,1,5
2016,Nonresidential COS,Mixed Use Property,2,GREATER DUWAMISH,47.53939,-122.29536,1.0,1,18258,0,18258,Other - Recreation,8271.0,Fitness Center/Health Club/Gym,8000.0,Pre-school/Daycare,1108.0,1152896.25,False,Multi-usages,78,0.0,1.0,1,5
