OSEBuildingID,DataYear,BuildingType,PrimaryPropertyType,PropertyName,Address,City,State,ZipCode,TaxParcelIdentificationNumber,CouncilDistrictCode,Neighborhood,Latitude,Longitude,YearBuilt,NumberofBuildings,NumberofFloors,PropertyGFATotal,PropertyGFAParking,PropertyGFABuilding(s),ListOfAllPropertyUseTypes,LargestPropertyUseType,LargestPropertyUseTypeGFA,SecondLargestPropertyUseType,SecondLargestPropertyUseTypeGFA,ThirdLargestPropertyUseType,ThirdLargestPropertyUseTypeGFA,YearsENERGYSTARCertified,SiteEnergyUse(kBtu),ComplianceStatus,Outlier,usage_type
1,2016,NonResidential,Hotel,Mayflower park hotel,405 Olive way,Seattle,WA,98101.0,0659000030,7,DOWNTOWN,47.6122,-122.33799,1927,1.0,12,88434,0,88434,Hotel,Hotel,88434.0,,,,,,7226362.5,Compliant,,Mono-usage
2,2016,NonResidential,Hotel,Paramount Hotel,724 Pine street,Seattle,WA,98101.0,0659000220,7,DOWNTOWN,47.61317,-122.33393,1996,1.0,11,103566,15064,88502,"Hotel, Parking, Restaurant",Hotel,83880.0,Parking,15064.0,Restaurant,4622.0,,8387933.0,Compliant,,Multi-usages
3,2016,NonResidential,Hotel,5673-The Westin Seattle,1900 5th Avenue,Seattle,WA,98101.0,0659000475,7,DOWNTOWN,47.61393,-122.3381,1969,1.0,41,956110,196718,759392,Hotel,Hotel,756493.0,,,,,,72587024.0,Compliant,,Mono-usage
5,2016,NonResidential,Hotel,HOTEL MAX,620 STEWART ST,Seattle,WA,98101.0,0659000640,7,DOWNTOWN,47.61412,-122.33664,1926,1.0,10,61320,0,61320,Hotel,Hotel,61320.0,,,,,,6794584.0,Compliant,,Mono-usage
8,2016,NonResidential,Hotel,WARWICK SEATTLE HOTEL (ID8),401 LENORA ST,Seattle,WA,98121.0,0659000970,7,DOWNTOWN,47.61375,-122.34047,1980,1.0,18,175580,62000,113580,"Hotel, Parking, Swimming Pool",Hotel,123445.0,Parking,68009.0,Swimming Pool,0.0,,14172606.0,Compliant,,Multi-usages
9,2016,Nonresidential COS,Other,West Precinct,810 Virginia St,Seattle,WA,98101.0,0660000560,7,DOWNTOWN,47.61623,-122.33657,1999,1.0,2,97288,37198,60090,Police Station,Police Station,88830.0,,,,,,12086616.0,Compliant,,Mono-usage
10,2016,NonResidential,Hotel,Camlin,1619 9th Avenue,Seattle,WA,98101.0,0660000825,7,DOWNTOWN,47.6139,-122.33283,1926,1.0,11,83008,0,83008,Hotel,Hotel,81352.0,,,,,,5758795.0,Compliant,,Mono-usage
11,2016,NonResidential,Other,Paramount Theatre,911 Pine St,Seattle,WA,98101.0,0660000955,7,DOWNTOWN,47.61327,-122.33136,1926,1.0,8,102761,0,102761,Other - Entertainment/Public Assembly,Other - Entertainment/Public Assembly,102761.0,,,,,,6298131.5,Compliant,,Mono-usage
12,2016,NonResidential,Hotel,311wh-Pioneer Square,612 2nd Ave,Seattle,WA,98104.0,0939000080,7,DOWNTOWN,47.60294,-122.33263,1904,1.0,15,163984,0,163984,Hotel,Hotel,163984.0,,,,,,13723820.0,Compliant,,Mono-usage
15,2016,NonResidential,Hotel,Hotel Monaco Seattle,1101 4th Avenue,Seattle,WA,98101.0,0942000145,7,DOWNTOWN,47.60695,-122.33414,1969,1.0,11,153163,19279,133884,Hotel,Hotel,133884.0,,,,,,16016644.0,Compliant,,Mono-usage
16,2016,NonResidential,Hotel,5679-W Seattle,1112 Fourth Avenue,Seattle,WA,98101.0,0942000165,7,DOWNTOWN,47.60713,-122.33323,1998,1.0,25,333176,61161,272015,Hotel,Hotel,336640.0,,,,,,26941110.0,Compliant,,Mono-usage
17,2016,NonResidential,Hotel,Executive Pacific Plaza,400 Spring Street,Seattle,WA,98104.0,0942000210,7,DOWNTOWN,47.60699,-122.33346,1928,1.0,9,65009,0,65009,Hotel,Hotel,65009.0,,,,,,6596057.5,Compliant,,Mono-usage
18,2016,NonResidential,Hotel,Crowne Plaza Hotel Seattle,1113 6th Ave,Seattle,WA,98101.0,0942000235,7,DOWNTOWN,47.60809,-122.33212,1980,1.0,33,315952,57600,258352,"Hotel, Parking",Hotel,295511.0,Parking,57600.0,,,,22325364.0,Compliant,,Multi-usages
19,2016,NonResidential,Hotel,Hotel Vintage Seattle,1100 5th Avenue,Seattle,WA,98101.0,0942000265,7,DOWNTOWN,47.60755,-122.33244,1922,1.0,11,92190,25200,66990,"Hotel, Parking",Hotel,67390.0,Parking,25200.0,,,,10750010.0,Compliant,,Multi-usages
21,2016,Nonresidential COS,Other,The Seattle Public Library - Central Library,1000 Fourth Avenue,Seattle,WA,98154.0,0942000275,7,DOWNTOWN,47.60649,-122.33297,2004,1.0,11,412000,57000,355000,"Data Center, Library, Parking",Library,364913.0,Parking,49000.0,Data Center,1074.0,,18588860.0,Compliant,,Multi-usages
22,2016,NonResidential,Other,Downtown Seattle YMCA,909 4th Avenue,Seattle,WA,98104.0,0942000350,7,DOWNTOWN,47.60546,-122.33279,1930,1.0,6,103911,0,103911,"Fitness Center/Health Club/Gym, Office, Swimming Pool",Fitness Center/Health Club/Gym,90000.0,Office,40000.0,Swimming Pool,0.0,,9956396.0,Compliant,,Multi-usages
23,2016,NonResidential,Hotel,Renaissance Seattle Hotel,515 Madison Street,Seattle,WA,98104.0,0942000430,7,DOWNTOWN,47.60681,-122.33078,1983,1.0,28,416281,85000,331281,"Hotel, Parking",Hotel,348329.0,Parking,85000.0,,,,33556756.0,Compliant,,Multi-usages
24,2016,NonResidential,Mixed Use Property,The Rainier Club,820 4th Ave.,Seattle,WA,98104.0,0942000510,7,DOWNTOWN,47.60515,-122.33159,1907,1.0,5,57452,0,57452,"Office, Other, Other - Lodging/Residential, Restaurant, Social/Meeting Hall",Social/Meeting Hall,16442.0,Restaurant,15505.0,Office,9741.0,,7606084.5,Compliant,,Multi-usages
25,2016,NonResidential,Hotel,Arctic Club Seattle,700 3rd Ave,Seattle,WA,98104.0,0942000610,7,DOWNTOWN,47.60376,-122.33194,1916,1.0,10,104352,0,104352,Hotel,Hotel,104352.0,,,,,,10154608.0,Compliant,,Mono-usage
26,2016,NonResidential,Other,King County Courthouse,516 3RD AVE,Seattle,WA,98104.0,0942000860,7,DOWNTOWN,47.60265,-122.33051,1916,1.0,10,540360,0,540360,Courthouse,Courthouse,537150.0,,,,,,44984468.0,Compliant,,Mono-usage
27,2016,NonResidential,Other,King County Correctional Facility,500 5TH AVE,Seattle,WA,98104.0,0942001010,3,DOWNTOWN,47.60378,-122.32842,1985,1.0,19,385274,0,385274,Other,Other,385274.0,,,,,,47859812.0,Compliant,,Mono-usage
29,2016,NonResidential,Hotel,WATERTOWN HOTEL,4242 ROOSEVELT WAY NE,Seattle,WA,98105.0,1142000755,4,NORTHEAST,47.65959,-122.31755,2001,1.0,6,88592,30586,58006,"Hotel, Parking",Hotel,58006.0,Parking,30586.0,,,,3663534.5,Compliant,,Multi-usages
30,2016,NonResidential,University,Main Campus Center,1000 Lenora St.,Seattle,WA,98121.0,0660001420,7,DOWNTOWN,47.61816,-122.33629,1928,1.0,7,126593,0,126593,College/University,College/University,125000.0,,,,,,11343686.0,Compliant,,Mono-usage
31,2016,NonResidential,Other,Seattle Honda,1015 & 1017 Olive Way,Seattle,WA,98101.0,0660001725,7,DOWNTOWN,47.615,-122.33081,1930,1.0,2,67224,0,67224,Automobile Dealership,Automobile Dealership,67224.0,,,,,,1310236.625,Compliant,,Mono-usage
32,2016,NonResidential,Hotel,Homewood Suites,1011 Pike ST,Seattle,WA,98101.0,0660001832,7,EAST,47.61301,-122.32929,1991,1.0,8,158676,30301,128375,"Hotel, Parking, Retail Store, Swimming Pool",Hotel,112676.0,Parking,42000.0,Retail Store,4500.0,,5328051.5,Compliant,,Multi-usages
33,2016,NonResidential,Hotel,Marriott Springhill Suites (33),1800 Yale Ave,Seattle,WA,98101.0,0660002680,7,DOWNTOWN,47.61784,-122.32966,2001,1.0,10,171866,38281,133585,Hotel,Hotel,128909.0,,,,,,11061916.0,Compliant,,Mono-usage
35,2016,NonResidential,Hotel,Hotel Five,2200 5th ave,Seattle,WA,98121.0,0697000170,7,DOWNTOWN,47.61558,-122.34186,1978,1.0,5,68410,16200,52210,Hotel,Hotel,47994.0,,,,,,4456714.5,Compliant,,Mono-usage
38,2016,NonResidential,Small- and Mid-Sized Office,Good Shepherd Center,4649 Sunnyside Ave. N.,Seattle,WA,98070.0,0825049008,4,LAKE UNION,47.6641,-122.33118,1906,1.0,3,87262,0,87262,"K-12 School, Multifamily Housing, Office, Other - Entertainment/Public Assembly",Office,40943.0,K-12 School,18153.0,Other - Entertainment/Public Assembly,4307.0,,4145920.5,Compliant,,Multi-usages
40,2016,NonResidential,Hotel,Silver Cloud University,5036 25th Ave NE,Seattle,WA,98105.0,0925049117,4,NORTHEAST,47.66583,-122.29965,1994,1.0,4,81871,0,81871,Hotel,Hotel,81871.0,,,,,,6668568.5,Compliant,,Mono-usage
41,2016,NonResidential,Self-Storage Facility,08781-University Village,2746 Ne 45th St Suite 100,Seattle,WA,98105.0,0925049330,4,NORTHEAST,47.66172,-122.29598,1955,1.0,2,110356,0,110356,Self-Storage Facility,Self-Storage Facility,26225.0,,,,,,318364.8125,Compliant,,Mono-usage
46,2016,NonResidential,Warehouse,Seattle 11-13,3301 S NORFOLK ST,Seattle,WA,98118.0,0323049024,2,GREATER DUWAMISH,47.51138,-122.28875,1961,3.0,2,714095,0,714095,"Non-Refrigerated Warehouse, Office, Refrigerated Warehouse",Non-Refrigerated Warehouse,616000.0,Refrigerated Warehouse,276000.0,Office,71000.0,,44731160.0,Compliant,,Multi-usages
52,2016,NonResidential,Small- and Mid-Sized Office,SBC52,5305 Shilshole Ave NW,Seattle,WA,98107.0,0467000429,6,BALLARD,47.66587,-122.38476,1961,1.0,2,94900,0,94900,"Non-Refrigerated Warehouse, Office",Office,55586.0,Non-Refrigerated Warehouse,39314.0,,,,6186461.5,Compliant,,Multi-usages
53,2016,NonResidential,Small- and Mid-Sized Office,El Centro de la Raza,2524 16th Ave S,Seattle,WA,98144.0,0570000340,2,GREATER DUWAMISH,47.58034,-122.31132,1900,1.0,2,52554,0,52554,"Office, Other - Education",Office,51029.0,Other - Education,7849.0,,,,2951331.25,Compliant,,Multi-usages
54,2016,NonResidential,K-12 School,Blanchet High School,8200 Wallingford Ave. N,Seattle,WA,98103.0,0625049002,6,NORTHWEST,47.68891,-122.33553,1954,1.0,3,175015,0,175015,K-12 School,K-12 School,175015.0,,,,,,6994740.5,Compliant,,Mono-usage
55,2016,NonResidential,Self-Storage Facility,Vine Street,11 Vine Street,Seattle,WA,98121.0,0653000225,7,DOWNTOWN,47.61351,-122.35129,1911,1.0,3,70586,0,70586,"Office, Self-Storage Facility, Vocational School",Self-Storage Facility,38439.0,Vocational School,28197.0,Office,3859.0,,2158629.0,Compliant,,Multi-usages
56,2016,NonResidential,Hotel,Seattle Hilton Hotel,1301 Sixth Ave,Seattle,WA,98101.0,1975700040,7,DOWNTOWN,47.60946,-122.33337,1969,1.0,24,332210,205970,126240,Hotel,Hotel,348630.0,,,,,,16163194.0,Compliant,,Mono-usage
57,2016,NonResidential,Large Office,5th and Pine,413 Pine Street,Seattle,WA,98101.0,1975700200,7,DOWNTOWN,47.6113,-122.33659,1973,1.0,5,168115,0,168115,"Data Center, Office, Retail Store",Office,103362.0,Retail Store,65676.0,Data Center,493.0,2016,9536161.0,Compliant,,Multi-usages
58,2016,NonResidential,Other,1525 4th Avenue,1525 4th Ave,Seattle,WA,98101.0,1975700365,7,DOWNTOWN,47.61076,-122.33765,1920,1.0,2,57428,0,57428,"Other - Mall, Personal Services (Health/Beauty, Dry Cleaning, etc)",Other - Mall,51747.0,"Personal Services (Health/Beauty, Dry Cleaning, etc)",5681.0,,,,1247362.0,Compliant,,Multi-usages
59,2016,NonResidential,Small- and Mid-Sized Office,Gibraltar Tower,1520 3rd Ave,Seattle,WA,98101.0,1975700380,7,DOWNTOWN,47.61048,-122.33794,1910,1.0,8,59400,0,59400,"Office, Retail Store",Office,34947.0,Retail Store,4993.0,,,,5071974.0,Compliant,,Multi-usages
60,2016,NonResidential,Mixed Use Property,Mann Building,1401 3rd Avenue,Seattle,WA,98101.0,1975700525,7,DOWNTOWN,47.60886,-122.33744,1926,1.0,2,52549,0,52549,"Office, Other - Entertainment/Public Assembly, Restaurant",Other - Entertainment/Public Assembly,23500.0,Restaurant,23500.0,Office,5459.0,,15026196.0,Compliant,,Multi-usages
62,2016,NonResidential,Hotel,Roosevelt Hotel,1531 7th Ave,Seattle,WA,98101.0,1976700010,7,DOWNTOWN,47.61233,-122.33432,1930,1.0,20,98634,10043,88591,"Hotel, Parking, Restaurant",Hotel,83591.0,Parking,10043.0,Restaurant,5000.0,,4841347.5,Compliant,,Multi-usages
63,2016,NonResidential,Hotel,Sheraton Seattle Hotel,1400 6th Avenue,Seattle,WA,98101.0,1976700095,7,DOWNTOWN,47.61087,-122.33339,1982,1.0,34,994212,146694,847518,"Hotel, Parking, Swimming Pool",Hotel,994212.0,Parking,117668.0,Swimming Pool,0.0,,80469216.0,Compliant,,Multi-usages
65,2016,NonResidential,Hotel,Inn at the Market,86 Pine St,Seattle,WA,98101.0,1977200050,7,DOWNTOWN,47.60997,-122.34138,1985,1.0,7,71150,0,71150,"Hotel, Parking, Restaurant, Retail Store",Hotel,41340.0,Parking,13730.0,Retail Store,9604.0,,5348309.0,Compliant,,Multi-usages
66,2016,NonResidential,Hotel,Moore Hotel INC,1926 2nd Ave,Seattle,WA,98101.0,1977201035,7,DOWNTOWN,47.61155,-122.34114,1908,1.0,7,122810,0,122810,"Hotel, Other - Entertainment/Public Assembly, Retail Store",Hotel,88360.0,Other - Entertainment/Public Assembly,26450.0,Retail Store,8000.0,,5401277.5,Compliant,,Multi-usages
67,2016,NonResidential,Hotel,QUALITY INN,618 JOHN ST,Seattle,WA,98109.0,1991200730,7,LAKE UNION,47.61986,-122.34413,1959,1.0,5,113173,42546,70627,"Hotel, Parking",Hotel,70627.0,Parking,42546.0,,,,5284343.5,Compliant,,Multi-usages
68,2016,NonResidential,Hotel,Rainier Hospitality,211 Dexter Ave N,Seattle,WA,98109.0,1991200935,7,LAKE UNION,47.62001,-122.34274,2000,1.0,7,150453,34735,115718,Hotel,Hotel,107547.0,Restaurant,3000.0,,,2014,6715187.0,Compliant,,Multi-usages
69,2016,NonResidential,Hotel,Sequim Lodging Corp,226 Aurora Ave N,Seattle,WA,98109.0,1991200940,7,LAKE UNION,47.62025,-122.34314,1997,1.0,6,116300,28200,88100,Hotel,Hotel,88490.0,Parking,28300.0,,,,5827595.5,Compliant,,Multi-usages
70,2016,NonResidential,Hotel,Homewood Suites by Hilton Seattle Downtonw,206 Western Ave West,Seattle,WA,98119.0,1992200235,7,MAGNOLIA / QUEEN ANNE,47.62023,-122.35951,1998,1.0,6,155602,36744,118858,Hotel,Hotel,155602.0,,,,,,6836900.0,Compliant,,Mono-usage
73,2016,NonResidential,K-12 School,Seattle Hebrew Academy,1617 Interlaken Drive East,Seattle,WA,98136.0,2125049015,3,EAST,47.63442,-122.30793,1911,1.0,3,56072,0,56072,K-12 School,K-12 School,56072.0,,,,,,3234787.75,Compliant,,Mono-usage
77,2016,NonResidential,Hotel,Comfort Suites Seattle Center,601 Roy St,Seattle,WA,98109.0,2249000170,7,MAGNOLIA / QUEEN ANNE,47.62519,-122.34456,1999,1.0,4,122942,44891,78051,"Hotel, Parking",Hotel,78051.0,Parking,44891.0,,,,5337334.0,Compliant,,Multi-usages
82,2016,NonResidential,Small- and Mid-Sized Office,Dept of Social & Health Services,1700 E. Cherry St,Seattle,WA,98122.0,2254501944,3,CENTRAL,47.60823,-122.30956,1962,1.0,2,54984,0,54984,Office,Office,54984.0,,,,,,3375211.0,Compliant,,Mono-usage
84,2016,NonResidential,Senior Care Community,PSSA - The Mount,4831 35th Ave SW,Seattle,WA,98126.0,2324039001,1,SOUTHWEST,47.55837,-122.37751,1922,1.0,5,217603,0,217603,"Parking, Senior Care Community",Senior Care Community,296313.0,Parking,0.0,,,,42792072.0,Compliant,,Multi-usages
85,2016,NonResidential,Senior Care Community,Foss Home and Village,13023 Greenwood Ave. N,Seattle,WA,98133.0,2426039059,5,NORTHWEST,47.72426,-122.35599,1970,1.0,2,93397,0,93397,Senior Care Community,Senior Care Community,93397.0,,,,,,16402563.0,Compliant,,Mono-usage
86,2016,NonResidential,Hotel,SCCA - ALLIANCE HOUSE,207 Pontius Ave N,Seattle,WA,98109.0,2467400430,7,LAKE UNION,47.61988,-122.33211,2008,1.0,6,84103,20732,63371,"Hotel, Parking",Hotel,63371.0,Parking,20732.0,,,,3706100.25,Compliant,,Multi-usages
89,2016,NonResidential,Medical Office,Polyclinic North && South,1200 Harvard Ave,Seattle,WA,98122.0,1978201270,3,EAST,47.61244,-122.3214,1965,0.0,3,179014,0,179014,Medical Office,Medical Office,179014.0,,,,,,16701055.0,Compliant,,Mono-usage
95,2016,NonResidential,Hotel,Sorrento Hotel,900 Madison St.,Seattle,WA,98104.0,1979200270,3,EAST,47.60898,-122.32693,1908,1.0,7,76631,0,76631,Hotel,Hotel,76631.0,,,,,,7258758.5,Compliant,,Mono-usage
96,2016,NonResidential,Mixed Use Property,Central Seattle,921 Terry Ave.,Seattle,WA,98104.0,1979200290,3,EAST,47.60845,-122.32637,1983,1.0,6,99780,9341,90439,"Data Center, Medical Office, Non-Refrigerated Warehouse, Office, Other, Parking",Medical Office,40174.0,Parking,20868.0,Office,17020.0,,15473117.0,Compliant,,Multi-usages
98,2016,NonResidential,Retail Store,Firestone Store#012432,400 Westlake Ave N,Seattle,WA,98109.0,1983200230,7,LAKE UNION,47.62237,-122.33805,1929,1.0,2,58320,0,58320,Retail Store,Retail Store,72072.0,,,,,,1049748.625,Compliant,,Mono-usage
100,2016,NonResidential,Large Office,City Place III - SEDO,551 Boren Ave. North,Seattle,WA,98109.0,1983200325,7,LAKE UNION,47.62424,-122.33646,2010,1.0,5,316306,0,316306,"Office, Other, Parking, Retail Store",Office,261826.0,Parking,150726.0,Other,15139.0,,13795954.0,Compliant,,Multi-usages
102,2016,NonResidential,Hotel,Residence Inn Seattle - Lake Union,800 Fairview Ave. N,Seattle,WA,98109.0,1984200065,3,LAKE UNION,47.62642,-122.33325,1990,1.0,7,282863,44766,238097,"Hotel, Parking",Hotel,235788.0,Parking,51537.0,,,,19459304.0,Compliant,,Multi-usages
103,2016,Nonresidential COS,Other,Key Arena,334 1st Ave. N,Seattle,WA,98109.0,1985200003,7,MAGNOLIA / QUEEN ANNE,47.62208,-122.35398,1962,1.0,1,389000,0,389000,Other,Other,368000.0,,,,,,23658978.0,Compliant,,Mono-usage
104,2016,Nonresidential COS,Other,Bagley Wright Theatre,151 Mercer St.,Seattle,WA,98109.0,1985200003,7,MAGNOLIA / QUEEN ANNE,47.62208,-122.35398,1962,1.0,1,91213,0,91213,Other,Other,65000.0,,,,,,8141155.5,Compliant,,Mono-usage
106,2016,Nonresidential COS,Other,Armory,305 Harrison St.,Seattle,WA,98109.0,1985200305,7,MAGNOLIA / QUEEN ANNE,47.62208,-122.35398,1938,1.0,5,396085,0,396085,Other,Other,278500.0,,,,,,20955026.0,Compliant,,Mono-usage
107,2016,NonResidential,Large Office,City Place IV - SEDO,333 Boren Ave. N.,Seattle,WA,98109.0,1986200410,7,LAKE UNION,47.62112,-122.33629,2010,1.0,12,571329,0,571329,"Office, Other, Parking",Office,598801.0,Parking,310699.0,Other,26203.0,,39605888.0,Compliant,,Multi-usages
110,2016,Nonresidential COS,Other,Exhibition Hall,225 Mercer St.,Seattle,WA,98109.0,1988200440,7,MAGNOLIA / QUEEN ANNE,47.62395,-122.35077,1962,1.0,2,52000,0,52000,Other,Other,52000.0,,,,,,2726369.0,Compliant,,Mono-usage
111,2016,Nonresidential COS,Other,Mercer Arena,363 Mercer St.,Seattle,WA,98109.0,1988200700,7,MAGNOLIA / QUEEN ANNE,47.62395,-122.35077,1928,1.0,1,60696,0,60696,Other,Other,108000.0,,,,,,875943.3125,Compliant,,Mono-usage
112,2016,Nonresidential COS,Other,McCaw Hall,321 Mercer St.,Seattle,WA,98109.0,1988200700,7,MAGNOLIA / QUEEN ANNE,47.62395,-122.35143,1928,1.0,2,262048,0,262048,Other,Other,296000.0,,,,,,20723248.0,Compliant,,Mono-usage
113,2016,NonResidential,Small- and Mid-Sized Office,KCTS9,401 Mercer St,Seattle,WA,98109.0,1988200705,7,MAGNOLIA / QUEEN ANNE,47.62391,-122.34837,1986,0.0,2,66240,2352,63888,"Data Center, Distribution Center, Office, Parking, Retail Store",Office,45900.0,Data Center,5181.0,Distribution Center,4551.0,,4166306.25,Compliant,,Multi-usages
114,2016,NonResidential,Large Office,Bill and Melinda Gates Foundation,500 5th Ave N,Seattle,WA,98109.0,1988201155,7,MAGNOLIA / QUEEN ANNE,47.62419,-122.34443,2010,1.0,6,920598,303707,616891,"Office, Other, Parking",Office,729584.0,Parking,185014.0,Other,6000.0,,36667044.0,Compliant,,Multi-usages
115,2016,NonResidential,Small- and Mid-Sized Office,J.G. Scripps Building,221 1st Ave. W,Seattle,WA,98033.0,1989200850,7,MAGNOLIA / QUEEN ANNE,47.62053,-122.35842,1970,1.0,4,76213,25930,50283,"Office, Other, Parking",Office,48546.0,Parking,21454.0,Other,2406.0,,3476212.5,Compliant,,Multi-usages
116,2016,NonResidential,Hotel,MEDITERRANEAN INN (ID#116),425 queen anne ave N.,Seattle,WA,98109.0,1989201125,7,MAGNOLIA / QUEEN ANNE,47.62291,-122.35708,2002,1.0,6,96910,36934,59976,"Hotel, Parking",Hotel,59976.0,Parking,36934.0,,,,5155568.5,Compliant,,Multi-usages
117,2016,NonResidential,Hotel,UNIVERSITY INN,4140 ROOSEVELT WAY NE,Seattle,WA,98105.0,1142001871,4,NORTHEAST,47.65772,-122.31756,1962,2.0,4,50017,0,50017,"Hotel, Swimming Pool",Hotel,50017.0,Swimming Pool,0.0,,,,5448975.0,Compliant,,Multi-usages
119,2016,NonResidential,K-12 School,St. Joseph K-8 School,700 18th Ave. E.,Seattle,WA,98112.0,1336800825,3,EAST,47.62548,-122.30828,1923,1.0,3,67743,0,67743,K-12 School,K-12 School,67743.0,,,,,,2646879.0,Compliant,,Mono-usage
120,2016,NonResidential,K-12 School,Holy Names Academy,728 21st Ave East,Seattle,WA,98112.0,1338800660,3,EAST,47.62644,-122.30429,1908,1.0,6,194104,0,194104,K-12 School,K-12 School,194104.0,,,,,,6219841.5,Compliant,,Mono-usage
121,2016,NonResidential,Small- and Mid-Sized Office,2100 Building,2100 24th Ave S,Seattle,WA,98144.0,1498303116,3,SOUTHEAST,47.58408,-122.30125,2003,1.0,3,99433,35752,63681,"Office, Parking",Office,63681.0,Parking,35752.0,,,,4897760.0,Compliant,,Multi-usages
131,2016,NonResidential,Other,Lakeview,1208 NE 64th st,Seattle,WA,98115.0,1797500625,4,NORTHEAST,47.67524,-122.31534,1941,1.0,4,56521,0,56521,Other,Other,49000.0,,,,,,6357632.0,Compliant,,Mono-usage
132,2016,NonResidential,Other,Roosevelt Square,6417 Roosevelt Way NE # 18-28,Seattle,WA,98115.0,1797500715,4,NORTHEAST,47.67559,-122.31769,1929,1.0,2,206934,0,206934,"Other, Parking",Other,119146.0,Parking,0.0,,,,4253577.5,Compliant,,Multi-usages
136,2016,NonResidential,Hotel,Holiday Inn Express North Seattle Shoreline,14115 Aurora Ave N,Seattle,WA,98133.0,1926049012,5,NORTHWEST,47.73141,-122.3458,2001,1.0,4,51390,0,51390,"Hotel, Parking",Hotel,51390.0,Parking,0.0,,,,3611538.0,Compliant,,Multi-usages
139,2016,NonResidential,Hotel,7066-Seattle-Northgate,13300 Stone Avenue N,Seattle,WA,98133.0,1926049434,5,NORTHWEST,47.72551,-122.3423,2002,1.0,3,69138,0,69138,Hotel,Hotel,70609.0,,,,,,3242458.0,Compliant,,Mono-usage
144,2016,NonResidential,Hotel,Alexis Hotel,1007 First Ave.,Seattle,WA,98104.0,1974600035,7,DOWNTOWN,47.6048,-122.3368,1904,1.0,5,190980,0,190980,"Hotel, Parking",Hotel,190980.0,Parking,19051.0,,,,6505995.0,Compliant,,Multi-usages
145,2016,Nonresidential COS,Other,Benaroya Hall,200 University Street,Seattle,WA,98111.0,1974700025,7,DOWNTOWN,47.60804,-122.3367,1998,1.0,6,284100,0,284100,Other - Entertainment/Public Assembly,Other - Entertainment/Public Assembly,189750.0,,,,,,14641502.0,Compliant,,Mono-usage
147,2016,NonResidential,Hospital,Swedish Ballard,5300 Tallman Ave NW,Seattle,WA,98107.0,2767703875,6,BALLARD,47.66737,-122.37956,1954,4.0,5,285333,0,285333,"Hospital (General Medical & Surgical), Parking",Hospital (General Medical & Surgical),302661.0,Parking,148865.0,,,,68090728.0,Compliant,,Multi-usages
163,2016,Nonresidential COS,Other,Fire Station 10/FAC/EOC,105 5th Ave S,Seattle,WA,98104.0,5247801465,2,DOWNTOWN,47.60112,-122.32785,2006,1.0,4,61156,0,61156,"Office, Other",Other,42755.0,Office,29219.0,,,,9363374.0,Compliant,,Multi-usages
167,2016,NonResidential,Other,Wing Luke Museum,719 South King Street,Seattle,WA,98104.0,5247802715,2,DOWNTOWN,47.59809,-122.32283,1910,1.0,4,72820,13820,59000,Museum,Museum,58000.0,,,,,,2010454.625,Compliant,,Mono-usage
168,2016,NonResidential,Hotel,Hampton Inn Seattle Center,700 5th Ave N.,Seattle,WA,98109.0,5458300285,7,MAGNOLIA / QUEEN ANNE,47.62614,-122.3467,1996,1.0,4,162222,14200,148022,"Hotel, Parking",Hotel,113702.0,Parking,32692.0,,,,7946961.0,Compliant,,Multi-usages
170,2016,NonResidential,University,SCCC FINE ARTS BUILDING,801 E PINE ST,Seattle,WA,98122.0,6003000470,3,EAST,47.61495,-122.32177,1915,1.0,3,63330,0,63330,College/University,College/University,64820.0,,,,,,3059758.0,Compliant,,Mono-usage
173,2016,NonResidential,Small- and Mid-Sized Office,Seattle Children's Hospital 70th/Sand Point Way Administrative Offices,6901Sand Point Way NE,Seattle,WA,98115.0,6418100005,4,NORTHEAST,47.67828,-122.26456,2002,1.0,2,96300,0,96300,"Data Center, Office",Office,92300.0,Data Center,4944.0,,,,16319835.0,Compliant,,Multi-usages
174,2016,Nonresidential COS,Other,CSC Vehicle Maintenance (E),805 S Charles St,Seattle,WA,98134.0,6834700175,2,GREATER DUWAMISH,47.59545,-122.32146,1950,1.0,1,67356,0,67356,"Repair Services (Vehicle, Shoe, Locksmith, etc)","Repair Services (Vehicle, Shoe, Locksmith, etc)",68359.0,,,,,,7475577.5,Compliant,,Mono-usage
179,2016,NonResidential,Small- and Mid-Sized Office,Seattle's Union Gospel Mission - Admin,3800 S Othello St,Seattle,WA,98118.0,7378600265,2,GREATER DUWAMISH,47.53827,-122.28406,1958,1.0,1,54765,0,54765,"Office, Other",Office,25765.0,Other,25000.0,,,,4253369.5,Compliant,,Multi-usages
180,2016,NonResidential,Other,Hope Place,3802 S Othello St,Seattle,WA,98118.0,7378600265,2,GREATER DUWAMISH,47.53722,-122.284,2009,1.0,5,89821,0,89821,"Food Service, Office, Other - Lodging/Residential",Other - Lodging/Residential,46483.0,Office,37938.0,Food Service,4579.0,,1950092.5,Compliant,,Multi-usages
182,2016,NonResidential,University,Otto Miller Hall,3469 3rd Ave. W,Seattle,WA,98119.0,7443000070,7,MAGNOLIA / QUEEN ANNE,47.65147,-122.36122,1980,1.0,2,52611,0,52611,College/University,College/University,52611.0,,,,,,4116871.5,Compliant,,Mono-usage
183,2016,NonResidential,Residence Hall,Emerson Hall,500 W. Emerson,Seattle,WA,98119.0,7443000375,7,MAGNOLIA / QUEEN ANNE,47.65068,-122.36331,2001,1.0,4,139600,37500,102100,Residence Hall/Dormitory,Residence Hall/Dormitory,135520.0,,,,,,4448582.5,Compliant,,Mono-usage
187,2016,NonResidential,Other,Youth Services Center,1211 E Alder Street,Seattle,WA,98122.0,2908700085,3,CENTRAL,47.60462,-122.31549,1971,3.0,6,250981,0,250981,"Courthouse, Other",Other,137565.0,Courthouse,78357.0,,,,13071700.0,Compliant,,Multi-usages
338,2016,NonResidential,Other,Jack R. McDonald Building,1900 9th Ave.,Seattle,WA,98101.0,0660001215,7,DOWNTOWN,47.61598,-122.33448,2004,1.0,11,299070,68432,230638,Other,Other,250000.0,,,,,,65336980.0,Compliant,,Mono-usage
190,2016,NonResidential,Small- and Mid-Sized Office,Emerald Services,7343 E Marginal Way S,Seattle,WA,98108.0,2924049043,2,GREATER DUWAMISH,47.536,-122.31768,2007,1.0,3,64015,0,64015,"Non-Refrigerated Warehouse, Office, Other - Services",Office,30000.0,Non-Refrigerated Warehouse,15000.0,Other - Services,9015.0,,3242077.75,Compliant,,Multi-usages
194,2016,NonResidential,Retail Store,Northgate Mall,401 Northgate Way,Seattle,WA,98125.0,2926049025,5,NORTH,47.70759,-122.3255,1951,1.0,1,530039,0,530039,"Restaurant, Retail Store",Retail Store,505103.0,Restaurant,24936.0,,,,27717034.0,Compliant,,Multi-usages
195,2016,NonResidential,Other,Seattle-Northgate,10631 8th Ave NE,Seattle,WA,98125.0,2926049409,5,NORTH,47.7066,-122.321,1964,1.0,3,54224,0,54224,Other/Specialty Hospital,Other/Specialty Hospital,47012.0,,,,,,7265178.0,Compliant,,Mono-usage
197,2016,NonResidential,Retail Store,Nordstrom Northgate 002,401 NE Northgate Way,Seattle,WA,98125.0,2926049528,5,NORTH,47.70619,-122.32586,1965,1.0,4,124342,0,124342,Retail Store,Retail Store,122000.0,,,,,,8765978.0,Compliant,,Mono-usage
198,2016,NonResidential,Hospital,Seattle Children's Hospital Main Campus,4800 Sand Point Way NE,Seattle,WA,98105.0,2982800005,4,NORTHEAST,47.66231,-122.28146,1953,6.0,10,879000,0,879000,Hospital (General Medical & Surgical),Hospital (General Medical & Surgical),879000.0,,,,,,253832464.0,Compliant,,Mono-usage
200,2016,NonResidential,Other,Verity Credit Union,11027 Meridian N #102,Seattle,WA,98133.0,3026049024,5,NORTHWEST,47.70956,-122.3345,1996,1.0,3,55442,0,55442,"Financial Office, Medical Office, Parking",Financial Office,28636.0,Parking,15385.0,Medical Office,8644.0,,3191228.25,Compliant,,Multi-usages
209,2016,NonResidential,Self-Storage Facility,Madison Self Storage,1111 E. Madison,Seattle,WA,98122.0,3225049002,3,EAST,47.61233,-122.3171,1910,1.0,5,84870,0,84870,Self-Storage Facility,Self-Storage Facility,85521.0,,,,,,1381590.125,Compliant,,Mono-usage
215,2016,NonResidential,Warehouse,Rainier Bottling Plant,5628 Airport Way South,Seattle,WA,98108.0,3466800065,2,GREATER DUWAMISH,47.55152,-122.31869,1904,1.0,4,114297,0,114297,Non-Refrigerated Warehouse,Non-Refrigerated Warehouse,114297.0,,,,,,2100097.75,Compliant,,Mono-usage
220,2016,NonResidential,Warehouse,8109,4786 First Ave S,Seattle,WA,98134.0,3573700006,2,GREATER DUWAMISH,47.55901,-122.33328,1937,1.0,1,234144,0,234144,Non-Refrigerated Warehouse,Non-Refrigerated Warehouse,234144.0,,,,,,6744317.0,Compliant,,Mono-usage
223,2016,NonResidential,Retail Store,Westwood Village - Building A,2600 SW Barton St,Seattle,WA,98126.0,3624039009,1,DELRIDGE,47.52254,-122.36627,1966,1.0,1,64984,0,64984,Retail Store,Retail Store,65425.0,,,,,,2944296.25,Compliant,,Mono-usage
224,2016,NonResidential,Retail Store,Westwood Village - Building B,2600 SW Barton St,Seattle,WA,98126.0,3624039009,1,DELRIDGE,47.52254,-122.36627,1965,1.0,1,67745,0,67745,Retail Store,Retail Store,67782.0,,,,,,9230223.0,Compliant,,Mono-usage
228,2016,NonResidential,Other,Webster Building,3014 NW 67th St.,Seattle,WA,98117.0,3693901110,6,BALLARD,47.67767,-122.39631,1973,1.0,3,56000,0,56000,Other,Other,56000.0,,,,,,1851260.5,Compliant,,Mono-usage
230,2016,NonResidential,Self-Storage Facility,U-Haul Moving and Storage of West Seattle,6343 35th Ave SW,Seattle,WA,98126.0,3874900040,1,SOUTHWEST,47.54508,-122.37737,1969,1.0,2,52088,0,52088,Self-Storage Facility,Self-Storage Facility,52088.0,,,,,,1377519.5,Compliant,,Mono-usage
232,2016,NonResidential,Hotel,Silver Cloud Inn,1150 Fairview Ave N,Seattle,WA,98109.0,4088802955,3,LAKE UNION,47.62972,-122.32906,1998,1.0,5,123920,30000,93920,"Hotel, Parking, Swimming Pool",Hotel,123920.0,Parking,30000.0,Swimming Pool,0.0,,9373179.0,Compliant,,Multi-usages
233,2016,Nonresidential COS,Other,Armory Building,860 Terry Ave N,Seattle,WA,98109.0,4088803210,3,LAKE UNION,47.62759,-122.33661,1900,1.0,1,50000,0,50000,Museum,Museum,43000.0,,,,,,7548807.0,Compliant,,Mono-usage
234,2016,Nonresidential COS,Warehouse,SCL Roy Street Warehouse,802 Roy St,Seattle,WA,98109.0,4088803530,7,MAGNOLIA / QUEEN ANNE,47.62591,-122.34084,1926,1.0,2,50292,0,50292,"Non-Refrigerated Warehouse, Office, Other - Services, Residence Hall/Dormitory",Non-Refrigerated Warehouse,42345.0,Residence Hall/Dormitory,5000.0,Office,4730.0,,430473.6875,Compliant,,Multi-usages
235,2016,NonResidential,Hotel,311jk-Seattle Downtown/Lake Union CY,925 Westlake Ave North,Seattle,WA,98109.0,4088803586,7,MAGNOLIA / QUEEN ANNE,47.62782,-122.34045,1998,1.0,7,207656,54341,153315,Hotel,Hotel,141591.0,,,,,,11171988.0,Compliant,,Mono-usage
238,2016,Nonresidential COS,Small- and Mid-Sized Office,North Service Center,1300 N 97th ST,Seattle,WA,98103.0,4310701070,5,NORTHWEST,47.70044,-122.34136,1957,1.0,2,91130,0,91130,"Data Center, Distribution Center, Office, Other, Parking",Office,57968.0,Distribution Center,32881.0,Parking,11850.0,,9472358.0,Compliant,,Multi-usages
241,2016,NonResidential,Hotel,Hotel Nexus,2140 N. Northgate Way,Seattle,WA,98133.0,4468400005,5,NORTHWEST,47.70916,-122.33216,1968,1.0,4,64893,0,64893,Hotel,Hotel,64893.0,,,,,,6197825.0,Compliant,,Mono-usage
244,2016,NonResidential,Small- and Mid-Sized Office,Washington Park Building,76-80 S washington st,Seattle,WA,98104.0,5247800030,7,DOWNTOWN,47.60105,-122.33518,1900,1.0,3,44558,0,44558,"Office, Restaurant, Self-Storage Facility",Office,34416.0,Self-Storage Facility,7672.0,Restaurant,2470.0,,1677002.25,Compliant,,Multi-usages
245,2016,NonResidential,Other,CenturyLink,800 Occidental Ave. South,Seattle,WA,98134.0,7666204876,2,GREATER DUWAMISH,47.59544,-122.33159,1999,1.0,6,1585960,327680,1258280,"Other - Entertainment/Public Assembly, Parking",Other - Entertainment/Public Assembly,1585960.0,Parking,0.0,,,,59757440.0,Compliant,,Multi-usages
247,2016,Nonresidential COS,Distribution Center,SCL SSC Building A,3613 4th Ave S,Seattle,WA,98134.0,7666205660,2,GREATER DUWAMISH,47.57199,-122.32811,1924,1.0,2,179161,0,179161,"Data Center, Distribution Center, Office, Other",Distribution Center,117476.0,Office,37321.0,Other,25543.0,,9436408.0,Compliant,,Multi-usages
248,2016,Nonresidential COS,Warehouse,SCL SSC Building B,3613 4th Ave S,Seattle,WA,98134.0,7666205660,2,GREATER DUWAMISH,47.57199,-122.32811,1965,1.0,2,58640,0,58640,"Non-Refrigerated Warehouse, Office, Other, Other - Services",Non-Refrigerated Warehouse,40831.0,Other - Services,16735.0,Office,11533.0,,3928695.25,Compliant,,Multi-usages
249,2016,NonResidential,Other,Safeco Field,1250 First Avenue South,Seattle,WA,98134.0,7666206483,2,GREATER DUWAMISH,47.59085,-122.33354,1999,1.0,3,1172127,0,1172127,Other - Entertainment/Public Assembly,Other - Entertainment/Public Assembly,1172127.0,,,,,,58761304.0,Compliant,,Mono-usage
250,2016,NonResidential,Hotel,Silver Cloud Hotel - Stadium,1046 1st Ave S,Seattle,WA,98134.0,7666206720,2,GREATER DUWAMISH,47.59269,-122.33372,2005,1.0,9,168449,14567,153882,"Food Service, Hotel, Parking",Hotel,135006.0,Parking,20600.0,Food Service,9216.0,,12726789.0,Compliant,,Multi-usages
257,2016,NonResidential,Warehouse,Harbor Island: Warehouse E - DNRP-SWD,3235 16TH AVE SW,Seattle,WA,98134.0,7666703020,1,GREATER DUWAMISH,47.57507,-122.35747,1916,0.0,4,79600,0,79600,Non-Refrigerated Warehouse,Non-Refrigerated Warehouse,79600.0,,,,,,2411402.25,Compliant,,Mono-usage
263,2016,NonResidential,Other,Building 1,316 NE Thornton Place,Seattle,WA,98125.0,8632880000,5,NORTH,47.70281,-122.32532,2008,1.0,6,419848,335109,84739,"Fast Food Restaurant, Medical Office, Movie Theater, Parking, Retail Store",Parking,335109.0,Movie Theater,65000.0,Medical Office,13567.0,,9134963.0,Compliant,,Multi-usages
264,2016,NonResidential,Mixed Use Property,TriBeCa,516 1st Ave W,Seattle,WA,98119.0,8681450000,7,MAGNOLIA / QUEEN ANNE,47.6239,-122.35756,2002,1.0,4,110785,0,110785,"Financial Office, Multifamily Housing, Parking, Retail Store, Supermarket/Grocery Store",Multifamily Housing,58563.0,Supermarket/Grocery Store,48520.0,Parking,29839.0,,10557910.0,Compliant,,Multi-usages
267,2016,NonResidential,Hotel,Grand Hyatt Seattle,721 Pine St,Seattle,WA,98101.0,6792120000,7,DOWNTOWN,47.61275,-122.3333,1999,1.0,0,934292,0,934292,"Hotel, Other, Parking, Restaurant, Retail Store",Hotel,495536.0,Parking,438756.0,Restaurant,49700.0,,65047284.0,Compliant,,Multi-usages
268,2016,NonResidential,Hospital,Swedish Cherry Hill,500 17th Ave,Seattle,WA,98122.0,7942600331,3,CENTRAL,47.60705,-122.30966,1990,6.0,5,597519,0,597519,"Hospital (General Medical & Surgical), Parking",Hospital (General Medical & Surgical),601615.0,Parking,48607.0,,,,143423024.0,Compliant,,Multi-usages
274,2016,NonResidential,Warehouse,27020-Seattle / Stone Way North,3600 Stone Way North,Seattle,WA,98103.0,8033700250,4,LAKE UNION,47.65097,-122.34227,1991,1.0,3,75397,8161,67236,"Non-Refrigerated Warehouse, Parking",Non-Refrigerated Warehouse,67236.0,Parking,8161.0,,,,549181.375,Compliant,,Multi-usages
276,2016,NonResidential,Hospital,Harborview Medical Center,325 9th Ave.,Seattle,WA,98104.0,8590900220,3,EAST,47.60399,-122.32377,2000,9.0,8,1158691,0,1158691,"Hospital (General Medical & Surgical), Parking",Hospital (General Medical & Surgical),1350182.0,Parking,387651.0,,,,293090784.0,Compliant,,Multi-usages
278,2016,NonResidential,Senior Care Community,ID Village Square 1,802 S. Dearborn St.,Seattle,WA,98104.0,8592900105,2,DOWNTOWN,47.59626,-122.3218,1999,1.0,5,102796,12611,90185,"K-12 School, Medical Office, Office, Restaurant, Retail Store, Senior Care Community",Senior Care Community,55259.0,Medical Office,40091.0,K-12 School,3231.0,,10105379.0,Compliant,,Multi-usages
281,2016,NonResidential,K-12 School,University HTS Grade School,5031 University Way NE,Seattle,WA,98105.0,8816400900,4,NORTHEAST,47.66568,-122.31368,1928,1.0,2,55653,0,55653,K-12 School,K-12 School,55500.0,,,,,,1377627.0,Compliant,,Mono-usage
282,2016,NonResidential,Hotel,Hotel Deca,4507 Brooklyn Ave NE,Seattle,WA,98105.0,8817400055,4,NORTHEAST,47.66151,-122.31457,1931,1.0,16,106860,0,106860,Hotel,Hotel,106860.0,,,,,,11935719.0,Compliant,,Mono-usage
283,2016,NonResidential,Small- and Mid-Sized Office,Lake City Center,12360 Lake City Way NE,Seattle,WA,98125.0,8822900465,5,NORTH,47.71895,-122.29475,1972,1.0,5,50759,0,50759,"Office, Restaurant",Office,47079.0,Restaurant,3680.0,,,,3147042.0,Compliant,,Multi-usages
284,2016,NonResidential,Worship Facility,University Congregational United Church of Christ,4505 16TH AVE NE,Seattle,WA,98105.0,8823902255,4,NORTHEAST,47.66182,-122.31113,1952,1.0,2,56772,0,56772,Worship Facility,Worship Facility,56772.0,,,,,,2439484.75,Compliant,,Mono-usage
285,2016,NonResidential,Worship Facility,University Presbyterian Church,4540 15th Avenue NE,Seattle,WA,98105.0,8823902325,4,NORTHEAST,47.6626,-122.31164,1952,1.0,3,103000,0,103000,Worship Facility,Worship Facility,103000.0,,,,,,4854429.5,Compliant,,Mono-usage
293,2016,NonResidential,Other,ACT Theatre,700 Union St,Seattle,WA,98101.0,2141290000,7,DOWNTOWN,47.61103,-122.33238,1914,1.0,7,128766,0,128766,"Office, Other, Other - Entertainment/Public Assembly",Other - Entertainment/Public Assembly,109754.0,Other,12876.0,Office,6136.0,,6057410.0,Compliant,,Multi-usages
294,2016,NonResidential,Residence Hall,Women's Residence at Seneca,1118 5th Avenue,Seattle,WA,98101.0,2301950000,7,DOWNTOWN,47.6079,-122.33266,1913,1.0,9,107572,0,107572,"Office, Residence Hall/Dormitory, Retail Store",Residence Hall/Dormitory,63934.0,Office,27143.0,Retail Store,10568.0,,5572503.0,Compliant,,Multi-usages
295,2016,NonResidential,Other,1122 3rd Ave,1122 3rd Ave,Seattle,WA,98101.0,2302700000,7,DOWNTOWN,47.60699,-122.33481,1955,1.0,15,230880,0,230880,Other,Other,203000.0,,,,,,62197176.0,Compliant,,Mono-usage
302,2016,NonResidential,Other,Seattle ReadCntr (50/50),Readiness Center - Pier 91,Seattle,WA,98119.0,7666201147,7,MAGNOLIA / QUEEN ANNE,47.63965,-122.3783,1973,1.0,1,76086,0,76086,Other,Other,77810.0,,,,,,3267564.0,Compliant,,Mono-usage
313,2016,NonResidential,Medical Office,BMR-201 Elliott Avenue LLC,201 Elliott Avenue West,Seattle,WA,98119.0,7666202190,7,MAGNOLIA / QUEEN ANNE,47.61972,-122.36033,1927,1.0,5,190000,39000,151000,"Medical Office, Office",Medical Office,146741.0,Office,9805.0,,,,28731502.0,Compliant,,Multi-usages
314,2016,NonResidential,Hotel,Edgewater Seattle,2411 Alaskan Way,Seattle,WA,98121.0,7666202317,7,DOWNTOWN,47.6124,-122.35075,1961,1.0,4,122309,0,122309,Hotel,Hotel,122309.0,,,,,,25453690.0,Compliant,,Mono-usage
316,2016,NonResidential,Hotel,337v2-Seattle Waterfront Marriott,2100 Alaskan Way,Seattle,WA,98121.0,7666202345,7,DOWNTOWN,47.61069,-122.34653,2003,1.0,8,254273,38800,215473,Hotel,Hotel,277000.0,,,,,,26659244.0,Compliant,,Mono-usage
317,2016,Nonresidential COS,Other,Seattle Aquarium,1421 Alaskan Way,Seattle,WA,98101.0,7666202420,7,DOWNTOWN,47.60729,-122.34211,1980,1.0,2,69400,0,69400,Other - Entertainment/Public Assembly,Other - Entertainment/Public Assembly,69400.0,,,,,,14833476.0,Compliant,,Mono-usage
318,2016,NonResidential,Mixed Use Property,Pier 54,1001 Alaskan Way,Seattle,WA,98104.0,7666202495,7,DOWNTOWN,47.6041,-122.33958,1900,1.0,1,62900,0,62900,"Other, Restaurant, Retail Store",Restaurant,32494.0,Other,29793.0,Retail Store,3384.300049,,10394330.0,Compliant,,Multi-usages
319,2016,NonResidential,Small- and Mid-Sized Office,Daily Journal Building,83 Columbia St.,Seattle,WA,98104.0,7666202580,7,DOWNTOWN,47.60271,-122.33557,1914,1.0,4,56500,0,56500,"Office, Retail Store",Office,33000.0,Retail Store,7000.0,,,,1380293.625,Compliant,,Multi-usages
320,2016,NonResidential,Warehouse,(ID320) BMW SEATTLE - SERVICE CENTER,900 MAYNARD AVE S,Seattle,WA,98134.0,7666202725,2,GREATER DUWAMISH,47.59486,-122.32455,2008,1.0,4,203504,0,203504,"Non-Refrigerated Warehouse, Other - Services",Non-Refrigerated Warehouse,159372.0,Other - Services,44132.0,,,,3785282.5,Compliant,,Multi-usages
322,2016,NonResidential,Large Office,Cox Media Group Seattle KIRO TV (322),2801 3rd Ave,Seattle,WA,98121.0,0656000005,7,DOWNTOWN,47.61757,-122.35122,1968,0.0,3,100734,26731,74003,Office,Office,100734.0,,,,,,9788717.0,Compliant,,Mono-usage
323,2016,NonResidential,Small- and Mid-Sized Office,200 Cedar Street Building,200 Cedar Street,Seattle,WA,98121.0,0656000045,7,DOWNTOWN,47.61703,-122.35012,1981,1.0,4,77662,18504,59158,"Office, Parking",Office,62108.0,Parking,17570.0,,,,5007401.0,Compliant,,Multi-usages
324,2016,NonResidential,Large Office,Fourth and Battery,2401 Fourth Avenue,Seattle,WA,98121.0,0656000480,7,DOWNTOWN,47.61619,-122.34599,1978,1.0,12,234000,21790,212210,"Financial Office, Laboratory, Office, Parking",Office,173786.0,Laboratory,29865.0,Parking,25373.0,,18661606.0,Compliant,,Multi-usages
326,2016,NonResidential,Large Office,Westlake Tower,1601 5th Avenue,Seattle,WA,98101.0,9301500000,7,DOWNTOWN,47.61217,-122.33694,1989,1.0,25,369996,0,369996,"Office, Parking",Office,383942.0,Parking,127192.0,,,2012,24755086.0,Compliant,,Multi-usages
327,2016,NonResidential,Retail Store,Nordstrom 001,500 Pine Street,Seattle,WA,98101.0,0659000070,7,DOWNTOWN,47.61229,-122.33629,1925,1.0,10,693450,0,693450,"Office, Retail Store",Retail Store,361107.0,Office,332343.0,,,,40062888.0,Compliant,,Multi-usages
328,2016,NonResidential,Large Office,1600 Seventh,1600 7th Ave,Seattle,WA,98191.0,0659000165,7,DOWNTOWN,47.61316,-122.3343,1976,1.0,33,791396,0,791396,"Lifestyle Center, Office, Other, Parking, Restaurant",Office,622034.0,Parking,132465.0,Other,33110.0,20172015,40847752.0,Compliant,,Multi-usages
329,2016,NonResidential,Large Office,1700 Seventh Ave,1700 Seventh,Seattle,WA,98101.0,0659000235,7,DOWNTOWN,47.61399,-122.33523,2000,1.0,23,747747,205076,542671,"Office, Parking, Restaurant",Office,542461.0,Parking,219045.0,Restaurant,9337.0,2017201620152014201320122011201020092008,30985420.0,Compliant,,Multi-usages
330,2016,NonResidential,Small- and Mid-Sized Office,Lloyd building,603 Stewart Street,Seattle,WA,98101.0,0659000350,7,DOWNTOWN,47.61356,-122.33665,1926,1.0,10,63409,7757,55652,"Office, Retail Store",Office,45260.0,Retail Store,6187.0,,,,3444270.0,Compliant,,Multi-usages
331,2016,NonResidential,Large Office,The Tower Building,1809 7th Ave,Seattle,WA,98101.0,0659000365,7,DOWNTOWN,47.61375,-122.33566,1930,1.0,17,204790,30000,174790,"Office, Other - Recreation, Parking, Retail Store",Office,142034.0,Other - Recreation,17070.0,Retail Store,14666.0,201020092007,7739699.0,Compliant,,Multi-usages
332,2016,NonResidential,Small- and Mid-Sized Office,Times Square Building,414 Olive Street,Seattle,WA,98101.0,0659000385,7,DOWNTOWN,47.61256,-122.33808,1916,1.0,5,73399,0,73399,"Office, Retail Store",Office,51557.0,Retail Store,9976.0,,,,3757006.0,Compliant,,Multi-usages
333,2016,NonResidential,Large Office,Plaza 600,600 Stewart Street,Seattle,WA,98101.0,0659000555,7,DOWNTOWN,47.61391,-122.33725,1969,1.0,20,265851,32334,233517,"Office, Parking",Office,226454.0,Parking,29214.0,,,201720102007,14633233.0,Compliant,,Multi-usages
334,2016,NonResidential,Large Office,West 8th,2001 - 8th Avenue,Seattle,WA,98121.0,0659000750,7,DOWNTOWN,47.61578,-122.33726,2009,1.0,25,758043,228668,529375,"Office, Parking",Office,582725.0,Parking,191082.0,,,20162015,27018020.0,Compliant,,Multi-usages
335,2016,NonResidential,Large Office,Denny Building,2200 Sixth Avenue,Seattle,WA,98121.0,0660000080,7,DOWNTOWN,47.61641,-122.34112,1968,1.0,12,206000,0,206000,"Office, Parking",Office,161000.0,Parking,51250.0,,,,8580279.0,Compliant,,Multi-usages
336,2016,NonResidential,Large Office,1918 Eighth Avenue,1918 Eighth Avenue,Seattle,WA,98101.0,0660000650,7,DOWNTOWN,47.61555,-122.33582,2009,1.0,36,824887,154972,669915,"Office, Parking",Office,743562.0,Parking,161119.0,,,20172015,39523852.0,Compliant,,Multi-usages
337,2016,NonResidential,Large Office,1800 Ninth,1800 9th Avenue,Seattle,WA,98101.0,0660001135,7,DOWNTOWN,47.61516,-122.33303,1990,1.0,16,480840,141600,339240,"Fitness Center/Health Club/Gym, Office, Other, Parking, Restaurant",Office,311736.0,Parking,123356.0,Fitness Center/Health Club/Gym,18239.0,,17867002.0,Compliant,,Multi-usages
339,2016,NonResidential,Small- and Mid-Sized Office,Broderick Building,615 2nd Avenue,Seattle,WA,98104.0,0939000130,7,DOWNTOWN,47.60266,-122.33332,1900,1.0,7,89550,0,89550,"Office, Retail Store, Social/Meeting Hall",Office,64712.0,Retail Store,10058.0,Social/Meeting Hall,7030.0,,3903259.75,Compliant,,Multi-usages
340,2016,NonResidential,Small- and Mid-Sized Office,The Pioneer Building,600 First Ave,Seattle,WA,98104.0,0939000150,7,DOWNTOWN,47.60219,-122.33347,1900,1.0,6,89355,0,89355,"Office, Retail Store",Office,82355.0,Retail Store,7000.0,,,,4178233.5,Compliant,,Multi-usages
341,2016,NonResidential,Large Office,Dexter Horton Building,710 2nd Avenue,Seattle,WA,98104.0,0939000260,7,DOWNTOWN,47.6036,-122.33288,1922,1.0,15,388934,0,388934,Office,Office,388934.0,,,,,20152014201220112009,18576900.0,Compliant,,Mono-usage
342,2016,NonResidential,Large Office,Seattle Exchange Building,821 2nd ave,Seattle,WA,98104.0,0939000335,7,DOWNTOWN,47.60403,-122.33497,1929,1.0,22,384302,0,384302,"Convenience Store without Gas Station, Food Service, Office",Office,348969.0,Convenience Store without Gas Station,3291.899902,Food Service,1437.0,201220092008,10062436.0,Compliant,,Multi-usages
343,2016,NonResidential,Large Office,Norton Building,801 2nd Ave Suite 1300,Seattle,WA,98104.0,0939000355,7,DOWNTOWN,47.6037,-122.33447,1958,1.0,17,378525,84600,293925,"Office, Parking",Office,236827.0,Parking,83311.0,Restaurant,14679.0,,24906132.0,Compliant,,Multi-usages
345,2016,NonResidential,Large Office,999 Third Avenue,"999 3rd Avenue, Suite 1550",Seattle,WA,98104.0,0939000435,7,DOWNTOWN,47.60505,-122.33427,1983,1.0,47,1323055,0,1323055,"Office, Parking, Restaurant",Office,1011135.0,Parking,272682.0,Restaurant,37595.0,,44683660.0,Compliant,,Multi-usages
346,2016,NonResidential,Large Office,1000 Second Avenue,1000 Second Avenue,Seattle,WA,98104.0,0939000475,7,DOWNTOWN,47.60567,-122.33511,1986,1.0,41,589921,129432,460489,"Office, Parking, Pre-school/Daycare",Office,470416.0,Parking,107667.0,Pre-school/Daycare,10290.0,20162015,24603420.0,Compliant,,Multi-usages
347,2016,NonResidential,Small- and Mid-Sized Office,1015 Second Avenue,1015 Second Avenue,Seattle,WA,98104.0,0939000520,7,DOWNTOWN,47.60542,-122.33588,1950,1.0,6,91091,1392,89699,"Office, Parking",Office,89699.0,Parking,1392.0,,,,1835804.875,Compliant,,Multi-usages
348,2016,NonResidential,Large Office,1101 Second Avenue (HOB),1101 2nd Avenue,Seattle,WA,98101.0,0942000025,7,DOWNTOWN,47.60581,-122.33664,1968,1.0,8,157941,62993,94948,"Office, Parking",Office,84838.0,Parking,15401.0,,,2016,3743228.5,Compliant,,Multi-usages
349,2016,NonResidential,Large Office,2nd and Seneca,1191 2nd Avenue,Seattle,WA,98101.0,0942000030,7,DOWNTOWN,47.60614,-122.33674,1991,1.0,29,635303,197231,438072,"Office, Parking",Office,522667.0,Parking,194435.0,Convenience Store without Gas Station,6122.0,201620152014201320112010200920072000,18221224.0,Compliant,,Multi-usages
350,2016,NonResidential,Large Office,Second And Spring Building,1100 Second Avenue,Seattle,WA,98101.0,0942000045,7,DOWNTOWN,47.60642,-122.33581,1958,1.0,6,172842,25920,146922,"Data Center, Office, Parking",Office,99890.0,Data Center,39336.0,Parking,25000.0,,41399504.0,Non-Compliant,High outlier,Multi-usages
351,2016,NonResidential,Large Office,1111 Third Avenue,1111 3rd Ave Suite 310,Seattle,WA,98101.0,0942000050,7,DOWNTOWN,47.60655,-122.33533,1980,1.0,34,776762,162604,614158,"Office, Parking",Office,606050.0,Parking,154947.0,,,201620092008,32552428.0,Compliant,,Multi-usages
352,2016,NonResidential,Large Office,Abraham Lincoln Building (Wallysons Inc),1110 Third Avenue,Seattle,WA,98101.0,0942000140,7,DOWNTOWN,47.60671,-122.33456,1972,1.0,14,186768,23775,162993,"Data Center, Office, Parking",Office,182540.0,Parking,33671.0,Data Center,240.0,201620142012,9641043.0,Compliant,,Multi-usages
353,2016,NonResidential,Large Office,Safeco Plaza,1001 Fourth Avenue,Seattle,WA,98154.0,0942000300,7,DOWNTOWN,47.60615,-122.33388,1969,1.0,49,1123435,368980,754455,"Financial Office, Food Sales, Office, Other, Parking",Office,808980.0,Parking,232248.0,Other,30329.0,20162015201420122008,45163308.0,Compliant,,Multi-usages
354,2016,NonResidential,Large Office,Fourth & Madison,925 Fourth Avenue,Seattle,WA,98104.0,0942000345,7,DOWNTOWN,47.60549,-122.33319,2002,1.0,37,1052469,164420,888049,"Convenience Store without Gas Station, Data Center, Financial Office, Fitness Center/Health Club/Gym, Office, Other, Parking, Personal Services (Health/Beauty, Dry Cleaning, etc), Restaurant",Office,765351.0,Parking,185581.0,Financial Office,103478.0,2016201520142013201220112010200920082007200620052004,41213584.0,Compliant,,Multi-usages
355,2016,NonResidential,Large Office,901 Fifth Avenue,901 Fifth Avenue,Seattle,WA,98164.0,0942000365,7,DOWNTOWN,47.60616,-122.33165,1973,1.0,42,617684,171500,446184,"Financial Office, Office, Parking, Retail Store",Office,581558.0,Parking,189600.0,Retail Store,18026.0,201520142013,69519808.0,Compliant,,Multi-usages
356,2016,NonResidential,Large Office,The Central Building,810 Third Avenue,Seattle,WA,98104.0,0942000550,7,DOWNTOWN,47.60471,-122.33261,1907,1.0,8,201480,0,201480,"Non-Refrigerated Warehouse, Office, Retail Store",Office,161762.0,Retail Store,29094.0,Non-Refrigerated Warehouse,10624.0,,8921778.0,Compliant,,Multi-usages
357,2016,Nonresidential COS,Large Office,Seattle Municipal Tower (2030),700 Fifth Avenue,Seattle,WA,98104.0,0942000720,3,DOWNTOWN,47.60501,-122.32988,1990,1.0,63,1354987,159600,1195387,"Office, Parking",Office,1191115.0,Parking,159599.0,Other,18656.0,2014201320112010200920082007,61576184.0,Compliant,,Multi-usages
358,2016,Nonresidential COS,Large Office,Justice Center,610 5th Ave,Seattle,WA,98104.0,0942000750,3,DOWNTOWN,47.60421,-122.32919,2001,1.0,14,310490,0,310490,"Data Center, Office, Other",Office,269284.0,Other,28394.0,Data Center,600.0,,21169502.0,Compliant,,Multi-usages
359,2016,Nonresidential COS,Large Office,City Hall,600 4th Ave,Seattle,WA,98104.0,0942000810,7,DOWNTOWN,47.60377,-122.32971,2003,1.0,8,199530,30660,168870,"Office, Other, Parking, Restaurant",Office,160418.0,Parking,18590.0,Other,17480.0,,13214416.0,Compliant,,Multi-usages
360,2016,NonResidential,Large Office,Chinook Building,401 Fifth Ave.,Seattle,WA,98104.0,0942001105,7,DOWNTOWN,47.60249,-122.32854,2006,1.0,13,372242,52703,319539,"Office, Parking",Office,319539.0,Parking,52703.0,,,,13843866.0,Compliant,,Multi-usages
361,2016,NonResidential,Large Office,Yesler Building,400 YESLER WAY,Seattle,WA,98104.0,0942001150,7,DOWNTOWN,47.60193,-122.32812,1909,1.0,7,114395,8296,106099,Office,Office,96582.0,,,,,,2746560.75,Compliant,,Mono-usage
363,2016,NonResidential,Retail Store,University Book Store,4326 University Way NE,Seattle,WA,98105.0,1142000075,4,NORTHEAST,47.66024,-122.31278,1978,1.0,2,89200,0,89200,Retail Store,Retail Store,89200.0,,,,,,6461937.0,Compliant,,Mono-usage
364,2016,NonResidential,Large Office,UW Tower Bldg Complex,4333 Brooklyn Ave,Seattle,WA,98195.0,1142000280,4,NORTHEAST,47.66072,-122.31466,1971,1.0,23,474546,0,474546,Office,Office,474546.0,,,,,,28450436.0,Compliant,,Mono-usage
365,2016,NonResidential,Other,UW Tower Data Center,4333 BROOKLYN AVE NE,Seattle,WA,98185.0,1142000290,4,NORTHEAST,47.6606,-122.31512,1969,1.0,5,36000,0,36000,Data Center,Data Center,36000.0,,,,,2016201520142013,30038490.0,Compliant,,Mono-usage
366,2016,NonResidential,Small- and Mid-Sized Office,University District Office Buiding,1107 NE 45th St,Seattle,WA,98105.0,1142000500,4,NORTHEAST,47.661,-122.31626,1961,0.0,5,99005,0,99005,Office,Office,79555.0,,,,,,4728488.5,Compliant,,Mono-usage
367,2016,NonResidential,Large Office,4311 Roosevelt,4311 11th Avenue NE,Seattle,WA,98105.0,1142000530,4,NORTHEAST,47.66065,-122.31689,2002,1.0,6,135051,44248,90803,"Office, Parking",Office,95943.0,Parking,42500.0,,,2017201620152014201320112008,4426136.0,Compliant,,Multi-usages
368,2016,NonResidential,Large Office,4300 Roosevelt,4300 Roosevelt Way NE,Seattle,WA,98105.0,1142000550,4,NORTHEAST,47.65999,-122.31741,2002,1.0,5,220649,82720,137929,"Office, Parking",Office,145754.0,Parking,90000.0,,,201720162015201420132008,7046345.5,Compliant,,Multi-usages
369,2016,NonResidential,Self-Storage Facility,Seattle Vault Self Storage,1800 Terry Ave.,Seattle,WA,98101.0,0660001580,7,DOWNTOWN,47.61591,-122.33238,1964,1.0,5,93660,0,93660,Self-Storage Facility,Self-Storage Facility,93660.0,,,,,,873221.875,Compliant,,Mono-usage
370,2016,NonResidential,Large Office,Metropolitan Park West,1100 Olive Way,Seattle,WA,98101.0,0660002054,7,DOWNTOWN,47.61597,-122.33086,1980,1.0,18,413715,64660,349055,"Office, Parking",Office,348270.0,Parking,69634.0,,,20162015201320122010,24224888.0,Compliant,,Multi-usages
371,2016,NonResidential,Mixed Use Property,METROPOLITAN PARK NORTH (ID371),1220 HOWELL ST,Seattle,WA,98101.0,0660002381,7,DOWNTOWN,47.6177,-122.3306,2000,1.0,11,381381,195621,185760,"Fitness Center/Health Club/Gym, Office, Parking",Parking,182820.0,Office,164192.0,Fitness Center/Health Club/Gym,37782.0,,9765777.0,Compliant,,Multi-usages
372,2016,NonResidential,Large Office,Metropolitan Park East,1730 Minor Avenue,Seattle,WA,98101.0,0660002410,7,DOWNTOWN,47.61695,-122.32965,1988,1.0,20,497513,118744,378769,"Office, Parking",Office,367623.0,Parking,114510.0,,,2015201320122010,26823218.0,Compliant,,Multi-usages
373,2016,NonResidential,Large Office,Fourth and Blanchard,2101 Fourth Avenue,Seattle,WA,98121.0,0694000205,7,DOWNTOWN,47.61431,-122.34244,1979,1.0,24,543876,116721,427155,"Office, Parking",Office,424044.0,Parking,107300.0,,,,25307744.0,Compliant,,Multi-usages
374,2016,NonResidential,Mixed Use Property,ECONET (ID#374),3005 1ST AVE,Seattle,WA,98121.0,0695000135,7,DOWNTOWN,47.6177,-122.3545,1980,1.0,4,109347,38700,70647,"Laboratory, Office, Parking",Laboratory,42389.0,Parking,38700.0,Office,28258.0,,8218155.5,Compliant,,Multi-usages
375,2016,NonResidential,Large Office,Third and Broad,2901 Third Avenue,Seattle,WA,98121.0,0695000335,7,DOWNTOWN,47.6182,-122.352,1982,1.0,6,396626,124216,272410,"Office, Parking",Office,274002.0,Parking,122624.0,,,,20361158.0,Compliant,,Multi-usages
376,2016,NonResidential,Large Office,5th and Bell,2301 5th Ave,Seattle,WA,98121.0,0696000175,7,DOWNTOWN,47.61598,-122.34369,2002,1.0,6,287471,83591,203880,"Office, Other, Other - Restaurant/Bar, Parking",Office,191814.0,Parking,72178.0,Other - Restaurant/Bar,5322.0,20162011201020092008,14913424.0,Compliant,,Multi-usages
377,2016,NonResidential,Large Office,Fifth and Wall LLC,521 Wall Street,Seattle,WA,98121.0,0697000064,7,DOWNTOWN,47.61734,-122.34434,1947,1.0,3,192630,48512,144118,"Office, Parking",Office,146157.0,Parking,48199.0,,,2007,5357833.0,Compliant,,Multi-usages
379,2016,NonResidential,Large Office,3101 Western Avenue,3101 Western Avenue,Seattle,WA,98121.0,0698000040,7,DOWNTOWN,47.6176,-122.35686,1984,1.0,8,253103,61986,191117,"Laboratory, Office, Other, Parking",Office,158681.0,Parking,70190.0,Other,21782.0,2010,29949248.0,Compliant,,Multi-usages
381,2016,NonResidential,Supermarket / Grocery Store,70500872 -- Holman Road,9999 Holman Road NW,Seattle,WA,98117.0,0767000060,6,NORTHWEST,47.7019,-122.36374,1956,1.0,1,60880,0,60880,Supermarket/Grocery Store,Supermarket/Grocery Store,61666.0,,,,,,14293972.0,Compliant,,Mono-usage
382,2016,NonResidential,Small- and Mid-Sized Office,Collins Building,524 2nd Ave,Seattle,WA,98104.0,0939000025,7,DOWNTOWN,47.60227,-122.33202,1900,1.0,5,50176,0,50176,"Office, Other, Restaurant",Office,50328.0,Other,8329.0,Restaurant,4253.0,,2933288.75,Compliant,,Multi-usages
383,2016,NonResidential,Large Office,Smith Tower,506 Second Avenue,Seattle,WA,98104.0,0939000060,7,DOWNTOWN,47.60198,-122.33174,1912,1.0,42,304346,0,304346,"Office, Other - Restaurant/Bar, Retail Store, Single Family Home",Office,245028.0,Retail Store,8429.0,Other - Restaurant/Bar,7518.0,,23262244.0,Compliant,,Multi-usages
384,2016,NonResidential,Warehouse,Dawn Food Products,6901 fox ave south,Seattle,WA,98108.0,0001800113,2,GREATER DUWAMISH,47.54066,-122.33023,1977,1.0,1,128800,0,128800,"Non-Refrigerated Warehouse, Other",Non-Refrigerated Warehouse,119200.0,Other,9600.0,,,,1809101.5,Compliant,,Multi-usages
385,2016,NonResidential,Large Office,Skinner Building,1326 5th Avenue,Seattle,WA,98101.0,0002400002,7,DOWNTOWN,47.60932,-122.33388,1927,1.0,8,321945,0,321945,"Office, Performing Arts, Retail Store",Office,166919.0,Performing Arts,39355.0,Retail Store,19787.0,20172016201520092008,13656587.0,Compliant,,Multi-usages
386,2016,NonResidential,Large Office,IBM-COS,1200 5th avenue,Seattle,WA,98101.0,0002400002,7,DOWNTOWN,47.60842,-122.33305,1964,1.0,22,336330,0,336330,"Office, Other - Restaurant/Bar, Parking",Office,256299.0,Parking,66430.0,Other - Restaurant/Bar,7438.0,,18967014.0,Compliant,,Multi-usages
387,2016,NonResidential,Large Office,Puget Sound Plaza,1325 4th Avenue,Seattle,WA,98101.0,0002400002,7,DOWNTOWN,47.60869,-122.33588,1960,1.0,21,298426,0,298426,"Office, Other - Education, Parking",Office,286538.0,Parking,197750.0,Other - Education,11888.0,2017201320092008,27076922.0,Compliant,,Multi-usages
388,2016,NonResidential,Large Office,Rainier Tower,1301 5th Ave,Seattle,WA,98101.0,0002400003,7,DOWNTOWN,47.60896,-122.33481,1976,1.0,42,635824,0,635824,"Financial Office, Office, Other, Parking, Restaurant",Office,718473.0,Parking,40000.0,Restaurant,19671.0,,48479988.0,Compliant,,Multi-usages
389,2016,NonResidential,Hotel,Fairmont Olympic Seattle,411 University Street,Seattle,WA,98101.0,0002400003,7,DOWNTOWN,47.60804,-122.33391,1923,1.0,12,542305,0,542305,"Hotel, Swimming Pool",Hotel,542305.0,Swimming Pool,0.0,,,,56485204.0,Compliant,,Multi-usages
390,2016,NonResidential,Retail Store,RAINIER ELECTRONICS LLC,2700 RAINIER AVE. S.,Seattle,WA,98144.0,0003600052,2,SOUTHEAST,47.57936,-122.29744,1980,1.0,2,291940,0,291940,"Office, Retail Store",Retail Store,191940.0,Office,100000.0,,,,11688601.0,Compliant,,Multi-usages
391,2016,NonResidential,Mixed Use Property,Thaw Building,8300 Military Rd South,Seattle,WA,98108.0,0007400015,2,GREATER DUWAMISH,47.52871,-122.29443,1970,0.0,1,88400,0,88400,"Distribution Center, Non-Refrigerated Warehouse, Office",Non-Refrigerated Warehouse,33450.0,Office,29620.0,Distribution Center,27715.0,,4383100.5,Compliant,,Multi-usages
392,2016,NonResidential,Warehouse,Linden Bldg,910 N 137th St,Seattle,WA,98133.0,0164000120,5,NORTHWEST,47.72912,-122.34677,1960,1.0,1,52311,0,52311,Non-Refrigerated Warehouse,Non-Refrigerated Warehouse,51116.0,,,,,,930611.875,Compliant,,Mono-usage
393,2016,NonResidential,Other,500 Yale,500 Yale Ave N,Seattle,WA,98109.0,0209000030,7,LAKE UNION,47.62323,-122.33028,2009,1.0,5,141131,69710,71421,"Office, Parking, Personal Services (Health/Beauty, Dry Cleaning, etc)",Parking,74831.0,Office,71643.0,,,,3085814.0,Compliant,,Multi-usages
394,2016,NonResidential,Large Office,501 Eastlake Ave. (ID394) Republican Building,501 EASTLAKE AVE E,Seattle,WA,98109.0,0209000050,7,LAKE UNION,47.62333,-122.3296,2001,1.0,5,176532,70067,106465,"Office, Parking",Office,103494.0,Parking,70067.0,,,2015,5803409.0,Compliant,,Multi-usages
395,2016,NonResidential,Warehouse,Ferguson Terminal,4205 9th Ave NW,Seattle,WA,98107.0,0467000050,6,BALLARD,47.65825,-122.3683,1973,1.0,1,52500,0,52500,"Non-Refrigerated Warehouse, Office",Non-Refrigerated Warehouse,49395.0,Office,5853.0,,,,3989399.0,Compliant,,Multi-usages
396,2016,NonResidential,Warehouse,SBC396,5301 Shilshole Ave NW,Seattle,WA,98107.0,0467000420,6,BALLARD,47.66587,-122.38476,1959,1.0,2,57300,0,57300,"Non-Refrigerated Warehouse, Office",Non-Refrigerated Warehouse,29001.0,Office,28299.0,,,,4560492.0,Compliant,,Multi-usages
398,2016,NonResidential,Large Office,2601 Elliott Avenue,2601 Elliott Avenue,Seattle,WA,98121.0,0653000250,7,DOWNTOWN,47.61429,-122.35263,1916,1.0,6,350310,0,350310,"College/University, Office, Restaurant",Office,305233.0,College/University,26900.0,Restaurant,7666.0,2017,18102026.0,Compliant,,Multi-usages
399,2016,NonResidential,Large Office,1201 Third Avenue,1201 3rd ave,Seattle,WA,98101.0,1974700120,7,DOWNTOWN,47.60723,-122.33611,1988,1.0,55,1400000,285000,1115000,"Office, Other, Parking, Restaurant",Office,994116.0,Parking,264481.0,Other,133598.0,2017201120102007,53079164.0,Compliant,,Multi-usages
401,2016,NonResidential,Hotel,WAC aggregate,1325 6th Ave,Seattle,WA,98101.0,1975700025,7,DOWNTOWN,47.60968,-122.33379,1930,1.0,21,305548,0,305548,Hotel,Hotel,310000.0,,,,,,33729336.0,Compliant,,Mono-usage
402,2016,NonResidential,Large Office,US Bank Centre,1420 5th Avenue,Seattle,WA,98101.0,1975700080,7,DOWNTOWN,47.61054,-122.33466,1989,1.0,46,1536606,512608,1023998,"Financial Office, Office, Other, Parking, Restaurant, Retail Store",Office,1002403.0,Parking,377046.0,Other,53116.0,201720162014201320122011201020092007,56606136.0,Compliant,,Multi-usages
403,2016,NonResidential,Large Office,Logan Building,500 Union St,Seattle,WA,98101.0,1975700095,7,DOWNTOWN,47.61003,-122.33452,1958,1.0,10,135918,0,135918,Office,Office,144570.0,,,,,,6423556.5,Compliant,,Mono-usage
404,2016,NonResidential,Retail Store,O'Shea Building,501 Pine Street,Seattle,WA,98101.0,1975700115,7,DOWNTOWN,47.61159,-122.33601,1914,1.0,4,79957,0,79957,"Office, Retail Store",Retail Store,35694.0,Office,29723.0,,,,5252131.0,Compliant,,Multi-usages
405,2016,NonResidential,Large Office,The Decatur,1511 6th Avenue,Seattle,WA,98101.0,1975700125,7,DOWNTOWN,47.61166,-122.33528,1921,1.0,4,127268,0,127268,"Non-Refrigerated Warehouse, Office, Retail Store",Office,62512.0,Retail Store,53971.0,Non-Refrigerated Warehouse,5000.0,,7711757.5,Error - Correct Default Data,,Multi-usages
406,2016,NonResidential,Large Office,520 Pike Tower,520 Pike Street,Seattle,WA,98101.0,1975700160,7,DOWNTOWN,47.61125,-122.33494,1983,1.0,29,500000,0,500000,"Office, Parking, Retail Store",Office,411301.0,Parking,80005.0,Retail Store,14528.0,201720152014201220102008,18848780.0,Compliant,,Multi-usages
408,2016,NonResidential,Large Office,Fourth and Pike Building,1424 4th Ave,Seattle,WA,98101.0,1975700235,7,DOWNTOWN,47.61005,-122.3361,1926,0.0,10,132326,0,132326,"Office, Other, Retail Store",Office,92006.0,Other,12610.0,Retail Store,9835.0,,6029020.0,Compliant,,Multi-usages
409,2016,NonResidential,Large Office,Washington Federal,425 Pike Street,Seattle,WA,98101.0,1975700240,7,DOWNTOWN,47.61033,-122.3357,1984,1.0,6,109830,13200,96630,"Office, Other, Parking, Retail Store",Office,83485.0,Parking,13200.0,Retail Store,5000.0,,7335905.5,Compliant,,Multi-usages
410,2016,NonResidential,Hotel,Motif Seattle,1414 4th Ave,Seattle,WA,98101.0,1975700255,7,DOWNTOWN,47.60996,-122.33572,1973,0.0,19,332067,59280,272787,Hotel,Hotel,332067.0,,,,,,37785552.0,Compliant,,Mono-usage
411,2016,NonResidential,Large Office,Joshua Green Building,1425 4th Avenue,Seattle,WA,98101.0,1975700305,7,DOWNTOWN,47.60991,-122.33687,1910,1.0,10,130513,0,130513,"Office, Restaurant, Retail Store",Office,87391.0,Retail Store,32264.0,Restaurant,10858.0,,11651200.0,Compliant,,Multi-usages
412,2016,NonResidential,Small- and Mid-Sized Office,MiKen Building,1417 Fourth Avenue,Seattle,WA,98101.0,1975700330,7,DOWNTOWN,47.60953,-122.33647,1920,1.0,8,60660,0,60660,"Office, Retail Store",Office,41958.0,Retail Store,4800.0,,,,2586116.0,Compliant,,Multi-usages
413,2016,NonResidential,Large Office,(ID413) JOSEPH VANCE BLDG,1414 3RD AVE,Seattle,WA,98101.0,1975700340,7,DOWNTOWN,47.60902,-122.33674,1929,1.0,14,137350,0,137350,Office,Office,124508.0,,,,,,6366084.5,Compliant,,Mono-usage
414,2016,NonResidential,Large Office,Onni 1411 Fourth Development LP,1411 4TH AVE,Seattle,WA,98101.0,1975700345,7,DOWNTOWN,47.60923,-122.33625,1929,1.0,15,151039,0,151039,Office,Office,125473.0,,,,,,5446624.0,Compliant,,Mono-usage
415,2016,NonResidential,Large Office,Century Square - COS Compliance,1501 4th Ave,Seattle,WA,98101.0,1975700390,7,DOWNTOWN,47.61022,-122.33745,1985,1.0,30,755000,134662,620338,"Bank Branch, Office, Other, Parking, Restaurant",Office,643083.0,Parking,126891.0,Restaurant,13422.0,,52226204.0,Compliant,,Multi-usages
416,2016,NonResidential,Small- and Mid-Sized Office,Chromer Building,1516 2nd Avenue,Seattle,WA,98101.0,1975700440,7,DOWNTOWN,47.60995,-122.33904,1906,1.0,4,63540,0,63540,Office,Office,56747.0,,,,,,3518459.5,Compliant,,Mono-usage
417,2016,NonResidential,Large Office,Melbourne Tower,1511 3rd Ave,Seattle,WA,98101.0,1975700465,7,DOWNTOWN,47.60987,-122.33824,1927,1.0,10,130893,0,130893,"Medical Office, Office, Supermarket/Grocery Store",Office,87925.0,Supermarket/Grocery Store,27177.0,Medical Office,6644.0,,6962073.0,Compliant,,Multi-usages
418,2016,NonResidential,Mixed Use Property,Harold Poll Building,110 Union Street,Seattle,WA,98101.0,1975700580,7,DOWNTOWN,47.60821,-122.33899,1910,1.0,5,79920,0,79920,"Office, Other, Retail Store",Office,39960.0,Retail Store,26640.0,Other,13320.0,,3009463.75,Compliant,,Multi-usages
420,2016,NonResidential,Other,Meridian (West),1506 6th Ave,Seattle,WA,98101.0,1976700045,7,DOWNTOWN,47.61164,-122.33446,1996,1.0,6,147852,86429,61423,"Office, Other - Restaurant/Bar, Parking, Retail Store",Parking,64821.0,Retail Store,40629.0,Other - Restaurant/Bar,13039.0,,9671619.0,Compliant,,Multi-usages
421,2016,NonResidential,Other,Meridian (East),1501 7th Ave,Seattle,WA,98101.0,1976700055,7,DOWNTOWN,47.61185,-122.33421,1996,0.0,4,267335,166960,100375,"Movie Theater, Other - Restaurant/Bar, Parking",Parking,166960.0,Movie Theater,69947.0,Other - Restaurant/Bar,27400.0,,7273155.5,Compliant,,Multi-usages
422,2016,NonResidential,Large Office,Two Union Square,601 Union St.,Seattle,WA,98101.0,1976700125,7,DOWNTOWN,47.61043,-122.33206,1989,1.0,56,1605578,389860,1215718,"Office, Other, Parking",Office,1314475.0,Parking,389860.0,Other,30744.0,20092005,49517704.0,Compliant,,Multi-usages
423,2016,NonResidential,Large Office,One Union Square,600 University Street,Seattle,WA,98101.0,1976700155,7,DOWNTOWN,47.60967,-122.33229,1980,1.0,36,794592,0,794592,"Office, Other, Parking",Office,748011.0,Parking,36606.0,Other,9975.0,20092005,26689658.0,Compliant,,Multi-usages
424,2016,NonResidential,Large Office,PARK PLACE OFFICE BLDG (ID424),1200 6th Avenue,Seattle,WA,98101.0,1976700185,7,DOWNTOWN,47.60909,-122.33202,1971,1.0,21,456304,93204,363100,"Office, Parking",Office,342952.0,Parking,106466.0,,,,19397324.0,Compliant,,Multi-usages
425,2016,NonResidential,Large Office,First and Stewart,101 Stewart Street,Seattle,WA,98101.0,1977200020,7,DOWNTOWN,47.61029,-122.34089,1986,1.0,12,115857,15140,100717,"Office, Parking, Restaurant",Office,104788.0,Parking,11844.0,Restaurant,528.0,2017201520142013,4757299.5,Compliant,,Multi-usages
426,2016,NonResidential,Small- and Mid-Sized Office,World Trade Center West,2200 Alaskan Way,Seattle,WA,98121.0,1977200135,7,DOWNTOWN,47.61116,-122.34748,1999,1.0,4,87500,17500,70000,"Office, Other",Office,70090.0,Other,1672.0,,,,4549892.0,Compliant,,Multi-usages
427,2016,NonResidential,Large Office,World Trade Center East-Seattle,2211 Elliott Ave,Seattle,WA,98121.0,1977200187,7,DOWNTOWN,47.6117,-122.34778,1998,1.0,11,374405,184776,189629,"Laboratory, Office",Office,150969.0,Laboratory,41829.0,,,201620152012,13329024.0,Compliant,,Multi-usages
428,2016,NonResidential,Other,Lenora,120 Lenora,Seattle,WA,98121.0,1977200740,7,DOWNTOWN,47.61252,-122.34351,1985,1.0,12,193500,38000,155500,Other,Other,146689.0,,,,,,14436982.0,Compliant,,Mono-usage
429,2016,NonResidential,Large Office,Terminal Sales Building,1932 1st Avenue,Seattle,WA,98101.0,1977200920,7,DOWNTOWN,47.61108,-122.34217,1923,1.0,11,102846,0,102846,"Office, Retail Store",Office,93879.0,Retail Store,7500.0,,,,5327249.5,Compliant,,Multi-usages
430,2016,NonResidential,Small- and Mid-Sized Office,The Marshall Building,2013 4th Avenue,Seattle,WA,98121.0,1977201245,7,DOWNTOWN,47.61304,-122.34059,1925,1.0,4,52800,0,52800,"Office, Restaurant",Office,38880.0,Restaurant,12960.0,,,,2429021.0,Compliant,,Multi-usages
433,2016,NonResidential,Retail Store,(71367A) SEATTLE Macy's,300 PINE STREET,Seattle,WA,98181.0,1977201320,7,DOWNTOWN,47.61098,-122.33815,1929,1.0,8,861702,0,861702,"Other, Retail Store",Retail Store,509342.0,Other,380639.0,,,,17666646.0,Compliant,,Multi-usages
434,2016,NonResidential,Other,Benaroya Research Institute at Virginia Mason,1201 9th Ave,Seattle,WA,98101.0,1978200010,7,EAST,47.61,-122.32922,1999,1.0,5,206950,97400,109550,Other,Other,206950.0,,,,,,19295226.0,Compliant,,Mono-usage
436,2016,NonResidential,Other,VM Seattle Hospital & Medical Center - Health Resources Building,909 University Street,Seattle,WA,98101.0,1978200280,3,EAST,47.61048,-122.32837,1988,1.0,9,46710,0,46710,Urgent Care/Clinic/Other Outpatient,Urgent Care/Clinic/Other Outpatient,46710.0,,,,,,4169431.5,Compliant,,Mono-usage
437,2016,NonResidential,Medical Office,VM Seattle Hospital & Medical Center - Lindeman Pavilion,901 University Street,Seattle,WA,98101.0,1978200280,3,EAST,47.61048,-122.32837,1945,1.0,3,266000,104000,162000,"Medical Office, Parking",Medical Office,162000.0,Parking,104000.0,,,,13911761.0,Compliant,,Multi-usages
438,2016,NonResidential,Medical Office,1101 Madison Tower,1101 Madison,Seattle,WA,98104.0,1978200625,3,EAST,47.60921,-122.32425,1992,1.0,14,690158,407795,282363,"Medical Office, Parking",Medical Office,270384.0,Parking,270383.0,,,2012201020072006,21156670.0,Compliant,,Multi-usages
439,2016,NonResidential,Mixed Use Property,Fisher Plaza - East Building,140 4th Ave N,Seattle,WA,98109.0,1991200150,7,LAKE UNION,47.61915,-122.34857,2001,1.0,6,378443,177660,200783,"Data Center, Office, Parking, Performing Arts, Restaurant, Retail Store",Parking,164332.0,Office,108781.0,Data Center,54184.0,,55073120.0,Compliant,,Multi-usages
440,2016,NonResidential,Mixed Use Property,Fisher Plaza - West Building,100 4th Ave N,Seattle,WA,98109.0,1991200170,7,LAKE UNION,47.61915,-122.34857,2001,1.0,6,213834,104922,108912,"Data Center, Financial Office, Office, Other, Parking, Restaurant",Parking,104922.0,Data Center,54385.0,Office,37721.0,,75073888.0,Compliant,,Multi-usages
441,2016,NonResidential,Hotel,Best Western Executive Inn,200 Taylor Ave N,Seattle,WA,98109.0,1991200540,7,LAKE UNION,47.62036,-122.34588,1979,1.0,5,109017,29409,79608,Hotel,Hotel,109017.0,,,,,,9474745.0,Compliant,,Mono-usage
443,2016,NonResidential,Large Office,Elliott Bay Office Park,300 Elliott Avenue West,Seattle,WA,98119.0,1992200170,7,MAGNOLIA / QUEEN ANNE,47.62177,-122.36158,1981,1.0,5,275734,38452,237282,"Office, Parking",Office,228504.0,Parking,47404.0,,,,16373232.0,Compliant,,Multi-usages
444,2016,NonResidential,Warehouse,FedEX van Terminal,651 S Alaska St,Seattle,WA,98104.0,2024049016,2,GREATER DUWAMISH,47.56064,-122.32522,2001,1.0,1,123061,0,123061,Non-Refrigerated Warehouse,Non-Refrigerated Warehouse,123061.0,,,,,,1987934.625,Compliant,,Mono-usage
446,2016,NonResidential,Distribution Center,Washington State Ferries Building,6000 6th Ave S,Seattle,WA,98108.0,2024049060,2,GREATER DUWAMISH,47.54868,-122.3255,1963,1.0,1,59090,0,59090,"Distribution Center, Office",Distribution Center,40272.0,Office,18818.0,,,,2756214.75,Compliant,,Multi-usages
447,2016,NonResidential,Warehouse,NWCP-SEA Sylv Bldg,750 S Michigan St,Seattle,WA,98108.0,2024049061,2,GREATER DUWAMISH,47.5471,-122.32406,1963,1.0,1,106000,0,106000,Non-Refrigerated Warehouse,Non-Refrigerated Warehouse,106001.0,,,,,,763364.5,Compliant,,Mono-usage
449,2016,NonResidential,Large Office,1551 Eastlake,1551 Eastlake Ave E,Seattle,WA,98102.0,2107700210,4,LAKE UNION,47.63349,-122.32634,1962,1.0,3,158600,38400,120200,"Laboratory, Office, Parking",Office,125779.0,Parking,32821.0,Laboratory,20000.0,,18309150.0,Compliant,,Multi-usages
451,2016,NonResidential,Distribution Center,Frye Distribution Center,660 S. Othello St.,Seattle,WA,98108.0,2136200695,2,GREATER DUWAMISH,47.53764,-122.3232,1960,1.0,1,119661,0,119661,Distribution Center,Distribution Center,118733.0,,,,,,775729.1875,Compliant,,Mono-usage
452,2016,NonResidential,Large Office,1144 Eastlake Building,1144 Eastlake Ave East,Seattle,WA,98109.0,2163901080,3,LAKE UNION,47.62958,-122.32826,2001,1.0,7,139200,44728,94472,Office,Office,82098.0,,,,,,4342597.0,Compliant,,Mono-usage
453,2016,NonResidential,Small- and Mid-Sized Office,701 Dexter,701 Dexter Avenue North,Seattle,WA,98119.0,2249000245,7,MAGNOLIA / QUEEN ANNE,47.62566,-122.34287,1984,1.0,6,95721,33921,61800,"Office, Parking",Office,95721.0,Parking,31746.0,,,,3063504.5,Compliant,,Multi-usages
456,2016,NonResidential,Large Office,1100 Dexter-RREEF SeaDPD ID 456,1100 Dexter Avenue North,Seattle,WA,98109.0,2249500490,7,MAGNOLIA / QUEEN ANNE,47.62929,-122.34194,1996,2.0,5,213283,115228,98055,"Office, Parking",Office,105563.0,Parking,0.0,,,20112009,5661689.5,Compliant,,Multi-usages
457,2016,NonResidential,Large Office,1441 N. 34th Street,1441 N 34TH ST,Seattle,WA,98103.0,2264501110,4,LAKE UNION,47.64776,-122.33924,2001,1.0,3,103697,47656,56041,Office,Office,63199.0,,,,,,11319836.0,Compliant,,Mono-usage
458,2016,NonResidential,Small- and Mid-Sized Office,Northgate Exec Center B,155 NE 100th Street,Seattle,WA,98125.0,2434900010,5,NORTH,47.70105,-122.32659,1974,1.0,5,74880,0,74880,"Office, Parking",Office,71751.0,Parking,0.0,,,,5134607.5,Compliant,,Multi-usages
459,2016,NonResidential,Small- and Mid-Sized Office,Northgate Exec Center C,9725 3rd Avenue,Seattle,WA,98115.0,2434900020,5,NORTH,47.69999,-122.32663,1979,1.0,6,88774,0,88774,"Office, Parking",Office,85339.0,Parking,0.0,,,,6029121.5,Compliant,,Multi-usages
460,2016,NonResidential,Large Office,Northgate Plaza,9709 3rd Ave NE,Seattle,WA,98115.0,2434900030,5,NORTH,47.69917,-122.3268,1983,1.0,5,122250,0,122250,"Adult Education, Bank Branch, Office, Parking",Office,91281.0,Adult Education,30177.0,Bank Branch,5931.0,2009,5535626.0,Compliant,,Multi-usages
461,2016,NonResidential,Small- and Mid-Sized Office,Northgate Office Building,9750 3rd Ave NE,Seattle,WA,98115.0,2434900100,5,NORTH,47.70063,-122.32487,1979,1.0,4,53730,0,53730,"Office, Parking",Office,53730.0,Parking,0.0,,,,4742869.0,Compliant,,Multi-usages
462,2016,NonResidential,Small- and Mid-Sized Office,Delridge Building,4045 Delridge Way,Seattle,WA,98101.0,2444600005,1,DELRIDGE,47.5671,-122.36416,1960,1.0,3,55593,0,55593,Office,Office,55593.0,,,,,,4224872.5,Compliant,,Mono-usage
463,2016,NonResidential,Large Office,425 Pontius,425 Pontius Ave N,Seattle,WA,98109.0,2467400315,7,LAKE UNION,47.62269,-122.33224,1982,1.0,4,134056,60960,73096,"Office, Parking",Office,72066.0,Parking,59137.0,,,,4695139.0,Compliant,,Multi-usages
464,2016,NonResidential,Retail Store,Costco #0001 Seattle,4401 4th Ave South,Seattle,WA,98199.0,2617650020,2,GREATER DUWAMISH,47.5653,-122.33076,2005,1.0,1,158415,0,158415,Retail Store,Retail Store,158415.0,,,,,,22394416.0,Compliant,,Mono-usage
465,2016,NonResidential,Large Office,1000 Denny Building,1000 Denny Way,Seattle,WA,98109.0,2693100010,7,LAKE UNION,47.61907,-122.33651,1929,1.0,8,287819,0,287819,"Data Center, Office, Other, Restaurant",Office,155985.0,Data Center,88350.0,Other,15630.0,,48406556.0,Compliant,,Multi-usages
466,2016,NonResidential,Other,VM Seattle Hospital & Medical Center - Buck Pavilion,1100 9th Avenue,Seattle,WA,98101.0,1979200225,3,EAST,47.60953,-122.32793,1975,1.0,8,158738,0,158738,Urgent Care/Clinic/Other Outpatient,Urgent Care/Clinic/Other Outpatient,158738.0,,,,,,61762380.0,Compliant,,Mono-usage
492,2016,NonResidential,Small- and Mid-Sized Office,Queen Anne Plaza,201 Queen Anne Ave N,Seattle,WA,98109.0,1989201010,7,MAGNOLIA / QUEEN ANNE,47.62003,-122.35706,1985,1.0,4,86995,28800,58195,"Office, Parking",Office,58195.0,Parking,28800.0,,,,2991674.75,Compliant,,Multi-usages
467,2016,NonResidential,Retail Store,70100608-Ballard,915 NW 45th Street,Seattle,WA,98107.0,1982202070,6,BALLARD,47.66057,-122.36857,1999,1.0,1,164437,0,164437,"Parking, Retail Store, Supermarket/Grocery Store",Retail Store,102653.0,Supermarket/Grocery Store,74102.0,Parking,0.0,,18390344.0,Compliant,,Multi-usages
468,2016,NonResidential,Large Office,Interurban Exchange II - SEDO,535 Terry Ave. North,Seattle,WA,98109.0,1983200150,7,LAKE UNION,47.62402,-122.33755,2009,1.0,5,184482,66234,118248,"Office, Other, Parking",Office,118016.0,Parking,66234.0,Other,1595.0,,5671256.0,Compliant,,Multi-usages
469,2016,NonResidential,Laboratory,Rosen Building - SEDO,960 Republican St.,Seattle,WA,98109.0,1983200160,7,LAKE UNION,47.62348,-122.33743,1928,1.0,3,55200,0,55200,"Data Center, Laboratory",Laboratory,54880.0,Data Center,320.0,,,,11594121.0,Compliant,,Multi-usages
470,2016,NonResidential,Laboratory,401 Terry (ID470),401 TERRY AVE N,Seattle,WA,98109.0,1983200200,7,LAKE UNION,47.62254,-122.33753,2003,1.0,4,241159,111793,129366,Laboratory,Laboratory,176171.0,,,,,,33713876.0,Compliant,,Mono-usage
471,2016,NonResidential,Large Office,428 Westlake,428 Westlake Avenue N.,Seattle,WA,98109.0,1983200245,7,LAKE UNION,47.62286,-122.33804,2004,1.0,6,139282,52582,86700,"Financial Office, Food Service, Office, Other, Parking",Office,79384.0,Parking,52582.0,Financial Office,3027.0,,3238216.0,Compliant,,Multi-usages
473,2016,NonResidential,Large Office,City Place II - SEDO,500 Boren Ave. N.,Seattle,WA,98109.0,1983200585,7,LAKE UNION,47.62383,-122.3356,2009,1.0,5,271071,98700,172371,"Medical Office, Office, Parking",Office,168132.0,Parking,96918.0,Medical Office,16862.0,,7851334.5,Compliant,,Multi-usages
474,2016,NonResidential,Warehouse,08185-Lake Union,700 Fairview Ave N,Seattle,WA,98109.0,1984200035,3,LAKE UNION,47.62572,-122.33389,1914,1.0,5,127800,0,127800,Non-Refrigerated Warehouse,Non-Refrigerated Warehouse,127800.0,,,,,,2767491.0,Compliant,,Mono-usage
475,2016,NonResidential,Large Office,Arnold Building,1100 Fairview Ave No.,Seattle,WA,98109.0,1984200135,3,LAKE UNION,47.62855,-122.33035,2002,1.0,5,560516,206597,353919,"Office, Parking",Office,372503.0,Parking,189133.0,,,,30083496.0,Compliant,,Multi-usages
476,2016,NonResidential,Large Office,Yale,823 Yale Ave N.,Seattle,WA,98109.0,1984200185,3,LAKE UNION,47.62621,-122.33128,2001,1.0,6,226592,95000,131592,"Office, Parking",Office,131592.0,Parking,83178.0,,,,11963428.0,Compliant,,Multi-usages
480,2016,NonResidential,Mixed Use Property,307 Westlake - SEDO,307 Westlake Ave. N.,Seattle,WA,98109.0,1986200135,7,LAKE UNION,47.62121,-122.33885,2003,1.0,5,159700,50654,109046,"Office, Other, Parking, Retail Store",Other,72407.0,Parking,49314.0,Office,37406.0,,31371618.0,Compliant,,Multi-usages
481,2016,NonResidential,Large Office,Westlake Terry - East SEDO,321 Terry Ave. N.,Seattle,WA,98109.0,1986200185,7,LAKE UNION,47.62137,-122.33744,2006,1.0,4,209816,73673,136143,"Fitness Center/Health Club/Gym, Office, Parking, Restaurant",Office,113803.0,Parking,79091.0,Fitness Center/Health Club/Gym,15803.0,201620152014201320092008,6917478.5,Compliant,,Multi-usages
482,2016,NonResidential,Large Office,Westlake Terry - West SEDO,320 Westlake Ave. N.,Seattle,WA,98109.0,1986200215,7,LAKE UNION,47.62131,-122.33814,2006,1.0,6,303103,109905,193198,"Bank Branch, Office, Parking",Office,178628.0,Parking,99368.0,Bank Branch,6015.0,201620152014201320112009,7519466.5,Compliant,,Multi-usages
484,2016,NonResidential,Mixed Use Property,Fred Rogers Building,1020 John St.,Seattle,WA,98109.0,1986200380,7,LAKE UNION,47.62002,-122.33687,1954,1.0,3,67380,0,67380,"Non-Refrigerated Warehouse, Office, Other, Other - Entertainment/Public Assembly, Parking",Non-Refrigerated Warehouse,29732.0,Office,17372.0,Other - Entertainment/Public Assembly,13639.0,,2755829.0,Compliant,,Multi-usages
487,2016,NonResidential,Laboratory,UW Medicine Research Phase I,850 Republican St.,Seattle,WA,98109.0,1988201480,7,LAKE UNION,47.62405,-122.34036,1963,1.0,4,102235,0,102235,Laboratory,Laboratory,103135.0,,,,,,24395228.0,Compliant,,Mono-usage
488,2016,NonResidential,Mixed Use Property,UW Medicine Research Phase II,850 Republican Street,Seattle,WA,98109.0,1988201485,7,LAKE UNION,47.62405,-122.34036,2008,1.0,5,436497,153684,282813,"Laboratory, Office, Parking",Laboratory,175364.0,Parking,173235.0,Office,88901.0,,45252356.0,Compliant,,Multi-usages
489,2016,NonResidential,Small- and Mid-Sized Office,200 West Thomas,200 West Thomas St,Seattle,WA,98119.0,1989200615,7,MAGNOLIA / QUEEN ANNE,47.62115,-122.3597,1974,1.0,5,88062,20826,67236,"Office, Parking",Office,64752.0,Parking,21396.0,,,,3415561.25,Compliant,,Multi-usages
490,2016,NonResidential,Small- and Mid-Sized Office,North Tower,100 West Harrison,Seattle,WA,98119.0,1989200720,7,MAGNOLIA / QUEEN ANNE,47.62224,-122.3585,1972,1.0,5,87178,20416,66762,"Office, Parking",Office,66648.0,Parking,15167.0,,,,3632613.75,Compliant,,Multi-usages
491,2016,NonResidential,Small- and Mid-Sized Office,South Tower,100 West Harrison,Seattle,WA,98119.0,1989200740,7,MAGNOLIA / QUEEN ANNE,47.62224,-122.3585,1970,1.0,5,87178,20416,66762,"Office, Parking",Office,66747.0,Parking,28285.0,,,,3493093.75,Compliant,,Multi-usages
493,2016,NonResidential,Small- and Mid-Sized Office,200 First Ave W,200 1ST AVE W,Seattle,WA,98119.0,1989201020,7,MAGNOLIA / QUEEN ANNE,47.62014,-122.35768,1971,1.0,5,88000,21600,66400,"Office, Parking",Office,69691.0,Parking,17487.0,,,,3484915.5,Compliant,,Multi-usages
494,2016,NonResidential,Medical Office,4225 Roosevelt 2ros4225,4225 Roosevelt Way NE,Seattle,WA,98105.0,1145000200,4,NORTHEAST,47.65821,-122.31831,1988,1.0,4,196749,88405,108344,"Medical Office, Parking",Medical Office,108344.0,Parking,88405.0,,,,19165116.0,Compliant,,Multi-usages
495,2016,NonResidential,Medical Office,4245 Roosevelt 2ros4245,4245 Roosevelt Way NE,Seattle,WA,98105.0,1145000310,4,NORTHEAST,47.65884,-122.3183,1994,1.0,4,191276,95281,95995,Medical Office,Medical Office,95995.0,,,,,,8422861.0,Compliant,,Mono-usage
496,2016,NonResidential,Self-Storage Facility,Market St Center,2811 NW Market Street,Seattle,WA,98107.0,1175001235,6,BALLARD,47.66838,-122.3931,1946,2.0,2,111445,0,111445,"Fitness Center/Health Club/Gym, Office, Other - Education, Other - Recreation, Other - Restaurant/Bar, Outpatient Rehabilitation/Physical Therapy, Personal Services (Health/Beauty, Dry Cleaning, etc), Restaurant, Retail Store, Self-Storage Facility, Vocat",,,,,,,,5697472.5,Compliant,,Mono-usage
497,2016,NonResidential,Warehouse,08176-West Seattle,2964 Sw Avalon Way,Seattle,WA,98126.0,1324039093,1,SOUTHWEST,47.56885,-122.37121,1997,1.0,4,98475,0,98475,Non-Refrigerated Warehouse,Non-Refrigerated Warehouse,98475.0,,,,,,1090496.625,Compliant,,Mono-usage
498,2016,NonResidential,Hospital,SCCA,825 Eastlake Ave E,Seattle,WA,98109.0,1361300055,3,LAKE UNION,47.62667,-122.32965,2000,1.0,7,351530,150455,201075,Hospital (General Medical & Surgical),Hospital (General Medical & Surgical),215602.0,,,,,,42709624.0,Compliant,,Mono-usage
500,2016,NonResidential,Supermarket / Grocery Store,70100179-Lake City,13000 Lake City Way NE,Seattle,WA,98125.0,1453601660,5,NORTH,47.7237,-122.29232,1995,1.0,2,308965,187878,121087,"Parking, Supermarket/Grocery Store",Supermarket/Grocery Store,121087.0,Parking,0.0,Parking,0.0,,14512786.0,Compliant,,Multi-usages
503,2016,NonResidential,Supermarket / Grocery Store,RESTAURANT DEPOT SEATTLE (ID503),3670 E MARGINAL WAY S,Seattle,WA,98134.0,1824049003,2,GREATER DUWAMISH,47.56895,-122.33775,2008,1.0,1,63225,0,63225,Supermarket/Grocery Store,Supermarket/Grocery Store,63225.0,,,,,,6522551.5,Compliant,,Mono-usage
504,2016,Nonresidential COS,Other,Westbridge,4209 W Marginal Way SW,Seattle,WA,98118.0,1824049020,1,DELRIDGE,47.56548,-122.35378,1955,0.0,1,113780,0,113780,"Office, Other - Services",Other - Services,91532.0,Office,22248.0,,,,3574542.25,Compliant,,Multi-usages
507,2016,NonResidential,Warehouse,Skyline-East Marginal,4401 E Marginal Way S,Seattle,WA,98134.0,1824049063,2,GREATER DUWAMISH,47.56419,-122.34262,1999,1.0,1,243044,0,243044,Non-Refrigerated Warehouse,Non-Refrigerated Warehouse,325424.0,,,,,,1396082.25,Compliant,,Mono-usage
508,2016,NonResidential,Other,The Park View Building,601 N 34th St,Seattle,WA,98103.0,1825049147,6,LAKE UNION,47.64942,-122.35024,2001,1.0,3,280252,156312,123940,"Office, Parking, Retail Store",Parking,156312.0,Office,116440.0,Retail Store,7500.0,,11521702.0,Compliant,,Multi-usages
513,2016,NonResidential,Other,Q13 FOX,1813 Westlake Ave N,Seattle,WA,98109.0,1925049022,7,MAGNOLIA / QUEEN ANNE,47.63549,-122.34103,1952,1.0,3,66462,12998,53464,"Other, Parking",Other,72000.0,Parking,15000.0,,,,6876439.5,Compliant,,Multi-usages
514,2016,NonResidential,Retail Store,W000252-NORTH SEATTLE WA,12525 AURORA AVENUE NORTH,Seattle,WA,98133.0,1926049033,5,NORTHWEST,47.72053,-122.34739,1997,1.0,1,131387,0,131387,Retail Store,Retail Store,107931.0,,,,,,8773058.0,Compliant,,Mono-usage
515,2016,NonResidential,Warehouse,0643-Seattle - North 130th Street,1430 North 130th Street,Seattle,WA,98133.0,1926049045,5,NORTHWEST,47.72377,-122.34095,1999,1.0,3,94400,0,94400,Non-Refrigerated Warehouse,Non-Refrigerated Warehouse,67155.0,,,,,,784364.5,Compliant,,Mono-usage
516,2016,NonResidential,Other,Aurora Shopping Center,13201 Aurora Avenue North,Seattle,WA,98133.0,1926049215,5,NORTHWEST,47.72546,-122.34659,1964,6.0,1,111900,0,111900,"Parking, Strip Mall",Strip Mall,124231.0,Parking,0.0,,,,9814820.0,Compliant,,Multi-usages
517,2016,NonResidential,Supermarket / Grocery Store,Sam's Club #18-6687,13550 Aurora Ave. N.,Seattle,WA,98133.0,1926049230,5,NORTHWEST,47.72803,-122.34214,1984,0.0,1,144776,0,144776,Wholesale Club/Supercenter,Wholesale Club/Supercenter,144776.0,,,,,,13424079.0,Compliant,,Mono-usage
518,2016,NonResidential,Retail Store,AURORA ACRES (ID518),13200 AURORA AVE N,Seattle,WA,98133.0,1926049371,5,NORTHWEST,47.7249,-122.34332,1967,1.0,1,114000,0,114000,"Retail Store, Supermarket/Grocery Store",Retail Store,57805.0,Supermarket/Grocery Store,56312.0,,,,17225444.0,Compliant,,Multi-usages
519,2016,NonResidential,Supermarket / Grocery Store,00410-Hwy 99 & 130th,13050 Aurora Avenue North,Seattle,WA,98133.0,1926049424,5,NORTHWEST,47.7235,-122.34458,1997,1.0,1,50083,0,50083,"Parking, Supermarket/Grocery Store",Supermarket/Grocery Store,50065.0,Parking,0.0,,,,8663691.0,Compliant,,Multi-usages
520,2016,NonResidential,Large Office,Burke Building,400 North 34th Street,Seattle,WA,98103.0,1972203220,6,LAKE UNION,47.65086,-122.35412,1988,1.0,3,124071,28645,95426,Office,Office,96504.0,,,,,,4991360.5,Compliant,,Mono-usage
521,2016,NonResidential,Small- and Mid-Sized Office,The Evanston Building,501 N 34th Street,Seattle,WA,98103.0,1972206507,6,LAKE UNION,47.64963,-122.35158,2000,1.0,4,90000,36528,53472,Office,Office,90000.0,,,,,,3897738.0,Compliant,,Mono-usage
522,2016,NonResidential,Small- and Mid-Sized Office,The Waterside Building,651 N 34th St,Seattle,WA,98103.0,1973200353,6,LAKE UNION,47.64849,-122.35041,2001,1.0,3,96041,33709,62332,"Office, Parking",Office,62232.0,Parking,33709.0,,,,5413418.0,Compliant,,Multi-usages
523,2016,NonResidential,Large Office,Adobe Seattle,801 N 34th,Seattle,WA,98103.0,1973200385,6,LAKE UNION,47.64822,-122.34848,1999,1.0,3,280957,114829,166128,"Data Center, Office, Parking, Restaurant",Office,152579.0,Parking,93893.0,Data Center,7500.0,2016201520142013201220112010,11325513.0,Compliant,,Multi-usages
524,2016,NonResidential,Large Office,Plaza 701 N 34th,701 N. 34th Street,Seattle,WA,98103.0,1973200387,6,LAKE UNION,47.64882,-122.34905,1999,1.0,4,243334,103032,140302,"Office, Parking",Office,138995.0,Parking,24549.0,,,201720162012,8651835.0,Compliant,,Multi-usages
525,2016,NonResidential,Mixed Use Property,Seattle Art Museum,1300 1st Avenue,Seattle,WA,98101.0,1974700010,7,DOWNTOWN,47.6074,-122.33777,1991,1.0,6,154660,0,154660,"Data Center, Library, Non-Refrigerated Warehouse, Office, Other - Entertainment/Public Assembly, Other - Recreation, Other - Services, Restaurant, Social/Meeting Hall",Other - Entertainment/Public Assembly,119815.0,Other - Recreation,63101.0,Social/Meeting Hall,26380.0,,52960796.0,Compliant,,Multi-usages
526,2016,NonResidential,Large Office,Seattle Design Center (Plaza Center),5601 6th Ave. S,Seattle,WA,98108.0,2738100010,2,GREATER DUWAMISH,47.55146,-122.32832,1982,1.0,5,390295,121375,268920,"Office, Parking",Office,243018.0,Parking,108408.0,,,,7683885.0,Compliant,,Multi-usages
527,2016,NonResidential,Warehouse,Northwest Corporate Park,5900 4th Ave S,Seattle,WA,98108.0,2738100355,2,GREATER DUWAMISH,47.54983,-122.32858,1967,1.0,2,90000,0,90000,"Non-Refrigerated Warehouse, Office",Non-Refrigerated Warehouse,70000.0,Office,20000.0,,,,1429146.375,Compliant,,Multi-usages
528,2016,NonResidential,Retail Store,Oregon Tile & Marble,5930 6th Ave. South,Seattle,WA,98108.0,2738100425,2,GREATER DUWAMISH,47.55032,-122.32614,1966,1.0,1,50200,0,50200,Retail Store,Retail Store,50200.0,,,,,,1047461.0,Compliant,,Mono-usage
529,2016,NonResidential,Small- and Mid-Sized Office,Ballard Building,2208 NW Market Street,Seattle,WA,98107.0,2767701055,6,BALLARD,47.66891,-122.38528,1925,1.0,6,94033,6200,87833,"Multifamily Housing, Non-Refrigerated Warehouse, Office, Parking, Retail Store",Office,53993.0,Retail Store,24744.0,Parking,4500.0,,4758198.0,Compliant,,Multi-usages
530,2016,NonResidential,Warehouse,Magnum Building,5422 Shilshole Avenue NW,Seattle,WA,98107.0,2767702765,6,BALLARD,47.66724,-122.38553,1941,1.0,2,63240,0,63240,Non-Refrigerated Warehouse,Non-Refrigerated Warehouse,63240.0,,,,,,227566.7031,Compliant,,Mono-usage
532,2016,NonResidential,Other,Ballard Blocks I,1416 NW 46th ST,Seattle,WA,98107.0,2768303229,6,BALLARD,47.66233,-122.3748,2008,1.0,5,322869,182454,140415,"Parking, Retail Store",Parking,182454.0,Retail Store,130744.0,,,,17085344.0,Compliant,,Multi-usages
533,2016,NonResidential,Self-Storage Facility,08168-Queen Anne/Magnolia,3000 15th Ave West,Seattle,WA,98119.0,2770603715,7,MAGNOLIA / QUEEN ANNE,47.64676,-122.37581,1988,1.0,4,130293,23400,106893,"Parking, Self-Storage Facility",Self-Storage Facility,130293.0,Parking,8800.0,,,,465533.3125,Compliant,,Multi-usages
534,2016,NonResidential,Warehouse,Nickerson Street Self  Storage,1300 W. Nickerson Street,Seattle,WA,98119.0,2770605769,7,MAGNOLIA / QUEEN ANNE,47.65567,-122.37478,1997,1.0,4,106041,0,106041,Non-Refrigerated Warehouse,Non-Refrigerated Warehouse,106041.0,,,,,,1123943.0,Compliant,,Mono-usage
536,2016,NonResidential,Self-Storage Facility,Magnolia Bridge Self Storage,1900 15th Ave W.,Seattle,WA,98119.0,2771604950,7,MAGNOLIA / QUEEN ANNE,47.63634,-122.3754,1956,1.0,3,94470,0,94470,Self-Storage Facility,Self-Storage Facility,94470.0,,,,,,1000796.875,Compliant,,Mono-usage
538,2016,NonResidential,Large Office,Fifth and Jackson,315 Fifth Avenue,Seattle,WA,98104.0,5247801292,2,DOWNTOWN,47.59963,-122.32796,2002,1.0,10,181694,38186,143508,"Office, Other, Parking",Office,150840.0,Parking,26946.0,Other,2155.0,,7637986.0,Compliant,,Multi-usages
539,2016,NonResidential,Retail Store,University Center,4501 Roosevelt Way NE,Seattle,WA,98105.0,5335200380,4,NORTHEAST,47.66178,-122.31812,1987,1.0,2,69492,0,69492,Retail Store,Retail Store,69800.0,Other,0.0,,,,318962.8125,Non-Compliant,Low outlier,Multi-usages
540,2016,NonResidential,Warehouse,NWCP-SEA Bldg K,6136 6th Ave S,Seattle,WA,98108.0,5367201155,2,GREATER DUWAMISH,47.54769,-122.3251,1966,1.0,1,22780,0,22780,Non-Refrigerated Warehouse,Non-Refrigerated Warehouse,22780.0,,,,,,402051.3125,Compliant,,Mono-usage
543,2016,NonResidential,Distribution Center,Seattle Distribution Center Bldg A,6701-6795 E. Marginal Way S.,Seattle,WA,98168.0,5367204080,2,GREATER DUWAMISH,47.54187,-122.32714,1967,1.0,1,124472,0,124472,"Distribution Center, Parking",Distribution Center,124423.0,Parking,0.0,,,,5464762.0,Compliant,,Multi-usages
774,2016,NonResidential,Large Office,Pacific Building,720 3RD AVE,Seattle,WA,98104.0,0942000590,7,DOWNTOWN,47.60411,-122.33225,1970,1.0,22,227556,98556,129000,"Office, Parking",Office,227556.0,Parking,77887.79688,,,,8493420.0,Compliant,,Multi-usages
544,2016,NonResidential,Distribution Center,Seattle Distribution Center Bldg B,6701-6797 E Marginal Way S.,Seattle,WA,98168.0,5367204080,2,GREATER DUWAMISH,47.54187,-122.32714,1967,1.0,1,50065,0,50065,"Distribution Center, Parking",Distribution Center,49918.0,Parking,0.0,,,,1529510.25,Compliant,,Multi-usages
545,2016,NonResidential,Distribution Center,GLACIER NORTHWEST (6335 1st Ave S),6335 1st Ave S,Seattle,WA,98108.0,5367204505,2,GREATER DUWAMISH,47.54621,-122.33486,1969,1.0,1,57540,0,57540,Distribution Center,Distribution Center,57540.0,,,,,,2582687.0,Compliant,,Mono-usage
546,2016,NonResidential,Warehouse,NWCP-SEA Bldg A,410 S Front Street,Seattle,WA,98108.0,5367204745,2,GREATER DUWAMISH,47.54853,-122.32814,1966,1.0,1,85400,0,85400,Non-Refrigerated Warehouse,Non-Refrigerated Warehouse,85400.0,,,,,,1536998.25,Compliant,,Mono-usage
547,2016,NonResidential,Warehouse,NWCP-SEA Bldg B,6001 6th Ave S,Seattle,WA,98108.0,5367204745,2,GREATER DUWAMISH,47.54912,-122.32819,1966,1.0,1,55700,0,55700,Non-Refrigerated Warehouse,Non-Refrigerated Warehouse,55700.0,,,,,,519806.0938,Compliant,,Mono-usage
548,2016,NonResidential,Small- and Mid-Sized Office,Resource Center,5933 6th Ave S,Seattle,WA,98108.0,5367204756,2,GREATER DUWAMISH,47.54965,-122.3278,1964,1.0,1,53250,0,53250,"Office, Parking",Office,52759.0,Parking,0.0,,,,1794187.25,Compliant,,Multi-usages
549,2016,NonResidential,Small- and Mid-Sized Office,400 Mercer Street,400 Mercer Street,Seattle,WA,98109.0,5457801420,7,MAGNOLIA / QUEEN ANNE,47.62476,-122.34843,1987,1.0,6,78672,28427,50245,Office,Office,78672.0,,,,,,2179719.75,Compliant,,Mono-usage
550,2016,NonResidential,Warehouse,21517-Seattle / Aurora AVE N,11512 Aurora Avenue N,Seattle,WA,98133.0,5687500005,5,NORTHWEST,47.71286,-122.34422,1986,1.0,3,64660,0,64660,Non-Refrigerated Warehouse,Non-Refrigerated Warehouse,64660.0,,,,,,325513.0,Compliant,,Mono-usage
551,2016,NonResidential,Mixed Use Property,Richmark Label,1110 East Pine Street,Seattle,WA,98122.0,6003500510,3,EAST,47.61552,-122.31744,1927,1.0,2,75844,19928,55916,"Office, Other, Parking",Other,28442.0,Office,28441.0,Parking,18961.0,,3684188.5,Compliant,,Multi-usages
552,2016,NonResidential,Distribution Center,South Seattle Distribution Center- 3800,3800 1st Avenue South,Seattle,WA,98134.0,6172900005,2,GREATER DUWAMISH,47.5701,-122.33342,1968,1.0,1,161678,0,161678,Distribution Center,Distribution Center,162425.0,,,,,,9357230.0,Compliant,,Mono-usage
553,2016,NonResidential,Distribution Center,South Seattle Distribution Center- 3844,3844 1ST AVE S,Seattle,WA,98134.0,6172900010,2,GREATER DUWAMISH,47.56874,-122.33303,1949,1.0,1,101101,0,101101,Distribution Center,Distribution Center,101101.0,,,,,,21795830.0,Compliant,,Mono-usage
554,2016,NonResidential,Distribution Center,South Seattle Distribution Center- 3601,3601 2ND AVE S,Seattle,WA,98134.0,6172900015,2,GREATER DUWAMISH,47.57023,-122.33241,1980,1.0,1,52613,0,52613,Distribution Center,Distribution Center,59504.0,,,,,,1061458.25,Compliant,,Mono-usage
555,2016,NonResidential,Other,Cascade Designs Inc. ( Yosemite ),4000 1st Ave. South,Seattle,WA,98134.0,6172900075,2,GREATER DUWAMISH,47.56785,-122.33361,1940,1.0,1,56608,0,56608,"Office, Other",Other,45340.0,Office,11520.0,,,,5094197.0,Compliant,,Multi-usages
556,2016,NonResidential,Refrigerated Warehouse,Charlies Produce,4103 2nd Ave South,Seattle,WA,98134.0,6172900230,2,GREATER DUWAMISH,47.56637,-122.33273,1953,1.0,1,104099,0,104099,"Office, Parking, Refrigerated Warehouse",Refrigerated Warehouse,100000.0,Office,4099.0,Parking,0.0,,17695420.0,Compliant,,Multi-usages
557,2016,NonResidential,Supermarket / Grocery Store,Safeway 1845 - Greenwood Ave,8704 Greenwood Ave N,Seattle,WA,98103.0,6431500015,5,NORTHWEST,47.69267,-122.35506,2003,1.0,1,58184,7450,50734,"Parking, Supermarket/Grocery Store",Supermarket/Grocery Store,51722.0,Parking,0.0,,,,14715262.0,Compliant,,Multi-usages
558,2016,NonResidential,Supermarket / Grocery Store,70500858 -- North Seattle,1531 NE 145th Street,Seattle,WA,98155.0,6632300290,5,NORTH,47.73315,-122.3105,1980,1.0,1,58480,0,58480,Supermarket/Grocery Store,Supermarket/Grocery Store,44431.0,,,,,,11054535.0,Compliant,,Mono-usage
561,2016,NonResidential,Large Office,Alley24,221 Yale Avenue North,Seattle,WA,98109.0,6849700145,7,LAKE UNION,47.62029,-122.33078,2005,1.0,6,336700,124800,211900,"Office, Parking, Retail Store",Office,217977.0,Parking,4569.0,Retail Store,0.0,,9058916.0,Compliant,,Multi-usages
562,2016,NonResidential,Retail Store,011-Seattle,222 Yale Ave. N.,Seattle,WA,98109.0,6849700205,7,LAKE UNION,47.62,-122.33027,1996,1.0,4,264008,159994,104014,Retail Store,Retail Store,98863.0,,,,,,9937707.0,Compliant,,Mono-usage
563,2016,NonResidential,Small- and Mid-Sized Office,Darigold HQ,1130 Rainier Ave S,Seattle,WA,98144.0,7132300370,3,CENTRAL,47.59367,-122.30957,1914,1.0,2,62220,0,62220,"Office, Other - Services, Parking",Office,60676.0,Parking,13780.0,Other - Services,1324.0,,5444253.5,Compliant,,Multi-usages
564,2016,NonResidential,Small- and Mid-Sized Office,Poplar Building,900 Poplar Pl S.,Seattle,WA,98144.0,7132800055,3,GREATER DUWAMISH,47.59388,-122.31124,1970,1.0,1,65430,0,65430,"Office, Other",Office,60732.0,Other,8142.0,,,,3181045.5,Compliant,,Multi-usages
565,2016,NonResidential,Large Office,Northcut Landing,4915 25th Ave NE,Seattle,WA,98105.0,7174800132,4,NORTHEAST,47.66517,-122.30186,2006,1.0,3,102290,42440,59850,"Office, Parking",Office,83715.0,Parking,18575.0,,,,6062770.5,Compliant,,Multi-usages
566,2016,NonResidential,Other,Pike St,1708 E Pike St,Seattle,WA,98122.0,7234600985,3,CENTRAL,47.6144,-122.30982,1926,1.0,3,80004,0,80004,Other,Other,74864.0,,,,,,12232124.0,Compliant,,Mono-usage
568,2016,NonResidential,Warehouse,K2 and Iron Mountain (Seattle 4),4201 6th Ave S,Seattle,WA,98108.0,7376600510,2,GREATER DUWAMISH,47.56407,-122.32765,1991,1.0,2,323916,0,323916,"Non-Refrigerated Warehouse, Office",Non-Refrigerated Warehouse,263528.0,Office,60388.0,,,,8024064.5,Compliant,,Multi-usages
569,2016,NonResidential,Mixed Use Property,Pacific Tower,1200 12th Avenue South,Seattle,WA,98144.0,2829600110,2,GREATER DUWAMISH,47.5928,-122.31599,1932,1.0,14,304052,0,304052,"Medical Office, Office, Parking",Office,218918.0,Parking,156487.0,Medical Office,84051.89844,20102008,21027396.0,Compliant,,Multi-usages
570,2016,NonResidential,Small- and Mid-Sized Office,Northwest Building,2323 Eastlake Ave E,Seattle,WA,98102.0,2902201000,4,LAKE UNION,47.64037,-122.32626,1978,1.0,4,85385,31210,54175,"Data Center, Office, Parking",Office,50235.0,Parking,25525.0,Data Center,2875.0,,4855036.5,Compliant,,Multi-usages
571,2016,NonResidential,Distribution Center,Northwest Center Industries,7272 W. Marginal Way S.,Seattle,WA,98108.0,2924049109,1,GREATER DUWAMISH,47.53687,-122.33316,1989,1.0,2,98024,0,98024,"Distribution Center, Office",Distribution Center,63896.0,Office,33712.0,,,,1988334.5,Compliant,,Multi-usages
572,2016,NonResidential,Mixed Use Property,Bright Horizons,1275 Mercer St,Seattle,WA,98109.0,2925049094,7,LAKE UNION,47.62405,-122.33084,1928,1.0,1,65000,15000,50000,"Office, Other, Parking",Office,20000.0,Parking,15000.0,Other,10000.0,,2603931.25,Compliant,,Multi-usages
573,2016,NonResidential,Large Office,617 Eastlake,617 Eastlake Ave E,Seattle,WA,98109.0,2925049098,7,LAKE UNION,47.62488,-122.33007,1990,1.0,5,144573,66620,77953,"Office, Parking",Office,78521.0,Parking,66650.0,,,,5135040.0,Compliant,,Multi-usages
574,2016,NonResidential,Retail Store,(71371A) NORTHGATE Macy's,401 NE NORTHGATE WAY,Seattle,WA,98125.0,2926049272,5,NORTH,47.70759,-122.3255,1950,1.0,2,302812,0,302812,Retail Store,Retail Store,302812.0,,,,,,7290824.5,Compliant,,Mono-usage
575,2016,NonResidential,Small- and Mid-Sized Office,Northway Square East,2150 N 107th ST,Seattle,WA,98133.0,2926049277,5,NORTHWEST,47.70744,-122.33171,1974,1.0,5,86400,0,86400,Office,Office,78200.0,,,,,,9080022.0,Compliant,,Mono-usage
576,2016,NonResidential,Other,Northgate Village,818-832 NE Northgate Way,Seattle,WA,98125.0,2926049468,5,North,47.7094,-122.31843,1969,0.0,2,98539,0,98539,Strip Mall,Strip Mall,98539.0,,,,,,5450441.5,Compliant,,Mono-usage
577,2016,NonResidential,Small- and Mid-Sized Office,NorthWay West Building,10700 Meridian Ave North,Seattle,WA,98144.0,2926049490,5,NORTHWEST,47.70732,-122.33279,1981,1.0,6,86483,0,86483,"Office, Parking",Office,86483.0,Parking,0.0,,,,6361236.5,Compliant,,Multi-usages
578,2016,NonResidential,Distribution Center,Pacific Plumbing Supply,7115 W Marginal Way SW,Seattle,WA,98106.0,3024049016,1,DELRIDGE,47.53926,-122.34143,1976,1.0,1,51600,0,51600,"Distribution Center, Office",Distribution Center,34400.0,Office,17200.0,,,,1124543.125,Compliant,,Multi-usages
579,2016,NonResidential,Warehouse,Jones Stevedoring Seattle Building,7245 West Marginal Way SW,Seattle,WA,98106.0,3024049159,1,DELRIDGE,47.53689,-122.33847,1968,1.0,1,140520,0,140520,Non-Refrigerated Warehouse,Non-Refrigerated Warehouse,140520.0,,,,,,2225512.0,Compliant,,Mono-usage
580,2016,NonResidential,Large Office,PEMCO,1300 Dexter Ave N,Seattle,WA,98109.0,3025049001,7,MAGNOLIA / QUEEN ANNE,47.63116,-122.34193,1986,1.0,5,154029,62380,91649,"Office, Parking",Office,91645.0,Parking,66288.0,,,,4636396.5,Compliant,,Multi-usages
581,2016,NonResidential,Other,Meridian Medical Pavilion,11011 Meridian Ave N,Seattle,WA,98133.0,3026049051,5,NORTHWEST,47.70887,-122.33494,2005,1.0,3,161789,91935,69854,"Medical Office, Parking",Parking,91935.0,Medical Office,69854.0,,,,6963616.5,Compliant,,Multi-usages
582,2016,NonResidential,Medical Office,McMurray Medical Building,1536 N. 115th Street,Seattle,WA,98133.0,3026049142,5,NORTHWEST,47.7126,-122.33782,2005,1.0,3,63909,0,63909,"Medical Office, Retail Store",Medical Office,60670.0,Retail Store,3239.0,,,,4765753.5,Compliant,,Multi-usages
583,2016,NonResidential,Warehouse,Iron Mountain,1201 N. 96th St.,Seattle,WA,98103.0,3126049011,5,NORTHWEST,47.69814,-122.34295,1948,1.0,2,53472,0,53472,"Non-Refrigerated Warehouse, Office",Non-Refrigerated Warehouse,46846.0,Office,10033.0,,,,971155.625,Compliant,,Multi-usages
584,2016,NonResidential,Warehouse,Lenci Corporation,428 S. Cloverdale,Seattle,WA,98108.0,3224049045,1,GREATER DUWAMISH,47.52696,-122.32913,1980,1.0,1,50417,0,50417,Non-Refrigerated Warehouse,Non-Refrigerated Warehouse,50417.0,,,,,,1847401.0,Compliant,,Mono-usage
23854,2016,NonResidential,Restaurant,Pier 57,1301 Alaskan Way,Seattle,WA,98101.0,7666202435,7,DOWNTOWN,47.60613,-122.34115,1900,1.0,1,43728,0,43728,Restaurant,Restaurant,43728.0,,,,,,11508035.0,Compliant,,Mono-usage
585,2016,NonResidential,Medical Office,NWH Outpatient Medical Center,10330 Meridian Ave N,Seattle,WA,98133.0,3226049177,5,NORTHWEST,47.70449,-122.33272,1961,1.0,3,133298,0,133298,Medical Office,Medical Office,133298.0,,,,,,15640994.0,Compliant,,Mono-usage
586,2016,NonResidential,Retail Store,"SEATTLE, WA-0106",401 NE NORTHGATE WAY STE 475,Seattle,WA,98125.0,3226049481,5,NORTH,47.70759,-122.3255,1965,1.0,2,168619,0,168619,Retail Store,Retail Store,173106.0,,,,,2009,6455828.5,Compliant,,Mono-usage
588,2016,NonResidential,Mixed Use Property,1616 Eastlake,1616 Eastlake Ave. E,Seattle,WA,98102.0,3383900230,4,LAKE UNION,47.63451,-122.32505,2002,0.0,5,251827,113318,138509,"Laboratory, Office, Parking",Parking,113318.0,Laboratory,84000.0,Office,84000.0,,47102428.0,Compliant,,Multi-usages
589,2016,NonResidential,Large Office,1260 Mercer,1260 Mercer St,Seattle,WA,98109.0,3481800010,7,LAKE UNION,47.6244,-122.33157,2000,1.0,4,175885,71385,104500,"Office, Parking",Office,103970.0,Parking,71390.0,,,,6486377.5,Compliant,,Multi-usages
590,2016,NonResidential,Warehouse,4727 Building,4727 DENVER AVE S,Seattle,WA,98134.0,3573200005,2,GREATER DUWAMISH,47.56089,-122.33474,1969,1.0,2,104786,0,104786,Non-Refrigerated Warehouse,Non-Refrigerated Warehouse,104786.0,,,,,,1028376.875,Compliant,,Mono-usage
592,2016,NonResidential,Other,SEATTLE 1ST AVE GAR,4755 1ST AVE S,Seattle,WA,98134.0,3573200658,2,GREATER DUWAMISH,47.55787,-122.335,2000,1.0,1,53040,41600,11440,Other,Other,51427.0,,,,,,1770027.5,Compliant,,Mono-usage
594,2016,NonResidential,Other,McKinstry SEA - 220 S Hudson Shop,220 S Hudson St,Seattle,WA,98134.0,3573700130,2,GREATER DUWAMISH,47.55741,-122.33163,1973,0.0,1,110689,0,110689,Other,Other,110689.0,,,,,,2339814.25,Compliant,,Mono-usage
595,2016,NonResidential,Small- and Mid-Sized Office,McKinstry SEA - 220 S Dawson Office,220 S Dawson St,Seattle,WA,98134.0,3573700330,2,GREATER DUWAMISH,47.5563,-122.33186,1948,1.0,1,53620,0,53620,Office,Office,53620.0,,,,,2016,2058955.25,Compliant,,Mono-usage
596,2016,NonResidential,Small- and Mid-Sized Office,5050,5050 1st Ave S,Seattle,WA,98134.0,3573700410,2,GREATER DUWAMISH,47.55623,-122.33316,1938,1.0,1,50008,0,50008,Office,Office,50008.0,,,,,,3202213.0,Compliant,,Mono-usage
597,2016,NonResidential,Large Office,635 Elliott - South Bldg.,635 Elliott Avenue West,Seattle,WA,98119.0,3879902270,7,MAGNOLIA / QUEEN ANNE,47.6252,-122.36737,2009,1.0,4,291176,100176,191000,"Office, Parking",Office,194674.0,Parking,111198.0,,,,6657348.5,Compliant,,Multi-usages
598,2016,NonResidential,Warehouse,4225 2nd Ave So.,4225 2nd Ave. South,Seattle,WA,98134.0,3957900060,2,GREATER DUWAMISH,47.56549,-122.33221,1957,1.0,1,50832,0,50832,"Non-Refrigerated Warehouse, Office",Non-Refrigerated Warehouse,43920.0,Office,6912.0,,,,2551022.25,Compliant,,Multi-usages
599,2016,NonResidential,Refrigerated Warehouse,Uwajimaya (Seattle 5),4601 6th Ave S,Seattle,WA,98108.0,3958900565,2,GREATER DUWAMISH,47.56158,-122.32754,1971,1.0,1,76354,0,76354,Refrigerated Warehouse,Refrigerated Warehouse,76486.0,,,,,,2843033.5,Compliant,,Mono-usage
600,2016,NonResidential,Warehouse,Merlino Foods Building,4100 4th Avenue South,Seattle,WA,98134.0,3958900851,2,GREATER DUWAMISH,47.56558,-122.32889,1956,1.0,1,98480,0,98480,Non-Refrigerated Warehouse,Non-Refrigerated Warehouse,98480.0,,,,,,2831565.5,Compliant,,Mono-usage
601,2016,NonResidential,Mixed Use Property,Wallingford Center,1815 N 45th St.,Seattle,WA,98103.0,4083300140,4,LAKE UNION,47.66113,-122.33572,1904,1.0,2,53002,0,53002,"Multifamily Housing, Parking, Restaurant, Retail Store",Retail Store,31602.0,Parking,27427.0,Multifamily Housing,18130.0,,3441643.25,Compliant,,Multi-usages
602,2016,NonResidential,Mixed Use Property,199 Blaine,199 E Blaine St.,Seattle,WA,98102.0,4088802666,4,LAKE UNION,47.63465,-122.32592,2008,1.0,3,175918,51218,124700,"Laboratory, Office, Parking",Office,66737.0,Parking,58218.0,Laboratory,30230.0,,22530168.0,Compliant,,Multi-usages
603,2016,NonResidential,Other,1241 Eastlake - Zymogenetics,1241 Eastlake Ave E,Seattle,WA,98102.0,4088802925,3,LAKE UNION,47.63108,-122.32746,1920,1.0,3,169785,63782,106003,"Other, Parking",Other,106003.0,Parking,63782.0,,,,19155416.0,Compliant,,Multi-usages
604,2016,NonResidential,Large Office,AGC Building,1200 Westlake Ave N,Seattle,WA,98109.0,4088803725,7,LAKE UNION,47.63,-122.3396,1971,1.0,11,124721,0,124721,"Food Service, Office, Parking, Restaurant",Office,107594.0,Restaurant,15600.0,Parking,12000.0,,13898181.0,Compliant,,Multi-usages
605,2016,NonResidential,Small- and Mid-Sized Office,Lake Union Building,1700 Westlake Ave N,Seattle,WA,98109.0,4088803750,7,LAKE UNION,47.63376,-122.33968,1970,1.0,7,94002,0,94002,"Office, Parking",Office,93905.0,Parking,31348.0,,,,5662234.0,Compliant,,Multi-usages
606,2016,NonResidential,Warehouse,NWCP-SEA Bldg U,520 S Brandon St,Seattle,WA,98108.0,5084400005,2,GREATER DUWAMISH,47.55515,-122.3275,1974,1.0,1,93020,0,93020,Non-Refrigerated Warehouse,Non-Refrigerated Warehouse,93020.0,,,,,,1252323.875,Compliant,,Mono-usage
19746,2016,NonResidential,Other,ARTECH,2609 1st Avenue,Seattle,WA,98121.0,0653000350,7,DOWNTOWN,47.6153,-122.35014,1946,1.0,1,23000,0,23000,"Office, Other",Other,20310.0,Office,2689.600098,,,,711118.375,Compliant,,Multi-usages
607,2016,NonResidential,Supermarket / Grocery Store,Safeway 1965 - Rainier Ave,9262 Rainier Ave,Seattle,WA,98118.0,5087400030,2,SOUTHEAST,47.52095,-122.26825,2002,1.0,1,61053,0,61053,"Parking, Supermarket/Grocery Store",Supermarket/Grocery Store,54434.0,Parking,0.0,,,,13133225.0,Compliant,,Multi-usages
608,2016,NonResidential,Large Office,411 1ST AVE  S (ID608),411 1ST AVE S,Seattle,WA,98104.0,5247800200,2,DOWNTOWN,47.59878,-122.33458,1913,5.0,7,154159,0,154159,Office,Office,193154.0,,,,,,11195917.0,Non-Compliant,Low outlier,Mono-usage
609,2016,NonResidential,Small- and Mid-Sized Office,111 S. Jackson,111 South Jackson Street,Seattle,WA,98104.0,5247800255,2,DOWNTOWN,47.59895,-122.33379,1904,1.0,5,78920,0,78920,Office,Office,78564.0,,,,,2017,2830674.75,Compliant,,Mono-usage
610,2016,NonResidential,Small- and Mid-Sized Office,FX McRory Building,419 Occidental Ave. S.,Seattle,WA,98104.0,5247800280,2,DOWNTOWN,47.59855,-122.33327,1906,1.0,7,99440,0,99440,"Office, Retail Store",Office,65088.0,Retail Store,23857.0,,,,6606832.5,Compliant,,Multi-usages
611,2016,NonResidential,Small- and Mid-Sized Office,Westland Building,100 South King Street,Seattle,WA,98104.0,5247800300,2,DOWNTOWN,47.59856,-122.33379,1907,1.0,6,73260,0,73260,Office,Office,63871.0,,,,,,2853189.5,Compliant,,Mono-usage
612,2016,NonResidential,Small- and Mid-Sized Office,The Globe Building,105 South Main St.,Seattle,WA,98104.0,5247800320,7,DOWNTOWN,47.59979,-122.3338,1900,1.0,4,69817,0,69817,"Office, Retail Store",Office,34647.0,Retail Store,26039.0,,,,2178074.5,Compliant,,Multi-usages
613,2016,NonResidential,Small- and Mid-Sized Office,The Grand Central Building,216 1st Ave. S.,Seattle,WA,98104.0,5247800390,7,DOWNTOWN,47.60035,-122.33379,1900,1.0,4,84750,0,84750,"Enclosed Mall, Office",Office,41609.0,Enclosed Mall,28734.0,,,,2094724.625,Compliant,,Multi-usages
614,2016,NonResidential,Small- and Mid-Sized Office,Interurban Building,157 Yesler Way,Seattle,WA,98104.0,5247800555,7,DOWNTOWN,47.60146,-122.33248,1900,1.0,6,75496,13320,62176,"Office, Restaurant, Retail Store",Office,45799.0,Retail Store,9739.0,Restaurant,4689.0,,3570161.75,Compliant,,Multi-usages
615,2016,NonResidential,Large Office,Occidental Mall,308 Occidental Avenue S,Seattle,WA,98104.0,5247800695,7,DOWNTOWN,47.59962,-122.33247,1900,1.0,4,164380,0,164380,"Office, Retail Store",Office,123607.0,Retail Store,20795.0,,,,7655751.0,Compliant,,Multi-usages
616,2016,NonResidential,Large Office,(ID616) Court in the Square,401 Second Ave S,Seattle,WA,98104.0,5247800755,2,DOWNTOWN,47.59858,-122.33198,1907,1.0,7,160580,0,160580,Office,Office,160580.0,,,,,,4336187.5,Compliant,,Mono-usage
618,2016,NonResidential,Small- and Mid-Sized Office,Prefontaine,110 Prefontaine Pl S,Seattle,WA,98104.0,5247801045,7,DOWNTOWN,47.60159,-122.32915,1909,1.0,6,73470,0,73470,"Non-Refrigerated Warehouse, Office, Retail Store",Office,47145.0,Non-Refrigerated Warehouse,9477.0,Retail Store,9477.0,,3212269.0,Error - Correct Default Data,,Multi-usages
619,2016,Nonresidential COS,Other,King Street Station,303 S Jackson Street,Seattle,WA,98104.0,5247801160,2,DOWNTOWN,47.59871,-122.3299,1906,1.0,3,67755,0,67755,"Data Center, Office, Other, Other - Entertainment/Public Assembly",Other,33647.0,Office,19705.0,Other - Entertainment/Public Assembly,11988.0,,1904480.0,Compliant,,Multi-usages
620,2016,NonResidential,Mixed Use Property,Pacific Office Automation,1064 4th Ave S,Seattle,WA,98134.0,7666204795,2,GREATER DUWAMISH,47.59334,-122.32905,1910,1.0,3,56700,0,56700,"Distribution Center, Non-Refrigerated Warehouse, Office",Office,26250.0,Distribution Center,18050.0,Non-Refrigerated Warehouse,12400.0,,2371575.0,Compliant,,Multi-usages
621,2016,NonResidential,Warehouse,1021-1045 6th Ave. S.,1045 6th Avenue South,Seattle,WA,98134.0,7666204800,2,GREATER DUWAMISH,47.59366,-122.32666,1922,1.0,1,82852,0,82852,"Non-Refrigerated Warehouse, Retail Store",Non-Refrigerated Warehouse,58472.0,Retail Store,23282.0,,,,2153603.5,Compliant,,Multi-usages
622,2016,NonResidential,Other,Pacific Galleries,241 S Lander St,Seattle,WA,98134.0,7666205335,2,GREATER DUWAMISH,47.57941,-122.33131,1953,1.0,2,76442,0,76442,"Distribution Center, Office, Other",Other,50500.0,Distribution Center,18000.0,Office,7604.0,,3978277.0,Compliant,,Multi-usages
623,2016,NonResidential,Distribution Center,Hullin Transfer Building,270 S HANFORD ST,Seattle,WA,98134.0,7666205408,2,GREATER DUWAMISH,47.57658,-122.33054,1962,1.0,2,92792,0,92792,"Distribution Center, Office",Distribution Center,85343.0,Office,13435.0,,,,3155496.0,Compliant,,Multi-usages
624,2016,NonResidential,Other,South Occidental Warehouse,1900 Occidental Ave S,Seattle,WA,98134.0,7666206115,2,GREATER DUWAMISH,47.58444,-122.33282,1941,2.0,2,125519,0,125519,Manufacturing/Industrial Plant,Manufacturing/Industrial Plant,142901.0,,,,,,2244317.0,Compliant,,Mono-usage
625,2016,NonResidential,Large Office,"2200 Equities, LLC",2200 1st Avenue South,Seattle,WA,98134.0,7666206220,2,GREATER DUWAMISH,47.58361,-122.33369,1900,1.0,4,129000,25800,103200,Office,Office,104869.0,,,,,,4374646.0,Compliant,,Mono-usage
626,2016,NonResidential,Warehouse,Warehouse 1,1750 Occidental Ave S,Seattle,WA,98134.0,7666206285,2,GREATER DUWAMISH,47.58781,-122.33264,1954,1.0,1,78814,0,78814,Non-Refrigerated Warehouse,Non-Refrigerated Warehouse,78814.0,,,,,,861972.875,Compliant,,Mono-usage
627,2016,NonResidential,Small- and Mid-Sized Office,Roebling Building,901 Occidental Ave S,Seattle,WA,98134.0,7666206640,2,GREATER DUWAMISH,47.59486,-122.33368,1904,1.0,4,58970,0,58970,"Multifamily Housing, Non-Refrigerated Warehouse, Office, Parking",Office,39870.0,Non-Refrigerated Warehouse,11600.0,Multifamily Housing,7000.0,,1776411.75,Compliant,,Multi-usages
628,2016,NonResidential,Distribution Center,Palmer Court Building,1000 1st Ave S,Seattle,WA,98134.0,7666206676,2,GREATER DUWAMISH,47.59403,-122.33367,1910,1.0,6,75600,10800,64800,"Distribution Center, Office, Parking",Distribution Center,51040.0,Office,10500.0,Parking,6000.0,,2688675.75,Compliant,,Multi-usages
629,2016,NonResidential,Distribution Center,1016 1st Ave S LP,1014 1st Ave S,Seattle,WA,98134.0,7666206690,2,GREATER DUWAMISH,47.59363,-122.33371,1907,1.0,4,56270,0,56270,"Distribution Center, Non-Refrigerated Warehouse, Office, Retail Store",Distribution Center,39884.0,Non-Refrigerated Warehouse,9270.0,Office,4116.0,,1056782.125,Compliant,,Multi-usages
630,2016,NonResidential,Small- and Mid-Sized Office,The Reedo Building,542 1st Avenue South,Seattle,WA,98104.0,7666206851,2,DOWNTOWN,47.59701,-122.33378,1904,1.0,4,66842,0,66842,"Office, Retail Store",Office,43122.0,Retail Store,10514.0,,,,5608600.5,Compliant,,Multi-usages
632,2016,NonResidential,Small- and Mid-Sized Office,Provident Building,568 1st Avenue South,Seattle,WA,98104.0,7666206871,2,DOWNTOWN,47.59639,-122.33368,1909,1.0,6,75288,10800,64488,"Office, Parking",Office,65508.0,Parking,10918.0,,,,2891605.0,Compliant,,Multi-usages
633,2016,NonResidential,Large Office,83 S KING ST BLDG (ID633),83 S KING ST,Seattle,WA,98104.0,7666206895,2,DOWNTOWN,47.59806,-122.33475,1904,1.0,7,184322,0,184322,"Data Center, Office",Office,183916.0,Data Center,406.0,,,,9722890.0,Compliant,,Multi-usages
634,2016,NonResidential,Large Office,505 FIRST AVE S BLDG (ID634),505 1ST AVE S,Seattle,WA,98104.0,7666206900,2,DOWNTOWN,47.59767,-122.33467,2009,1.0,7,287853,0,287853,"Office, Retail Store",Office,273812.0,Retail Store,12102.0,,,,25567108.0,Compliant,,Multi-usages
635,2016,NonResidential,Small- and Mid-Sized Office,1201 Building,"1201 1st Ave. S.,",Seattle,WA,98134.0,7666206966,2,GREATER DUWAMISH,47.59202,-122.33486,1914,1.0,2,64512,0,64512,Office,Office,63000.0,,,,,,5968153.5,Compliant,,Mono-usage
637,2016,NonResidential,Mixed Use Property,Stadium Innovation Center,1531 Utah Ave S,Seattle,WA,98134.0,7666207045,2,GREATER DUWAMISH,47.58924,-122.33566,2009,1.0,6,286000,111774,174226,"Distribution Center, Office, Other, Other - Recreation, Parking",Parking,111774.0,Office,108747.0,Other,49271.0,,63835192.0,Compliant,,Multi-usages
638,2016,NonResidential,Warehouse,West Coast Building,2203 1st Ave. S.,Seattle,WA,98134.0,7666207175,2,GREATER DUWAMISH,47.58365,-122.33467,1926,1.0,7,144050,0,144050,Non-Refrigerated Warehouse,Non-Refrigerated Warehouse,144050.0,,,,,,3929371.0,Compliant,,Mono-usage
639,2016,NonResidential,Small- and Mid-Sized Office,Green Room,2245 1st Ave. South,Seattle,WA,98104.0,7666207195,2,GREATER DUWAMISH,47.58252,-122.33465,1930,1.0,3,60592,0,60592,Office,Office,60384.0,,,,,,5049446.5,Compliant,,Mono-usage
640,2016,NonResidential,Large Office,Starbucks Center,2401 Utah Ave South,Seattle,WA,98134.0,7666207220,2,GREATER DUWAMISH,47.58181,-122.33534,1912,0.0,6,1380959,0,1380959,"Non-Refrigerated Warehouse, Office, Retail Store",Office,1000730.0,Retail Store,281296.0,Non-Refrigerated Warehouse,220303.0,,74130576.0,Compliant,,Multi-usages
641,2016,NonResidential,Retail Store,The Home Depot,2701 Utah Avenue South,Seattle,WA,98134.0,7666207295,2,GREATER DUWAMISH,47.57842,-122.33558,1993,1.0,1,107930,0,107930,Retail Store,Retail Store,107704.0,,,,,,7221482.5,Compliant,,Mono-usage
642,2016,NonResidential,Warehouse,99/55 South Spokane St. Whse,99/55 South Spokane St.,Seattle,WA,98134.0,7666207506,2,GREATER DUWAMISH,47.57096,-122.3355,1926,1.0,1,99084,0,99084,Non-Refrigerated Warehouse,Non-Refrigerated Warehouse,99084.0,,,,,,1618110.375,Compliant,,Mono-usage
647,2016,NonResidential,Distribution Center,Ferguson Building,4100 W Marginal Way SW,Seattle,WA,98106.0,7666703530,1,Delridge,47.56676,-122.35247,1953,1.0,1,72719,0,72719,Distribution Center,Distribution Center,72719.0,,,,,,2581741.75,Compliant,,Mono-usage
649,2016,NonResidential,Small- and Mid-Sized Office,INScape,815 Seattle Blvd S.,Seattle,WA,98134.0,7669800045,3,EAST,47.59534849,-122.327269,1930,0.0,4,76624,0,76624,Office,Office,76624.0,,,,,,2773647.5,Compliant,,Mono-usage
650,2016,NonResidential,Small- and Mid-Sized Office,45th Street Plaza,1100 NE 45th ST,Seattle,WA,98105.0,7733600055,4,NORTHEAST,47.66158,-122.31625,2001,1.0,6,91706,36583,55123,"Office, Other, Parking",Office,53281.0,Parking,34701.0,Other,3724.0,,8570571.0,Compliant,,Multi-usages
651,2016,NonResidential,Medical Office,BMR-530 Fairview Avenue LLC,530 Fairview Avenue North,Seattle,WA,98109.0,7863500020,7,LAKE UNION,47.62395,-122.33392,2008,1.0,5,129093,39902,89191,"Medical Office, Other, Parking",Medical Office,89131.0,Parking,37652.0,Other,5615.0,,19248732.0,Compliant,,Multi-usages
652,2016,NonResidential,Large Office,West Seattle Corporate Center,4025 Delridge Way SW,Seattle,WA,98106.0,7881500200,1,DELRIDGE,47.56787,-122.36419,1991,1.0,5,138106,16221,121885,"Office, Parking",Office,119083.0,Parking,16221.0,,,,8381834.5,Compliant,,Multi-usages
654,2016,NonResidential,Retail Store,AIRPORT WAY SOUTH,4101 - 4111 AIRPORT WAY S,Seattle,WA,98108.0,7886100495,2,GREATER DUWAMISH,47.56664,-122.32346,1973,1.0,1,56572,0,56572,Retail Store,Retail Store,56576.0,,,,,,2409429.0,Compliant,,Mono-usage
656,2016,NonResidential,Medical Office,Arnold Pavilion,1221 Madison Street,Seattle,WA,98104.0,8725990000,3,EAST,47.60979,-122.32298,2004,1.0,0,225982,0,225982,Medical Office,Medical Office,200184.0,,,,,,20560622.0,Compliant,,Mono-usage
657,2016,NonResidential,Mixed Use Property,2200 Westlake - SEDO,2200 Westlake Ave.,Seattle,WA,98121.0,8729740000,7,DOWNTOWN,47.61783,-122.33729,2006,0.0,0,516407,0,516407,"Financial Office, Hotel, Multifamily Housing, Other, Parking, Restaurant, Supermarket/Grocery Store",Parking,385196.0,Multifamily Housing,340236.0,Hotel,67627.0,,39403320.0,Compliant,,Multi-usages
658,2016,NonResidential,Large Office,505 Union Station - SEDO,505 5th Ave. South,Seattle,WA,98104.0,8809700020,2,DOWNTOWN,47.59794,-122.32767,2000,1.0,11,312512,0,312512,"Data Center, Office, Restaurant",Office,303312.0,Data Center,4738.0,Restaurant,4462.0,,25747022.0,Compliant,,Multi-usages
659,2016,NonResidential,Large Office,Russell Investments Center,1301 2nd Ave,Seattle,WA,98101.0,9184500000,7,DOWNTOWN,47.6074,-122.33777,2005,1.0,42,1592914,0,1592914,"Data Center, Financial Office, Office, Parking, Restaurant",Office,914832.0,Parking,348788.0,Financial Office,303910.0,201620142012201120082007,56498868.0,Compliant,,Multi-usages
660,2016,NonResidential,Small- and Mid-Sized Office,1505 5th Ave,1505 5th Ave.,Seattle,WA,98101.0,1975700220,7,DOWNTOWN,47.61077,-122.3361,1926,1.0,6,97720,0,97720,"Data Center, Office, Retail Store",Office,51881.0,Data Center,11999.0,Retail Store,9713.0,,2478025.25,Compliant,,Multi-usages
661,2016,NonResidential,Medical Office,Elmer J. Nordstrom Medical Tower,1229 madison Street,Seattle,WA,98104.0,6108450000,3,EAST,47.61002,-122.32222,1985,1.0,10,422503,206580,215923,Medical Office,Medical Office,197408.0,,,,,,17254810.0,Compliant,,Mono-usage
671,2016,NonResidential,Medical Office,Jefferson Tower,1600 E Jefferson St,Seattle,WA,98122.0,7942600570,3,CENTRAL,47.60649,-122.31121,1987,1.0,7,94500,0,94500,Medical Office,Medical Office,113739.0,,,,,,5792926.0,Compliant,,Mono-usage
673,2016,NonResidential,Retail Store,#8944 West Seattle,7345 Delridge Way SW,Seattle,WA,98106.0,7985400295,1,DELRIDGE,47.53655,-122.36377,2005,0.0,1,94713,0,94713,Retail Store,Retail Store,109758.0,,,,,,5417598.0,Compliant,,Mono-usage
674,2016,NonResidential,Medical Office,7th and Madison,904   7th Ave.,Seattle,WA,98122.0,8590400395,7,EAST,47.60707,-122.3288,2008,1.0,9,302902,101342,201560,"Medical Office, Parking",Medical Office,201365.0,Parking,86270.0,,,,14751117.0,Compliant,,Multi-usages
677,2016,NonResidential,Medical Office,Cabrini Medical Tower,901 Boren Avenue,Seattle,WA,98104.0,8590901010,3,EAST,47.60883,-122.32494,1973,1.0,19,319911,156407,163504,"Medical Office, Parking",Medical Office,170727.0,Parking,69171.0,,,,15067340.0,Compliant,,Multi-usages
678,2016,NonResidential,Large Office,Colman Building,"811 First Avenue, Suite 350",Seattle,WA,98104.0,8591400005,7,DOWNTOWN,47.60353,-122.33558,1900,1.0,6,205521,0,205521,"Office, Retail Store",Office,114919.0,Retail Store,28643.0,,,,8138616.5,Compliant,,Multi-usages
679,2016,NonResidential,Small- and Mid-Sized Office,Mutual Life Building,605 First Avenue,Seattle,WA,98104.0,8591400075,7,DOWNTOWN,47.60197,-122.33437,1900,1.0,6,56700,0,56700,"Office, Retail Store",Office,46000.0,Retail Store,10500.0,,,,3065954.5,Compliant,,Multi-usages
680,2016,NonResidential,Small- and Mid-Sized Office,RDA Building,800 Maynard Ave S,Seattle,WA,98134.0,8592900345,2,GREATER DUWAMISH,47.59554,-122.32471,1925,1.0,4,72000,0,72000,Office,Office,72000.0,,,,,,2729167.75,Compliant,,Mono-usage
681,2016,NonResidential,Large Office,1633 Westlake Building,1633 Westlake Avenue North,Seattle,WA,98109.0,8807900360,7,MAGNOLIA / QUEEN ANNE,47.63347,-122.34078,2000,1.0,4,191146,94892,96254,"Office, Parking",Office,103000.0,Parking,80000.0,,,,5101504.5,Compliant,,Multi-usages
682,2016,NonResidential,Other,West Seattle Fitness,2629 SW Andover Street,Seattle,WA,98121.0,9358000300,1,DELRIDGE,47.56797,-122.36711,2001,1.0,3,68763,11527,57236,"Other - Recreation, Parking, Swimming Pool",Other - Recreation,50000.0,Parking,11527.0,Swimming Pool,0.0,,9029489.0,Compliant,,Multi-usages
683,2016,NonResidential,Other,Rainier Square Plaza,3820 Rainier Ave S,Seattle,WA,98118.0,9834201515,2,SOUTHEAST,47.56961,-122.28881,1994,3.0,1,102133,0,102133,"Parking, Strip Mall",Strip Mall,107427.0,Parking,0.0,,,,20725996.0,Compliant,,Multi-usages
685,2016,NonResidential,Large Office,818 Stewart,818 Stewart Street,Seattle,WA,98101.0,2285050000,7,DOWNTOWN,47.61567,-122.33503,2008,1.0,14,362046,0,362046,"Office, Other, Parking",Office,232443.0,Parking,97874.0,Other,3534.0,20172015,15725581.0,Compliant,,Multi-usages
689,2016,NonResidential,Other,Marketplace at Queen Anne,600 1st Ave N,Seattle,WA,98109.0,5161000000,7,MAGNOLIA / QUEEN ANNE,47.62476,-122.35521,1994,3.0,2,81336,0,81336,Lifestyle Center,Lifestyle Center,81385.0,,,,,,13085297.0,Compliant,,Mono-usage
690,2016,NonResidential,Large Office,One Convention Place,701 Pike Street,Seattle,WA,98101.0,5342900000,7,DOWNTOWN,47.6115,-122.33278,2001,1.0,23,538933,0,538933,"Office, Parking",Office,366554.0,Parking,122821.0,,,2017201520142013201120092008,16020642.0,Compliant,,Multi-usages
692,2016,NonResidential,Other,2323 Elliott,2323 Elliott Avenue,Seattle,WA,98121.0,6780950000,7,DOWNTOWN,47.61234,-122.34897,1983,1.0,6,275982,197130,78852,"Office, Parking",Parking,197040.0,Office,78852.0,,,,5233553.5,Compliant,,Multi-usages
693,2016,NonResidential,Small- and Mid-Sized Office,Queen Anne Square East (200),200 W Mercer St,Seattle,WA,98119.0,7015350000,7,MAGNOLIA / QUEEN ANNE,47.62497,-122.35965,1982,1.0,5,98668,0,98668,Office,Office,98668.0,,,,,2016201520142013201220102009,4391348.0,Compliant,,Mono-usage
694,2016,NonResidential,Large Office,Rainier Brewery,3100 Airport Way South,Seattle,WA,98134.0,7135400000,2,GREATER DUWAMISH,47.57639,-122.32072,2007,1.0,1,158931,28381,130550,"Multifamily Housing, Non-Refrigerated Warehouse, Office, Parking",Office,80157.0,Multifamily Housing,34302.0,Parking,26937.0,,8751704.0,Compliant,,Multi-usages
696,2016,NonResidential,Large Office,"Ocean Beauty Seafoods, LLC",1100 W Ewing St,Seattle,WA,98119.0,7666200070,7,MAGNOLIA / QUEEN ANNE,47.65692,-122.37059,1978,1.0,1,105100,0,105100,Office,Office,105100.0,,,,,,22078064.0,Compliant,,Mono-usage
700,2016,NonResidential,Supermarket / Grocery Store,IUC- Whole Foods Interbay,2001 15th Avenue West,Seattle,WA,98119.0,7666201460,7,MAGNOLIA / QUEEN ANNE,47.63718,-122.37734,2008,1.0,1,57176,0,57176,"Personal Services (Health/Beauty, Dry Cleaning, etc), Retail Store, Supermarket/Grocery Store",Supermarket/Grocery Store,39500.0,Retail Store,15000.0,"Personal Services (Health/Beauty, Dry Cleaning, etc)",5500.0,,12525174.0,Compliant,,Multi-usages
701,2016,NonResidential,Retail Store,Elliot Industrial,1523-1541 15th Ave West,Seattle,WA,98121.0,7666201690,7,MAGNOLIA / QUEEN ANNE,47.63284,-122.37712,1978,1.0,1,50660,0,50660,Retail Store,Retail Store,50660.0,,,,,,2661488.0,Compliant,,Mono-usage
702,2016,NonResidential,Small- and Mid-Sized Office,Hays Elliot,1461-1489 Elliot Ave W,Seattle,WA,98119.0,7666201740,7,MAGNOLIA / QUEEN ANNE,47.63156,-122.37551,1937,1.0,2,61929,0,61929,Office,Office,39879.0,,,,,,2203026.5,Compliant,,Mono-usage
703,2016,NonResidential,Large Office,501 Elliott Ave West,501 Elliot Ave West,Seattle,WA,98119.0,7666202080,7,MAGNOLIA / QUEEN ANNE,47.62302,-122.36476,2000,1.0,4,165111,55000,110111,"Data Center, Office, Parking",Office,104667.0,Parking,55000.0,Data Center,5444.0,,25478086.0,Compliant,,Multi-usages
704,2016,NonResidential,Large Office,401 Elliott Ave West,401 Elliot Ave West,Seattle,WA,98119.0,7666202110,7,MAGNOLIA / QUEEN ANNE,47.62235,-122.36378,2000,1.0,4,129551,42500,87051,"Data Center, Office, Parking",Office,82273.0,Parking,42500.0,Data Center,4778.0,,27137190.0,Non-Compliant,High outlier,Multi-usages
19755,2016,NonResidential,Small- and Mid-Sized Office,"2607 Building, LLC",2607 2nd Avenue,Seattle,WA,98121.0,0654000120,7,DOWNTOWN,47.61588,-122.34965,1925,1.0,3,20565,0,20565,Office,Office,20565.0,,,,,,802312.5,Compliant,,Mono-usage
705,2016,NonResidential,Large Office,351 Elliott Ave West,351 Elliot Ave West,Seattle,WA,98119.0,7666202133,7,MAGNOLIA / QUEEN ANNE,47.62175,-122.36313,2000,1.0,5,159937,55971,103966,"Office, Parking",Office,106449.0,Parking,50258.0,,,,7857972.5,Compliant,,Multi-usages
706,2016,NonResidential,Large Office,333 Elliott West,333 Elliott Ave W,Seattle,WA,98119.0,7666202160,7,MAGNOLIA / QUEEN ANNE,47.62101,-122.36188,2008,1.0,5,183964,46763,137201,"Data Center, Office, Parking",Office,133451.0,Parking,46763.0,Data Center,3750.0,,14856199.0,Compliant,,Multi-usages
707,2016,NonResidential,Large Office,101 ELLIOTT AVENUE WEST,101 Elliott Ave West,Seattle,WA,98119.0,7666202220,7,MAGNOLIA / QUEEN ANNE,47.61891,-122.35958,1986,1.0,5,208210,78848,129362,"Office, Parking",Office,109978.0,Parking,78848.0,,,2016201120102009,5514308.5,Compliant,,Multi-usages
708,2016,NonResidential,Large Office,3131 Elliott Avenue,3131 Elliott Avenue,Seattle,WA,98121.0,7666202240,7,DOWNTOWN,47.61813,-122.35833,1986,1.0,7,277486,80283,197203,"Office, Other, Parking",Office,178625.0,Parking,87624.0,Other,14653.0,,12729858.0,Compliant,,Multi-usages
709,2016,NonResidential,Large Office,Pier 69 Corporate HQ,2711 Alaskan Way,Seattle,WA,98121.0,7666202295,7,DOWNTOWN,47.614,-122.35375,1993,1.0,3,187130,0,187130,"Non-Refrigerated Warehouse, Office, Other, Other - Recreation, Other - Services, Restaurant",Office,171783.0,Non-Refrigerated Warehouse,9581.0,Other - Recreation,4413.0,2010,10053489.0,Compliant,,Multi-usages
710,2016,NonResidential,Large Office,World Trade Center - North,2401 Elliott Avenue,Seattle,WA,98121.0,7666202320,7,DOWNTOWN,47.61287,-122.35022,2000,1.0,5,251044,117867,133177,"Data Center, Office",Office,126218.0,Data Center,12717.0,,,2016201520122009,17186624.0,Compliant,,Multi-usages
711,2016,NonResidential,Warehouse,08495-Pier 57,1334 Alaskan Way,Seattle,WA,98101.0,7666202440,7,DOWNTOWN,47.60703,-122.34038,1912,1.0,5,154330,0,154330,Non-Refrigerated Warehouse,Non-Refrigerated Warehouse,95330.0,,,,,,1262235.25,Compliant,,Mono-usage
712,2016,NonResidential,Large Office,51 University,51 University,Seattle,WA,98006.0,7666202475,7,DOWNTOWN,47.60604,-122.33948,1918,1.0,6,108245,14690,93555,"Adult Education, Fitness Center/Health Club/Gym, Office, Other - Restaurant/Bar, Parking, Retail Store",Office,64055.0,Adult Education,14621.0,Parking,12359.0,,4515180.5,Compliant,,Multi-usages
713,2016,NonResidential,Large Office,National Building,1008 Western Ave,Seattle,WA,98104.0,7666202515,7,DOWNTOWN,47.6047,-122.33739,1905,1.0,6,167860,0,167860,"Data Center, Office, Retail Store",Office,110370.0,Retail Store,19801.0,Data Center,634.0,,6797647.0,Compliant,,Multi-usages
715,2016,NonResidential,Large Office,Polson Building,71 Columbia Street,Seattle,WA,98104.0,7666202565,7,DOWNTOWN,47.60247,-122.33621,1910,1.0,6,112560,0,112560,"Office, Retail Store",Office,80400.0,Retail Store,16080.0,,,,4946798.5,Compliant,,Multi-usages
716,2016,NonResidential,Retail Store,Western Building,619 Western Avenue,Seattle,WA,98104.0,7666202570,7,DOWNTOWN,47.60223,-122.33602,1910,1.0,6,86204,0,86204,Retail Store,Other,67670.0,Retail Store,13534.0,,,,3241917.0,Compliant,,Multi-usages
717,2016,Nonresidential COS,Warehouse,Airport Way Ctr - Bldg C,2203 Airport Way S,Seattle,WA,98134.0,7666203240,2,GREATER DUWAMISH,47.5829,-122.32417,1985,1.0,2,145158,0,145158,"Non-Refrigerated Warehouse, Office, Other",Non-Refrigerated Warehouse,101633.0,Office,48544.0,Other,10270.0,,8384523.0,Compliant,,Multi-usages
718,2016,NonResidential,Large Office,Holgate Center,1737 Airport Way South,Seattle,WA,98134.0,7666203300,2,GREATER DUWAMISH,47.58716,-122.32214,1951,1.0,2,112896,0,112896,"Office, Parking",Office,110746.0,Parking,57500.0,,,,10287986.0,Compliant,,Multi-usages
719,2016,NonResidential,Distribution Center,MACMILLAN-PIPER EYRES WAREHOUSE,1762 6th Ave S,Seattle,WA,98134.0,7666203440,2,GREATER DUWAMISH,47.58685,-122.32501,1960,1.0,1,110613,0,110613,"Distribution Center, Office",Distribution Center,99551.0,Office,11061.0,,,,1015060.188,Compliant,,Multi-usages
720,2016,NonResidential,Warehouse,6th & Holgate Building,1930 6th Ave. South,Seattle,WA,98103.0,7666203467,2,GREATER DUWAMISH,47.58553,-122.32511,1951,1.0,4,149881,0,149881,"Non-Refrigerated Warehouse, Office",Non-Refrigerated Warehouse,119593.0,Office,30288.0,,,,2417401.25,Compliant,,Multi-usages
722,2016,NonResidential,Warehouse,(ID722)INDUSTRIAL TRANSFER WAREHOUSE,2440 6TH AVE S,Seattle,WA,98121.0,7666203530,2,GREATER DUWAMISH,47.58042,-122.32552,1951,1.0,3,98220,0,98220,Non-Refrigerated Warehouse,Non-Refrigerated Warehouse,129420.0,,,,,,6468090.0,Compliant,,Mono-usage
723,2016,NonResidential,Distribution Center,North Coast Electric,2450 8th Ave S,Seattle,WA,98134.0,7666203538,2,GREATER DUWAMISH,47.58096,-122.32313,1970,1.0,1,84420,0,84420,"Distribution Center, Office, Retail Store",Distribution Center,44300.0,Office,24838.0,Retail Store,12349.0,,2848317.25,Compliant,,Multi-usages
725,2016,NonResidential,Distribution Center,Pacific Millennial Realty LLC,3623 6th Ave S,Seattle,WA,98134.0,7666204100,2,GREATER DUWAMISH,47.57055,-122.3267,1961,1.0,1,73335,0,73335,"Distribution Center, Parking",Distribution Center,73335.0,Parking,0.0,,,,5197118.0,Compliant,,Multi-usages
727,2016,NonResidential,Distribution Center,2700 4th Ave S (Best Fixture/Filson),2700 4th Ave S,Seattle,WA,98134.0,7666204225,2,GREATER DUWAMISH,47.5794,-122.32848,1928,1.0,2,56876,0,56876,"Distribution Center, Office, Retail Store",Distribution Center,48400.0,Office,4276.0,Retail Store,4200.0,,1791715.625,Compliant,,Multi-usages
728,2016,NonResidential,Warehouse,Pacific Iron & Metal,2230 4th Ave S,Seattle,WA,98134.0,7666204430,2,GREATER DUWAMISH,47.58241,-122.32866,1931,1.0,2,61200,0,61200,Non-Refrigerated Warehouse,Non-Refrigerated Warehouse,61200.0,,,,,,4912143.0,Compliant,,Mono-usage
729,2016,NonResidential,Distribution Center,Gensco Incorporated,1703 6th Ave S,Seattle,WA,98134.0,7666204590,2,GREATER DUWAMISH,47.58772,-122.32686,1987,1.0,1,111908,0,111908,Distribution Center,Distribution Center,109090.0,,,,,,1555420.25,Compliant,,Mono-usage
730,2016,NonResidential,Other,(ID#730)Campus 4:KC Metro Transit Ryerson Base,1200 4TH AVE S,Seattle,WA,98134.0,7666204685,2,GREATER DUWAMISH,47.5908,-122.32828,1986,3.0,2,63644,0,63644,"Other - Public Services, Parking",Other - Public Services,65700.0,Parking,0.0,,,,6858533.5,Compliant,,Multi-usages
731,2016,NonResidential,Mixed Use Property,SALVATION ARMY (ID#731),1000 4TH AVE S,Seattle,WA,98134.0,7666204745,2,GREATER DUWAMISH,47.59439,-122.32839,1930,3.0,2,108753,18860,89893,"Multifamily Housing, Non-Refrigerated Warehouse, Office, Parking, Retail Store, Worship Facility",Non-Refrigerated Warehouse,58605.0,Multifamily Housing,24338.0,Retail Store,18864.0,,3639670.25,Compliant,,Multi-usages
732,2016,NonResidential,Supermarket / Grocery Store,70100122-Greenwood,100 NW 85th Street,Seattle,WA,98117.0,9231900160,6,NORTHWEST,47.69197,-122.35877,1970,1.0,1,141890,35545,106345,"Parking, Supermarket/Grocery Store",Supermarket/Grocery Store,168735.0,Parking,0.0,Parking,0.0,,16865978.0,Compliant,,Multi-usages
734,2016,NonResidential,Small- and Mid-Sized Office,1455 Leary,1455 NW Leary Way,Seattle,WA,98107.0,2768302690,6,BALLARD,47.6633,-122.37549,2001,1.0,4,92092,21055,71037,Office,Office,70074.0,,,,,,4817062.0,Compliant,,Mono-usage
735,2016,NonResidential,Warehouse,Seattle Marine & Fishing Supply Co.,2121 West Commodore Way,Seattle,WA,98199.0,2771100415,7,MAGNOLIA / QUEEN ANNE,47.6592,-122.38437,1974,0.0,3,56259,0,56259,"Non-Refrigerated Warehouse, Office, Retail Store",Non-Refrigerated Warehouse,31582.0,Retail Store,20962.0,Office,3715.0,,2346571.5,Compliant,,Multi-usages
738,2016,NonResidential,Other,UW Benjamin Hall IRB,616 NE Northlake Place,Seattle,WA,98105.0,4207401365,4,NORTHEAST,47.65529,-122.32133,2006,1.0,6,143439,0,143439,"Other, Parking",Other,119570.0,Parking,23869.0,,,,25631512.0,Compliant,,Multi-usages
739,2016,NonResidential,Large Office,Lakeview 837 N 34th,837 N 34th Street,Seattle,WA,98103.0,1973200389,6,LAKE UNION,47.64912,-122.34823,2008,1.0,4,202623,88855,113768,"Fitness Center/Health Club/Gym, Office, Parking",Office,105206.0,Parking,31992.0,Fitness Center/Health Club/Gym,6374.0,20162012,8873485.0,Compliant,,Multi-usages
740,2016,NonResidential,Small- and Mid-Sized Office,The Canal View Building,551 N 34th St,Seattle,WA,98103.0,1972206514,6,LAKE UNION,47.64932,-122.35187,2000,1.0,2,77174,25800,51374,Office,Office,77174.0,,,,,,5481549.0,Compliant,,Mono-usage
741,2016,NonResidential,Large Office,1000 Dexter-RREEF  SeaDPD ID 741,1000 Dexter Avenue North,Seattle,WA,98109.0,2249500235,7,MAGNOLIA / QUEEN ANNE,47.62817,-122.34212,1998,1.0,5,110524,0,110524,"Office, Other, Parking",Office,98781.0,Other,8634.0,Parking,0.0,20112009,6859198.0,Compliant,,Multi-usages
742,2016,NonResidential,Mixed Use Property,1100 Eastlake,1100 Eastlake Ave,Seattle,WA,98109.0,2163901105,3,LAKE UNION,47.6289,-122.32877,2008,1.0,5,287224,103650,183574,"Data Center, Office, Other, Parking",Parking,97500.0,Office,88051.0,Other,54106.0,,21042926.0,Compliant,,Multi-usages
743,2016,NonResidential,Laboratory,Dendreon Pharmaceuticals Inc. (Building Owner is Alexandria Real Estate),1208 Eastlake Avenue East,Seattle,WA,98102.0,2163901160,3,LAKE UNION,47.63079,-122.32693,1999,1.0,4,115748,18382,97366,Laboratory,Laboratory,97365.0,,,,,,36436388.0,Compliant,,Mono-usage
744,2016,NonResidential,Large Office,West Tower,400 Second Avenue,Seattle,WA,98119.0,1989200750,7,MAGNOLIA / QUEEN ANNE,47.62225,-122.35915,2000,1.0,7,241875,84689,157186,"Office, Parking",Office,163082.0,Parking,83425.0,,,2009,8655604.0,Compliant,,Multi-usages
745,2016,NonResidential,Large Office,190 Queen Anne,190 Queen Anne,Seattle,WA,98109.0,1989201385,7,MAGNOLIA / QUEEN ANNE,47.61949,-122.35639,1974,1.0,5,102930,18720,84210,"Office, Parking",Office,89075.0,Parking,15164.0,,,2017,4750799.0,Compliant,,Multi-usages
748,2016,NonResidential,Small- and Mid-Sized Office,Pier 70,2801 Alaskan Way,Seattle,WA,98121.0,7666202292,7,DOWNTOWN,47.61472,-122.35566,1902,1.0,3,76893,0,76893,"Office, Parking, Retail Store",Office,90345.0,Parking,33380.0,Retail Store,15845.0,,12029600.0,Compliant,,Multi-usages
749,2016,NonResidential,Large Office,Fourth and Vine,2601 Fourth Avenue,Seattle,WA,98121.0,0656000410,7,DOWNTOWN,47.61732,-122.34791,1975,1.0,8,150000,23630,126370,"Office, Parking",Office,126648.0,Parking,23913.0,,,2009,9343428.0,Compliant,,Multi-usages
750,2016,NonResidential,Large Office,Children's Hospital Research Building #2,1915 Terry Ave,Seattle,WA,98101.0,0660001255,7,DOWNTOWN,47.61628,-122.33391,1953,1.0,7,274362,0,274362,Office,Office,274362.0,,,,,2016,16540550.0,Compliant,,Mono-usage
751,2016,NonResidential,Large Office,Blanchard Plaza (CoS Energy Reporting),2201 Sixth Avenue,Seattle,WA,98121.0,0697000235,7,DOWNTOWN,47.61599,-122.34165,1983,1.0,15,378002,116280,261722,"Office, Parking",Office,270237.0,Parking,71602.0,,,2016201320122011201020092008,17750994.0,Compliant,,Multi-usages
752,2016,NonResidential,Large Office,ACTIVE VOICE,2033 6th Ave,Seattle,WA,98121.0,0659000930,7,DOWNTOWN,47.61481,-122.33969,1963,1.0,11,169020,0,169020,"Bar/Nightclub, Office, Personal Services (Health/Beauty, Dry Cleaning, etc)",Office,156414.0,Bar/Nightclub,10337.0,"Personal Services (Health/Beauty, Dry Cleaning, etc)",8208.0,,11480494.0,Compliant,,Multi-usages
753,2016,NonResidential,Other,WestinBuilding,2001 6th Ave,Seattle,WA,98121.0,0659000950,7,DOWNTOWN,47.61438,-122.33871,1981,1.0,33,429405,0,429405,"Data Center, Office",Data Center,218997.0,Office,210409.0,,,,274682208.0,Compliant,,Multi-usages
775,2016,NonResidential,Large Office,Columbia Center - 2015,701 5th Avenue,Seattle,WA,98104.0,0942000640,7,DOWNTOWN,47.60454,-122.33072,1985,1.0,76,1952220,319400,1632820,"Office, Parking",Office,1680937.0,Parking,319368.0,,,2017201620152012200920072006,92937640.0,Compliant,,Multi-usages
754,2016,NonResidential,Large Office,Eighth & Olive - New,720 Olive Way,Seattle,WA,98101.0,0659000305,7,DOWNTOWN,47.61418,-122.33485,1981,1.0,19,383515,89778,293737,"Medical Office, Office, Parking",Office,312442.0,Parking,84800.0,Medical Office,18799.0,20162015201320122011201020092008,15878689.0,Compliant,,Multi-usages
755,2016,NonResidential,Medical Office,Medical Dental Building,509 Olive Way,Seattle,WA,98101.0,0659000085,7,DOWNTOWN,47.6129,-122.33684,1925,1.0,18,363934,28870,335064,"Medical Office, Parking, Retail Store",Medical Office,281598.0,Parking,27597.0,Retail Store,21519.0,,22104512.0,Compliant,,Multi-usages
756,2016,NonResidential,Retail Store,601 Pine St,601 Pine St,Seattle,WA,98101.0,1976700005,7,DOWNTOWN,47.61203,-122.33486,1929,1.0,4,78920,0,78920,Retail Store,Retail Store,78920.0,,,,,,8303666.5,Compliant,,Mono-usage
757,2016,NonResidential,Large Office,Market Place I & II-2003 Western Avenue,2003 Western Avenue,Seattle,WA,98121.0,1977200280,7,DOWNTOWN,47.61051,-122.34439,1979,1.0,7,131143,87160,43983,"Office, Retail Store",Office,120248.0,Retail Store,10853.0,,,,5177270.5,Compliant,,Multi-usages
758,2016,NonResidential,Other,Pacific Place,600 Pine Street,Seattle,WA,98101.0,6600470000,7,DOWNTOWN,47.61289,-122.33531,1999,1.0,0,947987,0,947987,"Office, Other - Entertainment/Public Assembly, Other - Mall, Restaurant",Other - Mall,561684.0,Other - Entertainment/Public Assembly,100000.0,Restaurant,80000.0,,46510960.0,Compliant,,Multi-usages
759,2016,NonResidential,Mixed Use Property,Oddfellows,915 E Pine St,Seattle,WA,98122.0,6003500460,3,EAST,47.61505,-122.32,1908,1.0,4,55520,0,55520,"Office, Performing Arts, Restaurant, Retail Store, Self-Storage Facility",Office,17120.0,Performing Arts,15300.0,Self-Storage Facility,13400.0,,3686962.25,Compliant,,Multi-usages
760,2016,NonResidential,Large Office,Broadacres Building,1601 Second Avenue,Seattle,WA,98101.0,1977200040,7,DOWNTOWN,47.61036,-122.34037,1908,1.0,10,132998,0,132998,"Office, Retail Store",Office,138257.0,Retail Store,0.0,,,,3775187.5,Compliant,,Multi-usages
761,2016,NonResidential,Retail Store,Ross Dress for Less,301 Pike Street,Seattle,WA,98101.0,1975700300,7,DOWNTOWN,47.60956,-122.33715,1940,1.0,3,83118,0,83118,Retail Store,Retail Store,45000.0,,,,,,2443141.5,Compliant,,Mono-usage
762,2016,NonResidential,Retail Store,Kress Building,1419 Third Avenue,Seattle,WA,98101.0,1975700485,7,DOWNTOWN,47.60925,-122.33734,1924,1.0,3,77555,0,77555,Retail Store,Retail Store,73563.0,,,,,,7802205.5,Compliant,,Mono-usage
763,2016,NonResidential,Small- and Mid-Sized Office,Market Square,1415 Western Avenue,Seattle,WA,98121.0,7666202405,7,DOWNTOWN,47.60765,-122.34097,1909,1.0,6,51218,0,51218,"Office, Restaurant",Office,44913.0,Restaurant,7044.0,,,,2886141.5,Compliant,,Multi-usages
764,2016,NonResidential,Large Office,Financial Center - COS Compliance,1215 4th Avenue,Seattle,WA,98101.0,0002400002,7,DOWNTOWN,47.60765,-122.3348,1970,1.0,29,489182,0,489182,"Office, Other - Restaurant/Bar, Other - Technology/Science, Parking",Office,371450.0,Parking,65451.0,Other - Technology/Science,9295.0,,36378588.0,Compliant,,Multi-usages
765,2016,NonResidential,Large Office,Seattle Tower,1218 3rd Avenue,Seattle,WA,98101.0,1975200005,7,DOWNTOWN,47.60769,-122.33544,1929,1.0,27,216571,13320,203251,"Office, Other - Technology/Science, Parking",Office,182604.0,Parking,13320.0,Other - Technology/Science,6246.0,2014201320122008,16246106.0,Compliant,,Multi-usages
766,2016,NonResidential,Large Office,1200 3rd Ave,1200 3rd Ave,Seattle,WA,98104.0,1975200015,7,DOWNTOWN,47.60741,-122.33565,1921,1.0,13,189175,0,189175,"Office, Other",Office,151740.0,Other,12645.0,,,,19036416.0,Compliant,,Multi-usages
767,2016,NonResidential,Large Office,1015 3rd Ave,1015 3rd Ave,Seattle,WA,98104.0,0939000485,7,DOWNTOWN,47.60582,-122.33464,1998,1.0,13,293803,74481,219322,"Office, Parking",Office,145491.0,Parking,70603.0,,,,17074142.0,Compliant,,Multi-usages
768,2016,NonResidential,Large Office,1201 Western Avenue,1201 Western Avenue,Seattle,WA,98101.0,7666202480,7,DOWNTOWN,47.60576,-122.33922,1910,1.0,7,122356,0,122356,"Data Center, Office, Retail Store",Office,95942.0,Retail Store,15523.0,Data Center,182.0,,4585070.5,Compliant,,Multi-usages
769,2016,NonResidential,Small- and Mid-Sized Office,United Way of King County,720 2nd Ave,Seattle,WA,98104.0,0939000240,7,DOWNTOWN,47.60366,-122.33328,1921,1.0,3,52298,0,52298,Office,Office,50250.0,,,,,,1968655.125,Compliant,,Mono-usage
771,2016,NonResidential,Large Office,Hoge Building,705 2nd Avenue,Seattle,WA,98101.0,0939000230,7,DOWNTOWN,47.60304,-122.33362,1911,1.0,17,116640,0,116640,"Financial Office, Food Service, Office, Other",Office,82053.0,Financial Office,6561.0,Food Service,6333.0,,6758565.5,Compliant,,Multi-usages
772,2016,NonResidential,Large Office,800 Fifth Avenue,800 5th Ave,Seattle,WA,98104.0,0942000470,3,DOWNTOWN,47.60573,-122.33028,1981,1.0,42,1249055,201121,1047934,"Data Center, Medical Office, Office, Parking, Restaurant",Office,983697.0,Parking,296815.0,Medical Office,12941.0,201620152014201320122011201020092008200720062005200320022000,37980712.0,Compliant,,Multi-usages
776,2016,NonResidential,Medical Office,First Hill Medical Building,515 Minor Avenue,Seattle,WA,98104.0,8590900765,3,EAST,47.60663,-122.32157,1988,1.0,5,188339,99314,89025,"Medical Office, Parking",Medical Office,81873.0,Parking,67000.0,,,,8523594.0,Compliant,,Multi-usages
777,2016,NonResidential,University,Hospital Central Services Laundry,800 13th Ave,Seattle,WA,98122.0,2254500945,3,CENTRAL,47.6094,-122.31506,1916,1.0,2,60122,0,60122,"College/University, Parking",College/University,60122.0,Parking,0.0,,,,690529.5,Compliant,,Multi-usages
778,2016,NonResidential,Small- and Mid-Sized Office,1st && King Street,500 1st Avenue S.,Seattle,WA,98104.0,7666206830,2,DOWNTOWN,47.5981,-122.33369,1910,1.0,6,95000,13700,81300,"Office, Parking",Office,84481.0,Parking,8474.0,,,,4052720.0,Compliant,,Multi-usages
779,2016,NonResidential,Large Office,Administration Building,500 5TH AVE,Seattle,WA,98104.0,0942000920,7,DOWNTOWN,47.6029,-122.32927,1971,1.0,9,224857,0,224857,Office,Office,204993.0,,,,,,15272491.0,Compliant,,Mono-usage
780,2016,NonResidential,Large Office,King Street Center,201 South Jackson A-15,Seattle,WA,98104.0,5247800795,2,DOWNTOWN,47.59878,-122.33088,1998,1.0,8,446261,124788,321473,"Office, Parking",Office,343400.0,Parking,114237.0,,,2014201020082001,13568148.0,Compliant,,Multi-usages
782,2016,NonResidential,Other,DOT 17G_01 1051 BUILDING,1051 1ST AVE SO,Seattle,WA,98104.0,7666206955,2,GREATER DUWAMISH,47.59273,-122.33455,1939,1.0,2,58492,0,58492,Other,Other,58500.0,,,,,,1594422.5,Compliant,,Mono-usage
783,2016,NonResidential,Small- and Mid-Sized Office,Taylor Edwards Building,1518 1st Avenue South,Seattle,WA,98134.0,7666206440,2,GREATER DUWAMISH,47.58958,-122.33369,1907,1.0,6,62370,0,62370,"Office, Restaurant",Office,49473.0,Restaurant,10408.0,,,,4353025.0,Compliant,,Multi-usages
784,2016,NonResidential,Warehouse,SEWA,1919 Sixth Ave South,Seattle,WA,98134.0,7666204495,2,GREATER DUWAMISH,47.58454,-122.3269,1960,1.0,1,73296,0,73296,"Non-Refrigerated Warehouse, Parking",Non-Refrigerated Warehouse,77800.0,Parking,0.0,,,2014,2356376.75,Compliant,,Multi-usages
785,2016,Nonresidential COS,Other,Airport Way Ctr - Bldg A,2203 Airport Way S,Seattle,WA,98134.0,7666203240,2,GREATER DUWAMISH,47.5829,-122.32417,1944,1.0,4,99122,0,99122,"Office, Other",Other,50036.0,Office,49086.0,,,,14469228.0,Compliant,,Multi-usages
786,2016,NonResidential,Other,J D OTT COMPANY (2244 6th Ave S),2244 6th Avenue S,Seattle,WA,98134.0,7666203489,2,GREATER DUWAMISH,47.58251,-122.32528,1985,1.0,1,66133,0,66133,"Non-Refrigerated Warehouse, Office, Other",Other,60787.0,Office,13805.0,Non-Refrigerated Warehouse,2408.0,,6345009.5,Compliant,,Multi-usages
787,2016,NonResidential,Warehouse,Seattle Lighting Distribution Center,26 South Hanford Street,Seattle,WA,98134.0,7666207627,2,GREATER DUWAMISH,47.57613,-122.33864,1952,1.0,2,115668,0,115668,"Data Center, Non-Refrigerated Warehouse, Office, Retail Store",Non-Refrigerated Warehouse,101752.0,Office,8068.0,Retail Store,4270.0,,3534690.75,Compliant,,Multi-usages
791,2016,NonResidential,Other,United Parcel Service,4455 7th Avenue South,Seattle,WA,98108.0,7376600390,2,GREATER DUWAMISH,47.56301,-122.32564,1970,1.0,1,141686,0,141686,Other,Other,152511.0,,,,,,6673138.0,Compliant,,Mono-usage
792,2016,NonResidential,Small- and Mid-Sized Office,McKinstry SEA - 5005 3rd Ave S Office,5005 3rd Avenue S.,Seattle,WA,98134.0,3573700320,2,GREATER DUWAMISH,47.55695,-122.33176,1950,1.0,1,93610,0,93610,"Data Center, Office",Office,101278.0,Data Center,502.0,,,2016,6235947.0,Compliant,,Multi-usages
793,2016,NonResidential,Large Office,Seattle Design Center (Atrium Building),5701 6th Ave. S,Seattle,WA,98108.0,2738100010,2,GREATER DUWAMISH,47.55238,-122.32762,1973,1.0,2,156188,0,156188,"Office, Parking",Office,141917.0,Parking,0.0,,,,6843855.0,Compliant,,Multi-usages
794,2016,NonResidential,Warehouse,NWCP-SEA Bldg C,703 S Fidalgo St,Seattle,WA,98108.0,2738100480,2,GREATER DUWAMISH,47.54923,-122.32446,1966,1.0,1,115620,0,115620,Non-Refrigerated Warehouse,Non-Refrigerated Warehouse,56900.0,,,,,,1951856.25,Compliant,,Mono-usage
796,2016,NonResidential,Large Office,6100 Building,6100 4th Ave S,Seattle,WA,98108.0,5367200610,2,GREATER DUWAMISH,47.54699,-122.32882,1975,1.0,5,238148,0,238148,"Office, Parking",Office,245240.0,Parking,5616.0,Parking,5616.0,,10775646.0,Compliant,,Multi-usages
797,2016,NonResidential,Distribution Center,Westcore River Street,303 S River Street,Seattle,WA,98108.0,5367204100,2,GREATER DUWAMISH,47.54326,-122.33134,1969,1.0,1,71718,0,71718,Distribution Center,Distribution Center,71718.0,,,,,,151754.2969,Compliant,,Mono-usage
798,2016,NonResidential,Warehouse,OPS,7440 W. Marginal Way S.,Seattle,WA,98108.0,2924049101,1,GREATER DUWAMISH,47.53628,-122.3329,1969,1.0,1,55450,0,55450,"Non-Refrigerated Warehouse, Office",Non-Refrigerated Warehouse,34206.0,Office,21244.0,,,,4345698.0,Compliant,,Multi-usages
799,2016,NonResidential,Distribution Center,Cloverdale Business Park Building D,309 South Cloverdale Street,Seattle,WA,98108.0,3224049012,1,GREATER DUWAMISH,47.52549,-122.33064,1979,1.0,1,54880,0,54880,Distribution Center,Distribution Center,55000.0,,,,,,2763597.0,Compliant,,Mono-usage
800,2016,NonResidential,Retail Store,WEST SEATTLE (0637),2800 SW BARTON ST,Seattle,WA,98126.0,3624039166,1,DELRIDGE,47.52222,-122.36892,1992,1.0,1,102500,0,102500,"Parking, Retail Store",Retail Store,99471.0,Parking,0.0,,,2011,7305474.0,Compliant,,Multi-usages
801,2016,NonResidential,Other,NORTH BLDG,2670 NE 49th Street,Seattle,WA,98105.0,0925049425,4,NORTHEAST,47.66478,-122.29804,2002,1.0,6,361398,272900,88498,"Non-Refrigerated Warehouse, Other, Parking, Retail Store",Parking,232685.0,Retail Store,63419.0,Non-Refrigerated Warehouse,15757.0,,8915523.0,Compliant,,Multi-usages
802,2016,NonResidential,Supermarket / Grocery Store,70500849 -- Rainier Valley,2707 Rainier Avenue South,Seattle,WA,98144.0,5260300005,2,GREATER DUWAMISH,47.57903,-122.29982,1963,1.0,1,50785,0,50785,Supermarket/Grocery Store,Supermarket/Grocery Store,27382.0,,,,,,7439009.0,Compliant,,Mono-usage
803,2016,NonResidential,Small- and Mid-Sized Office,200 SW Michigan,200 SW Michigan,Seattle,WA,98106.0,5367202506,1,Delridge,47.54103,-122.33766,1929,1.0,3,85126,0,85126,Office,Office,81526.0,,,,,,37951708.0,Compliant,,Mono-usage
804,2016,NonResidential,Other,Northgate North,302 NE Northgate Way,Seattle,WA,98125.0,2926049109,5,North,47.70911,-122.32529,2000,1.0,5,303255,19820,283435,"Other, Parking, Restaurant, Retail Store",Parking,321828.0,Retail Store,298043.0,Other,5636.0,,11077140.0,Compliant,,Multi-usages
805,2016,NonResidential,Distribution Center,Portside Distribution Center,4050 E. Marginal Way South,Seattle,WA,98134.0,7666207536,2,GREATER DUWAMISH,47.56613,-122.33838,1986,1.0,1,411584,0,411584,"Distribution Center, Non-Refrigerated Warehouse, Refrigerated Warehouse",Distribution Center,288048.0,Non-Refrigerated Warehouse,83683.0,Refrigerated Warehouse,35760.0,,15091579.0,Compliant,,Multi-usages
806,2016,NonResidential,Mixed Use Property,US Rubber Building,212 S Jackson Street,Seattle,WA,98104.0,5247800865,7,DOWNTOWN,47.59937,-122.33116,1902,1.0,4,73320,0,73320,"Non-Refrigerated Warehouse, Office, Retail Store",Non-Refrigerated Warehouse,27283.0,Office,23277.0,Retail Store,6540.0,,1141189.75,Compliant,,Multi-usages
807,2016,NonResidential,Large Office,645 Elliott - North Building,645 Elliott Avenue West,Seattle,WA,98119.0,3879902265,7,MAGNOLIA / QUEEN ANNE,47.6252,-122.36737,2008,1.0,4,242686,100176,142510,"Office, Parking",Office,149081.0,Parking,76364.0,,,2017,9683979.0,Compliant,,Multi-usages
809,2016,NonResidential,Small- and Mid-Sized Office,Washington Shoe Building,400 Occidental Ave. South,Seattle,WA,98104.0,5247800735,2,DOWNTOWN,47.5992,-122.33223,1900,1.0,6,95760,15840,79920,Office,Office,95760.0,,,,,,5392617.5,Compliant,,Mono-usage
811,2016,NonResidential,Warehouse,City Commerce Park,3849 1st Ave S.,Seattle,WA,98134.0,1824049060,2,GREATER DUWAMISH,47.56733,-122.3352,1946,1.0,1,179413,0,179413,Non-Refrigerated Warehouse,Non-Refrigerated Warehouse,178087.0,,,,,,3459543.0,Compliant,,Mono-usage
812,2016,NonResidential,Warehouse,Seattle Pottery Supply,35 S Hanford St,Seattle,WA,98134.0,7666207611,2,GREATER DUWAMISH,47.57513,-122.33739,1917,0.0,1,65288,0,65288,"Non-Refrigerated Warehouse, Office, Other - Services, Retail Store",Non-Refrigerated Warehouse,60000.0,Other - Services,5000.0,Retail Store,5000.0,,605971.1875,Compliant,,Multi-usages
813,2016,NonResidential,Warehouse,3546 W Marginal Way SW,3546 W Marginal Way SW,Seattle,WA,98106.0,7666703967,1,Delridge,47.5725,-122.3571,1966,1.0,1,170632,0,170632,"Non-Refrigerated Warehouse, Office",Non-Refrigerated Warehouse,164806.0,Office,5826.0,,,,602245.0,Compliant,,Multi-usages
814,2016,NonResidential,Large Office,West Lake Union Center,1505 Westlake Avenue North,Seattle,WA,98109.0,8807900130,7,MAGNOLIA / QUEEN ANNE,47.63264,-122.34171,1994,1.0,10,381511,0,381511,"Office, Parking",Office,220033.0,Parking,168978.0,,,20172015201420132011,11410228.0,Compliant,,Multi-usages
815,2016,NonResidential,Large Office,Fifth and Yesler,300 - 5th Avenue,Seattle,WA,98104.0,0942001155,3,DOWNTOWN,47.60214,-122.32726,2009,1.0,17,413264,138098,275166,"Office, Parking",Office,295494.0,Parking,94781.0,,,20172016,13631141.0,Compliant,,Multi-usages
817,2016,NonResidential,Mixed Use Property,Russell Hall,1414 NE 42nd Street,Seattle,WA,98105.0,1142001150,4,NORTHEAST,47.6586,-122.3124,2009,1.0,6,122400,54300,68100,"Multifamily Housing, Office, Parking, Retail Store",Office,41624.0,Parking,33399.0,Multifamily Housing,20740.0,,4865551.5,Compliant,,Multi-usages
819,2016,NonResidential,Retail Store,BLDG D,2689 NE University Village Street,Seattle,WA,98105.0,0925049346,4,NORTHEAST,47.66246,-122.29898,1956,1.0,2,93803,0,93803,"Non-Refrigerated Warehouse, Other, Restaurant, Retail Store",Retail Store,85572.0,Restaurant,2950.0,Other,2500.0,,5453438.5,Compliant,,Multi-usages
821,2016,NonResidential,Warehouse,3701 S. Norfolk,3701 S. Norfolk Street,Seattle,WA,98118.0,0323049194,2,GREATER DUWAMISH,47.51304,-122.28394,1966,1.0,2,123000,0,123000,"Non-Refrigerated Warehouse, Office",Non-Refrigerated Warehouse,112484.0,Office,24433.0,,,,3004271.0,Compliant,,Multi-usages
861,2016,NonResidential,Medical Office,Patricia Steele Building,401 Broadway,Seattle,WA,98122.0,8590900805,3,EAST,47.6056366,-122.3214798,2003,1.0,5,275130,112980,162150,Medical Office,Medical Office,177748.0,,,,,,9941308.0,Compliant,,Mono-usage
822,2016,NonResidential,Warehouse,(ID#822) 98 NORFOLK,9877 40TH AVE S,Seattle,WA,98136.0,0323049221,2,GREATER DUWAMISH,47.51168,-122.28285,1978,1.0,1,60448,0,60448,"Non-Refrigerated Warehouse, Office",Non-Refrigerated Warehouse,52702.0,Office,7746.0,,,,1052244.75,Compliant,,Multi-usages
828,2016,NonResidential,Hospital,Swedish First Hill,747 Broadway,Seattle,WA,98122.0,1978201096,3,EAST,47.608951,-122.322402,1994,7.0,14,1765970,0,1765970,"Hospital (General Medical & Surgical), Parking",Hospital (General Medical & Surgical),1639334.0,Parking,441551.0,,,,291614432.0,Compliant,,Multi-usages
829,2016,NonResidential,Other,Northwest Work Lofts,3131 Western Ave.,Seattle,WA,98121.0,1992200425,7,MAGNOLIA / QUEEN ANNE,47.61915,-122.35871,1928,3.0,4,62600,0,62600,Other,Other,215197.0,,,,,,11147342.0,Compliant,,Mono-usage
830,2016,NonResidential,Mixed Use Property,childhaven,316 broadway,Seattle,WA,98122.0,2197600100,3,EAST,47.60453796,-122.3203278,2004,1.0,4,77412,21612,55800,"Office, Other, Parking",Other,26400.0,Office,19200.0,Parking,17000.0,,2655387.5,Compliant,,Multi-usages
831,2016,NonResidential,Medical Office,600 Broadway,600 Broadway,Seattle,WA,98122.0,2197600250,3,EAST,47.60796711,-122.3195445,1990,1.0,5,289419,159157,130262,"Medical Office, Parking",Medical Office,146150.0,Parking,139000.0,,,,12731388.0,Compliant,,Multi-usages
832,2016,NonResidential,Other,Salal Credit Union Headquarters,9706 4th Ave NE,Seattle,WA,98115.0,2434900150,5,NORTH,47.6993,-122.32378,1987,1.0,5,90266,0,90266,Financial Office,Financial Office,87552.0,,,,,,7771933.5,Compliant,,Mono-usage
837,2016,NonResidential,Warehouse,Peoples Storage,4213 Leary Way NW,Seattle,WA,98107.0,2516000215,6,Ballard,47.6582,-122.36434,2004,1.0,4,87332,6458,80874,Non-Refrigerated Warehouse,Non-Refrigerated Warehouse,87332.0,,,,,,1165598.875,Compliant,,Mono-usage
839,2016,NonResidential,Hotel,Silver Cloud Inn - Broadway,1100 Broadway,Seattle,WA,98122.0,1978201320,3,EAST,47.61210727,-122.3205972,2003,1.0,6,150545,50017,100528,"Hotel, Parking",Hotel,100528.0,Parking,50017.0,,,,13410041.0,Compliant,,Multi-usages
841,2016,NonResidential,Other,EMP Museum,325 5th Avenue North,Seattle,WA,98109.0,1991200005,7,MAGNOLIA / QUEEN ANNE,47.62147,-122.34817,1999,1.0,5,141718,0,141718,"Other - Entertainment/Public Assembly, Restaurant",Other - Entertainment/Public Assembly,134197.0,Restaurant,5803.0,,,,19085174.0,Compliant,,Multi-usages
843,2016,NonResidential,Hotel,The Maxwell Hotel,300 Roy ST,Seattle,WA,98109.0,5457800400,7,MAGNOLIA / QUEEN ANNE,47.62562,-122.35121,2008,1.0,5,111856,21273,90583,"Hotel, Parking, Restaurant, Swimming Pool",Hotel,92000.0,Parking,20000.0,Restaurant,4006.0,,9444484.0,Compliant,,Multi-usages
845,2016,NonResidential,Warehouse,08501-Capitol Hill,1815 12th Ave E,Seattle,WA,98122.0,6003500780,3,EAST,47.61818,-122.31728,1988,1.0,4,132828,0,132828,Non-Refrigerated Warehouse,Non-Refrigerated Warehouse,132828.0,,,,,,1083729.625,Compliant,,Mono-usage
847,2016,NonResidential,Warehouse,Pioneer Industries,7000 Highland Parkway SW,Seattle,WA,98106.0,3024049003,1,DELRIDGE,47.53935,-122.34402,1970,1.0,1,70400,0,70400,"Non-Refrigerated Warehouse, Office",Non-Refrigerated Warehouse,58047.0,Office,12353.0,,,,13962749.0,Compliant,,Multi-usages
848,2016,NonResidential,Retail Store,#4706 Bitterlake,11616 AURORA AVE N,Seattle,WA,98133.0,3026049093,5,NORTHWEST,47.71417,-122.34256,1995,1.0,1,101830,0,101830,Retail Store,Retail Store,130767.0,,,,,,10713006.0,Compliant,,Mono-usage
851,2016,NonResidential,University,SCCC SEATTLE VOCATIONAL INST.,2120 S JACKSON ST,Seattle,WA,98144.0,3646100185,3,CENTRAL,47.5997,-122.30364,1974,2.0,4,114000,0,114000,College/University,College/University,114000.0,,,,,,7575080.0,Compliant,,Mono-usage
857,2016,NonResidential,Warehouse,3480 W Marginal Way SW,3480 W Marginal Way SW,Seattle,WA,98053.0,7666705088,1,SOUTHWEST,47.57311,-122.3601,1965,1.0,1,152365,0,152365,"Non-Refrigerated Warehouse, Office",Non-Refrigerated Warehouse,149293.0,Office,7858.0,,,,1069749.75,Compliant,,Multi-usages
858,2016,NonResidential,Medical Office,James Tower,550 17th Avenue,Seattle,WA,98122.0,7942600330,3,CENTRAL,47.60705,-122.30966,1910,1.0,6,320946,0,320946,"Laboratory, Medical Office",Medical Office,236359.0,Laboratory,86298.0,,,,25471308.0,Compliant,,Multi-usages
859,2016,NonResidential,Retail Store,Georgetown Center Bldg B,800 S Michigan St,Seattle,WA,98108.0,2738100620,2,GREATER DUWAMISH,47.54862,-122.32272,1958,1.0,1,74178,0,74178,Retail Store,Retail Store,74178.0,,,,,,5402181.0,Compliant,,Mono-usage
864,2016,NonResidential,Warehouse,08458-Lake City,10821 Lake City Way Ne,Seattle,WA,98125.0,8902000245,5,NORTH,47.70799,-122.30185,1987,1.0,4,80360,0,80360,Non-Refrigerated Warehouse,Non-Refrigerated Warehouse,80360.0,,,,,,686019.1875,Compliant,,Mono-usage
867,2016,NonResidential,Supermarket / Grocery Store,70500847 -- Harvard Market,1401 Broadway Avenue,Seattle,WA,98122.0,3148650000,3,EAST,47.61318,-122.32122,1996,1.0,3,119190,0,119190,Supermarket/Grocery Store,Supermarket/Grocery Store,46280.0,,,,,,10077532.0,Compliant,,Mono-usage
868,2016,NonResidential,Other,(ID868) BMW SEATTLE - SHOWROOM & OFFICE,1002 AIRPORT WAY S,Seattle,WA,98134.0,7666202740,2,GREATER DUWAMISH,47.59394,-122.32452,2008,1.0,2,51856,0,51856,"Automobile Dealership, Office",Automobile Dealership,48103.0,Office,3753.0,,,,1938613.125,Compliant,,Multi-usages
1280,2016,NonResidential,Mixed Use Property,Filson World Headquarters LP,1741 1st Ave S,Seattle,WA,98134.0,7666207095,2,GREATER DUWAMISH,47.58718,-122.33467,1921,1.0,3,66138,12586,53552,"Manufacturing/Industrial Plant, Office, Parking, Retail Store",Office,26044.0,Manufacturing/Industrial Plant,13884.0,Parking,13858.0,,7070998.5,Compliant,,Multi-usages
1281,2016,NonResidential,Large Office,4545 Building 751,4545 15th Ave NE,Seattle,WA,98105.0,8816400020,4,NORTHEAST,47.66181,-122.31231,1960,1.0,3,113944,48510,65434,Office,Office,65434.0,,,,,,17880184.0,Compliant,,Mono-usage
19445,2016,NonResidential,Low-Rise Multifamily,Pacific Pointe,2108 N Pacific St.,Seattle,WA,98103.0,0354000254,4,LAKE UNION,47.64859,-122.33311,2000,1.0,3,93079,36093,56986,Multifamily Housing,Multifamily Housing,91064.0,,,,,,1997181.5,Compliant,,Mono-usage
19461,2016,NonResidential,Worship Facility,University Unitarian Church,6556 35th AVE NE,Seattle,WA,98115.0,0431000005,4,NORTHEAST,47.67738,-122.28996,1957,1.0,2,22220,0,22220,Worship Facility,Worship Facility,22220.0,,,,,,778355.8125,Compliant,,Mono-usage
19472,2016,NonResidential,Mixed Use Property,Puget Sound Energy Georgetown Operations Center,6500 Ursula Place South,Seattle,WA,98108.0,0001800033,2,GREATER DUWAMISH,47.54437,-122.30863,1962,1.0,1,44700,0,44700,"Non-Refrigerated Warehouse, Office, Other",Office,23751.0,Other,14024.0,Non-Refrigerated Warehouse,10095.0,,2042771.0,Compliant,,Multi-usages
19477,2016,NonResidential,Warehouse,SeaTac Marine Services,6701 Fox Ave S,Seattle,WA,98108.0,0001800128,2,GREATER DUWAMISH,47.54137,-122.33051,1976,1.0,1,44100,0,44100,Non-Refrigerated Warehouse,Non-Refrigerated Warehouse,40000.0,,,,,,1618916.375,Compliant,,Mono-usage
19481,2016,NonResidential,Distribution Center,Shultz Distribution,6801 EAST MARGINAL WAY S,Seattle,WA,98108.0,0001800159,2,GREATER DUWAMISH,47.54113,-122.32633,1965,1.0,1,27800,0,27800,Distribution Center,Distribution Center,27800.0,,,,,,1224186.25,Compliant,,Mono-usage
19489,2016,NonResidential,Warehouse,Seadrunar Recycling,28 S Brandon St,Seattle,WA,98134.0,0005000001,2,GREATER DUWAMISH,47.55436,-122.33631,2001,1.0,1,46340,0,46340,Non-Refrigerated Warehouse,Non-Refrigerated Warehouse,46340.0,,,,,,2564004.0,Compliant,,Mono-usage
19501,2016,NonResidential,Small- and Mid-Sized Office,RLIBuilding,105 14TH AVENUE,Seattle,WA,98122.0,0007600192,3,CENTRAL,47.60191,-122.31438,1910,1.0,3,38460,0,38460,Office,Office,38460.0,,,,,,1950713.25,Compliant,,Mono-usage
19520,2016,NonResidential,Worship Facility,Woodland Park Methodist Church,302 N. 78TH ST,Seattle,WA,98103.0,0091000085,6,NORTHWEST,47.68576,-122.35481,1922,1.0,2,21022,0,21022,Worship Facility,Worship Facility,21022.0,,,,,,945245.625,Compliant,,Mono-usage
19559,2016,NonResidential,Distribution Center,Noble Building,9860 40th Ave S,Seattle,WA,98118.0,0323049025,2,GREATER DUWAMISH,47.51127,-122.281,1967,1.0,1,48001,0,48001,Distribution Center,Distribution Center,48001.0,,,,,,2143650.75,Compliant,,Mono-usage
19565,2016,NonResidential,Warehouse,(ID19565) Nelson Trucking,9747 M L KING JR WAY S,Seattle,WA,98118.0,0323049146,2,GREATER DUWAMISH,47.51399,-122.27946,1979,1.0,1,26380,0,26380,"Non-Refrigerated Warehouse, Office",Non-Refrigerated Warehouse,23620.0,Office,2760.0,,,,509124.0,Compliant,,Multi-usages
19570,2016,NonResidential,Warehouse,pape' Material Handling Seattle,9892 40th Ave S,Seattle,WA,98118.0,0323049202,2,GREATER DUWAMISH,47.51018,-122.28192,1969,1.0,1,37351,0,37351,"Non-Refrigerated Warehouse, Office",Non-Refrigerated Warehouse,29551.0,Office,9569.0,,,,2559461.75,Compliant,,Multi-usages
19572,2016,NonResidential,Warehouse,WALL & CEILING SUPPLY CO INC,9830 - 40TH AVE S,Seattle,WA,98118.0,0323049219,2,GREATER DUWAMISH,47.51127,-122.281,1981,1.0,1,30375,0,30375,Non-Refrigerated Warehouse,Non-Refrigerated Warehouse,30375.0,,,,,,345866.6875,Compliant,,Mono-usage
19576,2016,NonResidential,Warehouse,Engineered Products,9883 40th Avenue S,Seattle,WA,98118.0,0323049241,2,GREATER DUWAMISH,47.51104,-122.28245,1979,1.0,1,30004,0,30004,"Non-Refrigerated Warehouse, Office",Non-Refrigerated Warehouse,24280.0,Office,4950.0,,,,369291.5,Compliant,,Multi-usages
19584,2016,NonResidential,Other,Sand Point Country Club,8333 55th ave ne,Seattle,WA,98115.0,0325049004,4,NORTHEAST,47.68541,-122.27097,1928,1.0,3,39971,0,39971,"Office, Other, Retail Store, Swimming Pool",Other,36185.0,Retail Store,3142.0,Office,644.0,,10960107.0,Compliant,,Multi-usages
19596,2016,NonResidential,Worship Facility,BALLARD CHURCH (ID19596),1460 NW 73RD ST,Seattle,WA,98117.0,0461002400,6,BALLARD,47.68164,-122.3753,1914,1.0,2,33589,0,33589,Worship Facility,Worship Facility,33589.0,,,,,,509836.1875,Compliant,,Mono-usage
19613,2016,NonResidential,Small- and Mid-Sized Office,SBC19613,5303 Shilshole Ave NW,Seattle,WA,98107.0,0467000420,6,BALLARD,47.66587,-122.38476,1979,1.0,3,43500,0,43500,Office,Office,43495.0,,,,,,3220635.25,Compliant,,Mono-usage
19621,2016,NonResidential,Small- and Mid-Sized Office,(ID19621) BALLARD ELKS,6411 SEAVIEW AVE NW,Seattle,WA,98107.0,0467000911,6,BALLARD,47.67528,-122.40836,1978,1.0,2,28492,0,28492,Office,Office,28492.0,,,,,,1896298.875,Compliant,,Mono-usage
19623,2016,NonResidential,Small- and Mid-Sized Office,Shilshole Landing,6315 Seaview Ave NW,Seattle,WA,98107.0,0467000920,6,BALLARD,47.6744,-122.40735,1963,1.0,3,22325,0,22325,"Medical Office, Office, Other, Other - Services, Parking, Retail Store",Office,18000.0,Medical Office,1800.0,Other,1000.0,,1401315.875,Compliant,,Multi-usages
19624,2016,NonResidential,Restaurant,Anthony's Homeport,6135 Seaview Ave NW,Seattle,WA,98107.0,0467000925,6,BALLARD,47.67398,-122.40765,1977,1.0,3,22719,0,22719,"Parking, Restaurant",Restaurant,22719.0,Parking,0.0,,,,1358519.0,Compliant,,Multi-usages
19654,2016,NonResidential,Laboratory,1100 Olive Lab,1100 Olive Way,Seattle,WA,98101.0,0660002030,7,DOWNTOWN,47.61597,-122.33086,1946,1.0,2,44588,22000,22588,Laboratory,Laboratory,69000.0,,,,,,7251589.0,Compliant,,Mono-usage
19696,2016,NonResidential,Retail Store,Lane St. Goodwill,1400 South Lane St,Seattle,WA,98144.0,0524049003,3,DOWNTOWN,47.59692,-122.31543,1917,1.0,2,147545,0,147545,Retail Store,Retail Store,147545.0,,,,,,6787070.0,Compliant,,Mono-usage
19697,2016,Nonresidential COS,Other,North Substation,814 NE 75th ST,Seattle,WA,98115.0,0525049003,4,NORTH,47.68339,-122.31947,1923,1.0,2,21462,0,21462,"Office, Other",Other,25778.0,Office,200.0,,,,1114384.625,Compliant,,Multi-usages
19730,2016,NonResidential,Other,Brick Building,6615 Dayton Ave North,Seattle,WA,98013.0,0625049063,6,NORTHWEST,47.67713,-122.35398,1917,1.0,2,28072,0,28072,Social/Meeting Hall,Social/Meeting Hall,23835.0,,,,,,1362523.0,Compliant,,Mono-usage
19742,2016,NonResidential,Restaurant,El Gaucho Restaurant,2505 1st Ave,Seattle,WA,98121.0,0653000160,7,DOWNTOWN,47.61468,-122.34925,1955,1.0,2,31020,0,31020,Restaurant,Restaurant,31020.0,,,,,,4970047.0,Compliant,,Mono-usage
19743,2016,NonResidential,Small- and Mid-Sized Office,THE MILLIONAIR CLUB,2507 WESTERN AVE,Seattle,WA,98121.0,0653000205,7,DOWNTOWN,47.61402,-122.35016,1917,1.0,2,21600,0,21600,"Office, Other - Lodging/Residential",Office,14400.0,Other - Lodging/Residential,7200.0,,,,1636649.125,Compliant,,Multi-usages
19747,2016,NonResidential,Small- and Mid-Sized Office,First and Cedar Building,2701 1st Ave,Seattle,WA,98121.0,0653000385,7,DOWNTOWN,47.6158,-122.35126,1974,1.0,5,61825,13320,48505,"Bank Branch, Office",Office,37993.0,Bank Branch,3547.0,,,,4322873.0,Compliant,,Multi-usages
19750,2016,NonResidential,Small- and Mid-Sized Office,Seattle Labor Temple Association,2800 1st Avenue  Room 140,Seattle,WA,98121.0,0654000005,7,DOWNTOWN,47.61683,-122.35176,1942,1.0,3,64630,0,64630,Office,Office,64630.0,,,,,,1408291.375,Compliant,,Mono-usage
19752,2016,NonResidential,Worship Facility,Belltown,2700 1st Ave,Seattle,WA,98121.0,0654000045,7,DOWNTOWN,47.61636,-122.35094,1948,1.0,2,20920,0,20920,Worship Facility,Worship Facility,20920.0,,,,,,1042108.5,Compliant,,Mono-usage
19766,2016,NonResidential,Worship Facility,(ID19766) ALKI CONGREGATIONAL CHURCH,3400 62ND AVE SW,Seattle,WA,98116.0,0148000620,1,SOUTHWEST,47.57384,-122.41182,1926,1.0,2,22128,0,22128,Worship Facility,Worship Facility,22128.0,,,,,,608359.6875,Compliant,,Mono-usage
19774,2016,NonResidential,Retail Store,Office Depot,13501 Aurora Ave. N.,Seattle,WA,98133.0,0164000005,5,NORTHWEST,47.72736,-122.34579,1968,1.0,1,48139,0,48139,Retail Store,Retail Store,40000.0,,,,,,859236.625,Compliant,,Mono-usage
19787,2016,NonResidential,Worship Facility,First Lutheran Church of West Seattle,4105 California Ave SW,Seattle,WA,98116.0,0194001030,1,SOUTHWEST,47.56633,-122.38725,1949,1.0,2,21364,0,21364,"K-12 School, Worship Facility",Worship Facility,15364.0,K-12 School,6000.0,,,,965651.125,Compliant,,Multi-usages
19833,2016,NonResidential,University,Centennial Building,2000 Terry Avenue,Seattle,WA,98121.0,0660001445,7,DOWNTOWN,47.61741,-122.33491,1992,1.0,2,28923,0,28923,College/University,College/University,28800.0,,,,,,439311.9063,Compliant,,Mono-usage
19836,2016,NonResidential,University,Notion,1001 Lenora St.,Seattle,WA,98121.0,0660001470,7,DOWNTOWN,47.61789,-122.33573,1928,1.0,3,21600,0,21600,College/University,College/University,21600.0,,,,,,323739.4063,Compliant,,Mono-usage
19845,2016,NonResidential,Retail Store,000956-Seattle,4900 25th Ave Ne,Seattle,WA,98105.0,0925049406,4,NORTHEAST,47.6646,-122.29932,1996,1.0,1,25735,0,25735,Retail Store,Retail Store,25691.0,,,,,2013,1169394.875,Compliant,,Mono-usage
19847,2016,NonResidential,Retail Store,EAST BLDG N,2660 NE University Village Street,Seattle,WA,98105.0,0925049426,4,NORTHEAST,47.66246,-122.29898,1956,1.0,2,25862,0,25862,"Other, Retail Store",Retail Store,25562.0,Other,300.0,,,,4801472.0,Compliant,,Multi-usages
19848,2016,NonResidential,Retail Store,EAST BLDG S,2690 NE University Village Street,Seattle,WA,98105.0,0925049426,4,NORTHEAST,47.66246,-122.29898,2003,1.0,2,49965,0,49965,"Other, Retail Store",Retail Store,47465.0,Other,2500.0,,,,3377209.75,Compliant,,Multi-usages
19853,2016,NonResidential,Small- and Mid-Sized Office,Hartford Building,600 2nd Ave,Seattle,WA,98104.0,0939000115,7,DOWNTOWN,47.6026,-122.33232,1929,1.0,2,20028,0,20028,Office,Office,20028.0,,,,,,511797.4063,Compliant,,Mono-usage
19855,2016,NonResidential,Small- and Mid-Sized Office,Lowman & Hanford Building,616 First Avenue,Seattle,WA,98104.0,0939000125,7,DOWNTOWN,47.60247,-122.33372,1900,1.0,7,23622,0,23622,"Office, Restaurant",Office,26195.0,Restaurant,2285.0,,,,552007.5,Compliant,,Multi-usages
19856,2016,NonResidential,Small- and Mid-Sized Office,Howard Building,614 First Avenue,Seattle,WA,98104.0,0939000140,7,DOWNTOWN,47.60237,-122.33365,1902,1.0,3,23563,0,23563,"Office, Restaurant",Office,20183.0,Restaurant,3380.0,,,,883197.6875,Compliant,,Multi-usages
19857,2016,NonResidential,Mixed Use Property,Good Arts Building,110 Cherry Street,Seattle,WA,98104.0,0939000235,7,DOWNTOWN,47.60284,-122.33407,1903,1.0,3,28600,0,28600,"Office, Restaurant, Retail Store",Office,12000.0,Retail Store,11000.0,Restaurant,3000.0,,1062722.625,Compliant,,Multi-usages
19858,2016,NonResidential,Mixed Use Property,Marion 823,823 3rd Avenue,Seattle,WA,98104.0,0939000300,7,DOWNTOWN,47.60427,-122.33385,1978,1.0,2,38539,12379,26160,"Office, Parking, Retail Store",Retail Store,15549.0,Parking,12379.0,Office,10611.0,,2186018.5,Compliant,,Multi-usages
19860,2016,NonResidential,Small- and Mid-Sized Office,Marion 814,814 2nd Avenue,Seattle,WA,98104.0,0939000300,7,DOWNTOWN,47.60427,-122.33385,1906,1.0,5,26840,0,26840,Office,Office,29040.0,,,,,,1989287.0,Compliant,,Mono-usage
19861,2016,NonResidential,Retail Store,Marion 804,804 2nd Avenue,Seattle,WA,98104.0,0939000300,7,DOWNTOWN,47.60427,-122.33385,1906,1.0,2,46800,0,46800,"Office, Retail Store",Retail Store,36019.0,Office,10781.0,,,,1245187.5,Compliant,,Multi-usages
19862,2016,NonResidential,Small- and Mid-Sized Office,Marion 801,801 Third Ave.,Seattle,WA,98104.0,0939000310,7,DOWNTOWN,47.60431,-122.33335,1979,1.0,3,63990,26640,37350,"Office, Parking",Office,39000.0,Parking,26640.0,,,,2067352.5,Compliant,,Multi-usages
19864,2016,NonResidential,Small- and Mid-Sized Office,S2315 - Belltown Worklofts,2315 Western Avenue,Seattle,WA,98121.0,0654000330,7,DOWNTOWN,47.61285,-122.34817,1908,1.0,3,28800,0,28800,"Non-Refrigerated Warehouse, Office, Other",Office,21600.0,Other,7200.0,Non-Refrigerated Warehouse,6200.0,,1345025.75,Compliant,,Multi-usages
19871,2016,NonResidential,Small- and Mid-Sized Office,2717 3rd Avenue Building,2717 3rd Ave,Seattle,WA,98121.0,0656000045,7,DOWNTOWN,47.6172,-122.34979,1954,1.0,3,33552,4968,28584,"Office, Parking",Office,26556.0,Parking,4968.0,,,,1696978.75,Compliant,,Multi-usages
19873,2016,NonResidential,Retail Store,Store #5218_2603 Third Avenue,2603 Third Avenue,Seattle,WA,98121.0,0656000130,7,DOWNTOWN,47.61652,-122.34854,1931,1.0,2,26270,0,26270,Retail Store,Retail Store,26270.0,,,,,,1560461.75,Compliant,,Mono-usage
19874,2016,NonResidential,Small- and Mid-Sized Office,Trianon Building,2505 3RD AVE,Seattle,WA,98121.0,0656000160,7,DOWNTOWN,47.61595,-122.34756,1926,1.0,3,57620,7820,49800,"Office, Parking",Office,49800.0,Parking,7820.0,,,,2385395.0,Compliant,,Multi-usages
19876,2016,NonResidential,Mixed Use Property,U.S. BANK,2401 3RD AVE,Seattle,WA,98121.0,0656000215,7,DOWNTOWN,47.61543,-122.34651,1954,1.0,2,28696,6080,22616,"Bank Branch, Other, Parking",Other,12960.0,Bank Branch,7760.0,Parking,6080.0,,418348.5,Compliant,,Multi-usages
19878,2016,NonResidential,Hotel,BELLTOWN INN (ID#19878),2301 3rd ave,Seattle,WA,98121.0,0656000290,7,DOWNTOWN,47.61471,-122.34525,1990,1.0,5,57800,0,57800,Hotel,Hotel,57800.0,,,,,,2443065.25,Compliant,,Mono-usage
19894,2016,NonResidential,Other,WA3-124 (Fifth and Olive Retail),500 Olive Way,Seattle,WA,98101.0,0659000380,7,DOWNTOWN,47.61319,-122.33695,1955,1.0,2,31890,0,31890,Financial Office,Financial Office,31160.0,,,,,,1858224.625,Compliant,,Mono-usage
19895,2016,NonResidential,Small- and Mid-Sized Office,CENTENNIAL BUILDING,414 Stewart Street,Seattle,WA,98101.0,0659000400,7,DOWNTOWN,47.61267,-122.33852,1925,1.0,2,44098,13660,30438,"Office, Parking",Office,25920.0,Parking,13155.0,,,,1441900.5,Compliant,,Multi-usages
19896,2016,NonResidential,Restaurant,G4 Capital Sea Holdings LLC,1933 5th Avenue,Seattle,WA,98101.0,0659000430,7,DOWNTOWN,47.61332,-122.33904,1923,1.0,3,22381,0,22381,Restaurant,Restaurant,22381.0,,,,,,3532966.5,Compliant,,Mono-usage
19900,2016,NonResidential,Laboratory,3000/3018 Western,3018 Western Ave.,Seattle,WA,98121.0,0695000090,7,DOWNTOWN,47.61763,-122.35507,1926,0.0,4,49249,0,49249,"Laboratory, Office",Laboratory,40584.0,Office,7165.0,,,,33268410.0,Compliant,,Multi-usages
19902,2016,NonResidential,Retail Store,Semkkann LLC,3035 1st Ave,Seattle,WA,98121.0,0695000125,7,DOWNTOWN,47.61812,-122.35509,1925,1.0,1,24825,1263,23562,"Non-Refrigerated Warehouse, Retail Store",Retail Store,13940.0,Non-Refrigerated Warehouse,10439.0,,,,439521.0938,Compliant,,Multi-usages
19910,2016,NonResidential,Medical Office,King Co Public Health,2124 4th Ave,Seattle,WA,98121.0,0696000025,7,DOWNTOWN,47.6146,-122.34217,1952,1.0,4,26670,0,26670,Medical Office,Medical Office,26670.0,,,,,,1553208.375,Compliant,,Mono-usage
19917,2016,Nonresidential COS,Other,Fire Station 02,2334 4th Ave,Seattle,WA,98121.0,0696000160,7,DOWNTOWN,47.61607,-122.34449,1922,1.0,2,37740,0,37740,Fire Station,Fire Station,38939.0,,,,,,3095882.0,Compliant,,Mono-usage
19926,2016,NonResidential,Small- and Mid-Sized Office,7th & Bell Building,2300 7th Avenue,Seattle,WA,98121.0,0697000400,7,DOWNTOWN,47.61768,-122.34139,1965,1.0,1,23752,0,23752,"Office, Parking, Retail Store",Office,14317.0,Retail Store,9435.0,Parking,0.0,,1067153.75,Compliant,,Multi-usages
19927,2016,NonResidential,Hotel,The Loyal Inn,2301 Eighth Avenue,Seattle,WA,98121.0,0697000435,7,DOWNTOWN,47.61822,-122.34132,1967,1.0,4,44416,0,44416,Hotel,Hotel,52668.0,,,,,,2669564.25,Compliant,,Mono-usage
19928,2016,NonResidential,Mixed Use Property,Olympic Sculpture Park,2901Western Avenue,Seattle,WA,98121.0,0698000095,7,DOWNTOWN,47.61634,-122.35385,2006,1.0,2,33792,22867,10925,"Other - Entertainment/Public Assembly, Parking, Social/Meeting Hall, Swimming Pool",Social/Meeting Hall,8969.0,Parking,8540.0,Other - Entertainment/Public Assembly,1600.0,,2547848.0,Compliant,,Multi-usages
20000,2016,NonResidential,Worship Facility,EMMANUEL BIBLE CHURCH,503 N 50TH ST,Seattle,WA,98103.0,0850000300,6,Northwest,47.66476,-122.35248,1928,1.0,2,45991,0,45991,Worship Facility,Worship Facility,45991.0,,,,,,1145535.75,Compliant,,Mono-usage
20029,2016,NonResidential,Residence Hall,Washington Phikeia Foundation,2111 NE 47th St,Seattle,WA,98105.0,0925049089,4,NORTHEAST,47.66282,-122.305,1921,1.0,3,21499,0,21499,Residence Hall/Dormitory,Residence Hall/Dormitory,21499.0,,,,,,605130.6875,Compliant,,Mono-usage
20033,2016,NonResidential,Small- and Mid-Sized Office,Lisa Li Building,4907 25th Ave NE,Seattle,WA,98105.0,0925049118,4,NORTHEAST,47.66461,-122.30142,1989,1.0,2,20384,0,20384,Office,Office,25021.0,,,,,,1791071.375,Compliant,,Mono-usage
20047,2016,NonResidential,Retail Store,BLDG A,2627 NE University Village St.,Seattle,WA,98105.0,0925049346,4,NORTHEAST,47.66246,-122.29898,1956,1.0,2,39265,0,39265,"Non-Refrigerated Warehouse, Office, Other, Retail Store",Retail Store,31905.0,Office,4388.0,Other,2679.0,,5238803.0,Compliant,,Multi-usages
20048,2016,NonResidential,Retail Store,NW BLDG,2625 NE 49th Street,Seattle,WA,98105.0,0925049346,4,NORTHEAST,47.66246,-122.29898,1956,1.0,2,54284,0,54284,"Other, Retail Store",Retail Store,52784.0,Other,1900.0,,,,6778694.0,Compliant,,Multi-usages
20050,2016,NonResidential,Retail Store,BLDG C,2620 NE 46th Street,Seattle,WA,98105.0,0925049346,4,NORTHEAST,47.66246,-122.29898,1956,1.0,1,23409,0,23409,"Other, Retail Store",Retail Store,21909.0,Other,1500.0,,,,2545405.0,Compliant,,Multi-usages
20052,2016,NonResidential,Retail Store,WEST BLDG,4629 26th Avenue NE,Seattle,WA,98105.0,0925049346,4,NORTHEAST,47.66246,-122.29898,1997,1.0,1,63153,0,63153,"Non-Refrigerated Warehouse, Other, Retail Store",Retail Store,59396.0,Non-Refrigerated Warehouse,2757.0,Other,1000.0,,4644178.0,Compliant,,Multi-usages
20066,2016,NonResidential,Hotel,University Travelodge,4725 25th AVE NE,Seattle,WA,98105.0,0925049404,4,NORTHEAST,47.66355,-122.30123,1961,2.0,2,24100,0,24100,Hotel,Hotel,30910.0,,,,,,1587454.75,Compliant,,Mono-usage
20067,2016,NonResidential,Restaurant,FareStart,700 Virginia St,Seattle,WA,98101.0,0659000710,7,DOWNTOWN,47.61521,-122.33747,1923,1.0,3,33600,0,33600,"Office, Restaurant",Restaurant,19200.0,Office,14400.0,,,,4475650.0,Compliant,,Multi-usages
20073,2016,NonResidential,Other,Griffin Building,2005 5th Ave,Seattle,WA,98121.0,0659001020,7,DOWNTOWN,47.61362,-122.33959,1927,1.0,4,32356,0,32356,"Bank Branch, Financial Office",Financial Office,25876.0,Bank Branch,6480.0,,,,1857154.75,Compliant,,Multi-usages
20082,2016,NonResidential,Hotel,La Quinta Inn & Suites,2224 8th Ave,Seattle,WA,98121.0,0660000435,7,DOWNTOWN,47.61798,-122.33974,1960,1.0,7,61180,12960,48220,Hotel,Hotel,61180.0,,,,,,3993913.25,Compliant,,Mono-usage
20087,2016,NonResidential,Small- and Mid-Sized Office,800 Stewart,800 stewart st,Seattle,WA,98121.0,0660000625,7,DOWNTOWN,47.61524,-122.33519,1978,1.0,5,43506,11250,32256,"Office, Parking",Office,32569.0,Parking,0.0,,,,3460275.5,Compliant,,Multi-usages
20130,2016,NonResidential,Worship Facility,Green Lake United Methodist Church,6415 1st ave ne,Seattle,WA,98115.0,1257200735,6,Northwest,47.67572,-122.3285,1910,1.0,2,23931,0,23931,Worship Facility,Worship Facility,23931.0,,,,,,496477.3125,Compliant,,Mono-usage
20132,2016,NonResidential,Worship Facility,Green Lake Church of Seventh-day Adventists,6350 E Green Lake Way N,Seattle,WA,98103.0,1257203120,6,Northwest,47.67491,-122.33316,1948,1.0,2,21393,0,21393,Worship Facility,Worship Facility,21393.0,,,,,,845961.375,Compliant,,Mono-usage
20141,2016,NonResidential,Mixed Use Property,WALDEN BUILDING,3031 S WALDEN ST,Seattle,WA,98144.0,1282301295,2,SOUTHEAST,47.57256,-122.29265,1990,1.0,2,47560,0,47560,"Distribution Center, Non-Refrigerated Warehouse, Office",Distribution Center,23146.0,Non-Refrigerated Warehouse,15724.0,Office,8255.0,,1132489.625,Compliant,,Multi-usages
20145,2016,NonResidential,Senior Care Community,Cabrini Senior Housing,909 Boren Avenue,Seattle,WA,98104.0,1285700000,3,EAST,47.60897,-122.32507,2006,1.0,6,62334,0,62334,"Bank Branch, Parking, Senior Care Community",Senior Care Community,35696.0,Bank Branch,15661.0,Parking,10877.0,,1076733.25,Compliant,,Multi-usages
20160,2016,NonResidential,Residence Hall,Sigma Kappa Corp,4510 22nd Ave NE,Seattle,WA,98105.0,1321300090,4,NORTHEAST,47.66159,-122.30441,1930,1.0,3,20960,0,20960,Residence Hall/Dormitory,Residence Hall/Dormitory,20960.0,,,,,,1500309.75,Compliant,,Mono-usage
20166,2016,NonResidential,University,Beebe,2014 9TH AVE,Seattle,WA,98121.0,0660001305,7,DOWNTOWN,47.61679,-122.33619,1910,1.0,3,28800,0,28800,College/University,College/University,28800.0,,,,,,717056.375,Compliant,,Mono-usage
20167,2016,NonResidential,K-12 School,Ninth & Lenora Building,2030 9th Avenue,Seattle,WA,98121.0,0660001310,7,DOWNTOWN,47.61718,-122.33654,1957,1.0,2,21600,0,21600,K-12 School,K-12 School,21600.0,,,,,,1261536.75,Compliant,,Mono-usage
20168,2016,NonResidential,K-12 School,Spruce Street School,914 Virginia St.,Seattle,WA,98101.0,0660001365,7,DOWNTOWN,47.61687,-122.33533,1995,1.0,3,22860,0,22860,K-12 School,K-12 School,22860.0,,,,,,931148.625,Compliant,,Mono-usage
20182,2016,NonResidential,Worship Facility,St. Bridget Church,4900 NE 50th St.,Seattle,WA,98105.0,1025049150,4,NORTHEAST,47.66516,-122.2738,1972,1.0,1,26366,0,26366,"Parking, Worship Facility",Worship Facility,26386.0,Parking,0.0,,,,888031.875,Compliant,,Multi-usages
20197,2016,NonResidential,Worship Facility,Sephardic Bikur Holim Congregation,6500 52nd Avenue South,Seattle,WA,98118.0,1102000351,2,SOUTHEAST,47.54362,-122.2667,1965,1.0,2,21732,0,21732,Worship Facility,Worship Facility,21732.0,,,,,,860364.1875,Compliant,,Mono-usage
20211,2016,NonResidential,Mixed Use Property,Miller-Barringham Building,2417 NW Market ST,Seattle,WA,98107.0,1125039009,6,BALLARD,47.66835,-122.38886,1945,1.0,1,21060,0,21060,"Non-Refrigerated Warehouse, Office, Other, Retail Store",Non-Refrigerated Warehouse,10495.0,Retail Store,10240.0,Office,1890.0,,350264.5938,Compliant,,Multi-usages
20212,2016,NonResidential,Mixed Use Property,Market Street Holdings,2401 NW Market St,Seattle,WA,98107.0,1125039011,6,BALLARD,47.6684,-122.38788,1960,1.0,4,20539,0,20539,"Medical Office, Multifamily Housing, Office, Restaurant, Retail Store",Retail Store,7387.0,Multifamily Housing,5264.0,Restaurant,3700.0,,1678458.75,Compliant,,Multi-usages
20237,2016,NonResidential,Retail Store,(ID20237) Big 5 Corp,4315 UNIVERSITY WAY NE,Seattle,WA,98105.0,1142000160,4,NORTHEAST,47.66033,-122.31348,1900,1.0,3,32960,0,32960,Retail Store,Retail Store,32960.0,,,,,,813641.0,Compliant,,Mono-usage
20241,2016,NonResidential,Other,neptune theatre bldg,1305 n.e. 45th  #101,Seattle,WA,98105.0,1142000235,4,NORTHEAST,47.66097,-122.3139,1921,1.0,3,29636,0,29636,"Multifamily Housing, Other - Entertainment/Public Assembly",Other - Entertainment/Public Assembly,25096.0,Multifamily Housing,4540.0,,,,688641.8125,Compliant,,Multi-usages
20242,2016,NonResidential,Hotel,Collegiana Hospitality House,4311 12th Ave NE,Seattle,WA,98105.0,1142000445,4,NORTHEAST,47.66023,-122.31581,1930,1.0,3,20571,0,20571,Hotel,Hotel,20571.0,,,,,,716279.6875,Compliant,,Mono-usage
20266,2016,NonResidential,Worship Facility,University Temple United Methodist Church,1415 NE 43rd St.,Seattle,WA,98105.0,1142001145,4,NORTHEAST,47.65926,-122.31241,1926,1.0,2,47992,0,47992,"Other, Worship Facility",Worship Facility,37800.0,Other,10206.0,,,,3040195.5,Compliant,,Multi-usages
20273,2016,NonResidential,Residence Hall,Brooklyn Plaza,4106 Brooklyn Ave Ne,Seattle,WA,98105.0,1142001455,4,NORTHEAST,47.65711,-122.31409,1993,1.0,3,28572,0,28572,"Parking, Residence Hall/Dormitory",Residence Hall/Dormitory,22000.0,Parking,7000.0,,,,2717863.25,Compliant,,Multi-usages
20323,2016,NonResidential,Residence Hall,Chancery Place Apartments,910 Marion Street,Seattle,WA,98104.0,1510600000,3,EAST,47.60817,-122.32654,1982,0.0,15,115775,31535,84240,"Office, Residence Hall/Dormitory",Residence Hall/Dormitory,150000.0,Office,25000.0,,,,2882489.75,Compliant,,Multi-usages
20324,2016,NonResidential,Worship Facility,Temple Beth Am,2632 NE 80th St.,Seattle,WA,98115.0,1513800009,4,NORTHEAST,47.68752,-122.29852,2000,1.0,2,31386,0,31386,Worship Facility,Worship Facility,30000.0,,,,,,1128179.125,Compliant,,Mono-usage
20369,2016,NonResidential,Small- and Mid-Sized Office,Emerald Landing I,2157 N. Northlake Way,Seattle,WA,98103.0,4088801740,4,LAKE UNION,47.64834,-122.33188,2012,1.0,2,84116,26497,57619,Office,Office,55000.0,,,,,,2641681.75,Compliant,,Mono-usage
20372,2016,NonResidential,Hotel,Hotel Andra,2000 4th ave,Seattle,WA,98121.0,1604500000,7,DOWNTOWN,47.61345,-122.34068,1925,1.0,9,104000,0,104000,"Hotel, Restaurant",Hotel,96000.0,Restaurant,8000.0,,,,8690648.0,Compliant,,Multi-usages
20377,2016,NonResidential,Senior Care Community,Washington Care Center,2821 S Walden St,Seattle,WA,98144.0,1624049040,2,SOUTHEAST,47.57188,-122.29531,1981,1.0,3,78374,0,78374,"Parking, Senior Care Community",Senior Care Community,58665.0,Parking,0.0,,,,3321035.75,Compliant,,Multi-usages
20387,2016,NonResidential,Mixed Use Property,Marine Business Center,801 NW 42nd Street,Seattle,WA,98107.0,1325039001,6,BALLARD,47.65742,-122.36736,2007,1.0,2,38784,0,38784,"Non-Refrigerated Warehouse, Office",Non-Refrigerated Warehouse,16826.0,Office,16826.0,,,,1841154.25,Compliant,,Multi-usages
20393,2016,NonResidential,Other,D W Close Co,3317 3rd Ave S,Seattle,WA,98134.0,1327300004,2,GREATER DUWAMISH,47.57383,-122.33046,1969,1.0,2,41790,0,41790,"Office, Social/Meeting Hall",Social/Meeting Hall,21790.0,Office,20000.0,,,,2177075.0,Compliant,,Multi-usages
20395,2016,NonResidential,Small- and Mid-Sized Office,Holyoke,1018 1st Ave,Seattle,WA,98104.0,0939000515,7,DOWNTOWN,47.60542,-122.3364,1900,1.0,5,39960,0,39960,"Office, Other",Office,37120.0,Other,2840.0,,,,2178690.5,Compliant,,Multi-usages
20396,2016,NonResidential,Warehouse,Meaves Building,1014 First Avenue,Seattle,WA,98101.0,0939000530,7,DOWNTOWN,47.60528,-122.33627,1900,1.0,5,33300,0,33300,"Non-Refrigerated Warehouse, Retail Store",Non-Refrigerated Warehouse,24000.0,Retail Store,6000.0,,,,90558.70313,Compliant,,Multi-usages
20397,2016,NonResidential,Hotel,The Hotel Seattle,315 Seneca St,Seattle,WA,98101.0,0942000120,7,DOWNTOWN,47.60721,-122.33451,1926,1.0,11,36240,0,36240,Hotel,Hotel,36240.0,,,,,,2147968.25,Compliant,,Mono-usage
20398,2016,NonResidential,Other,Womens University Club,1105 6th Ave,Seattle,WA,98101.0,0942000255,7,DOWNTOWN,47.60781,-122.33186,1922,1.0,3,39320,6960,32360,Social/Meeting Hall,Social/Meeting Hall,39320.0,,,,,,3042875.5,Compliant,,Mono-usage
20402,2016,NonResidential,Other,First United Methodist Church,801 5th Avenue,Seattle,WA,98104.0,0942000530,7,DOWNTOWN,47.60547,-122.33118,1908,1.0,5,41536,0,41536,Performing Arts,Performing Arts,41536.0,,,,,,2735166.0,Compliant,,Mono-usage
20406,2016,NonResidential,Hotel,REYNOLDS WORK RELEASE,410 4TH AVE,Seattle,WA,98104.0,0942001120,7,DOWNTOWN,47.60223,-122.32889,1909,1.0,6,35820,0,35820,Hotel,Hotel,35820.0,,,,,,3321603.0,Compliant,,Mono-usage
20415,2016,NonResidential,K-12 School,Holy Rosary School,4142 42nd Ave. SW,Seattle,WA,98116.0,0952002500,1,SOUTHWEST,47.56542,-122.38502,1922,1.0,2,33462,0,33462,K-12 School,K-12 School,57896.0,,,,,,3987215.5,Compliant,,Mono-usage
20419,2016,NonResidential,K-12 School,Seattle Lutheran High School,4100 SW Genesee St,Seattle,WA,98116.0,0952002655,1,SOUTHWEST,47.56504,-122.38455,1965,1.0,3,49744,0,49744,K-12 School,K-12 School,49744.0,,,,,,2096835.5,Compliant,,Mono-usage
20425,2016,NonResidential,Worship Facility,Hope Lutheran Church & School,4456 42nd Ave SW,Seattle,WA,98116.0,0952005960,1,SOUTHWEST,47.56342,-122.38509,1923,1.0,2,37816,0,37816,"K-12 School, Worship Facility",Worship Facility,19407.0,K-12 School,18701.0,,,,1411305.5,Compliant,,Multi-usages
20427,2016,NonResidential,Mixed Use Property,Lyon's Antique Mall - Windermere/Garlic Jims,4520 California Ave SW,Seattle,WA,98116.0,0952006290,1,SOUTHWEST,47.5622,-122.38648,1926,0.0,2,23315,0,23315,"Office, Restaurant, Retail Store",Office,7758.0,Retail Store,6919.0,Restaurant,1976.0,,1354000.625,Compliant,,Multi-usages
20428,2016,NonResidential,Mixed Use Property,Matador/Jak's Grill/8 Limbs Yoga/Fitness,4546 California Ave SW,Seattle,WA,98116.0,0952006350,1,SOUTHWEST,47.56147,-122.38638,1930,1.0,2,20700,0,20700,"Non-Refrigerated Warehouse, Office, Other - Recreation, Restaurant",Non-Refrigerated Warehouse,6900.0,Restaurant,6900.0,Other - Recreation,4323.0,,4265815.0,Compliant,,Multi-usages
20433,2016,NonResidential,Other,West Seattle Bowl,4505  39th Ave SW,Seattle,WA,98116.0,0952007220,1,SOUTHWEST,47.56263,-122.38196,1948,1.0,1,41521,13124,28397,"Other - Recreation, Parking, Restaurant",Other - Recreation,26241.0,Parking,13124.0,Restaurant,2574.0,,3343550.0,Compliant,,Multi-usages
20435,2016,NonResidential,Supermarket / Grocery Store,Trader Joe's,4545 Fauntleroy Way SW,Seattle,WA,98126.0,0952007370,1,SOUTHWEST,47.56197,-122.38109,1946,1.0,2,25762,0,25762,Supermarket/Grocery Store,Supermarket/Grocery Store,25762.0,,,,,,1906384.875,Compliant,,Mono-usage
20439,2016,NonResidential,Other,West Seattle Family YMCA,4515 36th Ave SW,Seattle,WA,98126.0,0952007845,1,SOUTHWEST,47.56245,-122.37805,1984,1.0,1,33334,0,33334,"Fitness Center/Health Club/Gym, Swimming Pool",Fitness Center/Health Club/Gym,50000.0,Swimming Pool,0.0,,,,6118300.5,Compliant,,Multi-usages
20440,2016,NonResidential,Small- and Mid-Sized Office,SK Food Group,4600 37th Ave S.W.,Seattle,WA,98126.0,0952007920,1,SOUTHWEST,47.56175,-122.37835,1981,1.0,3,43387,0,43387,Office,Office,45000.0,,,,,,2686765.0,Compliant,,Mono-usage
20470,2016,NonResidential,Mixed Use Property,Lake City Center - Main Building,12701 Lake City Way NE,Seattle,WA,98125.0,1453600540,5,NORTH,47.72178,-122.29498,1979,1.0,1,39350,0,39350,"Food Service, Retail Store, Supermarket/Grocery Store",Supermarket/Grocery Store,19271.0,Retail Store,19249.0,Food Service,2663.0,,267135.0938,Compliant,,Multi-usages
20474,2016,NonResidential,Other,EBBC LCW,12537 Lake CIty Way NE,Seattle,WA,98125.0,1453600740,5,NORTH,47.72032,-122.29507,1949,0.0,1,22405,0,22405,"Other, Retail Store",Other,11000.0,Retail Store,7500.0,,,,3498214.75,Compliant,,Multi-usages
20500,2016,NonResidential,Warehouse,Central Park,5614 7th Ave S,Seattle,WA,98108.0,1486300005,2,GREATER DUWAMISH,47.552,-122.32262,1985,1.0,1,37500,0,37500,Non-Refrigerated Warehouse,Non-Refrigerated Warehouse,61419.0,,,,,,1811506.375,Compliant,,Mono-usage
20503,2016,NonResidential,Medical Office,Seattle Children's Hospital Odessa Brown Children's Clinic,2101 E. Yesler Way,Seattle,WA,98122.0,1493600000,3,CENTRAL,47.60132,-122.30477,1990,1.0,2,39000,0,39000,Medical Office,Medical Office,39000.0,,,,,,2615247.75,Compliant,,Mono-usage
20506,2016,NonResidential,Other,NW ART AND FRAME/HUSKY ICE CREAM,4721 CALIFORNIA AVE SW,Seattle,WA,98116.0,1495300045,1,SOUTHWEST,47.56018,-122.38716,1924,1.0,1,22180,0,22180,"Other - Mall, Restaurant",Other - Mall,14000.0,Restaurant,8180.0,,,,5089083.0,Compliant,,Multi-usages
20519,2016,NonResidential,Distribution Center,2001 Plum LLC,2001 South Plum Street,Seattle,WA,98144.0,1498302035,2,GREATER DUWAMISH,47.58513,-122.30645,1969,1.0,1,25920,0,25920,"Distribution Center, Office, Refrigerated Warehouse",Distribution Center,19277.0,Refrigerated Warehouse,4051.0,Office,2592.0,,1219744.75,Compliant,,Multi-usages
20520,2016,NonResidential,Refrigerated Warehouse,oriental meats,2001 21st Ave S,Seattle,WA,98144.0,1498302080,2,GREATER DUWAMISH,47.58528,-122.30595,1953,1.0,1,25480,0,25480,Refrigerated Warehouse,Refrigerated Warehouse,25480.0,,,,,,741287.1875,Compliant,,Mono-usage
20522,2016,NonResidential,Warehouse,MB Warehouse LLC,2028 21st Ave S,Seattle,WA,98144.0,1498302235,2,GREATER DUWAMISH,47.58482,-122.30501,1970,1.0,2,31000,0,31000,Non-Refrigerated Warehouse,Non-Refrigerated Warehouse,31000.0,,,,,,2301043.75,Compliant,,Mono-usage
20523,2016,NonResidential,Small- and Mid-Sized Office,ABM/ Johnson Barrow,2001 22nd ave. S.,Seattle,WA,98144.0,1498302245,2,GREATER DUWAMISH,47.58528,-122.305,1961,1.0,1,29740,0,29740,"Non-Refrigerated Warehouse, Office",Office,17804.0,Non-Refrigerated Warehouse,12208.0,,,,1467060.25,Compliant,,Multi-usages
20525,2016,NonResidential,Distribution Center,"Kusak Cut Glass Works, Inc.",1911 22nd Avenue S,Seattle,WA,98144.0,1498302345,2,GREATER DUWAMISH,47.58607,-122.30445,1954,1.0,1,23236,0,23236,"Distribution Center, Office, Retail Store",Distribution Center,20736.0,Office,1250.0,Retail Store,1250.0,,433871.0,Compliant,,Multi-usages
20526,2016,NonResidential,Small- and Mid-Sized Office,Wellspring Family Services,1900 Rainier AVE S,Seattle,WA,98144.0,1498302455,2,SOUTHEAST,47.58579,-122.3034,2009,1.0,3,38075,0,38075,"K-12 School, Office, Retail Store",Office,29035.0,K-12 School,6213.0,Retail Store,2825.0,,1921801.25,Compliant,,Multi-usages
20531,2016,NonResidential,Small- and Mid-Sized Office,American Red Cross,1900 25th Ave S,Seattle,WA,98144.0,1498303300,3,SOUTHEAST,47.5859,-122.29957,1970,1.0,2,39170,0,39170,Office,Office,35500.0,,,,,,2130673.75,Compliant,,Mono-usage
20532,2016,Nonresidential COS,Other,Amy Yee Tennis Center,2000 M L King Jr Way S,Seattle,WA,98134.0,1498303565,3,SOUTHEAST,47.58476,-122.29765,1977,0.0,1,36070,0,36070,Other - Recreation,Other - Recreation,66597.0,,,,,,1441665.375,Compliant,,Mono-usage
20541,2016,NonResidential,Other,(ID20541) MYCON'S USED CARS,3711 RAINIER AVE S,Seattle,WA,98144.0,1624049229,2,SOUTHEAST,47.56979,-122.29234,1963,1.0,2,20047,0,20047,Other - Services,Other - Services,20047.0,,,,,,117438.3984,Compliant,,Mono-usage
20552,2016,NonResidential,Retail Store,OLD WESTERN STEEL CASTING CO,3300 1ST AVE S,Seattle,WA,98134.0,1327300008,2,GREATER DUWAMISH,47.57403,-122.3336,1914,1.0,1,20000,0,20000,Retail Store,Retail Store,20000.0,,,,,,557863.6875,Compliant,,Mono-usage
20556,2016,NonResidential,Warehouse,3300,3300 6th Avenue South,Seattle,WA,98134.0,1327300012,2,GREATER DUWAMISH,47.5741,-122.32541,1955,1.0,2,32400,0,32400,Non-Refrigerated Warehouse,Non-Refrigerated Warehouse,32700.0,,,,,,248616.0,Compliant,,Mono-usage
20565,2016,NonResidential,Supermarket / Grocery Store,Safeway 0368 - Queen Anne,2100 Queen Anne Ave N,Seattle,WA,98109.0,1794500895,7,MAGNOLIA / QUEEN ANNE,47.63776,-122.35606,1962,1.0,1,25159,0,25159,"Parking, Supermarket/Grocery Store",Supermarket/Grocery Store,25883.0,Parking,0.0,,,,8905287.0,Compliant,,Multi-usages
20573,2016,Nonresidential COS,Other,Queen Anne Community Center,1901 1st Ave W,Seattle,WA,98119.0,1794501150,7,MAGNOLIA / QUEEN ANNE,47.63629,-122.35922,1948,1.0,1,27247,0,27247,"Fitness Center/Health Club/Gym, Office, Other - Recreation, Pre-school/Daycare",Other - Recreation,14317.0,Fitness Center/Health Club/Gym,7701.0,Pre-school/Daycare,3045.0,,2332996.5,Compliant,,Multi-usages
20604,2016,NonResidential,Distribution Center,MCNIVEN,20-24 S. Idaho Street,Seattle,WA,98134.0,1824049012,2,GREATER DUWAMISH,47.56489,-122.3409,1955,1.0,1,26680,0,26680,Distribution Center,Distribution Center,33987.0,,,,,,243518.2031,Compliant,,Mono-usage
20605,2016,NonResidential,Warehouse,VISKO BUILDING,4229 WEST MARGINAL WAY SW,Seattle,WA,98106.0,1824049044,1,DELRIDGE,47.56447,-122.35335,1953,1.0,1,31521,0,31521,Non-Refrigerated Warehouse,Non-Refrigerated Warehouse,31521.0,,,,,,1788148.0,Compliant,,Mono-usage
20613,2016,NonResidential,Warehouse,QFC Warehouse,3663 1st Avenue S,Seattle,WA,98134.0,1824049069,2,GREATER DUWAMISH,47.56982,-122.33479,1951,1.0,1,24000,0,24000,"Non-Refrigerated Warehouse, Office",Non-Refrigerated Warehouse,20400.0,Office,3600.0,,,,1257033.5,Compliant,,Multi-usages
20614,2016,NonResidential,Self-Storage Facility,HGA Investment LLC,14 S Idaho St,Seattle,WA,98134.0,1824049070,2,GREATER DUWAMISH,47.56487,-122.34181,1952,1.0,1,21900,0,21900,Self-Storage Facility,Self-Storage Facility,21900.0,,,,,,1333637.625,Compliant,,Mono-usage
20617,2016,NonResidential,Retail Store,Seattle Habitat Store,21 S Nevada St,Seattle,WA,98134.0,1824049074,2,GREATER DUWAMISH,47.56535,-122.34054,1953,1.0,1,39900,0,39900,"Non-Refrigerated Warehouse, Retail Store",Retail Store,25000.0,Non-Refrigerated Warehouse,15000.0,,,,145468.7969,Error - Correct Default Data,Low outlier,Multi-usages
20618,2016,NonResidential,Warehouse,"Compton Lumber Co., Inc",3847  1st Avenue South,Seattle,WA,98134.0,1824049075,2,GREATER DUWAMISH,47.56897,-122.33617,1961,1.0,1,38005,0,38005,"Non-Refrigerated Warehouse, Office, Self-Storage Facility",Non-Refrigerated Warehouse,21560.0,Self-Storage Facility,10974.0,Office,5471.0,,752093.625,Compliant,,Multi-usages
20620,2016,NonResidential,Distribution Center,3851 Distribution Center,3851 1st Ave S,Seattle,WA,98134.0,1824049109,2,GREATER DUWAMISH,47.5678,-122.33622,1998,1.0,1,35579,0,35579,Distribution Center,Distribution Center,35579.0,,,,,,1096646.25,Compliant,,Mono-usage
20626,2016,NonResidential,Distribution Center,3317,3317 6th Avenue South,Seattle,WA,98134.0,1327300065,2,GREATER DUWAMISH,47.57382,-122.32672,1975,1.0,1,49950,0,49950,Distribution Center,Distribution Center,49950.0,,,,,,238969.7031,Compliant,,Mono-usage
20659,2016,NonResidential,Worship Facility,Magnolia United Church of Christ,3555 West McGraw Street,Seattle,WA,98199.0,1370802570,7,MAGNOLIA / QUEEN ANNE,47.63927,-122.4032,1947,1.0,2,22612,0,22612,Worship Facility,Worship Facility,22612.0,,,,,2013,731321.8125,Compliant,,Mono-usage
20685,2016,NonResidential,Other,Toyota of Lake City,13355 Lake City Way NE,Seattle,WA,98125.0,1453600005,5,NORTH,47.72599,-122.29314,1976,1.0,2,38787,0,38787,"Automobile Dealership, Parking",Automobile Dealership,38787.0,Parking,0.0,,,,3204685.5,Compliant,,Multi-usages
20686,2016,NonResidential,Self-Storage Facility,Lake City Mini Storage,3136 NE 130th St,Seattle,WA,98125.0,1453600301,5,NORTH,47.72356,-122.29378,1988,2.0,2,50368,0,50368,Self-Storage Facility,Self-Storage Facility,50369.0,,,,,,753275.1875,Compliant,,Mono-usage
20707,2016,NonResidential,Warehouse,Mallory Safety & Supply LLC,5510 E Marginal Way South,Seattle,WA,98134.0,1722802630,2,GREATER DUWAMISH,47.55302,-122.33605,1938,1.0,1,30545,0,30545,"Non-Refrigerated Warehouse, Office",Non-Refrigerated Warehouse,23545.0,Office,7000.0,,,,1577040.875,Compliant,,Multi-usages
20735,2016,NonResidential,K-12 School,St. Anne School,101 W. Lee St.,Seattle,WA,98112.0,1731800825,7,MAGNOLIA / QUEEN ANNE,47.63111,-122.35814,1922,1.0,3,32691,0,32691,K-12 School,K-12 School,33550.0,,,,,,971990.3125,Compliant,,Mono-usage
20743,2016,NonResidential,Worship Facility,St. Anne Church & Rectory,1411 1st Ave.,Seattle,WA,98119.0,1731801135,7,MAGNOLIA / QUEEN ANNE,47.63159,-122.35839,1963,1.0,2,24227,0,24227,Worship Facility,Worship Facility,26210.0,,,,,,1086678.125,Compliant,,Mono-usage
20768,2016,NonResidential,Distribution Center,Dekeriver LLC,1900 S Corgiat Drive,Seattle,WA,98108.0,1753700330,2,GREATER DUWAMISH,47.54365,-122.30785,1956,1.0,1,27000,0,27000,Distribution Center,Distribution Center,27000.0,,,,,,651293.3125,Compliant,,Mono-usage
20815,2016,NonResidential,Small- and Mid-Sized Office,SPRAG,2517 Eastlake Ave E,Seattle,WA,98104.0,1959700023,4,LAKE UNION,47.64243,-122.32618,1957,1.0,2,21183,0,21183,"Office, Parking",Office,13945.0,Parking,7238.0,,,20152012,361542.0938,Compliant,,Multi-usages
20818,2016,NonResidential,Small- and Mid-Sized Office,Eastlake Professional Center,2633 EASTLAKE AVE E #307,Seattle,WA,98102.0,1959700075,4,LAKE UNION,47.64428,-122.32627,1961,1.0,3,29392,3834,25558,"Office, Parking",Office,29392.0,Parking,3834.0,,,,755618.1875,Compliant,,Multi-usages
20836,2016,NonResidential,Large Office,Eastlake Center (North & South),2825 Eastlake AVE E,Seattle,WA,98102.0,1959701300,4,LAKE UNION,47.6465,-122.3252,1985,1.0,5,137738,55504,82234,"Office, Other, Parking",Office,77796.0,Parking,55504.0,Other,4438.0,,4704936.5,Compliant,,Multi-usages
20861,2016,NonResidential,Residence Hall,(ID20861) KEYSTONE GROUP HOME,3515 WOODLAND PARK AVE N,Seattle,WA,98103.0,1825049055,4,LAKE UNION,47.65014,-122.34424,1988,1.0,3,21118,0,21118,Residence Hall/Dormitory,Residence Hall/Dormitory,21118.0,,,,,,1361427.75,Compliant,,Mono-usage
20868,2016,NonResidential,Large Office,Stone 34,3400 Stone Way N,Seattle,WA,98103.0,1825049072,4,LAKE UNION,47.64868,-122.34254,2013,1.0,5,206126,79284,126842,"Office, Other, Parking, Restaurant",Office,101941.0,Parking,73177.0,Other,8324.0,20162015,4489661.0,Compliant,,Multi-usages
20871,2016,NonResidential,Small- and Mid-Sized Office,The Production Network,1000 North Northlake Way,Seattle,WA,98103.0,1825049143,4,LAKE UNION,47.64866,-122.34509,1900,1.0,2,20500,0,20500,Office,Office,20500.0,,,,,,1326178.125,Compliant,,Mono-usage
20885,2016,NonResidential,Senior Care Community,Ballard Center,820 NW 95th Street,Seattle,WA,98117.0,1865400030,6,BALLARD,47.69875,-122.36725,1966,1.0,2,34636,31000,3636,"Parking, Senior Care Community",Senior Care Community,36000.0,Parking,0.0,,,,12148720.0,Compliant,,Multi-usages
20888,2016,NonResidential,Worship Facility,Assumption Church,6215 33rd Ave. NE,Seattle,WA,98115.0,1868903240,4,NORTHEAST,47.67485,-122.29284,1930,1.0,2,25521,0,25521,Worship Facility,Worship Facility,25521.0,,,,,,605186.3125,Compliant,,Mono-usage
20890,2016,NonResidential,K-12 School,ASB School,6220 32nd Ave. NE,Seattle,WA,98115.0,1868903240,4,NORTHEAST,47.67485,-122.29284,1986,1.0,1,23190,0,23190,K-12 School,K-12 School,23190.0,,,,,,1705515.25,Compliant,,Mono-usage
20916,2016,NonResidential,Small- and Mid-Sized Office,St. John Egan Hall,123 N. 79th St.,Seattle,WA,98103.0,1646500985,6,NORTHWEST,47.68602,-122.35674,1960,1.0,1,20678,0,20678,Office,Office,23100.0,,,,,,770333.0,Compliant,,Mono-usage
20917,2016,NonResidential,K-12 School,St. John School,120 N. 79th St.,Seattle,WA,98103.0,1646501150,6,NORTHWEST,47.68642,-122.35707,1922,1.0,3,28820,0,28820,K-12 School,K-12 School,33780.0,,,,,,2595783.5,Compliant,,Mono-usage
20928,2016,NonResidential,Worship Facility,St. Paul Church & School,10001 57th Ave. S,Seattle,WA,98178.0,1686400005,2,SOUTHEAST,47.51042,-122.26277,1954,1.0,2,27876,0,27876,Worship Facility,Worship Facility,44816.0,,,,,,1829981.375,Compliant,,Mono-usage
20970,2016,NonResidential,Senior Care Community,Kin On Health Care Center,4416 S Brandon St,Seattle,WA,98118.0,1704900435,2,SOUTHEAST,47.55387,-122.27875,1966,1.0,2,48882,7233,41649,"Parking, Senior Care Community",Senior Care Community,41922.0,Parking,9079.0,,,,6782435.0,Compliant,,Multi-usages
20976,2016,NonResidential,Warehouse,NWCP-SEA Bldg E,650 S. Lucile St,Seattle,WA,98108.0,1722800145,2,GREATER DUWAMISH,47.55374,-122.32498,1977,1.0,1,22320,0,22320,Non-Refrigerated Warehouse,Non-Refrigerated Warehouse,22320.0,,,,,,439065.9063,Compliant,,Mono-usage
20978,2016,NonResidential,Other,Terreno Lucile,637 S LUCILE ST,Seattle,WA,98108.0,1722800223,2,GREATER DUWAMISH,47.55297,-122.32472,1976,1.0,1,47105,0,47105,Manufacturing/Industrial Plant,Manufacturing/Industrial Plant,45320.0,,,,,,10234721.0,Compliant,,Mono-usage
20979,2016,NonResidential,Small- and Mid-Sized Office,The Hathaway Building,5506 6th Ave S.,Seattle,WA,98108.0,1722800285,2,GREATER DUWAMISH,47.55316,-122.32616,1982,1.0,2,40029,0,40029,"Non-Refrigerated Warehouse, Office",Office,31800.0,Non-Refrigerated Warehouse,8200.0,,,,1471914.25,Compliant,,Multi-usages
20984,2016,NonResidential,Small- and Mid-Sized Office,Building R,650 South Orcas Street,Seattle,WA,98108.0,1722800585,2,GREATER DUWAMISH,47.55196,-122.32518,1970,1.0,2,28304,0,28304,Office,Office,27185.0,,,,,,1269367.5,Compliant,,Mono-usage
20985,2016,NonResidential,Other,Building Q,670 South Orcas Street,Seattle,WA,98108.0,1722800620,2,GREATER DUWAMISH,47.55168,-122.32459,1970,1.0,1,26400,0,26400,"Non-Refrigerated Warehouse, Other - Recreation",Other - Recreation,20560.0,Non-Refrigerated Warehouse,7200.0,,,,452612.5,Compliant,,Multi-usages
20986,2016,NonResidential,Warehouse,Orcas Maintenance Shop,707 S Orcas St,Seattle,WA,98108.0,1722800985,2,GREATER DUWAMISH,47.55049,-122.32382,1968,1.0,1,27680,0,27680,"Non-Refrigerated Warehouse, Office",Non-Refrigerated Warehouse,25000.0,Office,2680.0,,,,1778431.75,Compliant,,Multi-usages
20987,2016,NonResidential,Small- and Mid-Sized Office,Building P,5700 Sixth Avenue South,Seattle,WA,98108.0,1722801079,2,GREATER DUWAMISH,47.55145,-122.32635,1969,1.0,2,25872,0,25872,"Non-Refrigerated Warehouse, Office",Office,23272.0,Non-Refrigerated Warehouse,2600.0,,,,1787119.0,Compliant,,Multi-usages
20988,2016,NonResidential,Small- and Mid-Sized Office,Building O,655 South Orcas Street,Seattle,WA,98108.0,1722801080,2,GREATER DUWAMISH,47.55127,-122.32576,1969,1.0,2,25872,0,25872,Office,Office,24988.0,,,,,,2399353.5,Compliant,,Mono-usage
20989,2016,NonResidential,Warehouse,Building N,661 South Orcas Street,Seattle,WA,98108.0,1722801081,2,GREATER DUWAMISH,47.55127,-122.32576,1969,1.0,1,20500,0,20500,Non-Refrigerated Warehouse,Non-Refrigerated Warehouse,21386.0,,,,,,222600.0938,Compliant,,Mono-usage
21005,2016,NonResidential,Small- and Mid-Sized Office,4000 aurora building,4000 aurora ave n,Seattle,WA,98103.0,1931300585,4,LAKE UNION,47.6557,-122.34682,1958,1.0,2,21436,0,21436,Office,Office,21436.0,,,,,,534703.6875,Compliant,,Mono-usage
21023,2016,NonResidential,Mixed Use Property,George Pocock Memorial Rowing Center,3316 Fuhrman Ave E,Seattle,WA,98102.0,1959703275,3,NORTHEAST,47.65205,-122.3218,1998,1.0,1,20233,0,20233,"Non-Refrigerated Warehouse, Office, Other",Office,7245.0,Non-Refrigerated Warehouse,6644.0,Other,6344.0,,630250.125,Compliant,,Multi-usages
21057,2016,NonResidential,Small- and Mid-Sized Office,Fremont Space,600 N. 36th Street,Seattle,WA,98103.0,1972201005,6,LAKE UNION,47.65178,-122.351,2006,1.0,4,39926,12400,27526,"Multifamily Housing, Office, Parking, Retail Store",Office,24335.0,Parking,12400.0,Retail Store,2575.0,,1010967.688,Compliant,,Multi-usages
21088,2016,NonResidential,Small- and Mid-Sized Office,Northlake Plaza,936 N 34TH ST,Seattle,WA,98103.0,1972202635,4,LAKE UNION,47.64904,-122.34609,1985,1.0,3,31417,8110,23307,"Office, Parking",Office,26295.0,Parking,12890.0,,,,1126157.25,Compliant,,Multi-usages
21095,2016,NonResidential,Self-Storage Facility,Belltown Self Storage,1915 Third Ave.,Seattle,WA,98101.0,1977201055,7,DOWNTOWN,47.61179,-122.3404,1928,1.0,6,46580,0,46580,Self-Storage Facility,Self-Storage Facility,46580.0,,,,,,710275.375,Compliant,,Mono-usage
21097,2016,NonResidential,Retail Store,BERGMAN'S LUGGAGE,1907 3RD AVE,Seattle,WA,98101.0,1977201070,7,DOWNTOWN,47.61165,-122.34011,1916,1.0,2,25920,0,25920,Retail Store,Retail Store,25920.0,,,,,,478690.0938,Compliant,,Mono-usage
21102,2016,NonResidential,Retail Store,"SWIFTY PRINTING & DIGITAL IMAGING, INC.",2001 3RD AVENUE,Seattle,WA,98121.0,1977201135,7,DOWNTOWN,47.61236,-122.34144,1919,1.0,2,25920,0,25920,Retail Store,Retail Store,38880.0,,,,,,1011667.5,Compliant,,Mono-usage
21103,2016,NonResidential,Hotel,Palladian Hotel,2000 Second Avenue,Seattle,WA,98121.0,1977201140,7,DOWNTOWN,47.61203,-122.34165,1910,1.0,8,61721,0,61721,Hotel,,,,,,,,2897079.75,Compliant,,Mono-usage
21108,2016,NonResidential,Small- and Mid-Sized Office,DSHS Belltown Center,2106 2nd Avenue,Seattle,WA,98121.0,1977201181,7,DOWNTOWN,47.61297,-122.34324,1919,1.0,2,25920,0,25920,Office,Office,23995.0,,,,,,1793851.375,Compliant,,Mono-usage
21115,2016,NonResidential,Small- and Mid-Sized Office,Administration - Cassel Crag,1218 Terry Ave,Seattle,WA,98101.0,1978200285,3,EAST,47.61098,-122.32766,1925,1.0,4,39760,0,39760,Office,Office,39760.0,,,,,,2478960.0,Compliant,,Mono-usage
21116,2016,NonResidential,Other,Sunset Club,1021 University St.,Seattle,WA,98101.0,1978200290,3,EAST,47.61109,-122.32721,1920,1.0,3,30971,0,30971,Other,Other,30971.0,,,,,,2823184.0,Compliant,,Mono-usage
21117,2016,NonResidential,Small- and Mid-Sized Office,Administration - Blackford Hall,1000 Seneca St,Seattle,WA,98101.0,1978200305,3,EAST,47.61063,-122.32741,1946,1.0,3,22667,0,22667,Office,Office,22667.0,,,,,,3767135.0,Compliant,,Mono-usage
21119,2016,NonResidential,Warehouse,Canal Building,712 N 34th St,Seattle,WA,98103.0,1972202680,6,LAKE UNION,47.64965,-122.34913,1927,1.0,2,33840,0,33840,"Non-Refrigerated Warehouse, Office, Retail Store",Non-Refrigerated Warehouse,18740.0,Office,13660.0,Retail Store,1440.0,,2227638.25,Compliant,,Multi-usages
21122,2016,NonResidential,Mixed Use Property,Fremont Court-Equinox Building,3424 Fremont Ave. N.,Seattle,WA,98103.0,1972202755,6,LAKE UNION,47.6502,-122.34959,2001,5.0,3,41827,9226,32601,"Multifamily Housing, Office, Other - Mall, Parking, Restaurant",Multifamily Housing,14273.0,Office,14128.0,Parking,9680.0,,4193371.0,Compliant,,Multi-usages
21125,2016,NonResidential,Small- and Mid-Sized Office,The Peck Building,701 North 36th Street,Seattle,WA,98103.0,1972202940,6,LAKE UNION,47.65114,-122.34954,2001,1.0,5,33740,6010,27730,"Office, Parking, Retail Store",Office,15908.0,Retail Store,8762.0,Parking,1500.0,,1291405.25,Compliant,,Multi-usages
21129,2016,NonResidential,Retail Store,Dubliner Building,3515 Fremont Ave N,Seattle,WA,98103.0,1972203060,6,LAKE UNION,47.65115,-122.35024,1911,1.0,2,20516,0,20516,"Hotel, Retail Store",Retail Store,10155.0,Hotel,8000.0,,,,1021796.625,Compliant,,Multi-usages
21133,2016,NonResidential,Retail Store,The Fremont Building,3417 Fremont Ave N.,Seattle,WA,98103.0,1972203160,6,LAKE UNION,47.65019,-122.35013,1906,1.0,3,27480,0,27480,"Office, Retail Store",Retail Store,22218.0,Office,8668.0,,,,1215156.25,Compliant,,Multi-usages
21138,2016,NonResidential,Mixed Use Property,Saturn Building,3417 Evanston Ave. N.,Seattle,WA,98103.0,1972203435,6,LAKE UNION,47.65061,-122.35159,1947,1.0,1,46958,0,46958,"Bank Branch, Bar/Nightclub, Office, Parking",Office,40313.0,Parking,33976.0,Bar/Nightclub,4579.0,,1818867.875,Compliant,,Multi-usages
21140,2016,NonResidential,Distribution Center,124N35,124 North 35th Street,Seattle,WA,98103.0,1972203870,6,LAKE UNION,47.65214,-122.356,1984,1.0,1,26532,0,26532,Distribution Center,Distribution Center,26532.0,,,,,,1934224.25,Compliant,,Mono-usage
21141,2016,NonResidential,Small- and Mid-Sized Office,FREMONT FOUNDRY,154 N 35TH ST,Seattle,WA,98103.0,1972203920,6,LAKE UNION,47.65186,-122.35531,1981,1.0,2,22388,0,22388,"Multifamily Housing, Office",Office,19600.0,Multifamily Housing,2788.0,,,,576405.125,Compliant,,Multi-usages
21142,2016,NonResidential,Other,155N35,155 North 35th Street,Seattle,WA,98103.0,1972204025,6,LAKE UNION,47.65138,-122.35565,1969,1.0,1,30730,0,30730,Other,Other,30730.0,,,,,,3050455.25,Compliant,,Mono-usage
21145,2016,NonResidential,Small- and Mid-Sized Office,Fremont West Building,123 NW 36th St,Seattle,WA,98107.0,1972204350,6,LAKE UNION,47.65297,-122.35839,1986,1.0,2,35600,0,35600,"Office, Parking",Office,36839.0,Parking,0.0,,,,2173143.75,Compliant,,Multi-usages
21150,2016,NonResidential,Worship Facility,First Free Methodist Church,58 W Dravus,Seattle,WA,98119.0,1972204965,7,MAGNOLIA / QUEEN ANNE,47.64905,-122.36055,1949,1.0,3,62000,0,62000,"Other, Worship Facility",Worship Facility,57200.0,Other,5000.0,,,,1799664.125,Compliant,,Multi-usages
21172,2016,NonResidential,Small- and Mid-Sized Office,101 Nickerson,101 Nickerson St,Seattle,WA,98109.0,1972205940,7,MAGNOLIA / QUEEN ANNE,47.64805,-122.35534,1981,1.0,2,23600,0,23600,Office,Office,23600.0,,,,,,776248.6875,Compliant,,Mono-usage
21177,2016,NonResidential,Small- and Mid-Sized Office,4 Nick,4 Nickerson,Seattle,WA,98109.0,1972206360,7,MAGNOLIA / QUEEN ANNE,47.64976,-122.35684,1986,1.0,3,40067,0,40067,Office,Office,40067.0,,,,,,2303732.75,Compliant,,Mono-usage
21178,2016,NonResidential,Small- and Mid-Sized Office,6 Nick,6 Nickerson,Seattle,WA,98109.0,1972206390,7,MAGNOLIA / QUEEN ANNE,47.64976,-122.35684,1989,1.0,3,26419,6922,19497,Office,Office,26419.0,,,,,,1074989.0,Compliant,,Mono-usage
21179,2016,NonResidential,Small- and Mid-Sized Office,2 Nick,2 Nickerson,Seattle,WA,98109.0,1972206435,7,MAGNOLIA / QUEEN ANNE,47.64976,-122.35684,1979,1.0,3,25262,0,25262,Office,Office,25262.0,,,,,,1469556.25,Compliant,,Mono-usage
21180,2016,NonResidential,Other,"Seventeen Meters, LLC",437 N 34th Street,Seattle,WA,98103.0,1972206512,6,LAKE UNION,47.64975,-122.35289,1996,0.0,3,53103,0,53103,Other,Other,38723.0,,,,,,4877959.0,Compliant,,Mono-usage
21181,2016,NonResidential,Small- and Mid-Sized Office,Canal Place - 150 Building,150 Nickerson Street,Seattle,WA,98109.0,1972206650,7,MAGNOLIA / QUEEN ANNE,47.64901,-122.35516,1980,1.0,3,34106,0,34106,Office,Office,32739.0,,,,,,1619177.125,Compliant,,Mono-usage
21182,2016,NonResidential,Small- and Mid-Sized Office,Canal Place - 130 Building,130 Nickerson Street,Seattle,WA,98109.0,1972206650,7,MAGNOLIA / QUEEN ANNE,47.64934,-122.35592,1980,1.0,3,34545,0,34545,Office,Office,34545.0,,,,,,2313978.75,Compliant,,Mono-usage
21183,2016,NonResidential,Small- and Mid-Sized Office,Canal Place Office Park,180 & 192 Nickerson St,Seattle,WA,98109.0,1972206670,7,MAGNOLIA / QUEEN ANNE,47.64865,-122.35435,1980,1.0,3,70296,0,70296,Office,Office,70296.0,,,,,,2782066.5,Compliant,,Mono-usage
25660,2016,NonResidential,Small- and Mid-Sized Office,Union Trust Annex,117 S. Main,Seattle,WA,98104.0,5247800365,7,DOWNTOWN,47.59979,-122.33339,1902,1.0,4,27838,0,27838,Office,Office,27838.0,,,,,,1217509.125,Compliant,,Mono-usage
21192,2016,NonResidential,Distribution Center,Alaska Marine Lines,5615 W Marginal Way SW,Seattle,WA,98106.0,1924049081,1,DELRIDGE,47.55105,-122.34695,1971,2.0,2,28368,0,28368,"Distribution Center, Office",Distribution Center,35300.0,Office,9408.0,,,,1856230.625,Compliant,,Multi-usages
21208,2016,NonResidential,Other,Stone Avenue Building,13100 Stone Avenue North,Seattle,WA,98133.0,1926049122,5,NORTHWEST,47.72471,-122.3412,1964,1.0,2,92080,0,92080,Other,Other,92129.0,,,,,,5155090.5,Compliant,,Mono-usage
21212,2016,NonResidential,Other,Granite Curling Club,1440 N 128th St,Seattle,WA,98133.0,1926049180,5,NORTHWEST,47.72288,-122.34065,1961,1.0,1,20236,0,20236,Other - Recreation,Other - Recreation,20236.0,,,,,,1965182.25,Compliant,,Mono-usage
21213,2016,NonResidential,Small- and Mid-Sized Office,"Cochran, Inc",12500 Aurora Avenue North,Seattle,WA,98133.0,1926049190,5,NORTHWEST,47.72004,-122.34418,1951,1.0,2,39815,0,39815,"Non-Refrigerated Warehouse, Office",Office,27118.0,Non-Refrigerated Warehouse,12697.0,,,,2050600.75,Compliant,,Multi-usages
21216,2016,Nonresidential COS,Other,Mary's Place (PI Bank),1155 (1157) N 130th Ave,Seattle,WA,98133.0,1926049218,5,NORTHWEST,47.72299,-122.34293,1970,1.0,4,25557,0,25557,Residential Care Facility,Residential Care Facility,25557.0,,,,,,2280352.5,Compliant,,Mono-usage
21218,2016,Nonresidential COS,Other,HLF FFD VMG (A),12645 Ashworth Ave N,Seattle,WA,98133.0,1926049286,5,NORTHWEST,47.72134,-122.34102,1958,1.0,2,26994,0,26994,"Office, Other - Services",Other - Services,16243.0,Office,10751.0,,,,3076813.25,Compliant,,Multi-usages
21219,2016,NonResidential,Warehouse,Comcast,12645 Stone Ave N,Seattle,WA,98133.0,1926049290,5,NORTHWEST,47.72183,-122.34328,1972,1.0,1,48112,0,48112,Non-Refrigerated Warehouse,Non-Refrigerated Warehouse,48112.0,,,,,,1485945.875,Compliant,,Mono-usage
21221,2016,NonResidential,Other,(ID#21221) KC Metro Transit North Facilities Maintenance,12525 STONE AVE N,Seattle,WA,98133.0,1926049293,5,NORTHWEST,47.72065,-122.34318,2009,1.0,1,20909,0,20909,"Other - Public Services, Parking",Other - Public Services,19050.0,Parking,0.0,,,,1208029.25,Compliant,,Multi-usages
21226,2016,NonResidential,Small- and Mid-Sized Office,Laurel Building,911 N 145th,Seattle,WA,98133.0,1926049335,5,NORTHWEST,47.73387,-122.34722,2001,1.0,2,42793,16518,26275,"Office, Parking",Office,26275.0,Parking,16518.0,,,,1772188.5,Compliant,,Multi-usages
21233,2016,NonResidential,Other,Fitness International North Seattle,13244 Aurora Avenue North,Seattle,WA,98133.0,1926049370,5,NORTHWEST,47.72644,-122.34338,2007,1.0,2,45000,0,45000,Other - Recreation,Other - Recreation,45000.0,,,,,,5912066.0,Compliant,,Mono-usage
21236,2016,NonResidential,Retail Store,PETSMART 0375 (ID21236),13000 AURORA AVE N,Seattle,WA,98133.0,1926049423,5,NORTHWEST,47.72337,-122.34373,1998,1.0,1,26115,0,26115,Retail Store,Retail Store,26115.0,,,,,,1689372.625,Compliant,,Mono-usage
21239,2016,NonResidential,Worship Facility,Seattle North,5701 8th Ave N,Seattle,WA,98105.0,1928300405,4,NORTHEAST,47.6702,-122.32066,1949,1.0,1,26033,0,26033,"Parking, Worship Facility",Worship Facility,30044.0,Parking,0.0,,,,1149140.25,Compliant,,Multi-usages
21243,2016,NonResidential,K-12 School,"Seattle Country Day School Bldgs 1,2 & 4",2619 4th Ave North,Seattle,WA,98109.0,1929300110,7,MAGNOLIA / QUEEN ANNE,47.64344,-122.3509,2007,1.0,4,48660,0,48660,K-12 School,K-12 School,49468.0,,,,,,1881516.125,Compliant,,Mono-usage
21244,2016,NonResidential,Senior Care Community,Queen Anne Healthcare,2717 Dexter Ave N,Seattle,WA,98109.0,1929300390,7,MAGNOLIA / QUEEN ANNE,47.6441,-122.34795,1970,1.0,2,46539,0,46539,Senior Care Community,Senior Care Community,46539.0,,,,,,5400049.5,Compliant,,Mono-usage
21262,2016,NonResidential,Residence Hall,(ID21262) El Rey Apts,2119 2ND AVE,Seattle,WA,98121.0,1977200720,7,DOWNTOWN,47.61283,-122.34392,1909,1.0,4,29796,0,29796,Residence Hall/Dormitory,Residence Hall/Dormitory,29796.0,,,,,,2233262.0,Compliant,,Mono-usage
21265,2016,NonResidential,Retail Store,N0030 - Patagonia/DKA,2100 First Avenue & 106 Lenora Street,Seattle,WA,98121.0,1977200735,7,DOWNTOWN,47.6123,-122.34395,1920,1.0,2,26400,0,26400,"Office, Parking, Retail Store",Retail Store,14428.0,Office,7200.0,Parking,2788.0,,983595.875,Compliant,,Multi-usages
21266,2016,NonResidential,Small- and Mid-Sized Office,First & Lenora,2030 First Avenue,Seattle,WA,98121.0,1977200855,7,DOWNTOWN,47.61185,-122.3434,1918,1.0,3,38148,0,38148,"Office, Retail Store",Office,37853.0,Retail Store,12495.0,,,,1262255.75,Compliant,,Multi-usages
21270,2016,NonResidential,Mixed Use Property,Rex Land Building (Block 56SE) - SEDO,401 8th Ave. North,Seattle,WA,98109.0,1988201370,7,LAKE UNION,47.62231,-122.34145,1928,1.0,2,28800,0,28800,"Non-Refrigerated Warehouse, Office",Non-Refrigerated Warehouse,14400.0,Office,14400.0,,,,456953.0,Compliant,,Multi-usages
21278,2016,NonResidential,Worship Facility,Church of Scientology Washington State,300 W Harrison St,Seattle,WA,98119.0,1989200520,7,MAGNOLIA / QUEEN ANNE,47.62232,-122.36101,1955,1.0,5,31945,0,31945,"Parking, Worship Facility",Worship Facility,31945.0,Parking,0.0,,,,1806468.0,Compliant,,Multi-usages
21290,2016,NonResidential,Small- and Mid-Sized Office,Salvation Army NW Div. HQ,111 Queen Anne Ave N,Seattle,WA,98109.0,1989200945,7,MAGNOLIA / QUEEN ANNE,47.6189,-122.35713,1985,1.0,5,85963,33055,52908,"Office, Parking",Office,52908.0,Parking,33055.0,,,,4480961.0,Compliant,,Multi-usages
21310,2016,NonResidential,Retail Store,DILLER BUILDING (ID21310),1216 1st Ave.,Seattle,WA,98101.0,1974700170,7,DOWNTOWN,47.60683,-122.33771,1900,1.0,4,34680,0,34680,Retail Store,Retail Store,34680.0,,,,,,1169948.875,Compliant,,Mono-usage
21313,2016,NonResidential,Worship Facility,Plymouth Congregational Church,1217 6th Ave,Seattle,WA,98101.0,1975700006,7,DOWNTOWN,47.60867,-122.33265,1968,1.0,3,75058,34510,40548,Worship Facility,Worship Facility,75058.0,,,,,,5587347.0,Compliant,,Mono-usage
21315,2016,NonResidential,Small- and Mid-Sized Office,1518 Fifith Ave,1520 Fifth Ave,Seattle,WA,98101.0,1975700135,7,DOWNTOWN,47.61119,-122.33581,1903,1.0,3,57720,0,57720,Office,Office,25000.0,,,,,,24105.5,Non-Compliant,Low outlier,Mono-usage
21317,2016,NonResidential,Retail Store,Coliseum,1506 Fifth Avenue,Seattle,WA,98101.0,1975700155,7,DOWNTOWN,47.61103,-122.33549,1915,1.0,1,36504,0,36504,Retail Store,Retail Store,16200.0,,,,,,2100982.75,Compliant,,Mono-usage
21318,2016,NonResidential,Small- and Mid-Sized Office,Westlake Place,1520 4th Avenue,Seattle,WA,98101.0,1975700195,7,DOWNTOWN,47.61091,-122.33667,1907,1.0,6,35200,0,35200,Office,Office,35200.0,,,,,,2998208.25,Compliant,,Mono-usage
21319,2016,NonResidential,Small- and Mid-Sized Office,4th Avenue Building,1408 4th Avenue,Seattle,WA,98101.0,1975700275,7,DOWNTOWN,47.60961,-122.33566,1907,1.0,5,35840,0,35840,Office,Office,35840.0,,,,,,1538750.625,Compliant,,Mono-usage
21321,2016,NonResidential,Other,5265050802 - WM1084 Fifth and Union,1401 5th AVE,Seattle,WA,98101.0,1975700281,7,DOWNTOWN,47.60985,-122.33527,1941,1.0,2,25920,0,25920,Bank Branch,Bank Branch,23230.0,,,,,,1333432.125,Compliant,,Mono-usage
21322,2016,NonResidential,Small- and Mid-Sized Office,Fourth and Union,1404 Fourth Ave,Seattle,WA,98101.0,1975700290,7,DOWNTOWN,47.60952,-122.33558,1928,1.0,4,30525,0,30525,"Office, Retail Store",Office,15609.0,Retail Store,6104.0,,,,2883139.0,Compliant,,Multi-usages
21328,2016,NonResidential,Other,Seattle First Hill,1334 Terry Avenue,Seattle,WA,98101.0,1978200320,7,EAST,47.61186,-122.32857,1964,1.0,4,49243,0,49243,Other/Specialty Hospital,Other/Specialty Hospital,52284.0,,,,,,8476183.0,Compliant,,Mono-usage
21336,2016,NonResidential,Other,University Club,1004 Boren Ave,Seattle,WA,98104.0,1978200605,3,EAST,47.6097,-122.325,1912,0.0,3,20411,0,20411,Social/Meeting Hall,Social/Meeting Hall,20411.0,,,,,,2014475.875,Compliant,,Mono-usage
21351,2016,NonResidential,Medical Office,Swedish Alcoa Building,1401 Madison St,Seattle,WA,98122.0,1978201116,3,EAST,47.61065,-122.32125,1962,1.0,2,30855,10285,20570,Medical Office,Medical Office,21571.0,,,,,,2946756.25,Compliant,,Mono-usage
21353,2016,NonResidential,Small- and Mid-Sized Office,FIRST BAPTIST CHURCH,1111 Harvard Ave.,Seattle,WA,98122.0,1978201205,3,EAST,47.61194,-122.32177,1910,1.0,3,73549,0,73549,"Office, Worship Facility",Office,41632.0,Worship Facility,31917.0,,,,2828950.5,Compliant,,Multi-usages
21364,2016,NonResidential,Other,Pacific Northwest Research,720 Broadway,Seattle,WA,98122.0,1978201421,3,EAST,47.60865694,-122.3205368,1988,1.0,5,45780,11400,34380,"Other - Education, Parking",Other - Education,45780.0,Parking,4500.0,,,,10834087.0,Compliant,,Multi-usages
21365,2016,NonResidential,Medical Office,Northwest Kidney Center (21365),700 Broadway,Seattle,WA,98114.0,1978201435,3,EAST,47.60865416,-122.3205904,1963,0.0,3,39115,0,39115,Medical Office,Medical Office,50000.0,,,,,,3735308.5,Compliant,,Mono-usage
21366,2016,NonResidential,Other,Town Hall Seattle,1119 8th Avenue,Seattle,WA,98101.0,1979200050,7,EAST,47.60901,-122.32994,1916,1.0,3,38038,0,38038,"Food Service, Office, Other - Entertainment/Public Assembly",Other - Entertainment/Public Assembly,35886.0,Office,1184.0,Food Service,436.0,,1107290.625,Compliant,,Multi-usages
21367,2016,NonResidential,Worship Facility,First Presbyterian Church of Seattle,1013 8th Ave,Seattle,WA,98104.0,1979200090,7,EAST,47.60821,-122.3296,1962,1.0,3,37796,0,37796,"Parking, Worship Facility",Worship Facility,53000.0,Parking,17600.0,,,,2465983.5,Compliant,,Multi-usages
21380,2016,Nonresidential COS,Small- and Mid-Sized Office,System Operations Center,614 NW 46th St,Seattle,WA,98107.0,1982201065,6,Ballard,47.66256,-122.36483,1993,1.0,1,27744,0,27744,"Data Center, Office, Other",Office,18380.0,Other,6060.0,Data Center,3304.0,,5355753.0,Compliant,,Multi-usages
21382,2016,NonResidential,Warehouse,Superior Self Storage,832 NW 48,Seattle,WA,98107.0,1982201700,6,BALLARD,47.66388,-122.36831,1960,1.0,1,36444,0,36444,Non-Refrigerated Warehouse,Non-Refrigerated Warehouse,36444.0,,,,,,161311.0938,Compliant,,Mono-usage
21388,2016,NonResidential,Warehouse,lee warehouse,4259 8th Avenue NW,Seattle,WA,98107.0,1982203275,6,BALLARD,47.65907,-122.36783,1950,1.0,1,27553,0,27553,Non-Refrigerated Warehouse,Non-Refrigerated Warehouse,27553.0,,,,,,966677.125,Compliant,,Mono-usage
21389,2016,NonResidential,Distribution Center,Double Y Investment Co.,4222 8th Ave NW,Seattle,WA,98107.0,1982203385,6,BALLARD,47.6583,-122.36638,1951,3.0,1,57310,0,57310,Distribution Center,Distribution Center,57310.0,,,,,,1253745.5,Compliant,,Mono-usage
21391,2016,NonResidential,Mixed Use Property,On Ballard- 425 Westlake,425 Westlake Ave N.,Seattle,WA,98109.0,1983200005,7,LAKE UNION,47.62296,-122.33884,1920,1.0,2,25920,0,25920,"Office, Other, Other - Services, Residence Hall/Dormitory, Restaurant",Office,10109.0,Other - Services,7016.0,Restaurant,3609.0,,989079.5,Compliant,,Multi-usages
21396,2016,NonResidential,Restaurant,Uptown Espresso Building (Block 38W) - SEDO,500-510 Westlake Ave. North,Seattle,WA,98109.0,1983200170,7,LAKE UNION,47.62354,-122.33808,1919,1.0,3,40686,0,40686,Restaurant,Restaurant,40686.0,,,,,,2106073.5,Compliant,,Mono-usage
21397,2016,NonResidential,Retail Store,Guitar Center (Block 38W) - SEDO,520-530 Westlake Ave. North,Seattle,WA,98109.0,1983200180,7,LAKE UNION,47.62399,-122.33804,1964,1.0,2,45271,0,45271,Retail Store,Retail Store,45271.0,,,,,,2553763.5,Compliant,,Mono-usage
21398,2016,NonResidential,Small- and Mid-Sized Office,Clements Rice Building (Block 38W) - SEDO,534 Westlake Ave. North,Seattle,WA,98109.0,1983200196,7,LAKE UNION,47.62437,-122.33802,1920,1.0,3,28380,12180,16200,Office,Office,28380.0,,,,,,1372213.375,Compliant,,Mono-usage
21399,2016,NonResidential,Large Office,Interurban Exchange IV/V & Van Vorst - SEDO,440 Terry Ave. North,Seattle,WA,98109.0,1983200290,7,LAKE UNION,47.62296,-122.3362,2009,1.0,5,508160,0,508160,"Food Service, Office, Parking",Office,329850.0,Parking,162894.0,Food Service,11846.0,,28053172.0,Compliant,,Multi-usages
21401,2016,NonResidential,Small- and Mid-Sized Office,511 Boren,511 Boren Avenue North,Seattle,WA,98109.0,1983200350,7,LAKE UNION,47.62353,-122.33622,1926,1.0,3,26176,0,26176,Office,Office,23730.0,,,,,,966907.375,Compliant,,Mono-usage
21413,2016,NonResidential,Small- and Mid-Sized Office,Fairview,1000 Fairview Ave N,Seattle,WA,98109.0,1984200105,3,LAKE UNION,47.62799,-122.33132,1926,1.0,1,37740,0,37740,"Office, Parking",Office,37481.0,Parking,0.0,,,,7442314.5,Compliant,,Multi-usages
21418,2016,Nonresidential COS,Other,Northwest Rooms,394 1st Ave. N.,Seattle,WA,98109.0,1985200003,7,MAGNOLIA / QUEEN ANNE,47.62208,-122.35398,1961,1.0,1,26000,0,26000,Other,Other,49847.0,,,,,,5277482.5,Compliant,,Mono-usage
21424,2016,NonResidential,Worship Facility,First Church Seattle,180 Denny Way,Seattle,WA,98109.0,1985200090,7,MAGNOLIA / QUEEN ANNE,47.61876,-122.3534,2009,1.0,3,23241,0,23241,Worship Facility,Worship Facility,23241.0,,,,,,739210.5,Compliant,,Mono-usage
21425,2016,NonResidential,Other,Pacific Science Center,200 Second Avenue North,Seattle,WA,98109.0,1985200140,7,MAGNOLIA / QUEEN ANNE,47.61974,-122.3511,1962,1.0,1,155795,0,155795,Other,Other,155795.0,,,,,,17673018.0,Compliant,,Mono-usage
21432,2016,Nonresidential COS,Other,Fisher Pavilion,200 Thomas St,Seattle,WA,98109.0,1985200245,7,MAGNOLIA / QUEEN ANNE,47.62208,-122.35398,2002,1.0,1,21018,0,21018,Other,Other,21018.0,,,,,,1761137.5,Compliant,,Mono-usage
21433,2016,Nonresidential COS,Other,Chihuly Garden and Glass,305 Harrison St #30,Seattle,WA,98109.0,1985200305,7,MAGNOLIA / QUEEN ANNE,47.62208,-122.35398,1998,1.0,1,30533,0,30533,Museum,Museum,28631.0,,,,,,5903015.0,Compliant,,Mono-usage
21435,2016,NonResidential,Other,space needle,400 broard street,Seattle,WA,98109.0,1985200495,7,MAGNOLIA / QUEEN ANNE,47.62049,-122.3493,1961,1.0,2,33971,0,33971,Other - Recreation,Other - Recreation,50000.0,,,,,,17686444.0,Compliant,,Mono-usage
21436,2016,Nonresidential COS,Other,Seattle Children's Theatre,201 Thomas St.,Seattle,WA,98109.0,1985200550,7,MAGNOLIA / QUEEN ANNE,47.62082,-122.35251,1992,1.0,2,40600,0,40600,Other,Other,33000.0,,,,,,2485521.0,Compliant,,Mono-usage
21438,2016,NonResidential,Small- and Mid-Sized Office,Sellen Construction Headquarters,227 Westlake Ave N,Seattle,WA,98109.0,1986200070,7,LAKE UNION,47.62055,-122.33881,1999,1.0,4,38038,0,38038,"Office, Parking",Office,38038.0,Parking,19600.0,,,,2003807.75,Compliant,,Multi-usages
21442,2016,NonResidential,Small- and Mid-Sized Office,Terry Ave Building,225 Terry Avenue North,Seattle,WA,98109.0,1986200245,7,LAKE UNION,47.62028,-122.33717,2007,1.0,4,64596,24596,40000,"Office, Parking",Office,41591.0,Parking,21350.0,,,,2524228.25,Compliant,,Multi-usages
21443,2016,NonResidential,Small- and Mid-Sized Office,219 Terry Building,219 Terry Ave. N.,Seattle,WA,98109.0,1986200255,7,LAKE UNION,47.62038,-122.33759,1928,1.0,3,41466,6062,35404,"Laboratory, Office, Parking",Office,35404.0,Laboratory,5000.0,Parking,1250.0,,9190442.0,Compliant,,Multi-usages
21445,2016,NonResidential,Large Office,202 Westlake,202 Westlake Ave. N.,Seattle,WA,98109.0,1986200275,7,LAKE UNION,47.62004,-122.33807,2013,1.0,6,130710,100800,29910,"Bank Branch, Office, Parking, Restaurant",Office,120548.0,Parking,88960.0,Bank Branch,5436.0,201720162015,7429423.0,Compliant,,Multi-usages
21447,2016,NonResidential,Small- and Mid-Sized Office,224 Westlake,224 Westlake Ave. N.,Seattle,WA,98109.0,1986200295,7,LAKE UNION,47.62054,-122.33807,1926,1.0,4,35780,0,35780,"Office, Parking, Retail Store",Office,22341.0,Retail Store,8214.0,Parking,5225.0,,1912760.75,Compliant,,Multi-usages
21459,2016,NonResidential,Mixed Use Property,Century,10 Harrison St.,Seattle,WA,98109.0,1988200090,7,MAGNOLIA / QUEEN ANNE,47.6223,-122.35653,1964,1.0,4,25132,7308,17824,"Office, Parking, Restaurant",Office,8061.0,Parking,8000.0,Restaurant,2095.0,,564754.1875,Compliant,,Multi-usages
21464,2016,Nonresidential COS,Other,Phelps Center,301 Mercer St.,Seattle,WA,98109.0,1988200250,7,DOWNTOWN,47.60192,-122.33282,1966,1.0,1,49680,0,49680,Other,Other,49680.0,,,,,,2844685.0,Compliant,,Mono-usage
21465,2016,Nonresidential COS,Other,Playhouse,201 Mercer St.,Seattle,WA,98109.0,1988200440,7,DOWNTOWN,47.60219,-122.3313,1962,1.0,1,36314,0,36314,Other,Other,36314.0,,,,,,1832808.75,Compliant,,Mono-usage
21468,2016,NonResidential,Other,Showbox Building,1412 1st Ave S,Seattle,WA,98101.0,1975700560,7,DOWNTOWN,47.60849,-122.33924,1916,1.0,2,25920,0,25920,"Other - Entertainment/Public Assembly, Restaurant, Retail Store",Other - Entertainment/Public Assembly,11888.0,Restaurant,4329.0,Retail Store,4029.0,,1257774.625,Compliant,,Multi-usages
21469,2016,NonResidential,Small- and Mid-Sized Office,Doyle Building,119 Pine Street,Seattle,WA,98101.0,1975700605,7,DOWNTOWN,47.60994,-122.33997,1919,1.0,4,47686,0,47686,"Office, Retail Store",Office,25500.0,Retail Store,8500.0,,,,2071670.25,Compliant,,Multi-usages
21474,2016,NonResidential,Other,The Lusty Lady,1315 1st Ave,Seattle,WA,98101.0,1976200060,7,DOWNTOWN,47.60711,-122.33886,1900,1.0,3,49760,0,49760,Other,Other,24019.0,,,,,,44293.5,Non-Compliant,Low outlier,Mono-usage
21483,2016,NonResidential,Small- and Mid-Sized Office,(ID21483) Madore Building,1501 Western Avenue,Seattle,WA,98101.0,1976200300,7,DOWNTOWN,47.60836,-122.34157,1915,1.0,6,40715,0,40715,"Non-Refrigerated Warehouse, Office, Retail Store",Office,20895.0,Retail Store,16260.0,Non-Refrigerated Warehouse,3560.0,,2827772.75,Compliant,,Multi-usages
21488,2016,NonResidential,Mixed Use Property,E0010 - Elliott Court,2103-2107 Elliott Avenue,Seattle,WA,98121.0,1977200245,7,DOWNTOWN,47.61113,-122.34556,1990,1.0,4,82065,34800,47265,"Office, Parking, Retail Store",Parking,36036.0,Office,27594.0,Retail Store,13945.0,,1717130.875,Compliant,,Multi-usages
21495,2016,NonResidential,Small- and Mid-Sized Office,Alaska Trade Building,1917 1St Ave,Seattle,WA,98101.0,1977200420,7,DOWNTOWN,47.61041,-122.34214,1910,1.0,4,36160,0,36160,Office,Office,36160.0,,,,,,1862176.875,Compliant,,Mono-usage
21496,2016,NonResidential,Mixed Use Property,Soames Dunn Building,1916 Pike Place,Seattle,WA,98101.0,1977200425,7,DOWNTOWN,47.61014,-122.34251,1918,1.0,1,34617,0,34617,"Food Sales, Manufacturing/Industrial Plant, Office, Other - Entertainment/Public Assembly, Other - Restaurant/Bar, Restaurant, Retail Store, Self-Storage Facility",Other - Restaurant/Bar,6455.0,Office,5813.0,Manufacturing/Industrial Plant,5581.0,,5136604.5,Compliant,,Multi-usages
21505,2016,NonResidential,Small- and Mid-Sized Office,U0010 - Union Stables,2200 Western Avenue,Seattle,WA,98121.0,1977200605,7,DOWNTOWN,47.6123,-122.34611,1909,1.0,5,66900,0,66900,Office,Office,68048.0,,,,,,1634178.25,Compliant,,Mono-usage
21506,2016,NonResidential,Mixed Use Property,Scargo Apartments,2205 1st Ave,Seattle,WA,98121.0,1977200610,7,DOWNTOWN,47.61252,-122.34565,1910,1.0,3,29340,0,29340,"Multifamily Housing, Office, Restaurant",Office,12714.0,Multifamily Housing,11592.0,Restaurant,2836.0,,2160420.0,Compliant,,Multi-usages
21508,2016,NonResidential,Other,White and Hitchcock,2234 1st Ave,Seattle,WA,98121.0,1977200625,7,DOWNTOWN,47.61341,-122.34597,1930,0.0,2,22710,0,22710,Food Service,Food Service,22710.0,,,,,,287763.5,Compliant,,Mono-usage
21515,2016,NonResidential,Small- and Mid-Sized Office,RDM Building,1938 Fairview Ave E,Seattle,WA,98102.0,2025049030,4,LAKE UNION,47.6367,-122.3285,2000,1.0,3,50499,13540,36959,"Office, Parking",Office,36959.0,Parking,13540.0,,,,3205182.5,Compliant,,Multi-usages
21520,2016,NonResidential,Small- and Mid-Sized Office,1910 Fairview - new,1910 Fairview,Seattle,WA,98104.0,2025049040,4,LAKE UNION,47.63616,-122.32718,1964,1.0,5,54465,9605,44860,"Office, Parking",Office,57972.0,Parking,0.0,,,,3600571.25,Compliant,,Multi-usages
21521,2016,NonResidential,K-12 School,ST NICHOLAS SCHOOL,1501 10TH AVE E,Seattle,WA,98102.0,2025049052,3,EAST,47.63239,-122.32072,1930,1.0,2,45960,0,45960,K-12 School,K-12 School,45960.0,,,,,,4167253.75,Compliant,,Mono-usage
21530,2016,NonResidential,Small- and Mid-Sized Office,Space Needle Building,203 6th Avenue N,Seattle,WA,98109.0,1991200520,7,LAKE UNION,47.61992,-122.34539,1959,1.0,2,21128,0,21128,Office,Office,21128.0,,,,,,436604.0938,Compliant,,Mono-usage
21533,2016,NonResidential,Mixed Use Property,Hyatt Place,110 6th Ave N,Seattle,WA,98109.0,1991200695,7,LAKE UNION,47.61893,-122.34473,2008,1.0,4,274442,0,274442,"Hotel, Multifamily Housing, Parking, Retail Store",Hotel,108763.0,Parking,105499.0,Multifamily Housing,58152.0,,9155568.0,Compliant,,Multi-usages
21534,2016,NonResidential,Small- and Mid-Sized Office,Little Wing,120 6th Ave N,Seattle,WA,98109.0,1991200705,7,LAKE UNION,47.61952,-122.34462,2013,1.0,3,51552,0,51552,"Data Center, Office",Office,54150.0,Data Center,650.0,,,,1539066.375,Compliant,,Multi-usages
21535,2016,NonResidential,Hotel,Travelodge - WA - Seattle - 07033,200 6th Ave N,Seattle,WA,98109.0,1991200765,7,LAKE UNION,47.62014,-122.34456,1959,1.0,4,38520,0,38520,Hotel,Hotel,38500.0,,,,,,2804534.0,Compliant,,Mono-usage
21537,2016,NonResidential,Hotel,Seattle Pacific Hotel,325 Aurora Ave N,Seattle,WA,98109.0,1991200800,7,LAKE UNION,47.62174,-122.34417,1961,1.0,3,29186,4256,24930,Hotel,Hotel,19000.0,,,,,,867184.375,Compliant,,Mono-usage
21546,2016,NonResidential,Worship Facility,Seattle Unity Church,200 8th Avenue N,Seattle,WA,98109.0,1991201375,7,LAKE UNION,47.6201,-122.34071,1960,1.0,1,27338,0,27338,Worship Facility,Worship Facility,27338.0,,,,,,581289.0,Compliant,,Mono-usage
21795,2016,NonResidential,Other,Ignatius Hall,2400 11th Ave East,Seattle,WA,98102.0,2025049007,3,EAST,47.64132,-122.31644,1999,1.0,2,85750,65640,20110,"K-12 School, Parking",Parking,65000.0,K-12 School,20000.0,,,,2045592.0,Compliant,,Multi-usages
21549,2016,NonResidential,Laboratory,410 W. Harrison,410 W. Harrison St.,Seattle,WA,98119.0,1992200045,7,MAGNOLIA / QUEEN ANNE,47.6224,-122.36248,1962,1.0,2,34416,0,34416,"Laboratory, Office, Parking",Laboratory,20649.0,Office,13767.0,Parking,2000.0,,12015936.0,Compliant,,Multi-usages
21550,2016,NonResidential,Small- and Mid-Sized Office,Bayview Building,129 1st Avenue West,Seattle,WA,98119.0,1992200400,7,MAGNOLIA / QUEEN ANNE,47.61954,-122.35847,1930,1.0,3,45864,0,45864,Office,Office,45864.0,,,,,,2590622.0,Compliant,,Mono-usage
21557,2016,NonResidential,K-12 School,Lakeside Middle School,13510 1st Ave NE,Seattle,WA,98125.0,2026049022,5,NORTHWEST,47.72726,-122.32835,1999,1.0,2,49252,0,49252,K-12 School,K-12 School,61099.0,,,,,,3485865.5,Compliant,,Mono-usage
21580,2016,NonResidential,Small- and Mid-Sized Office,Galer,214 Galer St,Seattle,WA,98102.0,2107700160,4,LAKE UNION,47.63245,-122.32529,1987,1.0,3,33176,0,33176,"Office, Parking",Office,33176.0,Parking,15000.0,,,,1426279.5,Compliant,,Multi-usages
21582,2016,NonResidential,Retail Store,WSECU - 4,1500 Fairview Ave E,Seattle,WA,98102.0,2107700260,4,LAKE UNION,47.63246,-122.32658,1993,1.0,3,25194,3764,21430,"Medical Office, Office, Retail Store",Retail Store,10751.0,Medical Office,8044.0,Office,2635.0,,1878742.875,Compliant,,Multi-usages
21611,2016,NonResidential,Worship Facility,Seattle Chinese Baptist Church,5801 Beacon Avenue South,Seattle,WA,98108.0,2124049098,2,GREATER DUWAMISH,47.55072,-122.30265,1977,1.0,99,21948,0,21948,Worship Facility,Worship Facility,21948.0,,,,,,326001.1875,Compliant,,Mono-usage
21613,2016,NonResidential,Other,Broadmoor Golf Club,2340 Broadmoor Dr. East,Seattle,WA,98112.0,2125049032,3,EAST,47.64033,-122.29135,1927,1.0,3,31191,0,31191,"Other - Recreation, Self-Storage Facility",Other - Recreation,30095.0,Self-Storage Facility,1096.0,,,,5876439.0,Compliant,,Multi-usages
21617,2016,NonResidential,Other,Bill Pierre Ford Service and Parts,12531 30th Ave NE,Seattle,WA,98125.0,2126049136,5,NORTH,47.72039,-122.29729,1947,1.0,1,37377,0,37377,"Office, Repair Services (Vehicle, Shoe, Locksmith, etc), Retail Store","Repair Services (Vehicle, Shoe, Locksmith, etc)",31303.0,Retail Store,3468.0,Office,840.0,,3040978.0,Compliant,,Multi-usages
21622,2016,NonResidential,Warehouse,1001 S Myrtle St,1001 S Myrtle St,Seattle,WA,98108.0,2136200605,2,GREATER DUWAMISH,47.53906,-122.32031,1977,1.0,1,29380,0,29380,"Non-Refrigerated Warehouse, Office, Other",Non-Refrigerated Warehouse,16768.0,Office,6837.0,Other,5775.0,,856088.625,Compliant,,Multi-usages
21656,2016,NonResidential,Worship Facility,Japanese Baptist Church,160 Broadway,Seattle,WA,98122.0,2197600015,3,EAST,47.60321889,-122.3205567,1922,1.0,2,22688,0,22688,Worship Facility,Worship Facility,22688.0,,,,,,331675.0,Compliant,,Mono-usage
21687,2016,NonResidential,Other,DES Seattle Alaska St. Building,3411 S Alaska Street,Seattle,WA,98118.0,2224049003,2,SOUTHEAST,47.56028,-122.28914,1962,1.0,2,22364,0,22364,"Adult Education, Parking",Adult Education,22364.0,Parking,0.0,,,,1467029.75,Compliant,,Multi-usages
21689,2016,NonResidential,Small- and Mid-Sized Office,Dept of Social & Health Services (WSDSHS) - COPY FOR MAKENSAY,3600 S. Graham St.,Seattle,WA,98118.0,2224049035,2,GREATER DUWAMISH,47.54693,-122.28718,1982,1.0,2,41262,0,41262,Office,Office,40738.0,,,,,,1903455.875,Compliant,,Mono-usage
21716,2016,NonResidential,Small- and Mid-Sized Office,223 Taylor Avenue North,223 Taylor Avenue North,Seattle,WA,98109.0,1991200270,7,LAKE UNION,47.62038,-122.34668,1953,1.0,2,43183,0,43183,"Data Center, Office",Office,26580.0,Data Center,11497.0,,,,7408342.0,Compliant,,Multi-usages
21723,2016,NonResidential,Worship Facility,FAIRVIEW CHURCH (ID21723),7801 ROOSEVELT WAY NE,Seattle,WA,98115.0,2464400730,4,NORTH,47.68566,-122.31849,1908,1.0,3,45680,0,45680,Worship Facility,Worship Facility,45680.0,,,,,,2077039.375,Compliant,,Mono-usage
21741,2016,NonResidential,Senior Care Community,Mirabella Seattle,116 Fairview Ave. N.,Seattle,WA,98109.0,2468400005,7,LAKE UNION,47.61935,-122.33389,2006,1.0,14,724148,0,724148,Senior Care Community,Senior Care Community,726000.0,,,,,,37797084.0,Compliant,,Mono-usage
21768,2016,NonResidential,Worship Facility,Mars Hill Church West Seattle,7551 35th Ave. SW,Seattle,WA,98106.0,2492200485,1,SOUTHWEST,47.53439,-122.37699,1957,1.0,1,23562,0,23562,"Office, Worship Facility",Worship Facility,18278.0,Office,15212.0,,,,531737.1875,Compliant,,Multi-usages
21772,2016,NonResidential,Small- and Mid-Sized Office,Workshops Seattle Ballard LLC,700 NW 42ns St,Seattle,WA,98107.0,2516000050,6,Ballard,47.65804,-122.36537,1999,1.0,4,28844,0,28844,"Office, Other",Office,10292.0,Other,10200.0,,,,910718.6875,Compliant,,Multi-usages
21783,2016,NonResidential,Warehouse,(ID21783) 601 SOUTH ALASKA,601 S Alaska St,Seattle,WA,98108.0,2024049004,2,GREATER DUWAMISH,47.56067,-122.32646,1989,1.0,1,21101,0,21101,"Non-Refrigerated Warehouse, Office",Non-Refrigerated Warehouse,18373.0,Office,2728.0,,,,675772.875,Compliant,,Multi-usages
21784,2016,NonResidential,Refrigerated Warehouse,Sun Food Trading Co,4715 6th Ave S,Seattle,WA,98108.0,2024049006,2,GREATER DUWAMISH,47.56067,-122.32705,1914,1.0,2,45594,0,45594,Refrigerated Warehouse,Refrigerated Warehouse,45594.0,,,,,,1351267.875,Compliant,,Mono-usage
21785,2016,NonResidential,Other,AM Building,5907 4th Ave So,Seattle,WA,98108.0,2024049009,2,GREATER DUWAMISH,47.55013,-122.33044,1950,1.0,1,26660,0,26660,Manufacturing/Industrial Plant,Manufacturing/Industrial Plant,26660.0,,,,,,2241280.5,Compliant,,Mono-usage
21786,2016,NonResidential,Warehouse,(ID21786) 615 S ALASKA,615 S ALASKA ST,Seattle,WA,98108.0,2024049035,2,GREATER DUWAMISH,47.56056,-122.32593,1975,1.0,1,28126,0,28126,"Non-Refrigerated Warehouse, Office",Non-Refrigerated Warehouse,21780.0,Office,6346.0,,,,870625.8125,Compliant,,Multi-usages
21787,2016,NonResidential,Warehouse,NWCP-SEA OC Bldg,6020 6th Ave S,Seattle,WA,98108.0,2024049036,2,GREATER DUWAMISH,47.54813,-122.32553,1964,1.0,1,35000,0,35000,Non-Refrigerated Warehouse,Non-Refrigerated Warehouse,35000.0,,,,,,378714.4063,Compliant,,Mono-usage
21792,2016,NonResidential,Warehouse,OTM 162,5964 6th Ave. S,Seattle,WA,98108.0,2024049059,2,GREATER DUWAMISH,47.54948,-122.32536,1962,1.0,1,26150,0,26150,Non-Refrigerated Warehouse,Non-Refrigerated Warehouse,26150.0,,,,,,1208407.625,Compliant,,Mono-usage
21793,2016,NonResidential,Small- and Mid-Sized Office,5950 6th Avenue S. Building,5950 6th Avenue S.,Seattle,WA,98108.0,2024049068,2,GREATER DUWAMISH,47.54974,-122.3261,1967,1.0,2,24000,0,24000,Office,Office,24000.0,,,,,,1088556.25,Compliant,,Mono-usage
21794,2016,NonResidential,K-12 School,Peyton,2400 11th Ave East,Seattle,WA,98102.0,2025049007,3,EAST,47.64132,-122.31644,1968,1.0,5,43594,0,43594,K-12 School,K-12 School,40809.0,,,,,,2478045.5,Compliant,,Mono-usage
21822,2016,NonResidential,Distribution Center,Care Medical Equipment,4135 Stone Way North,Seattle,WA,98103.0,2293900185,4,LAKE UNION,47.65791,-122.34274,1912,1.0,1,28080,0,28080,"Distribution Center, Office",Distribution Center,25580.0,Office,2500.0,,,,794724.625,Compliant,,Multi-usages
21879,2016,NonResidential,Senior Care Community,HEALTH AND REHAB OF NORTH SEATTLE,13333 GREENWOOD AVE N,Seattle,WA,98133.0,2426039037,5,NORTHWEST,47.72618,-122.35642,1954,1.0,2,51298,0,51298,Senior Care Community,Senior Care Community,51298.0,,,,,,5655578.0,Compliant,,Mono-usage
21883,2016,NonResidential,Worship Facility,Shoreline,102 N 132nd St,Seattle,WA,98133.0,2426039065,5,NORTHWEST,47.72558,-122.3578,1962,1.0,1,22047,0,22047,"Parking, Worship Facility",Worship Facility,22898.0,Parking,0.0,,,,265774.9063,Compliant,,Multi-usages
21893,2016,NonResidential,Warehouse,South Park,9125 10th Ave S,Seattle,WA,98108.0,2433700015,1,GREATER DUWAMISH,47.5213,-122.32182,1979,1.0,1,31600,0,31600,Non-Refrigerated Warehouse,Non-Refrigerated Warehouse,31600.0,,,,,,3363535.5,Compliant,,Mono-usage
21894,2016,NonResidential,Warehouse,821 WEARHOUSE,821 SO BARTON ST,Seattle,WA,98108.0,2433700068,1,GREATER DUWAMISH,47.52024,-122.32137,2007,1.0,1,35289,0,35289,Non-Refrigerated Warehouse,Non-Refrigerated Warehouse,35289.0,,,,,,876425.0,Compliant,,Mono-usage
21896,2016,NonResidential,Warehouse,PNP Properties Building,860 South Cambridge Street,Seattle,WA,98108.0,2433700074,1,GREATER DUWAMISH,47.51899,-122.321,1981,1.0,1,28920,0,28920,Non-Refrigerated Warehouse,Non-Refrigerated Warehouse,30000.0,,,,,,1750419.0,Compliant,,Mono-usage
21897,2016,NonResidential,Warehouse,9243 10TH AVE S (ID21897),9243 10TH AVE S,Seattle,WA,98108.0,2433700075,1,GREATER DUWAMISH,47.5193,-122.3213,1978,1.0,1,22176,0,22176,Non-Refrigerated Warehouse,Non-Refrigerated Warehouse,22176.0,,,,,,736428.625,Compliant,,Mono-usage
21898,2016,NonResidential,Warehouse,Halfon Candy Company,9229 10th Avenue South,Seattle,WA,98108.0,2433700076,1,GREATER DUWAMISH,47.51968,-122.3212,1978,1.0,1,31300,0,31300,Non-Refrigerated Warehouse,Non-Refrigerated Warehouse,31300.0,,,,,,362874.0,Error - Correct Default Data,,Mono-usage
21902,2016,NonResidential,Warehouse,Samson,9928 10th Ave South,Seattle,WA,98108.0,2433700165,1,GREATER DUWAMISH,47.51918,-122.31957,1979,1.0,1,22000,0,22000,"Non-Refrigerated Warehouse, Parking",Non-Refrigerated Warehouse,22000.0,Parking,0.0,,,,700627.625,Error - Correct Default Data,,Multi-usages
21904,2016,NonResidential,Small- and Mid-Sized Office,Northgate Exec Center A,115 NE 100th Street,Seattle,WA,98125.0,2434900010,5,NORTH,47.70079,-122.32714,1974,1.0,3,39927,0,39927,"Office, Parking",Office,39541.0,Parking,0.0,,,,3568419.5,Compliant,,Multi-usages
21905,2016,NonResidential,Other,Seattle Athletic Club,333 NE 97th,Seattle,WA,98115.0,2434900060,5,NORTH,47.69883,-122.32479,1979,1.0,1,30610,0,30610,"Office, Other - Recreation",Other - Recreation,23320.0,Office,7290.0,,,,4294550.0,Compliant,,Multi-usages
21907,2016,NonResidential,Medical Office,North Seattle Professional Center,9730 3rd Avenue NE,Seattle,WA,98115.0,2434900090,5,NORTH,47.70007,-122.32533,1980,1.0,2,26930,6350,20580,Medical Office,Medical Office,26930.0,,,,,,1002995.0,Compliant,,Mono-usage
21909,2016,NonResidential,Medical Office,311 NGT Northgate Med,9800 4th Ave NE,Seattle,WA,98115.0,2434900130,5,NORTH,47.70087,-122.32379,1968,1.0,2,38745,0,38745,"Medical Office, Parking",Medical Office,65069.0,Parking,0.0,,,,2890379.0,Compliant,,Multi-usages
21913,2016,NonResidential,Self-Storage Facility,CORRY'S DRYCLEANING (ID21913),4640 UNION BAY PL NE,Seattle,WA,98105.0,2436200935,4,NORTHEAST,47.66353,-122.29505,1959,1.0,2,20296,0,20296,Self-Storage Facility,Self-Storage Facility,20296.0,,,,,,855665.125,Compliant,,Mono-usage
21916,2016,NonResidential,Mixed Use Property,Union Bay Plaza,4540 Union Bay Plaza NE,Seattle,WA,98105.0,2436201005,4,NORTHEAST,47.66246,-122.29342,1945,1.0,2,22135,0,22135,"Medical Office, Non-Refrigerated Warehouse, Office, Retail Store",Medical Office,10388.0,Office,8116.0,Retail Store,3200.0,,1261634.5,Compliant,,Multi-usages
21917,2016,NonResidential,Medical Office,Lakeview Medical Building,3216 NE 45th Place,Seattle,WA,98105.0,2436201055,4,NORTHEAST,47.66183,-122.29264,1967,1.0,3,38378,0,38378,"Medical Office, Parking",Medical Office,35066.0,Parking,3312.0,,,,1645605.125,Compliant,,Multi-usages
21920,2016,NonResidential,Warehouse,Bowman Building 9742,4625 Union Way Place,Seattle,WA,98105.0,2437200015,4,NORTHEAST,47.66294,-122.29521,1980,1.0,2,33576,0,33576,Non-Refrigerated Warehouse,Non-Refrigerated Warehouse,33576.0,,,,,,1275231.75,Compliant,,Mono-usage
21921,2016,NonResidential,Supermarket / Grocery Store,Safeway 0488 - 45th St,3020 NE 45th St,Seattle,WA,98105.0,2437200030,4,NORTHEAST,47.66205,-122.29545,1975,1.0,1,33005,0,33005,"Parking, Supermarket/Grocery Store",Supermarket/Grocery Store,34982.0,Parking,0.0,,,,10642754.0,Compliant,,Multi-usages
21945,2016,NonResidential,Other,First Hill Plaza Retail Building,1300 Madison St,Seattle,WA,98104.0,2560350000,3,EAST,47.61074,-122.32259,1981,1.0,1,20971,0,20971,"Bank Branch, Medical Office, Parking, Retail Store",Parking,23483.0,Retail Store,10360.0,Medical Office,8509.0,,729397.1875,Compliant,,Multi-usages
21955,2016,NonResidential,Small- and Mid-Sized Office,Magnolia Center,3214 W McGraw St,Seattle,WA,98199.0,2225039036,7,MAGNOLIA / QUEEN ANNE,47.63981,-122.39907,1927,1.0,3,23910,0,23910,"Office, Retail Store",Office,20000.0,Retail Store,3910.0,,,,873577.3125,Compliant,,Multi-usages
21964,2016,NonResidential,Worship Facility,(ID21964) BALLARD BAPTIST CHURCH,2004 NW 63RD ST,Seattle,WA,98107.0,2767601245,6,BALLARD,47.67477,-122.38241,1910,1.0,2,21765,0,21765,Worship Facility,Worship Facility,21765.0,,,,,,431390.4063,Compliant,,Mono-usage
22078,2016,NonResidential,Worship Facility,Immaculate Conception Church,820 18th Ave.,Seattle,WA,98122.0,2254502165,3,CENTRAL,47.6101,-122.30838,1901,1.0,2,26560,0,26560,Worship Facility,Worship Facility,26560.0,,,,,,1751483.875,Compliant,,Mono-usage
22095,2016,NonResidential,Warehouse,Culbertson Warehouse,3535 Interlake Ave North,Seattle,WA,98103.0,2264501050,4,LAKE UNION,47.65022,-122.34174,1957,1.0,2,20140,0,20140,Non-Refrigerated Warehouse,Non-Refrigerated Warehouse,20140.0,,,,,,116486.6016,Compliant,,Mono-usage
22139,2016,NonResidential,Retail Store,King Plaza 7101,7101 Martin Luther King Jr Way S,Seattle,WA,98118.0,2724049105,2,GREATER DUWAMISH,47.53846,-122.28305,1992,1.0,2,38845,0,38845,"Parking, Retail Store",Retail Store,38845.0,Parking,6000.0,,,,6917280.0,Compliant,,Multi-usages
22142,2016,NonResidential,Supermarket / Grocery Store,Safeway 0219 - Othello St,3900 S Othello St,Seattle,WA,98118.0,2724049127,2,GREATER DUWAMISH,47.53747,-122.28308,1953,1.0,1,26092,0,26092,"Parking, Supermarket/Grocery Store",Supermarket/Grocery Store,25946.0,Parking,0.0,,,,7619445.0,Compliant,,Multi-usages
22163,2016,NonResidential,Small- and Mid-Sized Office,THE CHAPMAN BLDG,5811 6TH AVE S,Seattle,WA,98108.0,2738100380,2,GREATER DUWAMISH,47.55045,-122.32749,1967,1.0,1,25500,0,25500,Office,Office,25500.0,,,,,,1213869.75,Compliant,,Mono-usage
22165,2016,NonResidential,Warehouse,(ID22165) MICHIGAN STREET BUILDINGS,790 S Michigan St,Seattle,WA,98108.0,2738100500,2,GREATER DUWAMISH,47.5478,-122.32307,1961,1.0,1,41895,0,41895,"Non-Refrigerated Warehouse, Office",Non-Refrigerated Warehouse,37524.0,Office,2596.0,,,,1242311.5,Compliant,,Multi-usages
22166,2016,NonResidential,Retail Store,Georgetown Center Bldg A,800 S Michigan ST.,Seattle,WA,98108.0,2738100610,2,GREATER DUWAMISH,47.54912,-122.32184,1958,1.0,2,56193,0,56193,Retail Store,Retail Store,56193.0,,,,,,2497942.75,Compliant,,Mono-usage
22223,2016,NonResidential,K-12 School,St. Alphonsus School,5806 15th Ave. NW,Seattle,WA,98107.0,2767900390,6,BALLARD,47.6712,-122.37568,1922,1.0,3,35448,0,35448,K-12 School,K-12 School,35448.0,,,,,,1379932.5,Compliant,,Mono-usage
22230,2016,NonResidential,Supermarket / Grocery Store,BALLARD MARKET (ID22230),1400 NW 56th St,Seattle,WA,98107.0,2768100235,6,BALLARD,47.66986,-122.37418,1966,1.0,1,29214,0,29214,Supermarket/Grocery Store,Supermarket/Grocery Store,29214.0,,,,,,9336239.0,Compliant,,Mono-usage
22240,2016,NonResidential,Supermarket / Grocery Store,Safeway 1477 - Market St,1423 NW Market St,Seattle,WA,98107.0,2768300240,6,BALLARD,47.66828,-122.37428,2000,1.0,1,89103,43035,46068,"Parking, Supermarket/Grocery Store",Supermarket/Grocery Store,47034.0,Parking,0.0,,,,14029480.0,Compliant,,Multi-usages
22252,2016,NonResidential,Other,1415 NW 52nd,1415 NW 52nd St,Seattle,WA,98125.0,2768300955,6,BALLARD,47.66621,-122.37502,1961,1.0,1,32000,0,32000,"Office, Other - Recreation",Other - Recreation,29880.0,Office,4700.0,,,,1331122.125,Compliant,,Multi-usages
22259,2016,NonResidential,Mixed Use Property,Building C,1148 NW Leary Way,Seattle,WA,98107.0,2768301991,6,BALLARD,47.66389,-122.37307,1910,1.0,2,31140,0,31140,"Non-Refrigerated Warehouse, Other, Retail Store",Other,14840.0,Retail Store,9400.0,Non-Refrigerated Warehouse,6900.0,,935580.3125,Compliant,,Multi-usages
22261,2016,NonResidential,Warehouse,Building B,1141 NW 50th St,Seattle,WA,98107.0,2768301991,6,BALLARD,47.6644,-122.37246,1975,1.0,3,41478,0,41478,"Non-Refrigerated Warehouse, Office",Non-Refrigerated Warehouse,31932.0,Office,9546.0,,,,3035962.25,Compliant,,Multi-usages
22264,2016,NonResidential,Warehouse,Building A,1118 NW Leary Way,Seattle,WA,98107.0,2768302361,6,BALLARD,47.66411,-122.37185,1980,1.0,1,39840,0,39840,Non-Refrigerated Warehouse,Non-Refrigerated Warehouse,39840.0,,,,,,752104.0,Compliant,,Mono-usage
22312,2016,Nonresidential COS,Other,The Seattle Public Library - Ballard Branch,5614 22nd Ave. N.W.,Seattle,WA,98107.0,2767700235,6,BALLARD,47.66984,-122.3842,2004,1.0,1,30576,15576,15000,"Library, Other - Services",Library,15000.0,Other - Services,3100.0,,,,1533245.75,Compliant,,Multi-usages
22327,2016,NonResidential,Other,Ballard Masonic Center,2006 NW Market Street,Seattle,WA,98107.0,2767700935,6,BALLARD,47.66894,-122.38242,1924,1.0,2,21528,0,21528,Social/Meeting Hall,Social/Meeting Hall,21528.0,,,,,,306911.0938,Compliant,,Mono-usage
22332,2016,NonResidential,Other,Ballard Square,2228 NW Market Street,Seattle,WA,98107.0,2767701080,6,BALLARD,47.66908,-122.38627,1928,1.0,2,30000,0,30000,"Parking, Strip Mall",Strip Mall,25828.0,Parking,0.0,,,,1094940.75,Compliant,,Multi-usages
22420,2016,NonResidential,Other,SUNSET,1138 NW 63RD ST,Seattle,WA,98107.0,2767704040,6,BALLARD,47.67482,-122.37316,1942,1.0,2,30087,0,30087,Other,Other,30554.0,,,,,,5274642.0,Compliant,,Mono-usage
22438,2016,NonResidential,Worship Facility,Quest Church,1401 NW Leary Way,Seattle,WA,98107.0,2768302590,6,BALLARD,47.66327,-122.37439,1975,1.0,1,40445,0,40445,Worship Facility,Worship Facility,40445.0,,,,,,786253.6875,Compliant,,Mono-usage
22440,2016,NonResidential,Retail Store,Office Max #560,1135 NW Leary Way,Seattle,WA,98107.0,2768302800,6,BALLARD,47.66318,-122.37283,1996,1.0,1,23500,0,23500,Retail Store,Retail Store,23500.0,,,,,,1137967.5,Compliant,,Mono-usage
22454,2016,NonResidential,Retail Store,Ballard Goodwill,6400 8th Avenue NW,Seattle,WA,98134.0,2769601465,6,Ballard,47.67518,-122.36549,1967,1.0,1,22420,0,22420,Retail Store,Retail Store,23067.0,,,,,,1404253.75,Compliant,,Mono-usage
22479,2016,NonResidential,Supermarket / Grocery Store,70500811 -- Interbay,1600 West Dravus,Seattle,WA,98119.0,2770602660,7,MAGNOLIA / QUEEN ANNE,47.64909,-122.37788,1961,1.0,1,25842,0,25842,Supermarket/Grocery Store,Supermarket/Grocery Store,25987.0,,,,,,8518313.0,Compliant,,Mono-usage
22480,2016,NonResidential,Small- and Mid-Sized Office,3257 16TH AVE W,3257 16TH AVE W,Seattle,WA,98119.0,2770602690,7,MAGNOLIA / QUEEN ANNE,47.65018,-122.37787,1992,1.0,3,26389,0,26389,"Fitness Center/Health Club/Gym, Office",Office,16766.0,Fitness Center/Health Club/Gym,9623.0,,,,1208035.375,Compliant,,Multi-usages
22486,2016,NonResidential,Small- and Mid-Sized Office,Canal Building,3600 15th Ave W,Seattle,WA,98119.0,2770603315,7,MAGNOLIA / QUEEN ANNE,47.65252,-122.37587,1982,1.0,3,25859,0,25859,"Office, Parking",Office,25859.0,Parking,4000.0,,,,858780.625,Compliant,,Multi-usages
22502,2016,NonResidential,Warehouse,Commodore,2440 W Commodore Way,Seattle,WA,98199.0,2771605265,7,MAGNOLIA / QUEEN ANNE,47.66238,-122.38831,1974,1.0,1,25600,0,25600,"Non-Refrigerated Warehouse, Office",Non-Refrigerated Warehouse,20600.0,Office,5000.0,,,,1730600.625,Compliant,,Multi-usages
22504,2016,NonResidential,Other,"MER Equipment,Inc.",2400 w Commodore Way,Seattle,WA,98199.0,2771605305,7,MAGNOLIA / QUEEN ANNE,47.66126,-122.38751,1965,1.0,1,23169,0,23169,Manufacturing/Industrial Plant,Manufacturing/Industrial Plant,10200.0,,,,,,222255.9063,Compliant,,Mono-usage
22509,2016,NonResidential,Small- and Mid-Sized Office,Salmon Bay Landing,2320 W Commodore Way,Seattle,WA,98199.0,2771605313,7,MAGNOLIA / QUEEN ANNE,47.66106,-122.38576,2008,1.0,4,41784,8399,33385,"Office, Parking",Office,33385.0,Parking,8399.0,,,,1294615.25,Compliant,,Multi-usages
22511,2016,NonResidential,Warehouse,West Commodore,2600 W Commodore Way,Seattle,WA,98199.0,2771605365,7,MAGNOLIA / QUEEN ANNE,47.66206,-122.38948,1960,1.0,1,56884,0,56884,Non-Refrigerated Warehouse,Non-Refrigerated Warehouse,56884.0,,,,,,1388345.125,Compliant,,Mono-usage
22519,2016,NonResidential,Retail Store,1023-Crown Hill (Relo),8532 15th Ave NW,Seattle,WA,98117.0,2776600135,6,BALLARD,47.6917,-122.37617,1989,1.0,1,32810,0,32810,Retail Store,Retail Store,32810.0,,,,,,2017967.75,Compliant,,Mono-usage
22547,2016,NonResidential,Self-Storage Facility,Mahoney Warehouse,2656 15TH AVE W,Seattle,WA,98119.0,2770603945,7,MAGNOLIA / QUEEN ANNE,47.64455,-122.37581,1980,1.0,3,30989,0,30989,Self-Storage Facility,Self-Storage Facility,30989.0,,,,,,97690.39844,Compliant,,Mono-usage
22548,2016,NonResidential,Self-Storage Facility,"A1 Self Storage, LLC",2648 15th Ave West,Seattle,WA,98119.0,2770603955,7,MAGNOLIA / QUEEN ANNE,47.64418,-122.37587,1915,1.0,3,39952,0,39952,Self-Storage Facility,Self-Storage Facility,39952.0,,,,,,57133.19922,Compliant,,Mono-usage
22574,2016,NonResidential,Small- and Mid-Sized Office,Nickerson Business Center,3837 13th Avenue West,Seattle,WA,98119.0,2770604870,7,MAGNOLIA / QUEEN ANNE,47.65504,-122.37402,1961,1.0,2,20022,0,20022,Office,Office,20784.0,,,,,,657385.8125,Compliant,,Mono-usage
22577,2016,NonResidential,Distribution Center,property #50,1200-1210 West Nickerson st.,Seattle,WA,98119.0,2770605690,7,MAGNOLIA / QUEEN ANNE,47.65563,-122.37194,1960,1.0,2,36498,0,36498,"Distribution Center, Non-Refrigerated Warehouse",Distribution Center,18229.0,Non-Refrigerated Warehouse,17200.0,,,,520011.8125,Compliant,,Multi-usages
22579,2016,NonResidential,Distribution Center,Century 21 Promotions Inc,2601 West Commodore Way,Seattle,WA,98199.0,2770606119,7,MAGNOLIA / QUEEN ANNE,47.66161,-122.39075,1968,1.0,1,35946,0,35946,"Distribution Center, Office",Distribution Center,31845.0,Office,4101.0,,,,469499.8125,Compliant,,Multi-usages
22585,2016,NonResidential,Small- and Mid-Sized Office,Commodore Way,2303 W. Commodore Way,Seattle,WA,98199.0,2770606573,7,MAGNOLIA / QUEEN ANNE,47.66006,-122.38631,2007,1.0,4,30152,5680,24472,"Office, Parking",Office,25184.0,Parking,4968.0,,,,845044.125,Compliant,,Multi-usages
22607,2016,NonResidential,Small- and Mid-Sized Office,Fisheries Building,4241 21st Ave W.,Seattle,WA,98199.0,2771100445,7,MAGNOLIA / QUEEN ANNE,47.65881,-122.38382,1979,1.0,4,22365,0,22365,Office,Office,21617.0,,,,,,727385.8125,Compliant,,Mono-usage
22609,2016,NonResidential,Small- and Mid-Sized Office,The Wharf Building,4209 21st Avenue West,Seattle,WA,98199.0,2771100510,7,MAGNOLIA / QUEEN ANNE,47.65801,-122.3839,1994,1.0,4,30172,0,30172,Office,Office,30172.0,,,,,,904059.875,Compliant,,Mono-usage
22650,2016,NonResidential,Warehouse,Ballard Hardware & Supply Co Inc,4749 Ballard Ave NW,Seattle,WA,98107.0,2767702360,6,BALLARD,47.66353,-122.38064,1927,1.0,4,42500,0,42500,"Non-Refrigerated Warehouse, Retail Store",Non-Refrigerated Warehouse,42500.0,Retail Store,5091.0,,,,241478.5938,Compliant,,Multi-usages
22654,2016,NonResidential,Small- and Mid-Sized Office,Sanborn Building,5325 Ballard Ave NW,Seattle,WA,98107.0,2767702515,6,BALLARD,47.66691,-122.38416,1901,1.0,4,23032,0,23032,"Office, Restaurant, Retail Store",Office,14448.0,Restaurant,5300.0,Retail Store,1460.0,,1121537.75,Compliant,,Multi-usages
22672,2016,NonResidential,Other,Olympic Athletic Club,5301 Leary Ave NW,Seattle,WA,98107.0,2767702960,6,BALLARD,47.66646,-122.38263,1900,1.0,3,45750,4914,40836,"Other, Parking",Other,42850.0,Parking,2900.0,,,,7240274.0,Compliant,,Multi-usages
22676,2016,NonResidential,Small- and Mid-Sized Office,5105 Leary Ave,5105 Leary Ave NW,Seattle,WA,98107.0,2767703120,6,BALLARD,47.66497,-122.38047,1968,1.0,2,23500,0,23500,Office,Office,23500.0,,,,,,1686405.0,Compliant,,Mono-usage
22678,2016,NonResidential,Small- and Mid-Sized Office,4925 Leary,4925 Leary Ave NW,Seattle,WA,98107.0,2767703190,6,BALLARD,47.66431,-122.37988,1966,1.0,1,22282,0,22282,Office,Office,22282.0,,,,,,579888.3125,Compliant,,Mono-usage
22679,2016,NonResidential,Self-Storage Facility,Ballard Mini Storage,4714 Ballard Ave NW,Seattle,WA,98107.0,2767703240,6,BALLARD,47.66351,-122.37961,1902,1.0,2,24000,0,24000,Self-Storage Facility,Self-Storage Facility,24000.0,,,,,,502898.6875,Compliant,,Mono-usage
22684,2016,NonResidential,Mixed Use Property,Murphy Ballard Building,1903 NW Market St,Seattle,WA,98107.0,2767703630,6,BALLARD,47.66852,-122.38175,1909,1.0,3,27085,0,27085,"Multifamily Housing, Office, Other, Strip Mall",Strip Mall,9500.0,Office,8196.0,Multifamily Housing,6700.0,,1995131.75,Compliant,,Multi-usages
22801,2016,Nonresidential COS,Other,Meadowbrook Community Center/Pool,10700 30th Ave NE,Seattle,WA,98125.0,2826049024,5,NORTH,47.70544,-122.2918,1996,0.0,2,29258,0,29258,"Fitness Center/Health Club/Gym, Other - Recreation, Swimming Pool",Other - Recreation,31991.0,Fitness Center/Health Club/Gym,2648.0,Swimming Pool,0.0,,8086943.5,Compliant,,Multi-usages
22804,2016,NonResidential,Small- and Mid-Sized Office,Lake City Professional Center,2611 NE 125th St,Seattle,WA,98125.0,2826049043,5,NORTH,47.719,-122.29966,1931,1.0,2,37500,0,37500,Office,Office,37500.0,,,,,,2235765.5,Compliant,,Mono-usage
22810,2016,NonResidential,K-12 School,Bliss Hall,14050 1st Ave NE,Seattle,WA,98125.0,2832100190,5,NORTHWEST,47.73143,-122.32784,1930,1.0,3,23983,0,23983,K-12 School,K-12 School,23983.0,,,,,,1164364.75,Compliant,,Mono-usage
22818,2016,NonResidential,Distribution Center,Jack Warehouse,4835 West Marginal Way SW,Seattle,WA,98106.0,2840201475,1,DELRIDGE,47.55832,-122.35239,1980,1.0,1,24100,0,24100,"Distribution Center, Non-Refrigerated Warehouse",Distribution Center,20100.0,Non-Refrigerated Warehouse,3500.0,,,,809870.8125,Compliant,,Multi-usages
22830,2016,NonResidential,Worship Facility,Freedom Church,9601 35th Ave,Seattle,WA,98126.0,2858600090,1,SOUTHWEST,47.51709,-122.37797,1971,1.0,1,23772,0,23772,Worship Facility,Worship Facility,23772.0,,,,,,100841.7031,Non-Compliant,Low outlier,Mono-usage
22834,2016,NonResidential,K-12 School,University Child Development School,5040 9th Ave NE,Seattle,WA,98105.0,2862100610,4,NORTHEAST,47.66665,-122.31818,2004,3.0,2,31343,0,31343,K-12 School,K-12 School,51515.0,,,,,,3846501.25,Compliant,,Mono-usage
22860,2016,NonResidential,Mixed Use Property,Lakeside Plaza,7900 East Greenlake Drive North,Seattle,WA,98103.0,2886200375,6,NORTHWEST,47.68582,-122.33709,1996,1.0,3,55912,22850,33062,"Office, Parking, Retail Store",Parking,24052.0,Office,23501.0,Retail Store,9561.0,,2450442.75,Compliant,,Multi-usages
22863,2016,NonResidential,Other,Max Performance,4220 22nd Ave W,Seattle,WA,98199.0,2771100555,7,MAGNOLIA / QUEEN ANNE,47.65843,-122.38435,1957,1.0,2,20294,0,20294,"Office, Other",Other,18000.0,Office,2294.0,,,,1735995.75,Compliant,,Multi-usages
22866,2016,NonResidential,Small- and Mid-Sized Office,Fishermen's Commerce Building,4039 21st Ave W,Seattle,WA,98199.0,2771100895,7,MAGNOLIA / QUEEN ANNE,47.65708,-122.38383,1983,1.0,4,40571,10849,29722,Office,Office,24008.0,,,,,,1286817.375,Compliant,,Mono-usage
22867,2016,NonResidential,Small- and Mid-Sized Office,Icicle Seafoods,4019 - 21st Ave W,Seattle,WA,98199.0,2771100925,7,MAGNOLIA / QUEEN ANNE,47.65649,-122.38383,1983,1.0,4,41707,15659,26048,"Office, Parking",Office,41707.0,Parking,12000.0,,,,1755788.5,Compliant,,Multi-usages
22881,2016,NonResidential,Mixed Use Property,(ID22881) INTERBAY BUILDING,3411 THORNDYKE AVE W,Seattle,WA,98119.0,2771102250,7,MAGNOLIA / QUEEN ANNE,47.65118,-122.37875,1960,1.0,2,57644,0,57644,"Non-Refrigerated Warehouse, Office, Other - Services",Office,20176.0,Other - Services,19440.0,Non-Refrigerated Warehouse,15490.0,,2189735.0,Compliant,,Multi-usages
22883,2016,NonResidential,Warehouse,Keller Supply,3209 17th Ave W,Seattle,WA,98119.0,2771102515,7,MAGNOLIA / QUEEN ANNE,47.64913,-122.37929,1955,1.0,2,39497,0,39497,"Non-Refrigerated Warehouse, Office",Non-Refrigerated Warehouse,25547.0,Office,13950.0,,,,1700057.375,Compliant,,Multi-usages
22936,2016,Nonresidential COS,Other,Seattle Asian Art Museum,1400 E Prospect,Seattle,WA,98112.0,2925049087,3,EAST,47.6303,-122.3142,1932,1.0,1,33087,0,33087,Other - Entertainment/Public Assembly,Other - Entertainment/Public Assembly,53776.0,,,,,,3548858.25,Compliant,,Mono-usage
22940,2016,NonResidential,Small- and Mid-Sized Office,MERIDIAN NORTH OFFICE BUILDING,10740 MERIDIAN AVE N,Seattle,WA,98133.0,2926049018,5,NORTHWEST,47.70793,-122.33316,1982,1.0,2,27574,0,27574,Office,Office,27574.0,,,,,,1211349.25,Compliant,,Mono-usage
22953,2016,NonResidential,Retail Store,Tux Shop,10716 5th Ave NE,Seattle,WA,98125.0,2926049039,5,NORTH,47.70747,-122.32249,1965,1.0,1,24982,0,24982,Retail Store,Retail Store,24982.0,,,,,,335245.0,Error - Correct Default Data,,Mono-usage
22955,2016,NonResidential,Senior Care Community,Foundation House at Northgate,11301 3rd Ave NE,Seattle,WA,98125.0,2926049051,5,North,47.71069,-122.32674,1998,1.0,5,43661,0,43661,"Parking, Senior Care Community",Senior Care Community,43661.0,Parking,0.0,,,,3936421.5,Compliant,,Multi-usages
22962,2016,NonResidential,Small- and Mid-Sized Office,Northgate Meridian Bldg,2111 N Northgate Way,Seattle,WA,98133.0,2926049094,5,NORTHWEST,47.70842,-122.3332,1987,1.0,3,76105,27307,48798,Office,Office,76105.0,,,,,,2472350.25,Compliant,,Mono-usage
23008,2016,NonResidential,Mixed Use Property,Display Supply Inc,11201 Roosevelt Way NE,Seattle,WA,98125.0,2926049163,5,North,47.70983,-122.31865,1952,1.0,2,32009,0,32009,"Non-Refrigerated Warehouse, Office, Retail Store",Non-Refrigerated Warehouse,17500.0,Retail Store,15770.0,Office,4000.0,,1998725.25,Compliant,,Multi-usages
23011,2016,NonResidential,Retail Store,Bevmo,10700 5th Ave NE,Seattle,WA,98125.0,2926049223,5,NORTH,47.70708,-122.32251,1966,1.0,1,41615,0,41615,Retail Store,Retail Store,41615.0,,,,,,1900006.25,Error - Correct Default Data,,Mono-usage
23017,2016,NonResidential,Medical Office,5th Ave Professional Center,10564 5th Ave NE.,Seattle,WA,98125.0,2926049266,5,NORTH,47.70676,-122.32264,1988,1.0,3,28841,0,28841,Medical Office,Medical Office,28841.0,,,,,,1459199.75,Compliant,,Mono-usage
23020,2016,NonResidential,Self-Storage Facility,Northgate Self Storage,10805 Roosevelt Way NE,Seattle,WA,98125.0,2926049287,5,NORTH,47.70782,-122.31873,1977,2.0,2,33344,0,33344,"Office, Parking, Self-Storage Facility",Self-Storage Facility,31360.0,Office,984.0,Parking,0.0,,123767.2031,Compliant,,Multi-usages
23022,2016,Nonresidential COS,Other,Northgate Campus,10510 5th Ave NE,Seattle,WA,98125.0,2926049431,5,NORTH,47.70541,-122.32232,2005,2.0,1,30498,0,30498,Other - Recreation,Other - Recreation,30498.0,,,,,,2436063.0,Compliant,,Mono-usage
23040,2016,NonResidential,K-12 School,Holy Family School,9615 20th Ave. SW,Seattle,WA,98106.0,3004800005,1,DELRIDGE,47.51698,-122.35946,1924,1.0,2,42975,0,42975,K-12 School,K-12 School,21405.0,,,,,,959352.0,Compliant,,Mono-usage
23049,2016,NonResidential,Other,Laidlaw,7739 1st Avenue S,Seattle,WA,98108.0,3024049018,1,DELRIDGE,47.53366,-122.33733,1963,1.0,1,23260,0,23260,"Office, Repair Services (Vehicle, Shoe, Locksmith, etc)","Repair Services (Vehicle, Shoe, Locksmith, etc)",13075.0,Office,10185.0,,,,1612105.75,Compliant,,Multi-usages
23051,2016,NonResidential,Small- and Mid-Sized Office,MMFS Upper Bldg,7717 Detroit Ave SW,Seattle,WA,98106.0,3024049026,1,DELRIDGE,47.53309,-122.33977,1988,1.0,2,30659,0,30659,"Data Center, Non-Refrigerated Warehouse, Office",Office,27262.0,Non-Refrigerated Warehouse,8653.0,Data Center,285.0,,2619088.5,Compliant,,Multi-usages
23056,2016,NonResidential,Other,NATIONAL SIGN,1255 WESTLAKE AVE N,Seattle,WA,98109.0,3025049004,7,MAGNOLIA / QUEEN ANNE,47.63132,-122.34136,1920,1.0,2,27144,0,27144,Other,Other,27144.0,,,,,,1012024.313,Compliant,,Mono-usage
23064,2016,NonResidential,Other,Evergreen Washelli,11111 Aurora Ave. N,Seattle,WA,98133.0,3026049008,5,NORTHWEST,47.70969,-122.34557,1970,5.0,1,23166,0,23166,Other,Other,23166.0,,,,,,3475804.25,Compliant,,Mono-usage
23065,2016,NonResidential,Medical Office,Meridian Center for Health,10521 Meridian ave N,Seattle,WA,98133.0,3026049025,5,NORTHWEST,47.70558,-122.33486,1979,1.0,2,34759,0,34759,"Medical Office, Parking",Medical Office,44667.0,Parking,0.0,,,,1633105.375,Compliant,,Multi-usages
23071,2016,NonResidential,Hospital,Main Hospital - All Wings,Facilities Management MS: B-120,Seattle,WA,98133.0,3026049130,5,NORTHWEST,47.71425,-122.33689,1966,8.0,1,415632,0,415632,"Hospital (General Medical & Surgical), Parking",Hospital (General Medical & Surgical),483520.0,Parking,266833.0,,,,98960776.0,Compliant,,Multi-usages
23076,2016,NonResidential,Worship Facility,North Seattle Alliance Church,2150 N. 122nd Street,Seattle,WA,98133.0,3034200285,5,NORTHWEST,47.71745,-122.33221,1965,1.0,2,44719,0,44719,"Medical Office, Office, Worship Facility",Worship Facility,45909.0,Medical Office,1025.0,Office,972.0,,1614026.25,Compliant,,Multi-usages
23098,2016,NonResidential,Supermarket / Grocery Store,Red Apple Market,2701 Beacon Ave S,Seattle,WA,98144.0,3086003145,2,GREATER DUWAMISH,47.57894,-122.31287,1965,1.0,1,21603,0,21603,Supermarket/Grocery Store,Supermarket/Grocery Store,21603.0,,,,,,5833800.0,Compliant,,Mono-usage
23113,2016,NonResidential,Medical Office,Central Campus,201 16th Ave. E.,Seattle,WA,98112.0,3117000005,3,EAST,47.62014,-122.31228,1964,1.0,3,591981,0,591981,"Medical Office, Other/Specialty Hospital, Outpatient Rehabilitation/Physical Therapy, Parking",Medical Office,520187.0,Parking,282392.0,Other/Specialty Hospital,54159.0,,102673696.0,Compliant,,Multi-usages
23115,2016,NonResidential,Distribution Center,Intermountain Supply,7901 1st Ave South,Seattle,WA,98108.0,3124049001,1,DELRIDGE,47.53158,-122.33568,1979,1.0,1,42900,0,42900,Distribution Center,Distribution Center,43050.0,,,,,,436252.5,Compliant,,Mono-usage
23120,2016,NonResidential,Other,(ID23120) WASTE MANAGEMENT,8111 1ST AVE S,Seattle,WA,98108.0,3124049151,1,DELRIDGE,47.52956,-122.33592,1971,1.0,1,26232,0,26232,"Office, Other - Services",Other - Services,18262.0,Office,7970.0,,,,3094090.0,Compliant,,Multi-usages
23158,2016,NonResidential,Warehouse,KOF Associates,1239 S. King St.,Seattle,WA,98144.0,8170100350,3,DOWNTOWN,47.59783,-122.31554,1956,1.0,2,25840,0,25840,Non-Refrigerated Warehouse,Non-Refrigerated Warehouse,25840.0,,,,,,313528.0938,Compliant,,Mono-usage
23161,2016,NonResidential,Small- and Mid-Sized Office,Pearl Warren Building,606 12th Ave S,Seattle,WA,98144.0,8170100415,2,DOWNTOWN,47.59721,-122.31838,1988,1.0,1,45145,0,45145,Office,Office,43813.0,,,,,,1268459.0,Compliant,,Mono-usage
23164,2016,NonResidential,Small- and Mid-Sized Office,The Weller Building,1225 S Weller Street,Seattle,WA,98144.0,8170100455,3,DOWNTOWN,47.59728,-122.31587,2001,1.0,5,70332,22095,48237,"Office, Parking",Office,44417.0,Parking,25915.0,,,,1981115.25,Compliant,,Multi-usages
23228,2016,NonResidential,Supermarket / Grocery Store,Safeway 1143 - 15th Ave,8332 15th Ave NW,Seattle,WA,98117.0,7589200051,6,BALLARD,47.6899,-122.37619,1994,1.0,1,45522,0,45522,"Parking, Supermarket/Grocery Store",Supermarket/Grocery Store,45522.0,Parking,0.0,,,,12250422.0,Compliant,,Multi-usages
23231,2016,NonResidential,Retail Store,Bitter Lake Plaza,929 N 130th ST,Seattle,WA,98133.0,7608700007,5,NORTHWEST,47.72286,-122.34612,1979,1.0,2,20088,0,20088,"Office, Parking, Retail Store",Retail Store,16080.0,Office,3500.0,Parking,508.0,,326778.6875,Compliant,,Multi-usages
23268,2016,NonResidential,Small- and Mid-Sized Office,Building F,1131 SW Klickitat Way,Seattle,WA,98134.0,7666701250,1,GREATER DUWAMISH,47.56999,-122.34703,1997,1.0,2,40657,0,40657,"Office, Parking",Office,40657.0,Parking,0.0,,,,2826828.0,Compliant,,Multi-usages
23277,2016,NonResidential,Warehouse,23277 HSC HarbIsl,3419 11th Ave. S.W.,Seattle,WA,98134.0,7666702210,1,GREATER DUWAMISH,47.57279,-122.35066,1900,1.0,1,20200,0,20200,"Non-Refrigerated Warehouse, Office",Non-Refrigerated Warehouse,18700.0,Office,1500.0,,,,269016.6875,Compliant,,Multi-usages
23297,2016,NonResidential,Residence Hall,St. James Cathedral & Rectory,804 9th Ave.,Seattle,WA,98104.0,8590900085,3,EAST,47.6073,-122.32585,1904,1.0,1,44086,0,44086,Residence Hall/Dormitory,Residence Hall/Dormitory,44091.0,,,,,,3652708.75,Compliant,,Mono-usage
23299,2016,NonResidential,Small- and Mid-Sized Office,Pigott Building,710 9th Ave.,Seattle,WA,98104.0,8590900135,3,EAST,47.60663,-122.32526,1970,1.0,7,54372,20824,33548,"Office, Parking",Office,54372.0,Parking,15000.0,,,,1403820.0,Compliant,,Multi-usages
23310,2016,NonResidential,Other,Charles & Emma Frye Free Public Art Museum,704 Terry Ave,Seattle,WA,98104.0,8590900585,3,EAST,47.60709,-122.32416,1951,1.0,1,47699,0,47699,"Museum, Parking",Museum,47000.0,Parking,0.0,,,,14524386.0,Compliant,,Multi-usages
23311,2016,NonResidential,Medical Office,HART First Hill LLC,1124 Columbia Street,Seattle,WA,98104.0,8590900646,3,EAST,47.60862,-122.32372,1945,1.0,0,274568,0,274568,"Medical Office, Parking",Medical Office,228133.0,Parking,135954.0,,,,25311526.0,Compliant,,Multi-usages
23313,2016,NonResidential,Small- and Mid-Sized Office,Swedish Invex Building,1115 Columbia St,Seattle,WA,98122.0,8590900690,3,EAST,47.60819,-122.32282,1956,1.0,3,21282,0,21282,Office,Office,19658.0,,,,,,1245923.75,Compliant,,Mono-usage
23320,2016,NonResidential,Other,PARKWAY,6315 RAINIER AVE S,Seattle,WA,98118.0,3812400023,2,SOUTHEAST,47.54563,-122.27616,1921,1.0,2,41022,0,41022,Other,Other,41022.0,,,,,,3787648.25,Compliant,,Mono-usage
23397,2016,NonResidential,Other,Fraser Marine Building,3601 West Marginal Way SW,Seattle,WA,98106.0,7666703920,1,DELRIDGE,47.57058,-122.35626,1966,1.0,2,28109,0,28109,Other,Other,28109.0,,,,,,3612526.75,Compliant,,Mono-usage
23331,2016,NonResidential,Small- and Mid-Sized Office,Gateway Plaza,13751 Lake City Way NE,Seattle,WA,98125.0,3821700140,5,NORTH,47.72986,-122.29278,1985,1.0,3,33580,12990,20590,"Office, Parking",Office,20590.0,Parking,12990.0,,,,409578.4063,Compliant,,Multi-usages
23342,2016,NonResidential,Warehouse,Daily Racing Form,12547 26th AVE NE,Seattle,WA,98165.0,3834500415,5,NORTH,47.72051,-122.30103,1977,1.0,1,21936,0,21936,Non-Refrigerated Warehouse,Non-Refrigerated Warehouse,21936.0,,,,,,113130.0,Compliant,,Mono-usage
23343,2016,NonResidential,Other,LAKE CITY,12550 26TH AVE NE,Seattle,WA,98125.0,3834500515,5,NORTH,47.72083,-122.29979,1969,1.0,1,30160,0,30160,Other,Other,30139.0,,,,,,1045838.5,Compliant,,Mono-usage
23368,2016,NonResidential,Mixed Use Property,Seaboard Building,1500-1506 4th Ave.,Seattle,WA,98011.0,7628750000,7,DOWNTOWN,47.61056,-122.33661,1909,1.0,11,111137,0,111137,"Bank Branch, Multifamily Housing, Office, Other, Retail Store",Office,42939.0,Multifamily Housing,40878.0,Bank Branch,10887.0,,9546165.0,Compliant,,Multi-usages
23396,2016,NonResidential,Other,DWW-SOC 4500 W. Marginal Way SW,4500 W MARGINAL WAY SW,Seattle,WA,98106.0,7666703680,1,Delridge,47.56319,-122.35067,1997,1.0,1,40189,0,40189,"Office, Other - Utility, Parking",Other - Utility,28347.0,Office,9113.0,Parking,0.0,,1509292.0,Compliant,,Multi-usages
23400,2016,NonResidential,Small- and Mid-Sized Office,Frye Commerce Center,2414 SW Andover St,Seattle,WA,98103.0,7666704005,1,DELRIDGE,47.56877,-122.36369,1988,1.0,2,66484,0,66484,"Non-Refrigerated Warehouse, Office, Retail Store",Office,49334.0,Non-Refrigerated Warehouse,18000.0,Retail Store,9000.0,,3046543.0,Compliant,,Multi-usages
23404,2016,NonResidential,Small- and Mid-Sized Office,Swedish Cherry Building,1120 Cherry,Seattle,WA,98122.0,8590900710,3,EAST,47.60789,-122.32249,1959,1.0,3,25151,0,25151,Office,Office,24155.0,,,,,,1356874.75,Compliant,,Mono-usage
23408,2016,NonResidential,Hotel,Hotel - The Baroness Hotel,1005 Spring Street,Seattle,WA,98104.0,8590901030,3,EAST,47.60958,-122.32646,1928,1.0,6,35770,0,35770,Hotel,Hotel,35770.0,,,,,,2640980.25,Compliant,,Mono-usage
23410,2016,NonResidential,Hotel,Hotel - Inn at Virginia Mason,1006 Spring St,Seattle,WA,98101.0,8590901105,3,EAST,47.60981,-122.32687,1928,1.0,9,48006,0,48006,Hotel,Hotel,48006.0,,,,,,3239754.0,Compliant,,Mono-usage
23416,2016,NonResidential,Mixed Use Property,Asian Plaza 1,1032 S. Jackson,Seattle,WA,98104.0,8591900145,2,DOWNTOWN,47.59949,-122.31851,1960,1.0,2,29631,0,29631,"Office, Restaurant, Supermarket/Grocery Store",Supermarket/Grocery Store,16000.0,Office,13000.0,Restaurant,5000.0,,5144392.0,Compliant,,Multi-usages
23418,2016,NonResidential,Small- and Mid-Sized Office,Eng Suey Sun Plaza,"815 S Weller St,",Seattle,WA,98104.0,8592900065,2,DOWNTOWN,47.59727,-122.32196,1989,1.0,2,23472,0,23472,"Office, Other, Retail Store",Office,20695.0,Other,1065.0,Retail Store,945.0,,1625308.625,Compliant,,Multi-usages
23419,2016,Nonresidential COS,Small- and Mid-Sized Office,CSC Engineering (A),714 S. Charles St,Seattle,WA,98134.0,8592900285,2,GREATER DUWAMISH,47.5956,-122.32292,1973,1.0,2,21315,0,21315,Office,Office,20424.0,,,,,,2796425.0,Compliant,,Mono-usage
23459,2016,NonResidential,Small- and Mid-Sized Office,18 West Mercer,18 West Mercer St,Seattle,WA,98119.0,3879900465,7,MAGNOLIA / QUEEN ANNE,47.62481,-122.35762,1984,1.0,4,57110,15812,41298,"Office, Parking",Office,36867.0,Parking,28390.0,,,,2190460.0,Compliant,,Multi-usages
23846,2016,NonResidential,Small- and Mid-Sized Office,Diamond Building,3161 Elliott Avenue,Seattle,WA,98121.0,7666202225,7,DOWNTOWN,47.61833,-122.35871,1979,1.0,3,34030,0,34030,Office,Office,34030.0,,,,,,1748629.875,Compliant,,Mono-usage
23503,2016,NonResidential,Restaurant,Salty's Waterfront Seafood Grill,1936 Harbor Ave SW,Seattle,WA,98126.0,7666706590,1,SOUTHWEST,47.58654,-122.37644,1902,1.0,2,20398,0,20398,"Office, Restaurant",Restaurant,19232.0,Office,1166.0,,,,9313513.0,Compliant,,Multi-usages
23504,2016,NonResidential,Distribution Center,3223,3223 6th Avenue South,Seattle,WA,98134.0,7674800055,2,GREATER DUWAMISH,47.5746,-122.32637,1952,1.0,1,41308,0,41308,Distribution Center,Distribution Center,41308.0,,,,,,1642471.5,Compliant,,Mono-usage
23562,2016,NonResidential,Mixed Use Property,The Travelers Hotel,80 Yesler Way,Seattle,WA,98104.0,8670450000,7,DOWNTOWN,47.60195,-122.33516,1913,1.0,3,43878,0,43878,"Multifamily Housing, Non-Refrigerated Warehouse, Office, Retail Store",Multifamily Housing,12000.0,Office,8262.0,Retail Store,6312.0,,769771.3125,Compliant,,Multi-usages
23566,2016,NonResidential,Other,ON THE BOARDS,100 West Roy St,Seattle,WA,98119.0,3879900640,7,MAGNOLIA / QUEEN ANNE,47.62591,-122.35843,1912,1.0,3,34976,0,34976,Performing Arts,Performing Arts,34976.0,,,,,,873711.125,Compliant,,Mono-usage
23618,2016,NonResidential,Warehouse,"Ocean Beauty Alaska Bldg, LLC",1120 W Ewing St,Seattle,WA,98119.0,7666200070,7,MAGNOLIA / QUEEN ANNE,47.65674,-122.37223,1957,1.0,1,38255,0,38255,Non-Refrigerated Warehouse,Non-Refrigerated Warehouse,38255.0,,,,,,985401.8125,Compliant,,Mono-usage
23653,2016,NonResidential,Small- and Mid-Sized Office,Ship Canal,146 North Canal Street,Seattle,WA,98103.0,7759900000,6,LAKE UNION,47.65103,-122.35541,1989,1.0,3,48924,0,48924,"Office, Parking",Office,31325.0,Parking,13143.0,,,,2282551.25,Compliant,,Multi-usages
23671,2016,NonResidential,Small- and Mid-Sized Office,Areis Building,2366 Eastlake Avenue East,Seattle,WA,98102.0,2902200925,4,LAKE UNION,47.64168,-122.32562,1959,1.0,4,50333,18036,32297,Office,Office,50333.0,,,,,,1602084.375,Compliant,,Mono-usage
23672,2016,NonResidential,Small- and Mid-Sized Office,2324 Eastlake,2324 Eastlake Ave E,Seattle,WA,98102.0,2902200965,4,LAKE UNION,47.6404,-122.32553,1986,1.0,4,57432,21906,35526,"Office, Parking",Office,34160.0,Parking,19650.0,,,,2520483.25,Compliant,,Multi-usages
23673,2016,NonResidential,Small- and Mid-Sized Office,2300 Eastlake,2300 Eastlake Ave E,Seattle,WA,98102.0,2902200980,4,LAKE UNION,47.63995,-122.32557,1969,1.0,3,25912,7956,17956,"Office, Parking",Office,17332.0,Parking,9162.0,,,,666740.3125,Compliant,,Multi-usages
23674,2016,NonResidential,Small- and Mid-Sized Office,2345 Eastlake,2345 Eastlake Ave E,Seattle,WA,98102.0,2902201025,4,LAKE UNION,47.64113,-122.32625,2000,1.0,3,57132,21908,35224,"Office, Parking",Office,33705.0,Parking,21908.0,,,,1994967.75,Compliant,,Multi-usages
23689,2016,NonResidential,Worship Facility,The Salvation Army,9050 16th Ave. SW,Seattle,WA,98106.0,3298700490,1,DELRIDGE,47.52172,-122.35487,1957,1.0,2,24224,0,24224,"Parking, Worship Facility",Worship Facility,24224.0,Parking,0.0,,,,968026.3125,Compliant,,Multi-usages
23691,2016,NonResidential,Worship Facility,Westood Christian Community,9252 16TH AVE SW,Seattle,WA,98106.0,3298700615,1,DELRIDGE,47.51989,-122.35489,1963,1.0,1,23706,0,23706,Worship Facility,Worship Facility,23706.0,,,,,,400770.9063,Compliant,,Mono-usage
23701,2016,NonResidential,Warehouse,Rung Building,1136 S. Albro Place,Seattle,WA,98108.0,3467800005,2,GREATER DUWAMISH,47.5465,-122.31704,1963,1.0,1,31900,0,31900,"Non-Refrigerated Warehouse, Office",Non-Refrigerated Warehouse,28000.0,Office,4000.0,,,,1964681.25,Compliant,,Multi-usages
23711,2016,NonResidential,Other,Fauntleroy School House,9131 California Ave SW,Seattle,WA,98136.0,3524039040,1,SOUTHWEST,47.5219,-122.38787,1917,1.0,1,49066,0,49066,Social/Meeting Hall,Social/Meeting Hall,49000.0,,,,,,3835202.0,Compliant,,Mono-usage
23712,2016,NonResidential,Worship Facility,Fauntleroy Church UCC,9140 California Ave SW,Seattle,WA,98136.0,3524039078,1,SOUTHWEST,47.52097,-122.38688,1952,1.0,3,30740,0,30740,"Other - Recreation, Worship Facility",Worship Facility,28293.0,Other - Recreation,11630.0,,,,1686262.25,Compliant,,Multi-usages
23716,2016,NonResidential,Supermarket / Grocery Store,Saars Marketplace Foods,9000 Rainier Ave So,Seattle,WA,98118.0,3524049132,2,SOUTHEAST,47.52262,-122.26922,1959,1.0,1,67450,0,67450,Supermarket/Grocery Store,Supermarket/Grocery Store,42760.0,,,,,,2842819.5,Compliant,,Mono-usage
23730,2016,NonResidential,Warehouse,RSVP West Bldg,4021 13th Avenue W.,Seattle,WA,98119.0,7666200120,7,MAGNOLIA / QUEEN ANNE,47.65649,-122.37507,1948,1.0,1,46970,0,46970,Non-Refrigerated Warehouse,Non-Refrigerated Warehouse,46970.0,,,,,,882896.5,Compliant,,Mono-usage
23736,2016,NonResidential,Warehouse,Builders Hardware & Supply,1516 15th AVE W,Seattle,WA,98119.0,7666201665,7,MAGNOLIA / QUEEN ANNE,47.6331,-122.37582,1931,1.0,1,47554,0,47554,"Non-Refrigerated Warehouse, Office, Other, Parking, Retail Store",Non-Refrigerated Warehouse,18133.0,Office,8679.0,Retail Store,2388.0,,1035554.688,Compliant,,Multi-usages
23742,2016,NonResidential,Small- and Mid-Sized Office,1419 Elliott Ave,1419 Elliott Ave West,Seattle,WA,98119.0,7666201760,7,MAGNOLIA / QUEEN ANNE,47.63063,-122.37428,1979,1.0,2,43016,5400,37616,Office,Office,43016.0,,,,,,1234095.5,Compliant,,Mono-usage
23743,2016,NonResidential,Mixed Use Property,Elliott Commons,1405 Elliott Ave W,Seattle,WA,98119.0,7666201770,7,MAGNOLIA / QUEEN ANNE,47.63034,-122.37412,1931,1.0,1,24196,0,24196,"Medical Office, Non-Refrigerated Warehouse, Office, Other",Other,8711.0,Non-Refrigerated Warehouse,6792.0,Office,5306.0,,1055033.0,Compliant,,Multi-usages
23744,2016,NonResidential,Small- and Mid-Sized Office,1430-1448 Elliott Ave W,1436 Elliott Ave W,Seattle,WA,98119.0,7666201815,7,MAGNOLIA / QUEEN ANNE,47.63128,-122.37387,1940,1.0,2,20671,0,20671,Office,Office,20671.0,,,,,,638507.125,Compliant,,Mono-usage
23757,2016,NonResidential,Warehouse,Tile for Less,2440 1st Ave S,Seattle,WA,98134.0,7666206090,2,GREATER DUWAMISH,47.58065,-122.33356,1927,1.0,1,21600,0,21600,Non-Refrigerated Warehouse,Non-Refrigerated Warehouse,21600.0,,,,,,499828.5938,Compliant,,Mono-usage
23762,2016,NonResidential,Worship Facility,Hillcrest Presbyterian Church,10404 34th Ave SW,Seattle,WA,98146.0,7804400110,1,SOUTHWEST,47.50959,-122.37417,1977,1.0,1,35844,0,35844,Worship Facility,Worship Facility,35844.0,,,,,,866126.375,Compliant,,Mono-usage
23768,2016,NonResidential,Small- and Mid-Sized Office,Wallingford Plaza,4468 Stone Way N.,Seattle,WA,98103.0,7821200160,4,LAKE UNION,47.66116,-122.34172,1916,1.0,3,31774,0,31774,"Office, Parking, Retail Store",Office,19896.0,Retail Store,13941.0,Parking,0.0,201620152014,1639136.25,Compliant,,Multi-usages
23834,2016,NonResidential,Warehouse,South Seattle Business Park- Bldg A,4636 East Marginal Way South,Seattle,WA,98134.0,3573200250,2,GREATER DUWAMISH,47.56121,-122.33872,1953,1.0,1,26094,0,26094,Non-Refrigerated Warehouse,Non-Refrigerated Warehouse,26094.0,,,,,,709990.8125,Compliant,,Mono-usage
23835,2016,NonResidential,Small- and Mid-Sized Office,South Seattle Business Park - Bldg B,4636 East Marginal Way South,Seattle,WA,98134.0,3573200250,2,GREATER DUWAMISH,47.56121,-122.33872,1983,1.0,2,23687,0,23687,Office,Office,23687.0,,,,,,1084553.75,Compliant,,Mono-usage
23836,2016,NonResidential,Small- and Mid-Sized Office,South Seattle Business Park - Bldg C,4634 East Marginal Way South,Seattle,WA,98134.0,3573200250,2,GREATER DUWAMISH,47.56121,-122.33872,1983,1.0,2,24221,0,24221,Office,Office,24221.0,,,,,,1435562.75,Compliant,,Mono-usage
23857,2016,NonResidential,Mixed Use Property,Pier 56,1201 Alaskan Way,Seattle,WA,98101.0,7666202485,7,DOWNTOWN,47.60546,-122.34091,1900,1.0,2,71919,14083,57836,"Office, Parking, Retail Store",Office,34550.0,Retail Store,23085.0,Parking,11465.0,,5381105.0,Compliant,,Multi-usages
23858,2016,NonResidential,Small- and Mid-Sized Office,Pier 55,1101 Alaskan Way,Seattle,WA,98101.0,7666202485,7,DOWNTOWN,47.60546,-122.34091,1900,1.0,2,32027,0,32027,"Office, Retail Store",Office,17526.0,Retail Store,14501.0,,,,3999505.25,Compliant,,Multi-usages
23861,2016,NonResidential,Small- and Mid-Sized Office,Commuter Center LLC,815 Western,Seattle,WA,98105.0,7666202545,7,DOWNTOWN,47.6032,-122.33663,1906,1.0,3,32160,0,32160,"Office, Retail Store",Office,35693.0,Retail Store,14219.0,,,,2805826.0,Compliant,,Multi-usages
23863,2016,NonResidential,Other,William Booth Center,811 Maynard Ave S,Seattle,WA,98134.0,7666202690,2,GREATER DUWAMISH,47.59549,-122.32538,1992,1.0,3,47836,7572,40264,"Other - Lodging/Residential, Parking",Other - Lodging/Residential,43336.0,Parking,4500.0,,,,3540225.75,Compliant,,Multi-usages
23867,2016,NonResidential,Small- and Mid-Sized Office,Airport Way,1700 Airport Way S,Seattle,WA,98134.0,7666202855,2,GREATER DUWAMISH,47.58802,-122.32111,1914,1.0,3,34425,0,34425,"Non-Refrigerated Warehouse, Office",Office,34425.0,Non-Refrigerated Warehouse,15536.0,,,,2018385.75,Compliant,,Multi-usages
23888,2016,NonResidential,Medical Office,Swedish Health Services,3400 California Avenue SW,Seattle,WA,98116.0,7872500005,1,SOUTHWEST,47.57296,-122.38643,1984,1.0,3,40304,12000,28304,"Medical Office, Parking",Medical Office,20106.0,Parking,16412.0,,,,1961581.5,Compliant,,Multi-usages
23896,2016,NonResidential,Distribution Center,The Long Building,8230 5th Ave S,Seattle,WA,98108.0,7883600005,1,GREATER DUWAMISH,47.52878,-122.32771,1990,1.0,1,29619,0,29619,"Distribution Center, Office",Distribution Center,15000.0,Office,14619.0,,,,1280263.75,Compliant,,Multi-usages
23906,2016,NonResidential,K-12 School,St. Mary Giddens School,604 20th Ave. S.,Seattle,WA,98144.0,3319501965,3,CENTRAL,47.59692,-122.30601,1922,1.0,2,21592,0,21592,K-12 School,K-12 School,20700.0,,,,,,1431784.0,Compliant,,Mono-usage
23956,2016,NonResidential,K-12 School,St. Catherine School,8524 8th Ave. NE,Seattle,WA,98115.0,5100400125,5,NORTH,47.69061,-122.31992,1931,1.0,2,23923,0,23923,K-12 School,K-12 School,23923.0,,,,,,805643.5,Compliant,,Mono-usage
23910,2016,NonResidential,Small- and Mid-Sized Office,ifo and associates,1265 s main st,Seattle,WA,98144.0,3320000095,3,CENTRAL,47.59976,-122.31441,1907,1.0,3,25200,0,25200,"Office, Retail Store",Office,16000.0,Retail Store,8000.0,,,,1748444.25,Compliant,,Multi-usages
23912,2016,NonResidential,Small- and Mid-Sized Office,1416 S Jackson,1416 South Jackson Street,Seattle,WA,98133.0,3320000165,3,CENTRAL,47.59973,-122.31331,1947,1.0,1,45068,0,45068,Office,Office,45068.0,,,,,,284857.3125,Non-Compliant,Low outlier,Mono-usage
23918,2016,NonResidential,Small- and Mid-Sized Office,CJ and J Pacific,1600 S Lane St,Seattle,WA,98144.0,3320000775,3,CENTRAL,47.59693,-122.31124,1963,1.0,2,28296,0,28296,Office,Office,26899.0,,,,,,1328461.25,Compliant,,Mono-usage
23928,2016,NonResidential,Small- and Mid-Sized Office,Planned Parenthood Western,2001 E Madison ST,Seattle,WA,98122.0,3325049042,3,CENTRAL,47.61744,-122.30514,1999,1.0,3,31357,0,31357,"Medical Office, Office, Parking",Office,25500.0,Medical Office,5000.0,Parking,0.0,,1965075.625,Compliant,,Multi-usages
23930,2016,NonResidential,Distribution Center,80,80 S Hudson Street,Seattle,WA,98134.0,3573200520,2,GREATER DUWAMISH,47.55945,-122.33601,1968,1.0,1,160000,0,160000,Distribution Center,Distribution Center,160000.0,,,,,,1157976.5,Compliant,,Mono-usage
23934,2016,NonResidential,Warehouse,Prologis Park Seattle 2,54 S. Dawson Street,Seattle,WA,98134.0,3573200845,2,GREATER DUWAMISH,47.55601,-122.33627,1960,1.0,1,53550,0,53550,Non-Refrigerated Warehouse,Non-Refrigerated Warehouse,53550.0,,,,,,4590246.5,Compliant,,Mono-usage
23935,2016,NonResidential,Warehouse,Messenger Corp,37 South Hudson Street,Seattle,WA,98134.0,3573200895,2,GREATER DUWAMISH,47.55716,-122.33744,1924,1.0,1,38412,0,38412,"Non-Refrigerated Warehouse, Office",Non-Refrigerated Warehouse,32000.0,Office,8000.0,,,,1628540.0,Compliant,,Multi-usages
23936,2016,NonResidential,Self-Storage Facility,OLD LIQUID CARBONIC CO,5021 COLORADO AVE S,Seattle,WA,98134.0,3573200920,2,GREATER DUWAMISH,47.55662,-122.33728,1930,1.0,1,25881,0,25881,Self-Storage Facility,Self-Storage Facility,25881.0,,,,,,545426.375,Compliant,,Mono-usage
23951,2016,NonResidential,Small- and Mid-Sized Office,LONG Building Technologies,5300 Denver Ave S,Seattle,WA,98108.0,5084400100,2,GREATER DUWAMISH,47.55498,-122.32497,1953,1.0,1,24291,0,24291,Office,Office,24023.0,,,,,,655422.375,Compliant,,Mono-usage
23952,2016,NonResidential,Warehouse,NWCP-SEA Bldg D,600 S. Brandon Street,Seattle,WA,98108.0,5084400170,2,GREATER DUWAMISH,47.55458,-122.32639,1966,1.0,1,36544,0,36544,Non-Refrigerated Warehouse,Non-Refrigerated Warehouse,36544.0,,,,,,1269847.75,Compliant,,Mono-usage
23958,2016,NonResidential,Warehouse,2100 Airport Way LLC,2100 Airport Way South,Seattle,WA,98134.0,7666202915,2,GREATER DUWAMISH,47.58387,-122.32092,1949,1.0,1,20796,0,20796,Non-Refrigerated Warehouse,Non-Refrigerated Warehouse,20796.0,,,,,,1324092.125,Compliant,,Mono-usage
23960,2016,NonResidential,Distribution Center,Terminal Leasing,2326 Airport Way S,Seattle,WA,98134.0,7666202945,2,GREATER DUWAMISH,47.5822,-122.321,1947,1.0,1,21349,0,21349,"Distribution Center, Office",Distribution Center,13000.0,Office,8349.0,,,,659761.875,Compliant,,Multi-usages
23963,2016,NonResidential,Warehouse,Bayview Building,923 S. Bayview St.,Seattle,WA,98134.0,7666202991,2,GREATER DUWAMISH,47.58082,-122.32031,1936,1.0,1,38630,0,38630,Non-Refrigerated Warehouse,Non-Refrigerated Warehouse,38500.0,,,,,,416885.5938,Compliant,,Mono-usage
23964,2016,NonResidential,Warehouse,Phelps Tire Co,2520 Airport Way S,Seattle,WA,98134.0,7666203000,2,GREATER DUWAMISH,47.58032,-122.32083,1950,1.0,1,20724,0,20724,"Non-Refrigerated Warehouse, Office",Non-Refrigerated Warehouse,19224.0,Office,1500.0,,,,1832031.5,Compliant,,Multi-usages
23969,2016,NonResidential,Other,"MacDonald Meat Company, LLC",2709 Airport Way South,Seattle,WA,98134.0,7666203135,2,GREATER DUWAMISH,47.5793,-122.32226,1960,1.0,1,24109,0,24109,"Manufacturing/Industrial Plant, Parking",Manufacturing/Industrial Plant,24109.0,Parking,0.0,,,,4747403.5,Compliant,,Multi-usages
23971,2016,NonResidential,Refrigerated Warehouse,Airport Way,2415 Airport Way South,Seattle,WA,98134.0,7666203180,2,GREATER DUWAMISH,47.58118,-122.32211,1955,1.0,1,25375,0,25375,"Office, Refrigerated Warehouse",Refrigerated Warehouse,23419.0,Office,2266.0,,,,4069301.5,Compliant,,Multi-usages
23975,2016,Nonresidential COS,Warehouse,Airport Way Ctr - Bldg D,2203 Airport Way S,Seattle,WA,98134.0,7666203240,2,GREATER DUWAMISH,47.5829,-122.32417,1985,1.0,1,22803,0,22803,"Non-Refrigerated Warehouse, Other",Non-Refrigerated Warehouse,19373.0,Other,3430.0,,,,764094.5,Compliant,,Multi-usages
23976,2016,Nonresidential COS,Mixed Use Property,Airport Way Ctr - Bldg E,2203 Airport Way S,Seattle,WA,98134.0,7666203240,2,GREATER DUWAMISH,47.5829,-122.32417,1985,1.0,1,23100,0,23100,"Office, Other - Public Services",Office,11550.0,Other - Public Services,11550.0,,,,4323672.0,Compliant,,Multi-usages
23977,2016,NonResidential,Refrigerated Warehouse,Pacific Food Importers,2323 Airport Way S,Seattle,WA,98134.0,7666203245,2,GREATER DUWAMISH,47.58252,-122.32193,1951,1.0,1,41550,0,41550,Refrigerated Warehouse,Refrigerated Warehouse,41550.0,,,,,,642645.1875,Compliant,,Mono-usage
24009,2016,NonResidential,Other,Care Center,1040 S Henderson,Seattle,WA,98108.0,7883608717,1,GREATER DUWAMISH,47.52305,-122.31899,1994,1.0,2,54170,0,54170,Other,Other,54170.0,,,,,,5804784.5,Compliant,,Mono-usage
24018,2016,NonResidential,K-12 School,St. Edward School,4200 Mead St.,Seattle,WA,98118.0,3330501325,2,SOUTHEAST,47.55095,-122.27978,1912,1.0,2,42252,0,42252,K-12 School,K-12 School,42252.0,,,,,,2203758.5,Compliant,,Mono-usage
24026,2016,NonResidential,Self-Storage Facility,U-Haul Moving & Storage of SE Seattle,6401 Mlk Jr Wy S,Seattle,WA,98118.0,3333001690,2,GREATER DUWAMISH,47.54514,-122.28596,1955,1.0,1,23100,0,23100,Self-Storage Facility,Self-Storage Facility,23250.0,,,,,,863703.0,Compliant,,Mono-usage
24029,2016,NonResidential,Worship Facility,GRACE APOSTOLIC CHURCH,6718 M L King Jr Way S,Seattle,WA,98118.0,3333002620,2,SOUTHEAST,47.5419,-122.28302,1981,1.0,3,22895,0,22895,"Parking, Worship Facility",Worship Facility,22895.0,Parking,0.0,,,,440419.1875,Compliant,,Multi-usages
24030,2016,NonResidential,Retail Store,King Plaza 6951,6951 Martin Luther King Jr Way S,Seattle,WA,98118.0,3333002890,2,GREATER DUWAMISH,47.53922,-122.28295,2002,1.0,2,54211,17471,36740,"Parking, Retail Store, Supermarket/Grocery Store",Retail Store,30000.0,Supermarket/Grocery Store,5000.0,Parking,4000.0,,1267463.125,Error - Correct Default Data,,Multi-usages
24070,2016,NonResidential,Self-Storage Facility,Metro Self Storage,8908 Lake City Way NE,Seattle,WA,98115.0,5101402206,5,NORTHEAST,47.69316,-122.30487,2006,1.0,6,48179,7132,41047,Self-Storage Facility,Self-Storage Facility,48179.0,,,,,,797170.3125,Compliant,,Mono-usage
24083,2016,NonResidential,Warehouse,1024-1048 6th Ave S,1024-1048 6th Ave S,Seattle,WA,98134.0,7666203360,2,GREATER DUWAMISH,47.59294,-122.32555,1937,1.0,1,52325,0,52325,Non-Refrigerated Warehouse,Non-Refrigerated Warehouse,52325.0,,,,,,808968.1875,Compliant,,Mono-usage
24085,2016,NonResidential,Other,Performance Radiator,1101 AIRPORT WAY S,Seattle,WA,98134.0,7666203380,2,GREATER DUWAMISH,47.59322,-122.32491,1920,1.0,4,20600,0,20600,"Repair Services (Vehicle, Shoe, Locksmith, etc)","Repair Services (Vehicle, Shoe, Locksmith, etc)",20600.0,,,,,,270838.5,Compliant,,Mono-usage
24089,2016,NonResidential,Retail Store,646 S HOLGATE ST,646 S HOLGATE ST,Seattle,WA,98134.0,7666203450,2,GREATER DUWAMISH,47.58698,-122.32397,1944,1.0,1,25880,0,25880,Retail Store,Retail Store,25880.0,,,,,,162960.0,Compliant,,Mono-usage
24091,2016,NonResidential,Warehouse,"Total Reclaim, Inc",2200 6th Ave SE,Seattle,WA,98134.0,7666203485,2,GREATER DUWAMISH,47.58336,-122.32525,1960,1.0,1,45842,0,45842,"Non-Refrigerated Warehouse, Office",Non-Refrigerated Warehouse,49802.0,Office,22198.0,,,,819354.625,Compliant,,Multi-usages
24099,2016,NonResidential,Other,Thermal Supply,717 S Lander,Seattle,WA,98134.0,7666203655,2,GREATER DUWAMISH,47.57936,-122.32322,1972,1.0,1,31365,0,31365,Other,Other,31365.0,,,,,,652991.6875,Compliant,,Mono-usage
24100,2016,NonResidential,Other,Canal Boiler Works,2702 6th Ave S,Seattle,WA,98134.0,7666203660,2,GREATER DUWAMISH,47.57959,-122.32557,1910,1.0,1,32100,0,32100,Other,Other,32100.0,,,,,,758008.875,Compliant,,Mono-usage
24102,2016,NonResidential,Warehouse,Ingersoll Rand Building,2724 6th Avenue S,Seattle,WA,98134.0,7666203664,2,GREATER DUWAMISH,47.57895,-122.32551,1966,1.0,1,20520,0,20520,"Non-Refrigerated Warehouse, Office",Non-Refrigerated Warehouse,15400.0,Office,5120.0,,,,1167887.75,Compliant,,Multi-usages
24104,2016,NonResidential,Warehouse,CF Resource,2752 6th Ave S,Seattle,WA,98134.0,7666203675,2,GREATER DUWAMISH,47.57833,-122.32563,1945,1.0,1,22972,0,22972,Non-Refrigerated Warehouse,Non-Refrigerated Warehouse,22972.0,,,,,,495481.0,Compliant,,Mono-usage
24105,2016,NonResidential,Warehouse,625 Building,625 South Lander,Seattle,WA,98134.0,7666203710,2,GREATER DUWAMISH,47.57934,-122.32501,1953,1.0,1,24990,0,24990,"Non-Refrigerated Warehouse, Office",Non-Refrigerated Warehouse,25649.0,Office,6728.0,,,,523614.0938,Compliant,,Multi-usages
24106,2016,NonResidential,Retail Store,BRU-PEP 2922-2930,2922 6th Ave S,Seattle,WA,98134.0,7666203730,2,GREATER DUWAMISH,47.57667,-122.32542,1951,1.0,2,24000,0,24000,"Office, Retail Store",Retail Store,22740.0,Office,4860.0,,,,1318947.25,Compliant,,Multi-usages
24108,2016,NonResidential,Warehouse,Spear Building,4005 6th Ave S,Seattle,WA,98108.0,7886100060,2,GREATER DUWAMISH,47.56845,-122.32732,1963,1.0,1,100386,0,100386,"Non-Refrigerated Warehouse, Other - Services",Non-Refrigerated Warehouse,50628.0,Other - Services,49758.0,,,,3626431.5,Compliant,,Multi-usages
24112,2016,NonResidential,Distribution Center,FleetPride,600 S Dakota St,Seattle,WA,98108.0,7886100185,2,GREATER DUWAMISH,47.56758,-122.32638,1966,1.0,1,24354,0,24354,"Distribution Center, Office",Distribution Center,18470.0,Office,5884.0,,,,735907.8125,Compliant,,Multi-usages
24115,2016,NonResidential,Distribution Center,Stusser Electric,660 S Andover St,Seattle,WA,98108.0,7886100365,2,GREATER DUWAMISH,47.56823,-122.32506,1959,1.0,1,33600,0,33600,"Distribution Center, Office",Distribution Center,24000.0,Office,9600.0,,,,847419.375,Compliant,,Multi-usages
24117,2016,NonResidential,Other,IMAGINE VISUAL SERVICE (ID24117),665 S DAKOTA ST,Seattle,WA,98108.0,7886100450,2,GREATER DUWAMISH,47.56671,-122.32446,1974,1.0,1,20819,0,20819,Manufacturing/Industrial Plant,Manufacturing/Industrial Plant,20819.0,,,,,,1694930.375,Compliant,,Mono-usage
24118,2016,NonResidential,Warehouse,(ID24118) Industrial Way Building,650 S INDUSTRIAL WAY,Seattle,WA,98108.0,7886100475,2,GREATER DUWAMISH,47.5668,-122.32499,1967,1.0,1,23296,0,23296,"Non-Refrigerated Warehouse, Office",Non-Refrigerated Warehouse,19471.0,Office,3825.0,,,,1429855.75,Compliant,,Multi-usages
24123,2016,NonResidential,Mixed Use Property,Parts and Service building,3707 Airport Way S,Seattle,WA,98134.0,7886100730,2,GREATER DUWAMISH,47.57019,-122.32352,1954,1.0,1,35222,0,35222,"Non-Refrigerated Warehouse, Parking, Repair Services (Vehicle, Shoe, Locksmith, etc), Retail Store",Non-Refrigerated Warehouse,15000.0,"Repair Services (Vehicle, Shoe, Locksmith, etc)",15000.0,Retail Store,4232.0,,1758134.625,Compliant,,Multi-usages
24132,2016,NonResidential,Refrigerated Warehouse,820 South Adams Building: 820 South Adams Street,820 South Adams Street,Seattle,WA,98108.0,7886101280,2,GREATER DUWAMISH,47.5668,-122.32149,1957,1.0,1,25520,0,25520,Refrigerated Warehouse,Refrigerated Warehouse,25200.0,,,,,,1610794.75,Compliant,,Mono-usage
24950,2016,NonResidential,Other,COIN,811 S MASSACHUSETTS ST,Seattle,WA,98134.0,7666203295,2,GREATER DUWAMISH,47.58754,-122.3224,1952,1.0,1,25460,0,25460,Other,Other,8223.0,,,,,,834711.875,Compliant,,Mono-usage
24170,2016,NonResidential,Small- and Mid-Sized Office,Willow Creek (Buildings 1 & 2),9700 Lake City Way NE,Seattle,WA,98115.0,5101405280,5,NORTH,47.70008,-122.30321,1974,1.0,2,24291,0,24291,Office,Office,24291.0,,,,,,920430.625,Compliant,,Mono-usage
24172,2016,NonResidential,Retail Store,Les Schwab Tire Center #396,9801 Lake City Way NE,Seattle,WA,98115.0,5101405300,5,NORTH,47.70053,-122.3038,1958,1.0,2,20738,0,20738,Retail Store,Retail Store,20738.0,,,,,,526752.8125,Compliant,,Mono-usage
24178,2016,NonResidential,Mixed Use Property,Workshops Seattle Lake City Way,10015 Lake City Way NE,Seattle,WA,98125.0,5101405881,5,NORTH,47.70175,-122.30269,2000,1.0,4,30948,0,30948,"Office, Other",Office,11729.0,Other,11729.0,,,,919746.3125,Compliant,,Multi-usages
24180,2016,NonResidential,Medical Office,Pac Med Northgate,10416 5th Avenue NE,Seattle,WA,98144.0,5101408393,5,NORTH,47.7044,-122.32285,1986,1.0,2,28385,7056,21329,Medical Office,Medical Office,20575.0,,,,,,2654316.0,Compliant,,Mono-usage
24202,2016,NonResidential,Warehouse,Warehouse,3440 6th Avenue S,Seattle,WA,98134.0,7666203810,2,GREATER DUWAMISH,47.57254,-122.32549,1978,1.0,1,21755,0,21755,"Non-Refrigerated Warehouse, Office",Non-Refrigerated Warehouse,17650.0,Office,2400.0,,,,844076.8125,Compliant,,Multi-usages
24205,2016,NonResidential,Other,640 S Spokane,640 S. Spokane,Seattle,WA,98134.0,7666203827,2,GREATER DUWAMISH,47.57217,-122.32421,1960,1.0,1,27933,0,27933,Other,Other,27933.0,,,,,,6129780.0,Compliant,,Mono-usage
24209,2016,NonResidential,Small- and Mid-Sized Office,Ed Wyse Building,3701 7th Avenue South,Seattle,WA,98134.0,7666203920,2,GREATER DUWAMISH,47.57013,-122.3244,1983,1.0,1,23143,0,23143,"Non-Refrigerated Warehouse, Office",Office,15609.0,Non-Refrigerated Warehouse,7534.0,,,,1139980.625,Compliant,,Multi-usages
24216,2016,NonResidential,Small- and Mid-Sized Office,Lamar Advertising Company,3601 Sixth Ave S.,Seattle,WA,98134.0,7666204110,2,GREATER DUWAMISH,47.57075,-122.32724,1962,1.0,1,28800,0,28800,"Non-Refrigerated Warehouse, Office",Office,28800.0,Non-Refrigerated Warehouse,7350.0,,,,2107743.75,Compliant,,Multi-usages
24218,2016,NonResidential,Warehouse,Dutch Boy Building,3414 4th Ave. So.,Seattle,WA,98134.0,7666204125,2,GREATER DUWAMISH,47.57294,-122.32811,1952,1.0,1,39600,0,39600,Non-Refrigerated Warehouse,Non-Refrigerated Warehouse,39600.0,,,,,,405050.4063,Compliant,,Mono-usage
24219,2016,NonResidential,Warehouse,SB Warehouse,3434 4th Avenue S,Seattle,WA,98134.0,7666204130,2,GREATER DUWAMISH,47.57199,-122.32811,1952,1.0,1,39600,0,39600,Non-Refrigerated Warehouse,Non-Refrigerated Warehouse,39600.0,,,,,,468396.9063,Compliant,,Mono-usage
24225,2016,NonResidential,Distribution Center,2900,2900 4th ave. so.,Seattle,WA,98134.0,7666204180,2,GREATER DUWAMISH,47.57747,-122.32844,1937,1.0,1,41248,0,41248,Distribution Center,Distribution Center,41430.0,,,,,,1108310.875,Compliant,,Mono-usage
24227,2016,NonResidential,Other,2960 4th Ave S (Old Pacific Industrial Supply),2960 4th Ave S,Seattle,WA,98134.0,7666204200,2,GREATER DUWAMISH,47.57587,-122.32789,2009,1.0,1,36400,0,36400,"Other, Retail Store",Other,21400.0,Retail Store,15000.0,,,,1567746.75,Compliant,,Multi-usages
24240,2016,NonResidential,Other,WEST,4427 CALIFORNIA AVE SW,Seattle,WA,98116.0,7904700100,1,SOUTHWEST,47.56398,-122.38727,1920,1.0,1,31332,0,31332,Other,Other,31332.0,,,,,,3573328.25,Compliant,,Mono-usage
24244,2016,NonResidential,Worship Facility,West Side Presbyterian Church,3601 California Ave SW,Seattle,WA,98116.0,7905200005,1,SOUTHWEST,47.57177,-122.38716,1948,1.0,2,35864,0,35864,Worship Facility,Worship Facility,35864.0,,,,,,1228113.5,Compliant,,Mono-usage
24250,2016,NonResidential,Worship Facility,St. George Parish,5306 13th Ave. S.,Seattle,WA,98108.0,7925100200,2,GREATER DUWAMISH,47.55464,-122.31576,1954,1.0,1,20484,0,20484,Worship Facility,Worship Facility,20484.0,,,,,,822636.625,Compliant,,Mono-usage
24252,2016,NonResidential,Medical Office,Springbrook Building,4500 Sandpoint Way NE,Seattle,WA,98105.0,7933000005,4,NORTHEAST,47.66169,-122.28558,1984,1.0,4,45264,17622,27642,Medical Office,Medical Office,21743.0,,,,,,1849331.25,Compliant,,Mono-usage
24253,2016,NonResidential,Medical Office,Springbrook Building LLC 4540,4540 Sandpoint Way NE,Seattle,WA,98105.0,7933000005,4,NORTHEAST,47.66159,-122.28606,1987,2.0,4,36932,14576,22356,Medical Office,Medical Office,27642.0,,,,,,2824096.75,Compliant,,Mono-usage
24259,2016,NonResidential,Other,Seattle Medical Post Acute Care,555 16th Ave,Seattle,WA,98122.0,7942600675,3,CENTRAL,47.60775,-122.31198,1973,1.0,4,45082,0,45082,Other/Specialty Hospital,Other/Specialty Hospital,45082.0,,,,,,4262316.5,Compliant,,Mono-usage
24270,2016,NonResidential,Worship Facility,Phinney Ridge Lutheran Church,7500 Greenwood Ave N,Seattle,WA,98103.0,3362900895,6,NORTHWEST,47.68351,-122.35482,1951,0.0,2,41600,0,41600,Worship Facility,Worship Facility,41600.0,,,,,,1195165.25,Compliant,,Mono-usage
24274,2016,NonResidential,Small- and Mid-Sized Office,Bonneville International,1820 East Lake Ave,Seattle,WA,98102.0,3383900065,4,LAKE UNION,47.63567,-122.32522,1960,1.0,2,34110,0,34110,Office,Office,34110.0,,,,,,2563985.5,Compliant,,Mono-usage
24332,2016,NonResidential,Warehouse,4th&Forest,422 South Forest,Seattle,WA,98116.0,7666204280,2,GREATER DUWAMISH,47.57798,-122.32783,1970,1.0,1,23750,0,23750,"Non-Refrigerated Warehouse, Office",Non-Refrigerated Warehouse,19430.0,Office,1470.0,,,,522972.1875,Compliant,,Multi-usages
24333,2016,NonResidential,Warehouse,South Seattle Building,2757 6th Avenue South,Seattle,WA,98134.0,7666204300,2,GREATER DUWAMISH,47.57832,-122.32649,1970,1.0,1,43390,0,43390,"Non-Refrigerated Warehouse, Office",Non-Refrigerated Warehouse,36430.0,Office,6960.0,,,,533742.8125,Compliant,,Multi-usages
24344,2016,NonResidential,Warehouse,WES 2233 LLC,2233 Sixth Ave. So.,Seattle,WA,98134.0,7666204449,2,GREATER DUWAMISH,47.58238,-122.32719,1959,1.0,1,35400,0,35400,Non-Refrigerated Warehouse,Non-Refrigerated Warehouse,35400.0,,,,,,419978.6875,Compliant,,Mono-usage
24348,2016,NonResidential,Distribution Center,Stoneway,1924 4th Ave S,Seattle,WA,98104.0,7666204465,2,GREATER DUWAMISH,47.58517,-122.32853,1966,1.0,1,28144,0,28144,"Distribution Center, Office",Distribution Center,22201.0,Office,6087.0,,,,858701.0,Compliant,,Multi-usages
24351,2016,NonResidential,Warehouse,Pacific Coast Feather Corporate Office and Warehouse,1964 4th AVe S,Seattle,WA,98199.0,7666204480,2,GREATER DUWAMISH,47.5842,-122.32826,1916,1.0,3,71283,0,71283,"Non-Refrigerated Warehouse, Office",Non-Refrigerated Warehouse,57910.0,Office,13373.0,,,,2491238.25,Compliant,,Multi-usages
24354,2016,NonResidential,Warehouse,1760 4th Avenue South,1760 4th Avenue South,Seattle,WA,98134.0,7666204565,2,GREATER DUWAMISH,47.58661,-122.3281,1989,1.0,1,23792,0,23792,"Non-Refrigerated Warehouse, Office",Non-Refrigerated Warehouse,22992.0,Office,800.0,,,,2852102.75,Compliant,,Multi-usages
24356,2016,NonResidential,Small- and Mid-Sized Office,1550 4th Ave S,1550 4th Ave S,Seattle,WA,98134.0,7666204625,2,GREATER DUWAMISH,47.58895,-122.32833,1979,1.0,2,47368,0,47368,"Office, Parking",Office,47368.0,Parking,0.0,,,,1042652.625,Compliant,,Multi-usages
24358,2016,NonResidential,Mixed Use Property,R&K Foods/RE-PC/Brinks,1563 6th Ave S,Seattle,WA,98134.0,7666204640,2,GREATER DUWAMISH,47.58874,-122.32662,1931,1.0,1,46183,0,46183,"Food Service, Non-Refrigerated Warehouse, Retail Store",Non-Refrigerated Warehouse,18871.0,Food Service,14000.0,Retail Store,13312.0,,1890502.5,Compliant,,Multi-usages
24359,2016,NonResidential,Small- and Mid-Sized Office,Jefferson Building,1401 East Jeffrson Street,Seattle,WA,98122.0,7942600940,3,CENTRAL,47.60592,-122.31367,1984,1.0,5,72613,22788,49825,"Office, Parking",Office,49825.0,Parking,22788.0,,,,2602213.75,Compliant,,Multi-usages
24374,2016,NonResidential,Retail Store,Jumbo chinese restaurant,4208 rainier ave so.,Seattle,WA,98118.0,7950301480,2,SOUTHEAST,47.56514,-122.28781,1968,1.0,1,36071,0,36071,Retail Store,Retail Store,36071.0,,,,,,1519952.125,Error - Correct Default Data,,Mono-usage
24376,2016,Nonresidential COS,Medical Office,SE Seattle Community Health Center,4400 37th Ave S,Seattle,WA,98118.0,7950303700,2,SOUTHEAST,47.56364,-122.28572,1990,1.0,2,38352,11082,27270,"Medical Office, Office",Medical Office,19987.0,Office,7505.0,,,,2108861.75,Compliant,,Multi-usages
24381,2016,Nonresidential COS,Mixed Use Property,Rainier Community Center,4630 38th Ave S,Seattle,WA,98118.0,7950304230,2,SOUTHEAST,47.56214,-122.28143,1995,1.0,1,28425,0,28425,"Fitness Center/Health Club/Gym, Office, Other - Recreation",Fitness Center/Health Club/Gym,14081.0,Other - Recreation,12824.0,Office,1479.0,,2133797.75,Compliant,,Multi-usages
24406,2016,NonResidential,Other,Mini Cooper Car Dealership (ID24406),11550 LAKE CITY WAY NE,Seattle,WA,98125.0,3448001720,5,NORTH,47.7139,-122.29794,2009,1.0,3,35115,0,35115,Automobile Dealership,Automobile Dealership,35115.0,,,,,,1922953.25,Compliant,,Mono-usage
24415,2016,NonResidential,Mixed Use Property,Aurora Improvements,9401 Aurora Ave N,Seattle,WA,98103.0,3126049156,5,NORTHWEST,47.69734,-122.34639,1972,1.0,1,66704,0,66704,"Distribution Center, Non-Refrigerated Warehouse, Office, Other - Education, Parking",Other - Education,23904.0,Distribution Center,18500.0,Non-Refrigerated Warehouse,18500.0,,600516.875,Compliant,,Multi-usages
24418,2016,Nonresidential COS,Warehouse,Technical Metering Operations,1133 N 100th St,Seattle,WA,98103.0,3126049316,5,NORTHWEST,47.70117,-122.34284,1969,1.0,1,25658,0,25658,"Non-Refrigerated Warehouse, Office",Non-Refrigerated Warehouse,18854.0,Office,6804.0,,,,1063960.125,Compliant,,Multi-usages
24435,2016,NonResidential,Small- and Mid-Sized Office,10th Ave.,1423 10th Ave E,Seattle,WA,98122.0,6003500025,3,EAST,47.61345,-122.3198,1907,1.0,2,36000,0,36000,"Office, Other",Office,27600.0,Other,8400.0,,,,1046187.625,Compliant,,Multi-usages
24448,2016,NonResidential,Mixed Use Property,"Automobili Italiane, Inc.",1401 12th Avenue,Seattle,WA,98122.0,6003500265,3,EAST,47.61324,-122.31724,1913,1.0,1,36000,0,36000,"Parking, Retail Store",Parking,18000.0,Retail Store,18000.0,,,,1162163.125,Compliant,,Multi-usages
24451,2016,NonResidential,Warehouse,LOFT BUILDING,1512 11TH AVE,Seattle,WA,98122.0,6003500295,3,EAST,47.61467,-122.31777,1915,1.0,2,43200,0,43200,Non-Refrigerated Warehouse,Non-Refrigerated Warehouse,43200.0,,,,,,1929851.5,Compliant,,Mono-usage
24458,2016,NonResidential,Small- and Mid-Sized Office,Turner,830 4th Ave. South,Seattle,WA,98134.0,7666204820,2,GREATER DUWAMISH,47.59501,-122.32852,1913,1.0,4,53840,12870,40970,"Office, Parking",Office,42800.0,Parking,10400.0,,,,2912454.75,Compliant,,Multi-usages
24461,2016,NonResidential,Retail Store,Outdoor Emporium,1701 4th Ave S,Seattle,WA,98134.0,7666204995,2,GREATER DUWAMISH,47.58801,-122.32944,1975,1.0,1,43794,0,43794,"Office, Retail Store",Retail Store,34038.0,Office,9756.0,,,,1164537.75,Compliant,,Multi-usages
24472,2016,NonResidential,Warehouse,Old Pipe Building,3223 3rd Ave S,Seattle,WA,98134.0,7666205550,2,GREATER DUWAMISH,47.57466,-122.33089,1968,1.0,1,48280,0,48280,"Non-Refrigerated Warehouse, Office",Non-Refrigerated Warehouse,40780.0,Office,7500.0,,,,2701833.75,Compliant,,Multi-usages
24473,2016,NonResidential,Distribution Center,Seattle Textile Company,3434 2nd Avenue South,Seattle,WA,98134.0,7666205580,2,GREATER DUWAMISH,47.57258,-122.33059,1954,1.0,1,36040,0,36040,"Distribution Center, Office",Distribution Center,31476.0,Office,4564.0,,,,363808.1875,Compliant,,Multi-usages
24479,2016,NonResidential,Supermarket / Grocery Store,Safeway 0423 - 35th Ave,7340 35th Ave NE,Seattle,WA,98115.0,7974200020,4,NORTHEAST,47.68269,-122.28912,1965,1.0,1,32822,0,32822,"Parking, Supermarket/Grocery Store",Supermarket/Grocery Store,35042.0,Parking,0.0,,,,8839812.0,Compliant,,Multi-usages
24484,2016,NonResidential,Worship Facility,Messiah Lutheran Church,7050 35th NE,Seattle,WA,98115.0,7974200451,4,NORTHEAST,47.68061,-122.29002,1950,1.0,2,20385,0,20385,Worship Facility,Worship Facility,20385.0,,,,,,809291.8125,Compliant,,Mono-usage
24485,2016,NonResidential,Worship Facility,Sand Point Community Church,4710 NE 70th St,Seattle,WA,98115.0,7974200700,4,NORTHEAST,47.67984,-122.27739,1946,1.0,1,24295,0,24295,Worship Facility,Worship Facility,24295.0,,,,,,216115.0,Compliant,,Mono-usage
24488,2016,NonResidential,Small- and Mid-Sized Office,Hawthorne Hills Professional Center,4020 NE 55th St.,Seattle,WA,98105.0,7974700160,4,NORTHEAST,47.66888,-122.28333,1967,1.0,2,20317,0,20317,Office,Office,20317.0,,,,,,620994.3125,Compliant,,Mono-usage
24493,2016,NonResidential,Supermarket / Grocery Store,Metropolitan Market,5250 40th Ave NE,Seattle,WA,98105.0,7974700270,4,NORTHEAST,47.66824,-122.28394,1973,1.0,1,24377,0,24377,Supermarket/Grocery Store,Supermarket/Grocery Store,24377.0,,,,,,9851260.0,Compliant,,Mono-usage
24513,2016,NonResidential,Other,Oak Tree 6,10006 Aurora Ave N,Seattle,WA,98113.0,3126049388,5,NORTHWEST,47.70197,-122.34219,1986,1.0,1,33392,0,33392,Movie Theater,Movie Theater,33392.0,,,,,,2786648.75,Compliant,,Mono-usage
24514,2016,NonResidential,Supermarket / Grocery Store,OAKTREE PLAZA ASSOC,10002 AURORA AVE N,Seattle,WA,98133.0,3126049389,5,NORTHWEST,47.70224,-122.34409,1986,0.0,1,45155,0,45155,Supermarket/Grocery Store,Supermarket/Grocery Store,45155.0,,,,,,6674179.5,Compliant,,Mono-usage
24531,2016,NonResidential,Warehouse,Kenyon Industrial Park Building D,7951 Second Avenue South,Seattle,WA,98108.0,3224049007,1,GREATER DUWAMISH,47.5316,-122.333,1966,1.0,1,32000,0,32000,Non-Refrigerated Warehouse,Non-Refrigerated Warehouse,32040.0,,,,,,2186148.5,Compliant,,Mono-usage
24532,2016,NonResidential,Warehouse,Kenyon Industrial Park Building B,121 S Kenyon Street,Seattle,WA,98108.0,3224049007,1,GREATER DUWAMISH,47.5316,-122.333,1970,1.0,1,44000,0,44000,Non-Refrigerated Warehouse,Non-Refrigerated Warehouse,45449.0,,,,,,4302455.5,Compliant,,Mono-usage
24534,2016,NonResidential,Warehouse,Kenyon Business Park Building A,7900 Occidental Avenue South,Seattle,WA,98108.0,3224049007,1,GREATER DUWAMISH,47.5316,-122.333,1973,1.0,1,36000,0,36000,Non-Refrigerated Warehouse,Non-Refrigerated Warehouse,36000.0,,,,,,2771820.5,Compliant,,Mono-usage
24536,2016,NonResidential,Warehouse,Cloverdale Business Park Building A,309 S Cloverdale Street,Seattle,WA,98108.0,3224049012,1,GREATER DUWAMISH,47.52549,-122.33064,1979,1.0,1,31360,0,31360,"Non-Refrigerated Warehouse, Retail Store",Non-Refrigerated Warehouse,29640.0,Retail Store,1460.0,,,,1356972.25,Compliant,,Multi-usages
24537,2016,NonResidential,Warehouse,Cloverdale Business Park Building B,309 South Cloverdale Street,Seattle,WA,98108.0,3224049012,1,GREATER DUWAMISH,47.52549,-122.33064,1979,1.0,1,33320,0,33320,"Non-Refrigerated Warehouse, Office",Non-Refrigerated Warehouse,32200.0,Office,1200.0,,,,2339234.0,Compliant,,Multi-usages
24538,2016,NonResidential,Warehouse,Cloverdale Business Park Building C,309 South Cloverdale Street,Seattle,WA,98108.0,3224049012,1,GREATER DUWAMISH,47.52549,-122.33064,1979,1.0,1,48020,0,48020,Non-Refrigerated Warehouse,Non-Refrigerated Warehouse,47800.0,,,,,,2373568.25,Compliant,,Mono-usage
24539,2016,NonResidential,Warehouse,Cloverdale Business Park Building E,309 South Cloverdale Street,Seattle,WA,98108.0,3224049012,1,GREATER DUWAMISH,47.52549,-122.33064,1979,1.0,1,27420,0,27420,Non-Refrigerated Warehouse,Non-Refrigerated Warehouse,27850.0,,,,,,1176342.25,Compliant,,Mono-usage
24547,2016,NonResidential,K-12 School,Islamic School of Seattle,720 25TH AVE,Seattle,WA,98122.0,6840700175,3,CENTRAL,47.60885,-122.2999,1929,1.0,2,24152,0,24152,K-12 School,K-12 School,24152.0,,,,,,161363.4063,Non-Compliant,Low outlier,Mono-usage
24560,2016,NonResidential,K-12 School,Our Lady of the Lake School,3520 NE 89th St.,Seattle,WA,98115.0,6844701005,5,NORTHEAST,47.694,-122.28967,1949,1.0,2,43645,0,43645,K-12 School,K-12 School,37000.0,,,,,,2053956.375,Compliant,,Mono-usage
24563,2016,NonResidential,Retail Store,Store #5216_8500 35Th Avenue Ne,8500 35Th Avenue Ne,Seattle,WA,98115.0,6844701790,5,NORTHEAST,47.69066,-122.29023,1952,1.0,1,26853,0,26853,Retail Store,Retail Store,20360.0,,,,,,1399062.75,Compliant,,Mono-usage
24710,2016,NonResidential,Other,1020 building,1020 1st Ave S,Seattle,WA,98134.0,7666206700,2,GREATER DUWAMISH,47.59347,-122.33369,1909,1.0,4,44775,0,44775,Other,Other,44775.0,,,,,,950695.625,Compliant,,Mono-usage
24579,2016,NonResidential,Other,SODO Park Bldg,3200 1st ave south,Seattle,WA,98134.0,7666205935,2,GREATER DUWAMISH,47.57507,-122.33349,1916,2.0,1,27760,0,27760,"Office, Other, Parking, Retail Store",Other,19715.0,Office,12000.0,Retail Store,6000.0,,2833624.5,Compliant,,Multi-usages
24581,2016,NonResidential,Other,SODO,3228 1st Ave S,Seattle,WA,98134.0,7666205945,2,GREATER DUWAMISH,47.57459,-122.3339,1937,1.0,1,20975,0,20975,"Fast Food Restaurant, Other, Other - Entertainment/Public Assembly",Other - Entertainment/Public Assembly,13144.0,Other,6600.0,Fast Food Restaurant,1070.0,,347437.6875,Compliant,,Multi-usages
24585,2016,NonResidential,Other,Gorlick's Distribution Center,2944 1st Ave S,Seattle,WA,98134.0,7666205975,2,GREATER DUWAMISH,47.57619,-122.3339,1918,1.0,1,26075,0,26075,Other,Other,26075.0,,,,,,1608508.75,Compliant,,Mono-usage
24587,2016,NonResidential,Warehouse,Lander Station Business Park,151 S. Lander St,Seattle,WA,98134.0,7666205990,2,GREATER DUWAMISH,47.57881,-122.33273,1992,1.0,1,29394,0,29394,"Non-Refrigerated Warehouse, Office",Non-Refrigerated Warehouse,29394.0,Office,16902.0,,,,1486681.75,Compliant,,Multi-usages
24589,2016,NonResidential,Warehouse,A2A LLC,2710 1st Ave S,Seattle,WA,98134.0,7666206025,2,GREATER DUWAMISH,47.57941,-122.3336,1926,1.0,2,20400,0,20400,"Non-Refrigerated Warehouse, Office",Non-Refrigerated Warehouse,15000.0,Office,5400.0,,,,438557.0,Compliant,,Multi-usages
24591,2016,NonResidential,Small- and Mid-Sized Office,2724 1st Avenue South,2724 1st Avenue South,Seattle,WA,98134.0,7666206040,2,GREATER DUWAMISH,47.57893,-122.33374,1926,1.0,1,20460,0,20460,Office,Office,20460.0,,,,,,903541.875,Compliant,,Mono-usage
24593,2016,NonResidential,Self-Storage Facility,1st Ave Self Storage,2400 1st Ave S,Seattle,WA,98134.0,7666206065,2,GREATER DUWAMISH,47.58168,-122.33369,1925,1.0,2,25821,0,25821,Self-Storage Facility,Self-Storage Facility,25821.0,,,,,,209698.7031,Compliant,,Mono-usage
24598,2016,NonResidential,Refrigerated Warehouse,bnr corporation,2250 occidental ave s,Seattle,WA,98134.0,7666206133,2,GREATER DUWAMISH,47.58217,-122.33263,1955,1.0,2,21870,0,21870,Refrigerated Warehouse,Refrigerated Warehouse,21870.0,,,,,,1074350.375,Compliant,,Mono-usage
24599,2016,NonResidential,Warehouse,SOUTH LANDER BUSINESS PARK,2454 OCCIDENTAL AVE S,Seattle,WA,98134.0,7666206136,2,GREATER DUWAMISH,47.58069,-122.3325,1988,3.0,1,51664,0,51664,Non-Refrigerated Warehouse,Non-Refrigerated Warehouse,51664.0,,,,,,3528086.75,Compliant,,Mono-usage
24600,2016,NonResidential,Medical Office,Navos Psychiatric Hospital,2600 SW Holden St,Seattle,WA,98126.0,7985400265,1,DELRIDGE,47.53419,-122.36624,1970,1.0,1,43615,0,43615,Medical Office,Medical Office,43615.0,,,,,,3133849.5,Compliant,,Mono-usage
24601,2016,NonResidential,Small- and Mid-Sized Office,Navos Erlick Perez,2600 SW Holden St,Seattle,WA,98126.0,7985400265,1,DELRIDGE,47.53419,-122.36624,1970,1.0,3,36879,0,36879,Office,Office,16855.0,,,,,,1144267.5,Compliant,,Mono-usage
24602,2016,Nonresidential COS,Other,Southwest Precinct,2300 SW Webster St,Seattle,WA,98106.0,7985400296,1,DELRIDGE,47.53578,-122.36205,2002,1.0,2,28531,0,28531,"Other, Parking",Other,28303.0,Parking,1100.0,,,,3494929.5,Compliant,,Multi-usages
24603,2016,NonResidential,Warehouse,20731-West Seattle / Delridge Way SW,7133 Delridge Way Sw,Seattle,WA,98106.0,7985400475,1,DELRIDGE,47.53846,-122.36175,1982,1.0,2,36600,0,36600,Non-Refrigerated Warehouse,Non-Refrigerated Warehouse,43556.0,,,,,,308400.4063,Compliant,,Mono-usage
24604,2016,NonResidential,Mixed Use Property,"West Seattle Venture, LLC",3400 Harbor Ave SW,Seattle,WA,98126.0,7987400060,1,SOUTHWEST,47.57269,-122.37056,2004,1.0,5,35176,0,35176,"Office, Other",Office,14452.0,Other,14452.0,,,,1011965.375,Compliant,,Multi-usages
24624,2016,NonResidential,University,Bastyr Center for Natural Health,3670 Stone Way N,Seattle,WA,98103.0,8033700190,4,LAKE UNION,47.65231,-122.34217,1940,1.0,2,41293,15243,26050,"College/University, Medical Office",College/University,26393.0,Medical Office,15000.0,,,,2839882.25,Compliant,,Multi-usages
24629,2016,NonResidential,Warehouse,Tri-North,5000 1st Ave. S,Seattle,WA,98134.0,3573700406,2,GREATER DUWAMISH,47.55718,-122.33288,1941,1.0,1,48890,0,48890,"Non-Refrigerated Warehouse, Office",Non-Refrigerated Warehouse,30889.0,Office,18000.0,,,,2100216.5,Compliant,,Multi-usages
24630,2016,NonResidential,Small- and Mid-Sized Office,UFCW21 Building,5030 1st Ave South,Seattle,WA,98134.0,3573700408,2,GREATER DUWAMISH,47.55658,-122.33322,2000,1.0,3,43473,0,43473,Office,Office,43473.0,,,,,,4416909.5,Compliant,,Mono-usage
24636,2016,NonResidential,Retail Store,Westwood Village - Building E,2600 SW Barton St,Seattle,WA,98126.0,3624039009,1,DELRIDGE,47.52254,-122.36627,1990,1.0,1,40265,0,40265,Retail Store,Retail Store,40793.0,,,,,,3740373.75,Compliant,,Mono-usage
24640,2016,NonResidential,Retail Store,Westwood Village - Building F,2600 SW Barton St,Seattle,WA,98126.0,3624039009,1,DELRIDGE,47.52254,-122.36627,2005,1.0,1,26208,0,26208,Retail Store,Retail Store,32427.0,,,,,,1608884.25,Compliant,,Mono-usage
24646,2016,Nonresidential COS,Other,Southwest Teen Life Center and Pool,2801 Thistle St,Seattle,WA,98106.0,3624039172,1,DELRIDGE,47.52801,-122.36918,1975,0.0,2,27227,0,27227,"Fitness Center/Health Club/Gym, Office, Other - Recreation, Other - Technology/Science, Pre-school/Daycare, Swimming Pool",Other - Recreation,29064.0,Fitness Center/Health Club/Gym,8508.0,Pre-school/Daycare,715.0,,8054334.0,Compliant,,Multi-usages
24649,2016,NonResidential,Mixed Use Property,Crown Hill Center,9250 14th Ave NW,Seattle,WA,98117.0,3626039053,6,BALLARD,47.69766,-122.37346,1926,1.0,1,42172,0,42172,"Food Service, Other, Other - Education, Other - Entertainment/Public Assembly, Other - Recreation, Social/Meeting Hall",Other - Education,12000.0,Other - Entertainment/Public Assembly,11400.0,Social/Meeting Hall,9100.0,,3275779.25,Compliant,,Multi-usages
24711,2016,NonResidential,Small- and Mid-Sized Office,Fobes Building - 558,558 1st Avenue South,Seattle,WA,98104.0,7666206865,2,DOWNTOWN,47.59657,-122.33394,1910,1.0,5,32250,0,32250,Office,Office,32250.0,,,,,,796042.375,Compliant,,Mono-usage
24653,2016,NonResidential,Retail Store,(ID24653) Greenwood Shopping Center,100 N 85TH ST,Seattle,WA,98103.0,3626039310,6,NORTHWEST,47.69061,-122.35731,1953,1.0,1,51000,0,51000,Retail Store,Retail Store,51000.0,,,,,,1298039.875,Compliant,,Mono-usage
24700,2016,NonResidential,Mixed Use Property,JukeboxCity Building,1946-1952 1st Ave S,Seattle,WA,98134.0,7666206275,2,GREATER DUWAMISH,47.58452,-122.3337,1916,1.0,1,27000,0,27000,"Other, Other - Entertainment/Public Assembly, Self-Storage Facility",Other,9000.0,Other - Entertainment/Public Assembly,9000.0,Self-Storage Facility,9000.0,,229856.4063,Compliant,,Multi-usages
24701,2016,NonResidential,Other,(ID24701) Showbox SODO,1700 1ST AVE S,Seattle,WA,98134.0,7666206400,2,GREATER DUWAMISH,47.58787,-122.33365,1935,1.0,2,20747,0,20747,"Office, Other - Entertainment/Public Assembly, Restaurant",Other - Entertainment/Public Assembly,11815.0,Restaurant,5120.0,Office,3812.0,,1001964.0,Compliant,,Multi-usages
24705,2016,NonResidential,Warehouse,(ID24705) Budget Sales- 1534 1st Ave S,1534 1st Ave S,Seattle,WA,98101.0,7666206455,2,GREATER DUWAMISH,47.58903,-122.33361,1928,1.0,2,40800,0,40800,"Non-Refrigerated Warehouse, Office",Non-Refrigerated Warehouse,36000.0,Office,4800.0,,,,817255.875,Compliant,,Multi-usages
24708,2016,NonResidential,Small- and Mid-Sized Office,820,820 1st Ave S,Seattle,WA,98134.0,7666206631,2,GREATER DUWAMISH,47.59508,-122.33378,1920,1.0,2,20150,0,20150,Office,Office,20150.0,,,,,,576174.125,Compliant,,Mono-usage
24712,2016,NonResidential,Small- and Mid-Sized Office,Fobes Building - 562,562 1st Avenue South,Seattle,WA,98104.0,7666206865,2,DOWNTOWN,47.59639,-122.33368,1909,1.0,7,36000,0,36000,Office,Office,31500.0,,,,,,1682454.875,Compliant,,Mono-usage
24714,2016,NonResidential,Warehouse,Great Floors,1251 1st Ave S,Seattle,WA,98111.0,7666206990,2,GREATER DUWAMISH,47.59081,-122.33487,1938,1.0,2,41276,0,41276,"Non-Refrigerated Warehouse, Office, Retail Store",Non-Refrigerated Warehouse,24300.0,Retail Store,13284.0,Office,3692.0,,2502081.0,Compliant,,Multi-usages
24716,2016,NonResidential,Refrigerated Warehouse,Pacific Commercial,85 South Atlantic St.,Seattle,WA,98134.0,7666207070,2,GREATER DUWAMISH,47.58999,-122.33539,1937,0.0,2,24430,0,24430,"Other, Refrigerated Warehouse",Refrigerated Warehouse,15667.0,Other,8690.0,,,,1232822.875,Compliant,,Multi-usages
24717,2016,NonResidential,Other,1701 First Ave South LLC,1701 First Ave South,Seattle,WA,98134.0,7666207085,2,GREATER DUWAMISH,47.58788,-122.33458,1910,1.0,3,27690,0,27690,"Other, Parking",Other,24717.0,Parking,0.0,,,,16808.90039,Non-Compliant,Low outlier,Multi-usages
24720,2016,NonResidential,Small- and Mid-Sized Office,Guardian Security Systems,1743 1st Ave S,Seattle,WA,98134.0,7666207100,2,GREATER DUWAMISH,47.58686,-122.33469,1927,1.0,1,22580,0,22580,Office,Office,22580.0,,,,,,928584.875,Compliant,,Mono-usage
24725,2016,NonResidential,Warehouse,Seattle Curtain Mfg Co,104 Twelfth Avenue,Seattle,WA,98122.0,8061000025,3,CENTRAL,47.60192,-122.31641,1926,1.0,1,20000,0,20000,Non-Refrigerated Warehouse,Non-Refrigerated Warehouse,20000.0,,,,,,743528.125,Compliant,,Mono-usage
24726,2016,NonResidential,Warehouse,"Archives, Records and Elections Warehouse",1215 E Fir St,Seattle,WA,98122.0,8061000045,3,CENTRAL,47.60224,-122.31529,1954,1.0,1,42000,0,42000,"Non-Refrigerated Warehouse, Office",Non-Refrigerated Warehouse,38000.0,Office,4000.0,,,,2070005.625,Compliant,,Multi-usages
24758,2016,NonResidential,Self-Storage Facility,TRW Building,1120 12th Ave,Seattle,WA,98122.0,3225049017,3,CENTRAL,47.61234,-122.31628,1962,1.0,1,24248,0,24248,"Parking, Self-Storage Facility",Self-Storage Facility,21018.0,Parking,3230.0,,,,111969.7031,Compliant,,Multi-usages
24769,2016,NonResidential,Senior Care Community,Aljoya Thornton Place,450 NE 100th St,Seattle,WA,98133.0,3226049568,5,NORTH,47.70178,-122.32352,2009,1.0,6,244500,0,244500,Senior Care Community,Senior Care Community,244500.0,,,,,,11019641.0,Compliant,,Mono-usage
24778,2016,NonResidential,Warehouse,5055 Properties LLC (ID24778),5055 E Marginal Way S,Seattle,WA,98134.0,3573201061,2,GREATER DUWAMISH,47.55608,-122.3388,1932,1.0,1,24617,0,24617,Non-Refrigerated Warehouse,Non-Refrigerated Warehouse,22752.0,,,,,,106918.0,Compliant,,Mono-usage
24780,2016,NonResidential,Other,McKinstry SEA - 210 S Hudson Innovation Center,210 S Hudson St,Seattle,WA,98134.0,3573700130,2,GREATER DUWAMISH,47.55768,-122.33137,2009,1.0,3,127065,84710,42355,"Office, Parking",Parking,84710.0,Office,42355.0,,,,3245111.5,Compliant,,Multi-usages
24781,2016,NonResidential,Retail Store,Grainger Branch 756,4930 3rd Ave S,Seattle,WA,98134.0,3573700195,2,GREATER DUWAMISH,47.55772,-122.33017,1964,1.0,1,37247,0,37247,Retail Store,Retail Store,37247.0,,,,,,1748644.5,Compliant,,Mono-usage
24803,2016,NonResidential,Retail Store,"JG Crown Hill, LLC",8700 15th Ave NW,Seattle,WA,98117.0,7515000155,6,BALLARD,47.69274,-122.37602,1993,1.0,1,25384,0,25384,Retail Store,Retail Store,23468.0,,,,,,3027867.5,Compliant,,Mono-usage
24822,2016,NonResidential,Small- and Mid-Sized Office,1943 First Avenue,1943 1st Avenue South,Seattle,WA,98134.0,7666207160,2,GREATER DUWAMISH,47.58462,-122.3347,1910,0.0,3,49052,0,49052,"Office, Retail Store",Office,32393.0,Retail Store,10057.0,,,,1441445.625,Compliant,,Multi-usages
24823,2016,NonResidential,Warehouse,Millwork Supply,2225 1ST AVE S,Seattle,WA,98134.0,7666207185,2,GREATER DUWAMISH,47.58318,-122.3347,1900,1.0,2,52110,0,52110,Non-Refrigerated Warehouse,Non-Refrigerated Warehouse,32000.0,,,,,,586589.1875,Compliant,,Mono-usage
24825,2016,NonResidential,Small- and Mid-Sized Office,2233 Building,2233 1st AVE.South,Seattle,WA,98104.0,7666207190,2,GREATER DUWAMISH,47.58292,-122.33468,1910,1.0,2,20970,0,20970,"Office, Parking",Office,20970.0,Parking,0.0,,,,204499.0938,Non-Compliant,Low outlier,Multi-usages
24830,2016,NonResidential,Small- and Mid-Sized Office,Sodo Commerce Building,66 Hanford St,Seattle,WA,98134.0,7666207340,2,GREATER DUWAMISH,47.57595,-122.33624,1937,1.0,2,39036,0,39036,"Office, Other",Office,27636.0,Other,13611.0,,,,1528295.75,Compliant,,Multi-usages
24840,2016,NonResidential,Small- and Mid-Sized Office,KR Trigger Building,3201 1st Ave S,Seattle,WA,98134.0,7666207420,2,GREATER DUWAMISH,47.57529,-122.33475,1923,1.0,1,26310,0,26310,"Non-Refrigerated Warehouse, Office, Social/Meeting Hall",Office,24000.0,Non-Refrigerated Warehouse,8874.0,Social/Meeting Hall,1000.0,,771512.6875,Compliant,,Multi-usages
24857,2016,NonResidential,Retail Store,(ID24857) EMPIRE CENTER,6032 M L KING JR WAY S,Seattle,WA,98118.0,8113100170,2,SOUTHEAST,47.54723,-122.28455,1966,1.0,1,37883,0,37883,"Retail Store, Supermarket/Grocery Store",Retail Store,28734.0,Supermarket/Grocery Store,24813.0,,,,12434593.0,Compliant,,Multi-usages
24862,2016,NonResidential,K-12 School,Our Lady of Guadalupe School,3401 SW Myrtle St.,Seattle,WA,98126.0,8123100005,1,DELRIDGE,47.53887,-122.37564,1962,1.0,3,29874,0,29874,K-12 School,K-12 School,31375.0,,,,,,1274049.75,Compliant,,Mono-usage
24868,2016,NonResidential,Worship Facility,Magnolia,2415 31st Ave,Seattle,WA,98199.0,8127700530,7,MAGNOLIA / QUEEN ANNE,47.64,-122.39743,1965,1.0,1,20140,0,20140,"Parking, Worship Facility",Worship Facility,22000.0,Parking,0.0,,,,992794.6875,Compliant,,Multi-usages
24876,2016,NonResidential,Self-Storage Facility,Greenwood Self Service Storage,10115 Greenwood Ave N.,Seattle,WA,98133.0,3626039349,6,NORTHWEST,47.70281,-122.35623,1990,1.0,2,71874,31389,40485,Self-Storage Facility,Self-Storage Facility,71874.0,,,,,,1242811.75,Compliant,,Mono-usage
24886,2016,NonResidential,Small- and Mid-Sized Office,RCC,100 23RD AVE S,Seattle,WA,98144.0,3646100005,3,CENTRAL,47.60104,-122.30155,1971,1.0,2,39953,0,39953,Office,Office,30100.0,,,,,,1508561.875,Compliant,,Mono-usage
24893,2016,NonResidential,Retail Store,Promenade North 1,306 23rd Ave S,Seattle,WA,98144.0,3646100320,3,CENTRAL,47.60009,-122.3017,1998,1.0,2,21200,0,21200,"Office, Retail Store",Retail Store,14168.0,Office,7032.0,,,,1676426.5,Compliant,,Multi-usages
24895,2016,NonResidential,Supermarket / Grocery Store,Promenade South 1,2309 S Jackson St,Seattle,WA,98144.0,3646100390,3,CENTRAL,47.59881,-122.30189,1980,1.0,1,30630,0,30630,"Other, Supermarket/Grocery Store",Supermarket/Grocery Store,28470.0,Other,2442.0,,,,6058494.0,Compliant,,Multi-usages
24896,2016,NonResidential,Retail Store,Promenade South 2,2309 S Jackson St,Seattle,WA,98144.0,3646100390,3,CENTRAL,47.59881,-122.30189,1980,1.0,2,23421,0,23421,"Bank Branch, Retail Store",Retail Store,19271.0,Bank Branch,4150.0,,,,1896626.375,Compliant,,Multi-usages
24909,2016,NonResidential,Worship Facility,Ballard First Lutheran Church,2006 NW 65th Street,Seattle,WA,98117.0,7518505195,6,BALLARD,47.67628,-122.38238,1928,1.0,2,24120,0,24120,Worship Facility,Worship Facility,24120.0,,,,,,893053.1875,Compliant,,Mono-usage
24911,2016,NonResidential,Worship Facility,Trinity United Methodist Church,6512 23rd Avenue NW,Seattle,WA,98117.0,7518507190,6,BALLARD,47.6764,-122.38502,1929,1.0,3,35736,0,35736,"Office, Worship Facility",Worship Facility,28970.0,Office,6766.0,,,,1148202.25,Compliant,,Multi-usages
24943,2016,NonResidential,Warehouse,24943-60S-E,60 South Spokane Street,Seattle,WA,98134.0,7666207461,2,GREATER DUWAMISH,47.57298,-122.33644,1941,1.0,1,51050,0,51050,Non-Refrigerated Warehouse,Non-Refrigerated Warehouse,49500.0,,,,,,1206165.75,Compliant,,Mono-usage
24948,2016,NonResidential,Retail Store,(ID24948) BARGREEN-ELLINGSON,3627 1ST AVE S,Seattle,WA,98134.0,7666207515,2,GREATER DUWAMISH,47.57044,-122.33475,1954,1.0,2,21900,0,21900,Retail Store,Retail Store,21900.0,,,,,,1302192.875,Compliant,,Mono-usage
24955,2016,NonResidential,Distribution Center,3420/3430 E. Marginal Way Whse,3420/3430 E. Marginal Way,Seattle,WA,98134.0,7666207585,2,GREATER DUWAMISH,47.57227,-122.33843,1952,1.0,1,16300,0,16300,Distribution Center,Distribution Center,65164.0,,,,,,150167.7969,Compliant,,Mono-usage
24958,2016,NonResidential,Warehouse,3401 Colorado Ave S. Whse,3401 Colorado Ave. S.,Seattle,WA,98134.0,7666207605,2,GREATER DUWAMISH,47.57339,-122.33735,1964,1.0,1,33462,0,33462,Non-Refrigerated Warehouse,Non-Refrigerated Warehouse,33462.0,,,,,,1386445.375,Compliant,,Mono-usage
24959,2016,NonResidential,Mixed Use Property,Hanford Center,25 S Hanford St,Seattle,WA,98134.0,7666207610,2,GREATER DUWAMISH,47.57506,-122.33862,1952,1.0,1,35310,0,35310,"Non-Refrigerated Warehouse, Other, Refrigerated Warehouse",Other,10471.0,Non-Refrigerated Warehouse,9875.0,Refrigerated Warehouse,8877.0,,1331469.75,Compliant,,Multi-usages
24991,2016,NonResidential,Other,DUWAMISH,7000 E MARGINAL WAY S,Seattle,WA,98108.0,8159100110,2,GREATER DUWAMISH,47.54089,-122.32323,1962,1.0,3,36140,0,36140,Other,Other,34733.0,,,,,,4653535.0,Compliant,,Mono-usage
24994,2016,NonResidential,Other,Ding How Shopping Center,1207 S Jackson St,Seattle,WA,98144.0,8170100120,3,DOWNTOWN,47.59886,-122.31678,1991,1.0,2,47963,21384,26579,"Other - Mall, Parking",Other - Mall,29640.0,Parking,6000.0,,,,8163413.0,Compliant,,Multi-usages
25000,2016,NonResidential,Warehouse,KLC GROUP LLC,1000 S WELLER ST,Seattle,WA,98104.0,8170100295,2,DOWNTOWN,47.59774,-122.31936,1930,1.0,1,23903,0,23903,"Non-Refrigerated Warehouse, Worship Facility",Non-Refrigerated Warehouse,18350.0,Worship Facility,4500.0,,,,415364.5938,Compliant,,Multi-usages
25001,2016,NonResidential,Self-Storage Facility,Econo Mini Storage,6920 Roosevelt Way NE,Seattle,WA,98115.0,3658700540,4,NORTHEAST,47.67923,-122.31715,1947,1.0,3,22522,0,22522,Self-Storage Facility,Self-Storage Facility,22522.0,,,,,,561473.875,Compliant,,Mono-usage
25002,2016,NonResidential,Self-Storage Facility,Roosevelt Self Storage,6910 Roosevelt Way NE,Seattle,WA,98115.0,3658700555,4,NORTHEAST,47.67905,-122.31697,1996,1.0,4,38959,0,38959,Self-Storage Facility,Self-Storage Facility,38959.0,,,,,,905750.375,Compliant,,Mono-usage
25025,2016,NonResidential,Warehouse,(ID25025) 1801 Ranier Ave S,1801 Ranier Ave S,Seattle,WA,98144.0,3683900005,3,GREATER DUWAMISH,47.5867,-122.30519,1928,1.0,2,25955,0,25955,"Non-Refrigerated Warehouse, Office, Other - Services",Non-Refrigerated Warehouse,14150.0,Other - Services,8745.0,Office,3060.0,,1218112.0,Compliant,,Multi-usages
25115,2016,NonResidential,Worship Facility,Bethel Presbyterian Church,11010 Greenwood Ave N,Seattle,WA,98133.0,8911000155,5,NORTHWEST,47.70901,-122.35498,1951,1.0,2,21936,0,21936,Worship Facility,Worship Facility,21936.0,,,,,,608755.375,Compliant,,Mono-usage
25124,2016,NonResidential,Other,4H Investments,12001 31st AVE NE,Seattle,WA,98125.0,8822900840,5,NORTH,47.7162,-122.2956,1960,1.0,1,25406,0,25406,"Personal Services (Health/Beauty, Dry Cleaning, etc)","Personal Services (Health/Beauty, Dry Cleaning, etc)",25406.0,,,,,,2442220.0,Compliant,,Mono-usage
25148,2016,NonResidential,Small- and Mid-Sized Office,EJ and J Pacific,4714 Rainier Ave S,Seattle,WA,98118.0,3929900010,2,SOUTHEAST,47.56029,-122.2858,1967,1.0,2,23250,0,23250,Office,Office,22014.0,,,,,,904236.0,Compliant,,Mono-usage
25163,2016,NonResidential,Warehouse,McKinstry SEA - 4800 Denver Warehouse,4800 Denver Ave S.,Seattle,WA,98134.0,3957900098,2,GREATER DUWAMISH,47.55966,-122.33146,1960,1.0,1,30000,0,30000,"Non-Refrigerated Warehouse, Parking",Non-Refrigerated Warehouse,30000.0,Parking,0.0,,,,2794837.0,Compliant,,Multi-usages
25165,2016,Nonresidential COS,Warehouse,SDOT Traffic Shop,4500 Airport Way S,Seattle,WA,98108.0,3958900065,2,GREATER DUWAMISH,47.56522,-122.32205,1962,1.0,1,45036,0,45036,"Non-Refrigerated Warehouse, Office, Repair Services (Vehicle, Shoe, Locksmith, etc)",Non-Refrigerated Warehouse,21110.0,"Repair Services (Vehicle, Shoe, Locksmith, etc)",14074.0,Office,6755.0,,1791697.75,Compliant,,Multi-usages
25222,2016,NonResidential,Mixed Use Property,Olive 8,737 Olive Way,Seattle,WA,98101.0,6364000000,7,DOWNTOWN,47.61376,-122.33445,2009,1.0,39,1074552,112124,962428,"Hotel, Multifamily Housing, Parking",Multifamily Housing,311521.0,Hotel,303000.0,Parking,141450.0,,26416770.0,Compliant,,Multi-usages
25250,2016,NonResidential,University,Student Union Building / Royal Brougham Pavilion,315 W. Bertona,Seattle,WA,98119.0,8900000555,7,MAGNOLIA / QUEEN ANNE,47.65019,-122.36173,1959,1.0,2,122679,0,122679,"College/University, Restaurant",College/University,101035.0,Restaurant,2000.0,,,,16378152.0,Compliant,,Multi-usages
25268,2016,NonResidential,Small- and Mid-Sized Office,(ID25268) LANDMARK BUILDING,11000 LAKE CITY WAY NE,Seattle,WA,98125.0,8902500361,5,NORTH,47.70868,-122.30089,1980,1.0,4,23022,0,23022,Office,Office,23022.0,,,,,,1027230.875,Compliant,,Mono-usage
25275,2016,NonResidential,Refrigerated Warehouse,Express Cold Storage,4604 4th Ave S,Seattle,WA,98134.0,3958900601,2,GREATER DUWAMISH,47.56173,-122.32885,1967,1.0,1,27263,0,27263,"Office, Other, Refrigerated Warehouse",Refrigerated Warehouse,22000.0,Other,2700.0,Office,2500.0,,2470642.0,Compliant,,Multi-usages
25276,2016,NonResidential,Warehouse,Pedersens Rentals,4500 4th Avenue South,Seattle,WA,98134.0,3958900645,2,GREATER DUWAMISH,47.56318,-122.32889,1962,1.0,1,31569,0,31569,Non-Refrigerated Warehouse,Non-Refrigerated Warehouse,33000.0,,,,,,3064039.5,Compliant,,Mono-usage
25277,2016,NonResidential,Warehouse,Pedersen Party Rentals,4424 4th Ave. S.,Seattle,WA,98134.0,3958900650,2,GREATER DUWAMISH,47.56362,-122.32876,1956,1.0,1,22509,0,22509,Non-Refrigerated Warehouse,Non-Refrigerated Warehouse,22509.0,,,,,,177812.7969,Compliant,,Mono-usage
25278,2016,NonResidential,Warehouse,(ID25278) 4400 BUILDING,4400 4TH AVE S,Seattle,WA,98134.0,3958900786,2,GREATER DUWAMISH,47.56424,-122.32902,1956,1.0,1,39984,0,39984,"Non-Refrigerated Warehouse, Office",Non-Refrigerated Warehouse,31184.0,Office,8800.0,,,,1073156.375,Compliant,,Multi-usages
25325,2016,NonResidential,Worship Facility,All Pilgrims Christian Church,500 Broadway E,Seattle,WA,98102.0,6852700670,3,EAST,47.62322037,-122.320017,1906,1.0,1,26440,0,26440,Worship Facility,Worship Facility,26440.0,,,,,,719905.1875,Compliant,,Mono-usage
25364,2016,NonResidential,Self-Storage Facility,Seattle Self Storage,1100 Poplar Place S,Seattle,WA,98144.0,7133800125,3,GREATER DUWAMISH,47.59291,-122.31042,1956,1.0,2,28800,0,28800,Self-Storage Facility,Self-Storage Facility,28800.0,,,,,,1143826.625,Compliant,,Mono-usage
25371,2016,NonResidential,K-12 School,Epiphany School,1802 36TH AVE,Seattle,WA,98122.0,9103000660,3,CENTRAL,47.61791,-122.28594,2009,4.0,2,28500,0,28500,K-12 School,K-12 School,31100.0,,,,,,1162561.125,Compliant,,Mono-usage
25451,2016,NonResidential,Restaurant,Yale Street Landing  and Ocean Alexander,1001 Fairview Ave N,Seattle,WA,98109.0,4088803010,3,LAKE UNION,47.62902,-122.33173,1978,1.0,2,26519,0,26519,"Office, Restaurant",Restaurant,13592.0,Office,12927.0,,,,3717064.0,Compliant,,Multi-usages
25452,2016,NonResidential,Mixed Use Property,Chandler's Cove - SEDO,901 Fairview Ave. N.,Seattle,WA,98109.0,4088803045,3,LAKE UNION,47.62774,-122.33384,1988,1.0,2,34639,15402,19237,"Other, Parking, Restaurant",Restaurant,23373.0,Other,19659.0,Parking,15402.0,,15480681.0,Compliant,,Multi-usages
25457,2016,NonResidential,Other,Art Marble 21,731 Westlake Ave N,Seattle,WA,98109.0,4088803510,7,MAGNOLIA / QUEEN ANNE,47.62643,-122.33946,1921,1.0,2,26300,0,26300,Other - Entertainment/Public Assembly,Other - Entertainment/Public Assembly,26300.0,,,,,,3537841.5,Compliant,,Mono-usage
25461,2016,NonResidential,Restaurant,(ID25461) CHINA HARBOR RESTURANT & MARINA,2040 WESTLAKE AVE N,Seattle,WA,98109.0,4088803835,7,LAKE UNION,47.63734,-122.33988,1962,0.0,2,34072,0,34072,Restaurant,Restaurant,34072.0,,,,,,6584966.5,Compliant,,Mono-usage
25462,2016,NonResidential,Small- and Mid-Sized Office,1848 Building,1848 Westlake Avenue North,Seattle,WA,98109.0,4088803945,7,LAKE UNION,47.63614,-122.33982,1949,1.0,3,23355,0,23355,Office,Office,21915.0,,,,,,840549.375,Compliant,,Mono-usage
25464,2016,NonResidential,Small- and Mid-Sized Office,Waterworks Offices + Marina,1818 Westlake Ave N,Seattle,WA,98109.0,4088803975,7,MAGNOLIA / QUEEN ANNE,47.63575,-122.33895,1965,1.0,4,30840,0,30840,"Office, Restaurant",Office,29255.0,Restaurant,1180.0,,,,3542708.5,Compliant,,Multi-usages
25471,2016,NonResidential,Other,National Barricade Seattle,6518 Ravenna Ave NE,Seattle,WA,98115.0,7169200020,4,NORTHEAST,47.67642,-122.3035,1946,1.0,1,20332,0,20332,Other,Other,20332.0,,,,,,392683.6875,Compliant,,Mono-usage
25513,2016,NonResidential,Worship Facility,St. Therese Parish,3416 E. Marion,Seattle,WA,98122.0,9184700280,3,CENTRAL,47.61118,-122.288,1900,1.0,1,21850,0,21850,Worship Facility,Worship Facility,21850.0,,,,,,317794.4063,Compliant,,Mono-usage
25522,2016,NonResidential,Mixed Use Property,YouthCare,5401 26th Ave NE,Seattle,WA,98105.0,9191201460,4,NORTHEAST,47.66827,-122.29978,1997,1.0,4,32282,6985,25297,"Multifamily Housing, Office, Other, Parking",Multifamily Housing,12600.0,Parking,6985.0,Other,6576.0,,1391714.25,Compliant,,Multi-usages
25528,2016,NonResidential,Large Office,Waterfront Place,1011 Western Ave,Seattle,WA,98104.0,9195900000,7,DOWNTOWN,47.60449,-122.33803,1983,1.0,13,307557,83064,224493,"Multifamily Housing, Office, Parking, Retail Store",Office,162422.0,Parking,83064.0,Multifamily Housing,55065.0,,9512829.0,Compliant,,Multi-usages
25537,2016,NonResidential,Self-Storage Facility,FremontBridgeMini,319 Nickerson St,Seattle,WA,98109.0,5244800055,7,MAGNOLIA / QUEEN ANNE,47.64633,-122.3508,1918,1.0,2,28309,0,28309,Self-Storage Facility,Self-Storage Facility,28309.0,,,,,,430308.9063,Compliant,,Mono-usage
25540,2016,NonResidential,Hotel,Pioneer Square Hotel,77 Yesler Way,Seattle,WA,98104.0,5247800005,7,DOWNTOWN,47.60154,-122.3352,1914,1.0,4,45500,0,45500,Hotel,Hotel,45500.0,,,,,,2799595.0,Compliant,,Mono-usage
25541,2016,NonResidential,Small- and Mid-Sized Office,The Maynard Building,119 1st Ave. S.,Seattle,WA,98104.0,5247800035,7,DOWNTOWN,47.60106,-122.33458,1900,1.0,5,38376,0,38376,"Office, Retail Store",Office,29258.0,Retail Store,2409.0,,,,2058532.875,Compliant,,Multi-usages
25543,2016,NonResidential,Small- and Mid-Sized Office,Gatzert/Schwabacher,103 1st Ave,Seattle,WA,98104.0,5247800046,7,DOWNTOWN,47.60149,-122.33458,1900,1.0,4,42804,0,42804,"Office, Retail Store",Office,24120.0,Retail Store,6583.0,,,,1544501.75,Compliant,,Multi-usages
25546,2016,NonResidential,Mixed Use Property,Compass Housing Alliance - Pioneer Square,210 Alaskan Way S / 77 S. Washington St,Seattle,WA,98104.0,5247800080,7,DOWNTOWN,47.6005,-122.33514,2005,0.0,5,57600,0,57600,"Financial Office, Multifamily Housing, Parking, Residence Hall/Dormitory",Residence Hall/Dormitory,27600.0,Multifamily Housing,16000.0,Financial Office,7000.0,,6983736.0,Compliant,,Multi-usages
25548,2016,NonResidential,Small- and Mid-Sized Office,New England,319 1st Ave,Seattle,WA,98104.0,5247800105,7,DOWNTOWN,47.60023,-122.33459,1900,1.0,4,33300,0,33300,"Office, Restaurant, Retail Store, Self-Storage Facility",Office,26639.0,Restaurant,2820.0,Retail Store,2377.0,,1287497.375,Compliant,,Multi-usages
25553,2016,NonResidential,Hotel,J & M HOTEL BUILDING (ID25553),210 1St Ave S,Seattle,WA,98104.0,5247800130,7,DOWNTOWN,47.60035,-122.33379,1900,1.0,3,25450,0,25450,Hotel,Hotel,25450.0,,,,,,503744.6875,Non-Compliant,Low outlier,Mono-usage
25554,2016,NonResidential,Other,Alaskan Way,304 Alaskan Way S,Seattle,WA,98104.0,5247800140,7,DOWNTOWN,47.59976,-122.33514,1900,1.0,3,22200,0,22200,Other,Other,22200.0,,,,,,188745.7031,Compliant,,Mono-usage
25563,2016,NonResidential,Warehouse,Nautical Landing,2500 Westlake Ave N,Seattle,WA,98109.0,4088804350,7,MAGNOLIA / QUEEN ANNE,47.64306,-122.34219,1968,1.0,2,29498,0,29498,"Non-Refrigerated Warehouse, Office",Non-Refrigerated Warehouse,19749.0,Office,9148.0,,,,3768900.5,Compliant,,Multi-usages
25567,2016,NonResidential,Warehouse,1109 N NORTHLAKE WAY,1109 N NORTHLAKE WAY,Seattle,WA,98103.0,4088804520,4,LAKE UNION,47.64793,-122.34358,1938,1.0,1,23050,0,23050,Non-Refrigerated Warehouse,Non-Refrigerated Warehouse,23050.0,,,,,,466672.6875,Compliant,,Mono-usage
25568,2016,NonResidential,Small- and Mid-Sized Office,Talon Northlake LLC,1341 N Northlake Way,Seattle,WA,98103.0,4088804565,4,LAKE UNION,47.64747,-122.34086,2008,1.0,4,48350,0,48350,Office,,,,,,,,3168131.0,Compliant,,Mono-usage
25572,2016,NonResidential,Retail Store,PETCO,809 NE 45 STREET,Seattle,WA,98105.0,4092300005,4,NORTHEAST,47.66097,-122.3192,1930,1.0,1,46059,0,46059,Retail Store,Retail Store,46000.0,,,,,,1582655.875,Compliant,,Mono-usage
25635,2016,NonResidential,Medical Office,Seattle Healing Arts,6300 9th Ave NE,Seattle,WA,98115.0,9221400445,4,NORTHEAST,47.67437,-122.3181,1970,1.0,2,23595,0,23595,Medical Office,Medical Office,23595.0,,,,,,817409.625,Compliant,,Mono-usage
25657,2016,NonResidential,Small- and Mid-Sized Office,Herman Blumenthal Building,122 South Jackson,Seattle,WA,98104.0,5247800350,7,DOWNTOWN,47.59938,-122.33328,1900,1.0,3,28142,0,28142,Office,Office,28142.0,,,,,,847097.8125,Compliant,,Mono-usage
25658,2016,NonResidential,Small- and Mid-Sized Office,The Occidental Building,311 Occidental Ave. S.,Seattle,WA,98104.0,5247800355,7,DOWNTOWN,47.59954,-122.33327,1900,1.0,3,28760,0,28760,"Non-Refrigerated Warehouse, Office, Retail Store",Office,12314.0,Retail Store,6020.0,Non-Refrigerated Warehouse,6000.0,,2615973.5,Compliant,,Multi-usages
25659,2016,NonResidential,Small- and Mid-Sized Office,Union Trust Building,119 S. Main Street,Seattle,WA,98104.0,5247800360,7,DOWNTOWN,47.59979,-122.33318,1902,1.0,4,39030,0,39030,"Office, Retail Store",Office,32001.0,Retail Store,6685.0,,,,713326.875,Compliant,,Multi-usages
25661,2016,NonResidential,Small- and Mid-Sized Office,Buttnick City Loan,206 1st Avenue South,Seattle,WA,98104.0,5247800380,7,DOWNTOWN,47.60071,-122.33377,1909,0.0,3,47215,0,47215,"Office, Retail Store",Office,23659.0,Retail Store,22376.0,,,,2092696.0,Compliant,,Multi-usages
25663,2016,Nonresidential COS,Other,East Precinct,1519 12th Ave,Seattle,WA,98122.0,6003500315,3,EAST,47.61492,-122.31728,1926,1.0,2,61580,27000,34580,"Other, Parking",Other,36280.0,Parking,23154.0,,,,4199443.0,Compliant,,Multi-usages
25664,2016,NonResidential,Small- and Mid-Sized Office,Ballou Wright Building,1517 12th Ave,Seattle,WA,98122.0,6003500330,3,EAST,47.61459,-122.31724,1917,1.0,3,30720,0,30720,"Office, Retail Store",Office,29720.0,Retail Store,1000.0,,,,1288669.5,Compliant,,Multi-usages
25666,2016,NonResidential,Mixed Use Property,(ID25666) POST OPTIONS,1122 E PIKE ST,Seattle,WA,98122.0,6003500340,3,EAST,47.61428,-122.31726,1916,1.0,2,20640,0,20640,"Office, Restaurant, Retail Store",Retail Store,9750.0,Office,9212.0,Restaurant,2450.0,,412562.4063,Compliant,,Multi-usages
25667,2016,NonResidential,Mixed Use Property,Pike Building,1000 E Pike St,Seattle,WA,98122.0,6003500345,3,EAST,47.61421,-122.3193,1912,1.0,2,34914,0,34914,"Office, Restaurant, Retail Store",Retail Store,14983.0,Restaurant,10638.0,Office,5837.0,,1333289.625,Compliant,,Multi-usages
25670,2016,NonResidential,Small- and Mid-Sized Office,Legacy Pine Street,1535 11th Ave,Seattle,WA,98122.0,6003500395,3,EAST,47.61508,-122.31845,1906,1.0,3,20897,0,20897,"Non-Refrigerated Warehouse, Office, Retail Store",Office,10228.0,Retail Store,3433.0,Non-Refrigerated Warehouse,3400.0,,964923.8125,Compliant,,Multi-usages
25671,2016,NonResidential,Retail Store,Capital Hill,1525 11th Ave,Seattle,WA,98122.0,6003500420,3,EAST,47.61478,-122.31847,1916,1.0,2,36940,0,36940,Retail Store,Retail Store,36940.0,,,,,,336745.4063,Compliant,,Mono-usage
25672,2016,NonResidential,Small- and Mid-Sized Office,Ten Sixteen East Pike Inc,1016 East Pike,Seattle,WA,98122.0,6003500440,3,EAST,47.61435,-122.31859,1913,1.0,3,22866,0,22866,Office,Office,22866.0,,,,,,1153690.125,Compliant,,Mono-usage
25673,2016,NonResidential,Retail Store,The Ford Building,1521 10th Ave,Seattle,WA,98122.0,6003500470,3,EAST,47.61466,-122.31984,1920,1.0,1,30240,0,30240,"Restaurant, Retail Store",Retail Store,32205.0,Restaurant,714.0,,,,1264626.875,Compliant,,Multi-usages
25674,2016,NonResidential,Low-Rise Multifamily,(ID25674) COMET TAVERN,916 E PIKE ST,Seattle,WA,98122.0,6003500480,3,EAST,47.61427,-122.31977,1910,1.0,3,32100,0,32100,"Bar/Nightclub, Multifamily Housing",Multifamily Housing,21400.0,Bar/Nightclub,10700.0,,,,108200.3984,Non-Compliant,Low outlier,Multi-usages
25694,2016,NonResidential,Other,W00342,801 NE 42ND,Seattle,WA,98105.0,4092301550,4,NORTHEAST,47.65729,-122.31937,1962,1.0,2,28586,0,28586,Other,Other,27022.0,,,,,,5078204.0,Compliant,,Mono-usage
25709,2016,NonResidential,Hotel,Weller & Second Associates,670 S. Weller Street,Seattle,WA,98104.0,5247802370,2,DOWNTOWN,47.59766,-122.32394,1908,1.0,3,28800,0,28800,"Hotel, Restaurant",Hotel,21600.0,Restaurant,7200.0,,,,4644346.0,Compliant,,Multi-usages
25711,2016,NonResidential,Restaurant,BUSH GARDEN - RESTURANT & LOUNGE,614 S MAYNARD AVE S,Seattle,WA,98104.0,5247802410,2,DOWNTOWN,47.59697,-122.32474,1913,1.0,3,28800,0,28800,Restaurant,,,,,,,,899924.1875,Compliant,,Mono-usage
25713,2016,NonResidential,Small- and Mid-Sized Office,International Building,666 S. Dearborn St,Seattle,WA,98104.0,5247802530,2,DOWNTOWN,47.59644,-122.32415,1979,1.0,3,35202,0,35202,"Bank Branch, Office",Office,24227.0,Bank Branch,9127.0,,,,3605755.5,Compliant,,Multi-usages
25737,2016,NonResidential,Senior Care Community,FAERLAND TERRACE,1421 MINOR AVE,Seattle,WA,98101.0,8725600380,7,EAST,47.61318,-122.32747,1969,1.0,6,95117,26082,69035,"Parking, Senior Care Community",Senior Care Community,69035.0,Parking,26082.0,,,,7202141.5,Compliant,,Multi-usages
25743,2016,NonResidential,Worship Facility,(ID25743) FIRST COVENANT CHURCH,400 E PIKE ST,Seattle,WA,98122.0,8725600475,3,EAST,47.61426,-122.32661,1910,1.0,2,24600,0,24600,Worship Facility,Worship Facility,24600.0,,,,,,331059.5,Compliant,,Mono-usage
25745,2016,NonResidential,Worship Facility,Trinity Parish of Seattle,609 8th Ave,Seattle,WA,98104.0,8590400490,3,EAST,47.60514,-122.32613,1900,1.0,1,48850,0,48850,"Office, Other, Worship Facility",Worship Facility,28725.0,Office,4325.0,Other,3700.0,,1063480.5,Compliant,,Multi-usages
25772,2016,NonResidential,Hospital,Park West Skilled Nursing,1703 California Ave SW,Seattle,WA,98116.0,9274200430,1,SOUTHWEST,47.58767,-122.38672,1961,0.0,3,54863,0,54863,Hospital (General Medical & Surgical),Hospital (General Medical & Surgical),109726.0,,,,,,2037720.625,Compliant,,Mono-usage
25839,2016,NonResidential,Warehouse,J D OTT COMPANY (115 S Lucile St),115 S Lucile St,Seattle,WA,98108.0,5263300725,2,GREATER DUWAMISH,47.55317,-122.33289,1964,1.0,1,25000,0,25000,"Food Sales, Non-Refrigerated Warehouse, Office",Non-Refrigerated Warehouse,13393.0,Food Sales,7500.0,Office,4107.0,,1989103.875,Compliant,,Multi-usages
25842,2016,NonResidential,Warehouse,115 Dawson,115 S Dawson St,Seattle,WA,98134.0,5263300910,2,GREATER DUWAMISH,47.55544,-122.33294,1960,1.0,1,25000,0,25000,"Non-Refrigerated Warehouse, Office",Non-Refrigerated Warehouse,24000.0,Office,1000.0,,,,287132.5,Compliant,,Multi-usages
25844,2016,NonResidential,Other,Washington machine Works,5201/5211 1st ave so.,Seattle,WA,98108.0,5263300985,2,GREATER DUWAMISH,47.55523,-122.33448,1927,1.0,1,22622,0,22622,Manufacturing/Industrial Plant,Manufacturing/Industrial Plant,23000.0,,,,,,774075.6875,Compliant,,Mono-usage
25847,2016,NonResidential,Small- and Mid-Sized Office,Pine Building,400 East Pine Street,Seattle,WA,98122.0,8725600520,3,EAST,47.61543,-122.32657,1917,1.0,3,27544,0,27544,"Office, Parking",Office,22365.0,Parking,3744.0,,,,1031667.5,Compliant,,Multi-usages
25886,2016,NonResidential,Small- and Mid-Sized Office,H2125 - Western Triangle,2125 Western Avenue,Seattle,WA,98121.0,9292600000,7,DOWNTOWN,47.61161,-122.34592,1989,1.0,7,47415,0,47415,"Multifamily Housing, Office, Other - Entertainment/Public Assembly, Parking",Office,25884.0,Parking,7000.0,Multifamily Housing,5713.0,,1478979.25,Compliant,,Multi-usages
25907,2016,NonResidential,Other,Swedish Cultural Center,1920 Dexter Ave N,Seattle,WA,98109.0,9301300445,7,MAGNOLIA / QUEEN ANNE,47.63644,-122.34218,1961,1.0,3,22960,0,22960,Other - Entertainment/Public Assembly,Other - Entertainment/Public Assembly,22960.0,,,,,,2266983.0,Compliant,,Mono-usage
25914,2016,NonResidential,Supermarket / Grocery Store,Safeway 1551 - E John St,1410 E John St,Seattle,WA,98112.0,6003501820,3,EAST,47.62048,-122.31386,1998,1.0,1,44739,0,44739,"Parking, Supermarket/Grocery Store",Supermarket/Grocery Store,44739.0,Parking,0.0,,,,14585813.0,Compliant,,Multi-usages
25932,2016,NonResidential,Mixed Use Property,SPBS LLC,5424 Sand Point Way NE,Seattle,WA,98105.0,6012500051,4,NORTHEAST,47.66816,-122.27706,1948,1.0,1,22778,0,22778,"Medical Office, Office, Other, Restaurant, Retail Store",Retail Store,21194.0,Office,12923.0,Restaurant,3720.0,,2470566.0,Compliant,,Multi-usages
25935,2016,NonResidential,Worship Facility,Philadelphia church,7704 24th Ave NW,Seattle,WA,98117.0,6021503160,6,BALLARD,47.68517,-122.38733,1956,1.0,2,21562,0,21562,"Pre-school/Daycare, Worship Facility",Worship Facility,21052.0,Pre-school/Daycare,400.0,,,,866806.0,Compliant,,Multi-usages
25954,2016,NonResidential,Other,MLK Community Center,3201 E Republican,Seattle,WA,98122.0,5317100295,3,CENTRAL,47.62322,-122.29006,1959,1.0,1,25753,0,25753,Other - Entertainment/Public Assembly,Other - Entertainment/Public Assembly,25753.0,,,,,,1378130.25,Compliant,,Mono-usage
25955,2016,NonResidential,Other,Seattle Tennis Club,922 McGilvra Blvd E,Seattle,WA,98112.0,5317100844,3,EAST,47.62816,-122.28067,1928,1.0,3,71280,0,71280,Other - Recreation,Other - Recreation,71280.0,,,,,,22767828.0,Compliant,,Mono-usage
25965,2016,NonResidential,Senior Care Community,Park Shore Senior Living,1630 43rd Ave. E.,Seattle,WA,98112.0,5318102110,3,EAST,47.63429,-122.27652,1963,1.0,16,153312,0,153312,"Parking, Senior Care Community, Worship Facility",Senior Care Community,148590.0,Parking,72317.0,Worship Facility,4722.0,,20628680.0,Compliant,,Multi-usages
25992,2016,NonResidential,Mixed Use Property,2201 / Enso Condominiums - SEDO,2201 9th Ave. / 820 Blanchard St.,Seattle,WA,98121.0,8729760000,7,DOWNTOWN,47.61811,-122.33908,2009,1.0,19,1206670,201857,1004813,"Multifamily Housing, Office, Parking, Restaurant",Office,319361.0,Multifamily Housing,181047.0,Parking,177210.0,20162015,27684480.0,Compliant,,Multi-usages
26002,2016,NonResidential,Worship Facility,IGLESIA NI CRISTO,7100 42ND AVENUE SOUTH,Seattle,WA,98118.0,8800000005,2,SOUTHEAST,47.53857,-122.28026,1968,1.0,1,24200,0,24200,"Parking, Worship Facility",Worship Facility,24200.0,Parking,0.0,,,,826488.6875,Compliant,,Multi-usages
26017,2016,NonResidential,Residence Hall,Aloha Inn,1911 Aurora Ave N,Seattle,WA,98109.0,9301301410,7,MAGNOLIA / QUEEN ANNE,47.63651,-122.34418,1981,1.0,4,23513,2211,21302,"Office, Parking, Residence Hall/Dormitory, Restaurant, Social/Meeting Hall",Residence Hall/Dormitory,15200.0,Office,2600.0,Social/Meeting Hall,1800.0,,1740568.25,Compliant,,Multi-usages
26040,2016,NonResidential,Self-Storage Facility,Stor-More Self Storage,2850 SW Yancy Street,Seattle,WA,98126.0,9358000450,1,DELRIDGE,47.56785,-122.37039,1994,1.0,3,66610,0,66610,Self-Storage Facility,Self-Storage Facility,66720.0,,,,,,640377.0,Compliant,,Mono-usage
26233,2016,NonResidential,Other,Cascade Designs Inc. Chamonix S,130 S Dakota,Seattle,WA,98134.0,6172900220,2,GREATER DUWAMISH,47.56774,-122.33289,1950,1.0,1,36000,0,36000,"Office, Other",Other,34000.0,Office,1400.0,,,,3646053.75,Compliant,,Multi-usages
26098,2016,NonResidential,K-12 School,Christ the King Middle School,421 N. 117th,Seattle,WA,98133.0,6140100225,5,NORTHWEST,47.71387,-122.3535,1938,1.0,2,23222,0,23222,K-12 School,K-12 School,15006.0,,,,,,1219863.125,Compliant,,Mono-usage
26115,2016,NonResidential,Mixed Use Property,Greenus Building,500 E Pike St,Seattle,WA,98122.0,8804900865,3,EAST,47.61426,-122.3253,1924,1.0,2,24476,0,24476,"Fitness Center/Health Club/Gym, Office, Other, Other - Utility, Restaurant, Retail Store",Fitness Center/Health Club/Gym,7501.0,Office,5872.0,Retail Store,5375.0,,2662054.25,Compliant,,Multi-usages
26119,2016,NonResidential,Retail Store,517 E Pike St Building,517 E Pike St   Upper Level,Seattle,WA,98122.0,8804900910,3,EAST,47.61386,-122.32481,1910,0.0,2,24750,0,24750,"Medical Office, Office, Retail Store",Retail Store,19240.0,Office,2050.0,Medical Office,1250.0,,782343.8125,Compliant,,Multi-usages
26125,2016,NonResidential,K-12 School,Northwest School,1415 Summit Avenue,Seattle,WA,98122.0,8804901000,3,EAST,47.61339,-122.32594,1904,1.0,3,60000,0,60000,K-12 School,K-12 School,48783.0,,,,,,3625407.5,Compliant,,Mono-usage
26126,2016,NonResidential,Other,(ID26126) THE SUMMIT,420 E PIKE ST,Seattle,WA,98122.0,8804901025,3,EAST,47.61449,-122.32592,1954,1.0,2,46560,0,46560,Other - Entertainment/Public Assembly,Other - Entertainment/Public Assembly,46560.0,,,,,,690557.6875,Compliant,,Mono-usage
26139,2016,NonResidential,Other,Salal Credit Union,1515 Dexter Ave. N.,Seattle,WA,98109.0,8807900070,7,MAGNOLIA / QUEEN ANNE,47.63303,-122.34268,1980,1.0,3,30408,0,30408,"Bank Branch, Parking",Bank Branch,25000.0,Parking,5408.0,,,,1440554.25,Compliant,,Multi-usages
26146,2016,NonResidential,Small- and Mid-Sized Office,McHugh,1725 Westlake Ave. N,Seattle,WA,98109.0,8807900390,7,MAGNOLIA / QUEEN ANNE,47.63439,-122.34078,1920,1.0,3,30109,0,30109,"Office, Parking",Office,28400.0,Parking,7200.0,,,,1465795.75,Compliant,,Multi-usages
26154,2016,NonResidential,Small- and Mid-Sized Office,Queen Anne Evangelical Lutheran Church,2400 8th Ave W,Seattle,WA,98119.0,9405800065,7,MAGNOLIA / QUEEN ANNE,47.63985,-122.36712,1960,1.0,2,25481,0,25481,Office,Office,25481.0,,,,,,917100.3125,Compliant,,Mono-usage
26157,2016,NonResidential,Senior Care Community,Caroline Kline Galland Home,7500 Seward Park Ave S,Seattle,WA,98118.0,9412400225,2,SOUTHEAST,47.53515,-122.26556,1967,1.0,1,141297,0,141297,Senior Care Community,Senior Care Community,141297.0,,,,,,19423344.0,Compliant,,Mono-usage
26183,2016,NonResidential,Small- and Mid-Sized Office,Supply Laundry Building,1265 Republican St.,Seattle,WA,98109.0,6849200110,7,LAKE UNION,47.62298,-122.33082,1912,1.0,2,27788,0,27788,"Office, Other - Restaurant/Bar",Office,32610.0,Other - Restaurant/Bar,4874.0,,,,2119806.25,Compliant,,Multi-usages
26218,2016,NonResidential,Hotel,Comfort Inn and Suites,13700 Aurora Ave. N.,Seattle,WA,98133.0,6149700055,5,NORTHWEST,47.729,-122.34473,1990,1.0,4,41704,8584,33120,Hotel,Hotel,41704.0,,,,,,1943899.25,Compliant,,Mono-usage
26235,2016,NonResidential,Warehouse,101 S. Dakota,101 S. Dakota,Seattle,WA,98134.0,6172900280,2,GREATER DUWAMISH,47.56683,-122.33358,1941,1.0,2,22324,0,22324,Non-Refrigerated Warehouse,Non-Refrigerated Warehouse,21000.0,,,,,,588856.125,Compliant,,Mono-usage
26236,2016,NonResidential,Other,4130 1st Ave,4130 1st Ave South,Seattle,WA,98134.0,6172900300,2,GREATER DUWAMISH,47.5661,-122.33358,1946,1.0,2,31360,0,31360,Other - Entertainment/Public Assembly,Other - Entertainment/Public Assembly,32000.0,,,,,,1725108.25,Compliant,,Mono-usage
26237,2016,NonResidential,Mixed Use Property,Daniel Smith Inc,4150 1st Avenue South,Seattle,WA,98134.0,6172900320,2,GREATER DUWAMISH,47.56555,-122.33362,1947,1.0,1,30496,0,30496,"Manufacturing/Industrial Plant, Office, Retail Store",Retail Store,14344.0,Manufacturing/Industrial Plant,10272.0,Office,8012.0,,1992158.25,Compliant,,Multi-usages
26254,2016,NonResidential,Small- and Mid-Sized Office,1605 Boylston,610 E Pine Street,Seattle,WA,98122.0,8804900480,3,EAST,47.61545,-122.3238,1922,1.0,3,27600,0,27600,"Office, Retail Store",Office,13175.0,Retail Store,9175.0,,,,1072151.375,Compliant,,Multi-usages
26289,2016,NonResidential,Senior Care Community,Columbia Lutheran Home,4700 Phinney Avenue North,Seattle,WA,98103.0,9521100080,6,Northwest,47.66312,-122.35311,1961,1.0,2,55974,0,55974,Senior Care Community,Senior Care Community,56000.0,,,,,,6135173.0,Compliant,,Mono-usage
26324,2016,NonResidential,Senior Care Community,Saint Anne Nursing and Rehab Center,3540 NE 110th St,Seattle,WA,98125.0,4077800532,5,NORTH,47.70883,-122.28887,1954,1.0,1,22583,0,22583,Senior Care Community,Senior Care Community,22583.0,,,,,,1981360.0,Compliant,,Mono-usage
26331,2016,NonResidential,Small- and Mid-Sized Office,Solid Ground,1501 N. 45th ST.,Seattle,WA,98103.0,4083300310,4,LAKE UNION,47.66117,-122.3391,1997,0.0,3,31686,7358,24328,"Food Service, Library, Office, Parking",Office,25927.0,Parking,6750.0,Food Service,3743.0,,2305643.5,Compliant,,Multi-usages
26348,2016,NonResidential,Small- and Mid-Sized Office,Lake Union Place,1914 N 34th Street,Seattle,WA,98103.0,4083306580,4,LAKE UNION,47.6483,-122.33438,1981,1.0,3,26694,6034,20660,"Office, Parking",Office,24914.0,Parking,4720.0,,,,720170.6875,Compliant,,Multi-usages
26359,2016,NonResidential,Warehouse,Hansen Bros.,10750 Aurora Ave N,Seattle,WA,98133.0,6300000010,5,NORTHWEST,47.70833,-122.34429,1972,1.0,1,29400,0,29400,Non-Refrigerated Warehouse,Non-Refrigerated Warehouse,25000.0,,,,,,227509.5,Compliant,,Mono-usage
26379,2016,NonResidential,Hotel,Georgetown Inn,6100 Corson Ave South,Seattle,WA,98108.0,6920700025,2,GREATER DUWAMISH,47.54774,-122.32091,1992,1.0,3,22452,0,22452,Hotel,Hotel,22452.0,,,,,,1244150.0,Compliant,,Mono-usage
26392,2016,NonResidential,Other,192741-University,4500 University Way Ne,Seattle,WA,98105.0,8816400105,4,NORTHEAST,47.66148,-122.31279,1912,1.0,2,25767,0,25767,Bank Branch,Bank Branch,17434.0,,,,,,1581352.75,Compliant,,Mono-usage
26393,2016,NonResidential,Retail Store,4518 University,4518 University Way NE,Seattle,WA,98105.0,8816400135,4,NORTHEAST,47.66188,-122.31279,1953,1.0,4,33910,0,33910,"Office, Retail Store",Retail Store,14585.0,Office,14462.0,,,,1822834.25,Compliant,,Multi-usages
26396,2016,NonResidential,Worship Facility,University Christian Church,4731 15TH AVE. NE,Seattle,WA,98105.0,8816400210,4,NORTHEAST,47.6645,-122.31224,1927,1.0,2,78401,0,78401,"K-12 School, Office, Supermarket/Grocery Store, Worship Facility",Worship Facility,62400.0,Office,9940.0,K-12 School,4960.0,,2462408.25,Compliant,,Multi-usages
26460,2016,NonResidential,Warehouse,Mariner Square LLC,1900 N Northlake Way,Seattle,WA,98103.0,4083307185,4,LAKE UNION,47.64748,-122.33435,1979,1.0,2,78716,0,78716,"Non-Refrigerated Warehouse, Office, Other, Retail Store",Non-Refrigerated Warehouse,41275.0,Office,29399.0,Retail Store,6278.0,,4103800.75,Compliant,,Multi-usages
26465,2016,NonResidential,K-12 School,St. Benedict School,4811 Wallingford Ave. N.,Seattle,WA,98103.0,4083800835,4,LAKE UNION,47.66389,-122.33692,1910,1.0,2,33300,0,33300,K-12 School,K-12 School,30740.0,,,,,,1594733.625,Compliant,,Mono-usage
26473,2016,NonResidential,Supermarket / Grocery Store,70500869 -- Wallingford,1801 North 45th Street,Seattle,WA,98103.0,4083802815,4,LAKE UNION,47.66185,-122.33594,1957,1.0,1,28808,0,28808,Supermarket/Grocery Store,Supermarket/Grocery Store,31174.0,,,,,,9232576.0,Compliant,,Mono-usage
26528,2016,NonResidential,Small- and Mid-Sized Office,4701 University Way Bldg,4701 University Way NE,Seattle,WA,98105.0,8816400975,4,NORTHEAST,47.66345,-122.3134,1957,1.0,1,27966,7004,20962,"Office, Parking",Office,20962.0,Parking,7004.0,,,,1100499.75,Compliant,,Multi-usages
26529,2016,NonResidential,Supermarket / Grocery Store,Safeway 3091 - Brooklyn Ave,4732 Brooklyn Ave NE,Seattle,WA,98105.0,8816401015,4,NORTHEAST,47.66429,-122.31389,1950,1.0,1,26226,0,26226,"Parking, Supermarket/Grocery Store",Supermarket/Grocery Store,25828.0,Parking,0.0,,,,7588060.5,Compliant,,Multi-usages
26535,2016,NonResidential,Mixed Use Property,2967-University District,1300 N.E. 45Th Street,Seattle,WA,98105.0,8816401150,4,NORTHEAST,47.6616,-122.31393,1976,1.0,2,34948,15755,19193,"Bank Branch, Parking",Bank Branch,19183.0,Parking,19183.0,,,,1159807.125,Compliant,,Multi-usages
26587,2016,NonResidential,Small- and Mid-Sized Office,1600 Fairview,1600 Fairview Ave E,Seattle,WA,98102.0,4088802669,4,LAKE UNION,47.6342,-122.32661,1998,1.0,3,37639,9999,27640,"Laboratory, Office",Office,20434.0,Laboratory,7557.0,,,,6197824.5,Compliant,,Multi-usages
26593,2016,NonResidential,Small- and Mid-Sized Office,Delmar Building,108 South Washington St,Seattle,WA,98104.0,5247800481,7,DOWNTOWN,47.60102,-122.33378,1900,1.0,4,22840,0,22840,"Office, Other",Office,18400.0,Other,4440.0,,,,881386.1875,Error - Correct Default Data,,Multi-usages
26594,2016,NonResidential,Other,107 Occidental Ave S,107 Occidental Ave S,Seattle,WA,98104.0,5247800535,7,DOWNTOWN,47.60135,-122.33327,1900,1.0,1,21420,0,21420,"Bar/Nightclub, Food Sales, Museum, Retail Store, Supermarket/Grocery Store",Museum,10420.0,Bar/Nightclub,5000.0,Supermarket/Grocery Store,2000.0,,810636.875,Compliant,,Multi-usages
26596,2016,NonResidential,Small- and Mid-Sized Office,W0164 Washington Building,164 s washington  st,Seattle,WA,98104.0,5247800575,7,DOWNTOWN,47.6011,-122.33197,1900,1.0,1,20880,0,20880,Office,Office,20880.0,,,,,,683274.0,Compliant,,Mono-usage
26600,2016,NonResidential,Mixed Use Property,Cadillac Hotel,319 2nd Avenue South,Seattle,WA,98104.0,5247800715,7,DOWNTOWN,47.59938,-122.33197,1966,1.0,3,26000,0,26000,"Office, Other - Entertainment/Public Assembly",Office,13000.0,Other - Entertainment/Public Assembly,13000.0,,,,1063035.875,Compliant,,Multi-usages
26601,2016,NonResidential,Small- and Mid-Sized Office,Duncan Building,315 2nd Avenue South,Seattle,WA,98104.0,5247800720,7,DOWNTOWN,47.59954,-122.33201,1900,1.0,3,38675,0,38675,"Office, Restaurant",Office,12100.0,Restaurant,4281.0,,,,1938776.75,Compliant,,Multi-usages
26602,2016,Nonresidential COS,Small- and Mid-Sized Office,Fire Headquarters,301 2nd Ave S (401 Yesler Way),Seattle,WA,98104.0,5247800725,7,DOWNTOWN,47.59986,-122.33195,1929,1.0,4,49951,0,49951,"Office, Other",Office,32039.0,Other,24035.0,,,,5134446.0,Compliant,,Multi-usages
26611,2016,NonResidential,Medical Office,Rainier Beach Medical & Dental Clinic,9245 Rainier Ave S,Seattle,WA,98118.0,7129304415,2,SOUTHEAST,47.5195,-122.26935,2010,1.0,2,25880,0,25880,Medical Office,Medical Office,25880.0,,,,,,1941728.75,Compliant,,Mono-usage
26657,2016,NonResidential,Worship Facility,University Lutheran Church,1604 NE 50th St,Seattle,WA,98105.0,8823901075,4,NORTHEAST,47.66517,-122.31037,1927,1.0,3,41013,0,41013,"Office, Worship Facility",Worship Facility,32098.0,Office,2310.0,,,,1080821.0,Compliant,,Multi-usages
26667,2016,NonResidential,Other,Hillel Foundation,4745 17th Ave. NE,Seattle,WA,98105.0,8823901885,4,NORTHEAST,47.66453,-122.30999,2004,1.0,2,21075,0,21075,"Office, Social/Meeting Hall",Social/Meeting Hall,18075.0,Office,3000.0,,,,1581036.75,Compliant,,Multi-usages
26670,2016,NonResidential,Worship Facility,Calvary Christian Assembly,6801 Roosevelt Way NE,Seattle,WA,98133.0,9528102345,4,NORTHEAST,47.67842,-122.31949,1950,1.0,3,46485,0,46485,Worship Facility,Worship Facility,63922.0,,,,,,1544995.75,Compliant,,Mono-usage
26681,2016,NonResidential,Small- and Mid-Sized Office,(ID#26681) RAVENNA OFFICE BLDG,444 NE RAVENNA BLVD,Seattle,WA,98115.0,9528103705,6,NORTHWEST,47.67819,-122.3231,1965,1.0,4,56896,0,56896,"Office, Parking",Office,40768.0,Parking,16128.0,,,,1402048.5,Compliant,,Multi-usages
26695,2016,NonResidential,Worship Facility,Church in Seattle,6900 Woodlawn Ave. NE,Seattle,WA,98115.0,9528104205,6,NORTHWEST,47.67783,-122.32577,1978,1.0,2,27500,0,27500,Worship Facility,Worship Facility,27500.0,,,,,,577123.125,Compliant,,Mono-usage
26705,2016,NonResidential,Small- and Mid-Sized Office,Graybar Building,416 Occidental Ave S,Seattle,WA,98104.0,5247800780,2,DOWNTOWN,47.59856,-122.33248,1930,1.0,2,36630,0,36630,"Distribution Center, Office",Office,22000.0,Distribution Center,11000.0,,,,541943.3125,Compliant,,Multi-usages
26706,2016,NonResidential,Small- and Mid-Sized Office,Moses Building,316 2nd Ave S,Seattle,WA,98104.0,5247800855,7,DOWNTOWN,47.59954,-122.33115,1900,0.0,3,26830,0,26830,"Office, Other",Office,16838.0,Other,10000.0,,,,2099386.75,Compliant,,Multi-usages
26708,2016,NonResidential,Small- and Mid-Sized Office,Mottman Building,307 3rd Ave South,Seattle,WA,98104.0,5247800875,7,DOWNTOWN,47.59971,-122.33065,1906,1.0,5,41920,0,41920,Office,Office,41920.0,,,,,,1103594.75,Compliant,,Mono-usage
26710,2016,NonResidential,Small- and Mid-Sized Office,Masin Building 1,220 Second Avenue South,Seattle,WA,98104.0,5247800890,7,DOWNTOWN,47.60048,-122.33157,1905,1.0,5,36879,0,36879,Office,Office,44000.0,,,,,,1537570.25,Compliant,,Mono-usage
26711,2016,NonResidential,Other,Men's Shelter,318 2nd Ave Extension S,Seattle,WA,98104.0,5247800930,7,DOWNTOWN,47.60055,-122.33057,1904,1.0,6,29820,0,29820,Other - Lodging/Residential,Other - Lodging/Residential,29820.0,,,,,,1601955.625,Compliant,,Mono-usage
26719,2016,NonResidential,Small- and Mid-Sized Office,220_3rd_ave_s_03262013,220 3rd Ave South,Seattle,WA,98104.0,5247801085,7,DOWNTOWN,47.60026,-122.3299,1905,0.0,2,33640,0,33640,Office,Office,27322.0,,,,,,1078535.75,Compliant,,Mono-usage
26720,2016,NonResidential,Warehouse,Seattle Lighting Fixture,222 2nd Ave  Ext S,Seattle,WA,98104.0,5247801115,7,DOWNTOWN,47.59986,-122.32987,1906,1.0,4,43484,0,43484,"Non-Refrigerated Warehouse, Office, Retail Store",Non-Refrigerated Warehouse,26416.0,Retail Store,9531.0,Office,7537.0,,1567040.75,Compliant,,Multi-usages
26726,2016,NonResidential,Mixed Use Property,Buty Building,501 South Jackson St.,Seattle,WA,98104.0,5247801615,2,DOWNTOWN,47.599,-122.32717,1900,1.0,3,22480,0,22480,"Office, Other, Retail Store",Office,10800.0,Other,10800.0,Retail Store,7200.0,,981009.125,Compliant,,Multi-usages
26728,2016,NonResidential,Hotel,American Hotel,520 S. King St.,Seattle,WA,98104.0,5247801635,2,DOWNTOWN,47.5985,-122.32677,1925,1.0,4,33018,0,33018,"Hotel, Retail Store",Hotel,23193.0,Retail Store,6165.0,,,,4857581.5,Compliant,,Multi-usages
26731,2016,NonResidential,Small- and Mid-Sized Office,Dearborn Bldg.,624 S. Dearborn Bldg.,Seattle,WA,98134.0,5247801801,2,DOWNTOWN,47.5962,-122.32548,1970,1.0,2,26510,0,26510,Office,Office,30800.0,,,,,,987063.6875,Compliant,,Mono-usage
26759,2016,NonResidential,Warehouse,Dunn Lumber Retail/Offices,3801 Latona Av Ne,Seattle,WA,98105.0,4206900410,4,LAKE UNION,47.65429,-122.32618,1938,1.0,1,40028,0,40028,"Non-Refrigerated Warehouse, Office, Retail Store",Non-Refrigerated Warehouse,33222.0,Retail Store,10208.0,Office,6200.0,,942415.1875,Compliant,,Multi-usages
26761,2016,NonResidential,Small- and Mid-Sized Office,North Lake Office Bldg.,100 NE Northlake Way,Seattle,WA,98105.0,4206900485,4,LAKE UNION,47.65373,-122.32721,2007,1.0,3,44510,18228,26282,"Office, Parking",Office,26282.0,Parking,18228.0,,,,2188051.25,Compliant,,Multi-usages
26773,2016,NonResidential,Worship Facility,Lake City Presbyterian Church,3841 NE 123rd Street,Seattle,WA,98125.0,8820901145,5,NORTH,47.71705,-122.28577,1954,1.0,1,21624,0,21624,Worship Facility,Worship Facility,21624.0,,,,,,666687.5,Compliant,,Mono-usage
26833,2016,NonResidential,Small- and Mid-Sized Office,Sixth & King Associates,601 S. King Street,Seattle,WA,98104.0,5247801875,2,DOWNTOWN,47.59819,-122.32599,1993,0.0,3,21600,0,21600,"Office, Restaurant",Office,11600.0,Restaurant,10000.0,,,,1539176.625,Compliant,,Multi-usages
26834,2016,NonResidential,Mixed Use Property,(ID26834) SOO YUEN ASSOCIATION BUILDING,525 MAYNARD AVE S,Seattle,WA,98104.0,5247801900,2,DOWNTOWN,47.59769,-122.32537,1909,1.0,3,20620,0,20620,"Multifamily Housing, Retail Store, Social/Meeting Hall",Multifamily Housing,10060.0,Retail Store,5280.0,Social/Meeting Hall,5280.0,,747456.875,Compliant,,Multi-usages
26838,2016,NonResidential,Hotel,Panama Hotel,605 S. Main St.,Seattle,WA,98104.0,5247801965,2,DOWNTOWN,47.59983,-122.32598,1910,1.0,5,40552,0,40552,Hotel,Hotel,40552.0,,,,,,1200180.875,Compliant,,Mono-usage
26847,2016,NonResidential,Small- and Mid-Sized Office,KOBE PARK BUILDING,622 S Washington St,Seattle,WA,98104.0,5247802080,2,DOWNTOWN,47.60105,-122.32542,1909,1.0,3,31432,0,31432,"Multifamily Housing, Office, Other",Office,23059.0,Other,7125.0,Multifamily Housing,1248.0,,1439572.375,Compliant,,Multi-usages
26849,2016,NonResidential,Retail Store,C & T BLDG,650 S JACKSON STREET,Seattle,WA,98104.0,5247802260,2,DOWNTOWN,47.59935,-122.32468,1917,1.0,2,24550,0,24550,"Office, Retail Store",Retail Store,13500.0,Office,11050.0,,,,977230.3125,Compliant,,Multi-usages
26883,2016,NonResidential,Other,Washington Hall,153 14th Avenue,Seattle,WA,98122.0,4226900030,3,CENTRAL,47.60285,-122.31458,1908,1.0,3,25864,0,25864,"Office, Social/Meeting Hall",Social/Meeting Hall,13364.0,Office,8420.0,,,,1028277.313,Compliant,,Multi-usages
26905,2016,NonResidential,Other,Kappa Alpha Theta,4521 17th Ave NE,Seattle,WA,98105.0,8823902405,4,NORTHEAST,47.66192,-122.30998,1924,1.0,3,20686,0,20686,Other - Lodging/Residential,Other - Lodging/Residential,20686.0,,,,,,1207504.0,Compliant,,Mono-usage
26906,2016,NonResidential,Residence Hall,4503,4503 17th Ave NE,Seattle,WA,98105.0,8823902415,4,NORTHEAST,47.6617,-122.31007,1929,1.0,3,22124,0,22124,Residence Hall/Dormitory,Residence Hall/Dormitory,22124.0,,,,,,637685.0,Compliant,,Mono-usage
26909,2016,NonResidential,Residence Hall,Chi Omega Fraternity of Washington,4549 18th Ave. NE,Seattle,WA,98105.0,8823902515,4,NORTHEAST,47.66289,-122.30863,1926,1.0,3,27487,0,27487,Residence Hall/Dormitory,Residence Hall/Dormitory,27487.0,,,,,,1594504.875,Compliant,,Mono-usage
26911,2016,NonResidential,Residence Hall,Sigma Chi Fraternity,4505 18th Ave NE,Seattle,WA,98105.0,8823902585,4,NORTHEAST,47.66164,-122.30874,1926,1.0,4,23616,0,23616,Residence Hall/Dormitory,Residence Hall/Dormitory,23616.0,,,,,,1656420.25,Compliant,,Mono-usage
26922,2016,NonResidential,Residence Hall,Upstairs Downstairs Apartments,4538 18th AVE NE,Seattle,WA,98105.0,8823902795,4,NORTHEAST,47.66238,-122.30801,1976,1.0,3,33448,0,33448,Residence Hall/Dormitory,Residence Hall/Dormitory,33448.0,,,,,,998633.5,Compliant,,Mono-usage
26924,2016,Nonresidential COS,Mixed Use Property,Yesler Community Center,917 E Yesler Way,Seattle,WA,98122.0,9821700009,2,EAST,47.60153,-122.31986,2005,0.0,2,29508,7120,22388,"Fitness Center/Health Club/Gym, Office, Other - Recreation, Other - Technology/Science, Parking, Pre-school/Daycare",Other - Recreation,11074.0,Fitness Center/Health Club/Gym,8183.0,Parking,6569.0,,2217620.0,Compliant,,Multi-usages
26930,2016,NonResidential,Senior Care Community,Seattle Keiro,1601 E. Yesler Way,Seattle,WA,98122.0,9826700565,3,CENTRAL,47.60133,-122.31088,1987,1.0,2,74840,0,74840,Senior Care Community,Senior Care Community,74840.0,,,,,,8268496.5,Compliant,,Mono-usage
26933,2016,Nonresidential COS,Other,Langston Hughes Performing Arts Center,104 17th Ave South,Seattle,WA,98144.0,9826700795,3,CENTRAL,47.60133,-122.31088,1913,1.0,3,20992,0,20992,"Other - Education, Performing Arts, Social/Meeting Hall",Performing Arts,24600.0,Social/Meeting Hall,4625.0,Other - Education,1665.0,,2473302.0,Compliant,,Multi-usages
26939,2016,NonResidential,K-12 School,First Place,172 20th Ave,Seattle,WA,98122.0,9826701245,3,CENTRAL,47.6032,-122.30596,1925,1.0,2,22344,0,22344,K-12 School,K-12 School,22344.0,,,,,,1522596.75,Compliant,,Mono-usage
26956,2016,NonResidential,University,Kerry Hall,710 E. Roy St.,Seattle,WA,98121.0,9831200125,3,EAST,47.62531,-122.32303,1921,1.0,3,31900,0,31900,College/University,College/University,26000.0,,,,,,2466100.0,Compliant,,Mono-usage
26961,2016,Nonresidential COS,Other,Loyal Heights Community Center,2101 NW 77th St,Seattle,WA,98117.0,6021504080,6,BALLARD,47.68475,-122.38257,1950,1.0,2,29417,0,29417,"Fitness Center/Health Club/Gym, Office, Other - Recreation, Pre-school/Daycare",Other - Recreation,18489.0,Fitness Center/Health Club/Gym,8946.0,Pre-school/Daycare,1445.0,,1631479.125,Compliant,,Multi-usages
26973,2016,NonResidential,Mixed Use Property,New Central,657 South Weller Street,Seattle,WA,98104.0,6054550000,2,DOWNTOWN,47.59737,-122.32487,1909,1.0,3,49299,0,49299,"Multifamily Housing, Office, Restaurant",Office,24099.0,Multifamily Housing,23632.0,Restaurant,5320.0,,4729846.5,Compliant,,Multi-usages
26986,2016,NonResidential,Supermarket / Grocery Store,Admiral,2320 42nd Ave SW,Seattle,WA,98116.0,6087100195,1,SOUTHWEST,47.58217,-122.38479,1997,1.0,1,31841,0,31841,"Office, Supermarket/Grocery Store",Supermarket/Grocery Store,30899.0,Office,942.0,,,,13140574.0,Compliant,,Multi-usages
26994,2016,NonResidential,Mixed Use Property,Arboretum Court 2,3130 E Madison St,Seattle,WA,98122.0,5332200210,3,EAST,47.627,-122.29153,1988,1.0,2,21036,0,21036,"Fitness Center/Health Club/Gym, Medical Office, Office, Parking, Restaurant",Parking,11021.0,Fitness Center/Health Club/Gym,8164.0,Office,7280.0,,2735811.5,Compliant,,Multi-usages
26997,2016,NonResidential,Mixed Use Property,Trader Joes/AAA,4555 Roosevelt Way NE,Seattle,WA,98105.0,5335200281,4,NORTHEAST,47.66272,-122.31798,1999,1.0,2,32928,0,32928,"Office, Other, Parking, Retail Store",Parking,24288.0,Retail Store,16710.0,Office,16128.0,,5652231.0,Compliant,,Multi-usages
27007,2016,NonResidential,Worship Facility,Seattle Community Church,4501 46th Avenue NE,Seattle,WA,98105.0,5364200005,4,NORTHEAST,47.66146,-122.2788,1954,1.0,2,20039,0,20039,Worship Facility,Worship Facility,20039.0,,,,,,104722.2969,Non-Compliant,Low outlier,Mono-usage
27013,2016,NonResidential,Warehouse,Northwest Wholesale Florists,525 S Front Street,Seattle,WA,98108.0,5367200820,2,GREATER DUWAMISH,47.54761,-122.32759,1960,1.0,1,44476,0,44476,Non-Refrigerated Warehouse,Non-Refrigerated Warehouse,41256.0,,,,,,1368120.5,Compliant,,Mono-usage
27016,2016,NonResidential,Small- and Mid-Sized Office,"Pacific Georgetown Center, LLC",6363 7th Ave S.,Seattle,WA,98108.0,5367201500,2,GREATER DUWAMISH,47.54494,-122.32543,1969,1.0,1,35017,0,35017,"Non-Refrigerated Warehouse, Office, Parking",Office,19785.0,Non-Refrigerated Warehouse,10234.0,Parking,0.0,,1295485.25,Compliant,,Multi-usages
27020,2016,NonResidential,Residence Hall,Alpha Delta Pi Chapter House,1805 NE 47th,Seattle,WA,98177.0,8823902825,4,NORTHEAST,47.66281,-122.30819,1950,1.0,3,29084,0,29084,Residence Hall/Dormitory,Residence Hall/Dormitory,26000.0,,,,,,1632498.625,Compliant,,Mono-usage
27080,2016,NonResidential,Worship Facility,Japanese Presbyterian Church,1801 24th Avenue South,Seattle,WA,98144.0,3881900570,3,SOUTHEAST,47.58671,-122.30201,1963,1.0,2,22952,0,22952,"Parking, Worship Facility",Worship Facility,22962.0,Parking,0.0,,,,470666.6875,Compliant,,Multi-usages
27117,2016,NonResidential,Warehouse,N W WAREHOUSE,6540 5TH PL S,Seattle,WA,98108.0,5367201635,2,GREATER DUWAMISH,47.54443,-122.32688,1976,1.0,1,21040,0,21040,Non-Refrigerated Warehouse,Non-Refrigerated Warehouse,21040.0,,,,,,592088.125,Compliant,,Mono-usage
27122,2016,NonResidential,Warehouse,Cedar Heights,6535 5th Place South,Seattle,WA,98108.0,5367201865,2,GREATER DUWAMISH,47.54491,-122.32758,1951,1.0,2,28032,0,28032,Non-Refrigerated Warehouse,Non-Refrigerated Warehouse,30000.0,,,,,,1321065.0,Compliant,,Mono-usage
27131,2016,NonResidential,Distribution Center,Pacific Rubber Inc,6720 E Marginal Way S,Seattle,WA,98108.0,5367204010,2,GREATER DUWAMISH,47.54333,-122.32792,1974,1.0,1,25620,0,25620,Distribution Center,Distribution Center,25620.0,,,,,,550324.1875,Compliant,,Mono-usage
27141,2016,NonResidential,Warehouse,(ID27141) TSUE CHONG BUILDING,800 S Weller St,Seattle,WA,98144.0,5391600310,2,DOWNTOWN,47.59775,-122.32219,1992,1.0,3,33238,0,33238,Non-Refrigerated Warehouse,Non-Refrigerated Warehouse,33238.0,,,,,,1632472.0,Compliant,,Mono-usage
27142,2016,NonResidential,K-12 School,St. James Cathedral Place,803 Terry,Seattle,WA,98104.0,5392100010,3,EAST,47.60745,-122.32542,1912,1.0,4,27800,0,27800,K-12 School,K-12 School,11093.0,,,,,,1181428.75,Compliant,,Mono-usage
27145,2016,NonResidential,Large Office,719 2nd Ave (Millennium Tower),719 2nd Ave,Seattle,WA,98104.0,5530510000,7,DOWNTOWN,47.60331,-122.33389,2000,1.0,6,706176,0,706176,"Bank Branch, Office, Parking",Office,222807.0,Parking,78049.0,Bank Branch,5171.0,20172016,13270687.0,Compliant,,Multi-usages
27162,2016,NonResidential,Supermarket / Grocery Store,West Seattle Thriftway,4201 SW MORGAN ST,Seattle,WA,98136.0,5637500005,1,SOUTHWEST,47.54427,-122.38609,1998,1.0,1,33706,0,33706,Supermarket/Grocery Store,Supermarket/Grocery Store,31746.0,,,,,,8687690.0,Compliant,,Mono-usage
27184,2016,NonResidential,Mixed Use Property,property #10,1050 w nickerson/1050 w Ewing st.,Seattle,WA,98119.0,7443001620,7,MAGNOLIA / QUEEN ANNE,47.65532,-122.37133,1961,1.0,2,37600,0,37600,"Non-Refrigerated Warehouse, Office, Other",Non-Refrigerated Warehouse,18400.0,Other,16200.0,Office,3000.0,,2171751.5,Compliant,,Multi-usages
27244,2016,NonResidential,Other,Knights of Columbus,722 E Union St,Seattle,WA,98122.0,7502500045,3,EAST,47.61314,-122.32262,1912,1.0,3,33708,0,33708,Other,Other,33708.0,,,,,,786324.0,Compliant,,Mono-usage
27303,2016,NonResidential,Other,EMERSON,1249 NE 145TH ST,Seattle,WA,98155.0,6632300641,5,North,47.73368,-122.31366,1948,1.0,2,47237,0,47237,Other,Other,47661.0,,,,,,5981430.0,Compliant,,Mono-usage
27378,2016,NonResidential,Supermarket / Grocery Store,Safeway 1550 - Roosevelt Way,7300 Roosevelt Way NE,Seattle,WA,98115.0,6716700415,4,NORTHEAST,47.68217,-122.31675,1997,1.0,1,76585,38585,38000,"Parking, Supermarket/Grocery Store",Supermarket/Grocery Store,41447.0,Parking,0.0,,,,13906080.0,Compliant,,Multi-usages
27381,2016,NonResidential,Worship Facility,Cross & Crown Church,4554 12th Ave NE,Seattle,WA,98105.0,6746700035,4,NORTHEAST,47.66295,-122.31494,1938,1.0,3,26373,0,26373,Worship Facility,Worship Facility,26373.0,,,,,,964236.0,Compliant,,Mono-usage
27389,2016,NonResidential,Small- and Mid-Sized Office,Leschi Lakecenter,120 Lakeside,Seattle,WA,98122.0,4114601145,3,CENTRAL,47.60207,-122.28481,1956,6.0,2,75868,0,75868,"Non-Refrigerated Warehouse, Office, Restaurant, Retail Store",Office,50379.0,Restaurant,12622.0,Retail Store,6662.0,,3605749.75,Compliant,,Multi-usages
27406,2016,NonResidential,Mixed Use Property,The GreenLind Building,340 15th Ave E,Seattle,WA,98112.0,4232401365,3,EAST,47.62164,-122.31238,1947,1.0,2,21656,0,21656,"Office, Other - Entertainment/Public Assembly, Other - Public Services, Restaurant, Urgent Care/Clinic/Other Outpatient",Other - Entertainment/Public Assembly,5656.0,Other - Public Services,5561.0,Restaurant,5090.0,,1607972.25,Compliant,,Multi-usages
27455,2016,Nonresidential COS,Distribution Center,The Seattle Public Library - Queen Anne Storage Facility,1529 Fourth Ave W,Seattle,WA,98119.0,4232903170,7,MAGNOLIA / QUEEN ANNE,47.63319,-122.36294,1921,1.0,3,23040,0,23040,Distribution Center,Distribution Center,23040.0,,,,,,421430.0,Compliant,,Mono-usage
27456,2016,NonResidential,Other,ATWATER,1503 3RD AVE W,Seattle,WA,98119.0,4232903455,7,MAGNOLIA / QUEEN ANNE,47.63286,-122.36141,1956,1.0,2,36771,0,36771,Other,Other,34856.0,,,,,,5447076.5,Compliant,,Mono-usage
27482,2016,NonResidential,Warehouse,8000 5th Ave S,8000 5th Ave s,Seattle,WA,98108.0,7327901685,1,GREATER DUWAMISH,47.53104,-122.32784,1977,1.0,1,24024,0,24024,"Non-Refrigerated Warehouse, Other - Services",Non-Refrigerated Warehouse,14314.0,Other - Services,9710.0,,,,375773.5938,Compliant,,Multi-usages
27488,2016,NonResidential,Warehouse,West Coast Wire Rope & Rigging Inc,7777 7th Ave South,Seattle,WA,98108.0,7327903120,1,GREATER DUWAMISH,47.53326,-122.32579,1953,1.0,1,42420,0,42420,"Non-Refrigerated Warehouse, Office, Other",Non-Refrigerated Warehouse,27420.0,Other,10000.0,Office,5000.0,,965425.1875,Compliant,,Multi-usages
27494,2016,NonResidential,Distribution Center,Pacific Western Agencies,7700 2nd Ave S,Seattle,WA,98108.0,7327904585,1,GREATER DUWAMISH,47.53379,-122.33063,1979,1.0,1,36982,0,36982,"Distribution Center, Office",Distribution Center,34382.0,Office,2600.0,,,,374753.8125,Compliant,,Multi-usages
27504,2016,NonResidential,Warehouse,WHECO,7417 4TH AVE S,Seattle,WA,98108.0,7327906465,1,GREATER DUWAMISH,47.53651,-122.32954,1964,1.0,2,23400,0,23400,"Non-Refrigerated Warehouse, Office, Parking",Non-Refrigerated Warehouse,20002.0,Office,3374.0,Parking,0.0,,439266.9063,Compliant,,Multi-usages
27532,2016,NonResidential,Other,Color Craft Building,621 2nd Ave N,Seattle,WA,98109.0,5457300570,7,MAGNOLIA / QUEEN ANNE,47.62518,-122.35317,1948,1.0,2,30720,0,30720,"Office, Other, Parking",Other,28120.0,Parking,1600.0,Office,1000.0,,1683064.25,Compliant,,Multi-usages
27553,2016,NonResidential,Warehouse,DAE II,676 S Industrial Way,Seattle,WA,98108.0,7376600035,2,GREATER DUWAMISH,47.56626,-122.3244,1972,1.0,1,23232,0,23232,Non-Refrigerated Warehouse,Non-Refrigerated Warehouse,23232.0,,,,,,127374.0,Compliant,,Mono-usage
27554,2016,NonResidential,Warehouse,L&W Food Corporation,651 S. Industrial Way,Seattle,WA,98108.0,7376600060,2,GREATER DUWAMISH,47.56501,-122.3248,1974,1.0,1,35046,0,35046,Non-Refrigerated Warehouse,Non-Refrigerated Warehouse,32546.0,,,,,,1063269.125,Compliant,,Mono-usage
27561,2016,NonResidential,Refrigerated Warehouse,OVERSEA CASING CO.,601 S NEVADA ST,Seattle,WA,98108.0,7376600250,2,GREATER DUWAMISH,47.56477,-122.32628,1961,1.0,1,25577,0,25577,"Non-Refrigerated Warehouse, Office, Refrigerated Warehouse",Refrigerated Warehouse,13349.0,Non-Refrigerated Warehouse,8228.0,Office,4000.0,,895784.6875,Compliant,,Multi-usages
27562,2016,NonResidential,Warehouse,MVI 7th Avenue,4329 7th Ave S,Seattle,WA,98108.0,7376600270,2,GREATER DUWAMISH,47.56448,-122.32484,1974,1.0,1,43380,0,43380,Non-Refrigerated Warehouse,Non-Refrigerated Warehouse,42844.0,,,,,,405062.0,Compliant,,Mono-usage
27567,2016,NonResidential,Small- and Mid-Sized Office,4010 Associates,4010 Stone Way North,Seattle,WA,98020.0,4452300055,4,LAKE UNION,47.65576,-122.34208,1995,1.0,3,20410,0,20410,Office,Office,20410.0,,,,,,2720238.25,Compliant,,Mono-usage
27587,2016,NonResidential,Small- and Mid-Sized Office,Meridian Center Building,10303 Meridian Ave N,Seattle,WA,98133.0,5464300065,5,NORTHWEST,47.70349,-122.33424,1983,1.0,3,24696,6300,18396,"Office, Parking",Office,18396.0,Parking,6300.0,,,,624125.625,Compliant,,Multi-usages
27598,2016,NonResidential,Worship Facility,St. Andrew Kim,11700 1st Ave. NE,Seattle,WA,98125.0,6411600330,5,NORTHWEST,47.71479,-122.32824,2002,1.0,1,24955,0,24955,Worship Facility,Worship Facility,24955.0,,,,,,689803.0,Compliant,,Mono-usage
27668,2016,NonResidential,Other,Bailey Boushay House,2720 East Madison,Seattle,WA,98112.0,5016001680,3,Central,47.62342,-122.29688,1991,1.0,3,34074,0,34074,Other/Specialty Hospital,Other/Specialty Hospital,34074.0,,,,,,8521989.0,Compliant,,Mono-usage
27673,2016,NonResidential,Hotel,Hotel1000,1000 1st Ave.,Seattle,WA,98104.0,5017300000,7,DOWNTOWN,47.60505,-122.3361,2006,0.0,10,392552,22225,370327,"Hotel, Parking",Hotel,198400.0,Parking,52400.0,,,,17457560.0,Compliant,,Multi-usages
27703,2016,NonResidential,Worship Facility,(ID27703) International Full Gospel Fellowship,12345 8TH AVE NE,Seattle,WA,98125.0,6413600295,5,North,47.71856,-122.32084,1961,1.0,2,76475,0,76475,"Other - Education, Worship Facility",Worship Facility,45442.0,Other - Education,31033.0,,,,1765813.625,Compliant,,Multi-usages
27704,2016,NonResidential,K-12 School,Seattle Jewish Community School,12351 8th Ave NE,Seattle,WA,98125.0,6413600296,5,North,47.71923,-122.32171,1988,1.0,2,32961,0,32961,K-12 School,K-12 School,32961.0,,,,,,1573155.0,Compliant,,Mono-usage
27721,2016,Nonresidential COS,Other,The Seattle Public Library - Greenwood Branch,8016 Greenwood Ave N,Seattle,WA,98103.0,6430500081,6,NORTHWEST,47.6875,-122.35496,2004,1.0,1,27376,14570,12806,"Library, Parking",Library,12806.0,Parking,0.0,,,,1082920.125,Compliant,,Multi-usages
27816,2016,NonResidential,Other,Son Shone Inn,1808 18th Ave,Seattle,WA,98122.0,5707500120,3,Central,47.61796,-122.30847,1911,1.0,3,25200,0,25200,Other - Lodging/Residential,Other - Lodging/Residential,25200.0,,,,,,1242666.25,Compliant,,Mono-usage
27821,2016,NonResidential,Supermarket / Grocery Store,70500866 -- Northgate,11100 Roosevelt Way NE,Seattle,WA,98125.0,5724500615,5,North,47.70941,-122.31707,1996,1.0,1,44755,0,44755,Supermarket/Grocery Store,Supermarket/Grocery Store,46978.0,,,,,,11521140.0,Compliant,,Mono-usage
27825,2016,NonResidential,Other,AKER'S VOLKS-PORSCHE REPAIR (ID27825),1414 BROADWAY,Seattle,WA,98122.0,6003000020,3,EAST,47.61340332,-122.3203506,1907,1.0,2,22320,0,22320,"Repair Services (Vehicle, Shoe, Locksmith, etc)","Repair Services (Vehicle, Shoe, Locksmith, etc)",22320.0,,,,,,209644.9063,Compliant,,Mono-usage
27828,2016,NonResidential,Mixed Use Property,905 E Pike St,905 E Pike St,Seattle,WA,98122.0,6003000035,3,EAST,47.6139,-122.32034,1912,1.0,3,24000,0,24000,"Office, Other, Retail Store",Office,12000.0,Other,6000.0,Retail Store,6000.0,,932083.5,Compliant,,Multi-usages
27830,2016,NonResidential,Small- and Mid-Sized Office,ELYSIAN BREWING CO & OFFICES,1221 E Pike St.,Seattle,WA,98122.0,6003000070,3,EAST,47.61393,-122.31589,1920,1.0,3,23422,0,23422,Office,Office,23422.0,,,,,,2701872.0,Compliant,,Mono-usage
27833,2016,NonResidential,Other,Sound Mental Health,1600 East Olive St,Seattle,WA,98122.0,7234600405,3,EAST,47.61674,-122.31111,1975,5.0,2,38879,11328,27551,Urgent Care/Clinic/Other Outpatient,Urgent Care/Clinic/Other Outpatient,38879.0,,,,,,3371659.75,Compliant,,Mono-usage
27838,2016,NonResidential,Mixed Use Property,Madison Crossing,1600 E. Madison St.,Seattle,WA,98122.0,7234600515,3,EAST,47.61554,-122.31098,1998,1.0,5,53034,14625,38409,"Multifamily Housing, Parking, Supermarket/Grocery Store",Multifamily Housing,22486.0,Supermarket/Grocery Store,14257.0,Parking,13308.0,,3392129.0,Compliant,,Multi-usages
27869,2016,NonResidential,Warehouse,Auto Accessories Inc.,1520 13th Ave,Seattle,WA,98112.0,6003000220,3,EAST,47.61481,-122.31536,1920,1.0,2,23040,0,23040,Non-Refrigerated Warehouse,Non-Refrigerated Warehouse,23040.0,,,,,,79711.79688,Compliant,,Mono-usage
27874,2016,NonResidential,Warehouse,20172- Seattle / Capitol,1515 13th Ave,Seattle,WA,98122.0,6003000375,3,EAST,47.61469,-122.31596,1958,1.0,2,61880,0,61880,Non-Refrigerated Warehouse,Non-Refrigerated Warehouse,61880.0,,,,,,595936.5,Compliant,,Mono-usage
27882,2016,NonResidential,Small- and Mid-Sized Office,900 E Pine St,900 E Pine St,Seattle,WA,98122.0,6003000605,3,EAST,47.61556,-122.32048,1925,1.0,2,27938,0,27938,"Office, Retail Store",Office,13917.0,Retail Store,13188.0,,,,1027394.313,Compliant,,Multi-usages
27891,2016,NonResidential,Other,University VW,4724 Roosevelt Way NE,Seattle,WA,98105.0,6746701575,4,NORTHEAST,47.66386,-122.31715,1924,1.0,2,21600,0,21600,"Other - Services, Retail Store",Other - Services,32580.0,Retail Store,9650.0,,,,1623657.0,Compliant,,Multi-usages
27892,2016,Nonresidential COS,Other,Fire Station 17,1020 NE 50th Ave,Seattle,WA,98105.0,6746701655,4,NORTHEAST,47.66506,-122.31656,1929,1.0,3,27908,0,27908,Other,Other,21886.0,,,,,,2028125.625,Compliant,,Mono-usage
27903,2016,NonResidential,Retail Store,(ID27903) PACIFIC RIM CENTER,900 S JACKSON ST,Seattle,WA,98104.0,6600770000,2,DOWNTOWN,47.59951,-122.32033,2000,1.0,3,54969,0,54969,Retail Store,Retail Store,54969.0,,,,,,3724098.25,Compliant,,Mono-usage
27922,2016,NonResidential,K-12 School,Seattle Temple,1511 E. Pike Street,Seattle,WA,98122.0,7234600135,3,CENTRAL,47.61395,-122.31253,1951,1.0,2,36825,0,36825,"K-12 School, Office, Social/Meeting Hall, Worship Facility",K-12 School,44340.0,Worship Facility,10415.0,Social/Meeting Hall,4925.0,,1755072.75,Compliant,,Multi-usages
27928,2016,NonResidential,Small- and Mid-Sized Office,Jewish Family Service,1601 16th Ave,Seattle,WA,98122.0,7234600310,3,EAST,47.61546,-122.31195,1958,1.0,3,25834,0,25834,Office,Office,31822.0,,,,,,2076289.625,Compliant,,Mono-usage
27947,2016,NonResidential,Worship Facility,ST MARKS CATHEDRAL,1245 10th Avenue East,Seattle,WA,98102.0,6762700860,3,EAST,47.63193,-122.32126,1929,1.0,1,37700,0,37700,Worship Facility,Worship Facility,52225.0,,,,,,3481727.5,Compliant,,Mono-usage
27969,2016,NonResidential,Mixed Use Property,1700 Madison Apts. Bldg. 2,1700 E Madison St,Seattle,WA,98122.0,7234601100,3,Central,47.61608,-122.30967,2004,1.0,6,97229,0,97229,"Multifamily Housing, Parking, Retail Store",Multifamily Housing,45300.0,Parking,35973.0,Retail Store,16956.0,,1021754.688,Compliant,,Multi-usages
27982,2016,NonResidential,Small- and Mid-Sized Office,9620 Stone Ave N,9620 Stone Ave N,Seattle,WA,98103.0,4310701210,5,NORTHWEST,47.69898,-122.34162,1982,1.0,3,25111,0,25111,"Non-Refrigerated Warehouse, Office, Parking",Office,14256.0,Non-Refrigerated Warehouse,7850.0,Parking,0.0,,954352.6875,Compliant,,Multi-usages
28019,2016,NonResidential,Worship Facility,Our Lady of Fatima Church & Rectory,3218 W. Barrett St.,Seattle,WA,98199.0,6822100520,7,MAGNOLIA / QUEEN ANNE,47.64725,-122.39977,1953,1.0,2,31805,0,31805,Worship Facility,Worship Facility,31805.0,,,,,,1641667.0,Compliant,,Mono-usage
28020,2016,NonResidential,K-12 School,Our Lady of Fatima School & Gym,3301 W. Dravus St.,Seattle,WA,98199.0,6822100520,7,MAGNOLIA / QUEEN ANNE,47.64725,-122.39977,1953,1.0,1,20811,0,20811,K-12 School,K-12 School,20811.0,,,,,,1267348.5,Compliant,,Mono-usage
28025,2016,Nonresidential COS,Warehouse,CSC Meter Shop (G),1010 8th Ave S,Seattle,WA,98134.0,6834700175,2,GREATER DUWAMISH,47.59393,-122.32211,1967,1.0,2,22058,0,22058,"Non-Refrigerated Warehouse, Office",Non-Refrigerated Warehouse,12644.0,Office,7286.0,,,,1987334.75,Compliant,,Multi-usages
28029,2016,NonResidential,Refrigerated Warehouse,Plymouth Poultry,4500 7th Ave S,Seattle,WA,98108.0,7376600690,2,GREATER DUWAMISH,47.56268,-122.32364,1970,1.0,1,22890,0,22890,"Office, Refrigerated Warehouse",Refrigerated Warehouse,43452.0,Office,2890.0,,,,10005787.0,Compliant,,Multi-usages
28030,2016,NonResidential,Other,Sunny Arms,707 S. Snoqualmie St.,Seattle,WA,98112.0,7376600720,2,GREATER DUWAMISH,47.56166,-122.3237,1907,1.0,5,36000,0,36000,Other,Other,36000.0,,,,,,1111293.75,Compliant,,Mono-usage
28033,2016,NonResidential,Distribution Center,"Park Manor, LLC",601-619 S. Snoqualmie Street,Seattle,WA,98108.0,7376600765,2,GREATER DUWAMISH,47.5616,-122.32603,1971,1.0,1,28320,0,28320,"Distribution Center, Parking",Distribution Center,28320.0,Parking,0.0,,,,4236396.5,Compliant,,Multi-usages
28053,2016,NonResidential,Worship Facility,(ID28053)CONGREGATION BETH SHALOM,6800 35TH AVE NE,Seattle,WA,98115.0,4361200005,4,NORTHEAST,47.67816,-122.28998,1955,1.0,1,29079,0,29079,Worship Facility,Worship Facility,29079.0,,,,,,861643.6875,Compliant,,Mono-usage
28066,2016,NonResidential,Small- and Mid-Sized Office,Madison Park,4020 East Madison,Seattle,WA,98112.0,4385700325,3,EAST,47.63441,-122.28061,1982,1.0,3,28848,9616,19232,"Office, Parking",Office,19232.0,Parking,9616.0,,,,726917.5,Compliant,,Multi-usages
28081,2016,NonResidential,Small- and Mid-Sized Office,Brown Bear Car Wash,3977 Leary Way NW,Seattle,WA,98107.0,7442000545,6,Ballard,47.65564,-122.36191,1988,1.0,2,20535,0,20535,"Distribution Center, Office",Office,13600.0,Distribution Center,8200.0,,,,1835804.0,Compliant,,Multi-usages
28086,2016,NonResidential,Laboratory,Environmental Laboratory,322 W Ewing Street,Seattle,WA,98119.0,7442001430,7,MAGNOLIA / QUEEN ANNE,47.65223,-122.36147,1985,1.0,2,43025,0,43025,"Laboratory, Other",Laboratory,29527.0,Other,13498.0,,,,9393108.0,Compliant,,Multi-usages
28476,2016,NonResidential,Warehouse,NWCP-SEA Mayn Bldg,6100 6th Ave S,Seattle,WA,98108.0,5367201155,2,GREATER DUWAMISH,47.54769,-122.3251,1965,1.0,1,30800,0,30800,Non-Refrigerated Warehouse,Non-Refrigerated Warehouse,30800.0,,,,,,485971.0,Compliant,,Mono-usage
29170,2016,NonResidential,Mixed Use Property,Chief Seattle Club/Monterey Lofts,410 2nd Avenue Extenstion South,Seattle,WA,98104.0,1562700010,3,EAST,47.59901628,-122.3315077,1900,1.0,3,22168,0,22168,"Multifamily Housing, Other - Entertainment/Public Assembly",Multifamily Housing,11084.0,Other - Entertainment/Public Assembly,11084.0,,,,1784385.25,Compliant,,Multi-usages
29214,2016,NonResidential,Warehouse,1001-1005 6th Ave. S,1005 6th Avenue S,Seattle,WA,98134.0,7666204800,2,GREATER DUWAMISH,47.59416,-122.3267,1922,1.0,1,37400,0,37400,"Distribution Center, Non-Refrigerated Warehouse, Supermarket/Grocery Store",Non-Refrigerated Warehouse,27271.0,Supermarket/Grocery Store,5706.0,Distribution Center,4473.0,,924192.6875,Compliant,,Multi-usages
29550,2016,NonResidential,Large Office,605 Union Station,605 5th Ave S,Seattle,WA,98104.0,8809700040,2,DOWNTOWN,47.59666,-122.32768,2000,1.0,11,268130,0,268130,Office,Office,268130.0,,,,,20162015201420132012201020092008,15026352.0,Compliant,,Mono-usage
29551,2016,NonResidential,Small- and Mid-Sized Office,625 Union Station,625 5th Ave. S,Seattle,WA,98104.0,8809700040,2,DOWNTOWN,47.59706,-122.32813,2000,1.0,11,68452,0,68452,"Bank Branch, Office",Office,61665.0,Bank Branch,6787.0,,,201720162015,3782378.25,Compliant,,Multi-usages
29552,2016,NonResidential,Large Office,705 5th Avenue,705 5th Ave S,Seattle,WA,98104.0,8809700040,2,DOWNTOWN,47.59634,-122.32807,2000,1.0,11,273185,0,273185,Office,Office,281566.0,,,,,20162015201020092008,14709151.0,Compliant,,Mono-usage
29612,2016,NonResidential,K-12 School,Villa Academy - Main bldg.,5001 NE 50TH ST,Seattle,WA,98105.0,1025049038,4,NORTHEAST,47.66368,-122.27324,1924,1.0,3,97500,0,97500,K-12 School,K-12 School,97500.0,,,,,,3736960.0,Compliant,,Mono-usage
29788,2016,NonResidential,Small- and Mid-Sized Office,Queen Anne Square West (220),220 West Mercer Street,Seattle,WA,98119.0,7015350000,7,MAGNOLIA / QUEEN ANNE,47.62495,-122.36036,1982,1.0,5,54015,0,54015,Office,Office,54015.0,,,,,,3020001.5,Compliant,,Mono-usage
32429,2016,NonResidential,Restaurant,First & Union,1411 1st Avenue,Seattle,WA,98101.0,6094500000,7,DOWNTOWN,47.60805,-122.33978,1985,1.0,13,42000,0,42000,"Office, Other, Other - Restaurant/Bar, Strip Mall",Other - Restaurant/Bar,26554.0,Other,15310.0,Strip Mall,7673.0,,7798464.0,Compliant,,Multi-usages
33289,2016,NonResidential,Large Office,Bay Vista Office Building,2827 2nd Ave,Seattle,WA,98121.0,0586400000,7,DOWNTOWN,47.61706,-122.35141,1982,0.0,24,119701,0,119701,"Office, Retail Store",Office,102878.0,Retail Store,16823.0,,,,8382140.5,Compliant,,Multi-usages
33408,2016,Nonresidential COS,Other,The Seattle Public Library - Lake City Branch,12501-28th Ave NE,Seattle,WA,98125.0,3834500640,5,NORTH,47.71986,-122.29809,1965,1.0,1,24697,0,24697,"Library, Other - Services",Library,15300.0,Other - Services,4717.0,,,,1295685.75,Compliant,,Multi-usages
33527,2016,NonResidential,University,SCCC WOOD CONSTRUCTION,2310 S LANE ST,Seattle,WA,98144.0,3646100850,3,CENTRAL,47.59677,-122.30172,2013,2.0,1,57468,0,57468,College/University,College/University,67750.0,,,,,,3543985.5,Compliant,,Mono-usage
33548,2016,NonResidential,University,SCCC SCIENCE AND MATH,1814 HARVARD ST,Seattle,WA,98122.0,6003001335,3,EAST,47.61808,-122.32175,2006,1.0,5,84000,0,84000,College/University,College/University,84300.0,,,,,,12184124.0,Compliant,,Mono-usage
34348,2016,NonResidential,Retail Store,Pike Plaza,1401 2nd Ave,Seattle,WA,98101.0,6065010000,7,DOWNTOWN,47.6087,-122.33884,1991,1.0,3,103000,0,103000,Retail Store,Retail Store,103000.0,,,,,,5214621.5,Compliant,,Mono-usage
34891,2016,NonResidential,Supermarket / Grocery Store,70500883 -- West Seattle,4550 42nd Ave SW,Seattle,WA,98116.0,1333100000,1,SOUTHWEST,47.56137,-122.38524,2008,1.0,1,37864,0,37864,Supermarket/Grocery Store,Supermarket/Grocery Store,37864.0,,,,,,8025696.0,Compliant,,Mono-usage
34908,2016,NonResidential,Supermarket / Grocery Store,70500887 -- Broadway Market,509-23 BROADWAY E,Seattle,WA,98122.0,6850700315,3,EAST,47.62256,-122.32092,1950,1.0,2,66497,0,66497,Supermarket/Grocery Store,Supermarket/Grocery Store,66497.0,,,,,2013,9290214.0,Compliant,,Mono-usage
35391,2016,NonResidential,Retail Store,LUMEN Commercial,500 Mercer st,Seattle,WA,98109.0,4458720000,7,MAGNOLIA / QUEEN ANNE,47.62473,-122.34727,2006,1.0,4,34010,0,34010,Retail Store,Retail Store,38428.0,,,,,,3560614.25,Compliant,,Mono-usage
35392,2016,NonResidential,Supermarket / Grocery Store,70500881 -- Uptown,500 Mercer Street,Seattle,WA,98109.0,4458720010,7,MAGNOLIA / QUEEN ANNE,47.62473,-122.34727,2006,1.0,4,45980,0,45980,Supermarket/Grocery Store,Supermarket/Grocery Store,45980.0,,,,,2013,8305255.0,Compliant,,Mono-usage
36034,2016,NonResidential,Retail Store,Harvard Market,1401 Broadway,Seattle,WA,98122.0,3148650000,3,EAST,47.61378771,-122.3214255,1996,0.0,3,45743,0,45743,Retail Store,Retail Store,45243.0,,,,,,5313217.0,Compliant,,Mono-usage
36587,2016,NonResidential,Other,Meredith Mathews East Madison YMCA,1700 23rd Ave,Seattle,WA,98122.0,9828200095,3,CENTRAL,47.61674,-122.30207,1991,1.0,1,45000,0,45000,"Fitness Center/Health Club/Gym, Swimming Pool",Fitness Center/Health Club/Gym,45000.0,Swimming Pool,0.0,,,,3505497.0,Compliant,,Multi-usages
37008,2016,NonResidential,Other,CenturyLink Field Event Center,1000 Occidental Ave.,Seattle,WA,98134.0,7666204876,2,GREATER DUWAMISH,47.59544,-122.33159,1999,1.0,6,333698,0,333698,"Other - Entertainment/Public Assembly, Parking",Parking,432903.0,Other - Entertainment/Public Assembly,333698.0,,,,13730204.0,Compliant,,Multi-usages
37248,2016,NonResidential,Warehouse,Rainier Malt House,5840 Airport Way South,Seattle,WA,98108.0,3466800063,2,GREATER DUWAMISH,47.55066,-122.31787,1904,1.0,4,72859,0,72859,Non-Refrigerated Warehouse,Non-Refrigerated Warehouse,72859.0,,,,,,1498457.875,Compliant,,Mono-usage
40008,2016,NonResidential,Mixed Use Property,(ID#40008) KC Metro Transit Power Distribution,2255 4TH AVE S,Seattle,WA,98134.0,7666205180,2,GREATER DUWAMISH,47.5823,-122.32937,2004,1.0,3,21947,0,21947,"Office, Other, Parking",Other,14877.0,Office,12023.0,Parking,4920.0,,1554599.25,Compliant,,Multi-usages
40028,2016,NonResidential,Warehouse,Sandpoint #5,7561 63rd Ave NE,Seattle,WA,98115.0,0225049077,4,NORTHEAST,47.68454,-122.26235,1940,1.0,0,384772,0,384772,"Non-Refrigerated Warehouse, Office",Non-Refrigerated Warehouse,349953.0,Office,63872.0,,,,15206762.0,Compliant,,Multi-usages
40031,2016,NonResidential,Medical Office,Sandpoint #25,6222 NE 74th St,Seattle,WA,98115.0,0225049077,4,NORTHEAST,47.6824,-122.26223,1960,1.0,0,30287,0,30287,Medical Office,Medical Office,28050.0,,,,,,2193115.0,Compliant,,Mono-usage
40034,2016,NonResidential,Small- and Mid-Sized Office,Sandpoint #29,6200 NE 74th ST,Seattle,WA,98115.0,0225049077,4,NORTHEAST,47.68254,-122.26299,1960,1.0,0,21931,0,21931,Office,Office,31845.0,Office,31845.0,,,,3947209.25,Compliant,,Multi-usages
40067,2016,NonResidential,Small- and Mid-Sized Office,Olympic Block,101 Yesler Way,Seattle,WA,98104.0,5247800440,7,DOWNTOWN,47.60148,-122.33379,1985,1.0,6,73102,0,73102,"Office, Parking",Office,92723.0,Parking,18364.0,,,,4307238.5,Compliant,,Multi-usages
40348,2016,NonResidential,Mixed Use Property,Broadway Market,401 Broadway E,Seattle,WA,98102.0,6850700316 and 6850700315,3,EAST,47.62256,-122.32092,1916,1.0,2,140823,59401,81422,"Multifamily Housing, Parking, Personal Services (Health/Beauty, Dry Cleaning, etc), Retail Store, Supermarket/Grocery Store",Parking,89820.0,Supermarket/Grocery Store,64000.0,Multifamily Housing,41014.0,,2762846.0,Compliant,,Multi-usages
40447,2016,Nonresidential COS,Mixed Use Property,OCC Complex,2700 Airport Way S,Seattle,WA,98134.0,7666203010,2,GREATER DUWAMISH,47.57918,-122.32075,1966,5.0,1,87458,0,87458,"Data Center, Distribution Center, Office, Other",Office,41097.0,Distribution Center,39772.0,Other,6275.0,,8475238.0,Compliant,,Multi-usages
41928,2016,NonResidential,Supermarket / Grocery Store,Safeway 1586 - 15th Ave,12318 15th Ave NE,Seattle,WA,98115.0,6798100875,5,NORTH,47.71864,-122.312,2011,1.0,1,51400,0,51400,"Parking, Supermarket/Grocery Store",Supermarket/Grocery Store,51841.0,Parking,0.0,,,,11702959.0,Compliant,,Multi-usages
42069,2016,NonResidential,Small- and Mid-Sized Office,NORTH POINTE,2101 N 34TH ST,Seattle,WA,98103.0,6147900000,4,LAKE UNION,47.64779,-122.33352,1993,1.0,1,26263,0,26263,Office,Office,26263.0,,,,,,1634669.375,Compliant,,Mono-usage
43948,2016,Nonresidential COS,Other,Georgetown Steamplant,6605 13th Avenue South,Seattle,WA,98108.0,0000000000,2,GREATER DUWAMISH,47.54277,-122.31626,1906,1.0,2,39212,0,39212,Other,Other,39212.0,,,,,,72370.39844,Non-Compliant,Low outlier,Mono-usage
45287,2016,Nonresidential COS,Other,Medgar Evers Pool,500 23 Ave E,Seattle,WA,98122.0,7544800245,3,CENTRAL,47.60668,-122.30242,1968,0.0,1,21400,0,21400,"Fitness Center/Health Club/Gym, Other - Recreation, Swimming Pool",Other - Recreation,11737.0,Fitness Center/Health Club/Gym,9003.0,Swimming Pool,0.0,,5170809.5,Compliant,,Multi-usages
45927,2016,NonResidential,Laboratory,Reasearch and Training Building,300 Ninth Avenue,Seattle,WA,98104.0,8590900220,3,EAST,47.60427,-122.32311,2000,1.0,8,178000,0,178000,Laboratory,Laboratory,181930.0,,,,,,53166156.0,Compliant,,Mono-usage
48287,2016,NonResidential,Large Office,Central Link Operations and Maintenance Facility,3407 Airport Way South,Seattle,WA,98134.0,7666203110,2,GREATER DUWAMISH,47.5735,-122.32239,2005,1.0,4,162157,0,162157,"Office, Other - Services",Office,88698.0,Other - Services,72726.0,,,,40613740.0,Compliant,,Multi-usages
49687,2016,NonResidential,Supermarket / Grocery Store,Safeway 1885 - 1st Ave,516 1st Ave W,Seattle,WA,98119.0,8681450000,7,MAGNOLIA / QUEEN ANNE,47.6239,-122.35756,2003,1.0,4,33997,0,33997,"Parking, Supermarket/Grocery Store",Supermarket/Grocery Store,33997.0,Parking,30000.0,,,,8926736.0,Compliant,,Multi-usages
49695,2016,NonResidential,Large Office,City Place V - SEDO,207 Boren Ave. North,Seattle,WA,98109.0,1986200350,7,LAKE UNION,47.62037,-122.33627,2012,1.0,11,526423,0,526423,"Office, Other, Parking",Office,400536.0,Parking,182439.0,Other,7177.0,,17463744.0,Compliant,,Multi-usages
49697,2016,NonResidential,Mixed Use Property,Prudential Building,114 Alaskan Way S,Seattle,WA,98104.0,5247800025,7,DOWNTOWN,47.60121,-122.33518,1902,1.0,6,74211,0,74211,"Multifamily Housing, Office, Parking",Office,33279.0,Multifamily Housing,29878.0,Parking,8421.0,,1357119.875,Compliant,,Multi-usages
49699,2016,NonResidential,Warehouse,21615-Seattle/10020 MartinLutherKing,10020 Martin Luther King Jr Way S,Seattle,WA,98178.0,0323049141,2,SOUTHEAST,47.51098,-122.27817,1988,1.0,2,45700,0,45700,Non-Refrigerated Warehouse,Non-Refrigerated Warehouse,293707.0,,,,,,1544193.75,Compliant,,Mono-usage
49705,2016,Nonresidential COS,Other,Magnuson,7400 Sand Point Way NE,Seattle,WA,98115.0,0225049062,4,NORTHEAST,47.68212,-122.2633,1929,8.0,0,502030,0,502030,Other - Recreation,Other - Recreation,564258.0,,,,,,18470340.0,Compliant,,Mono-usage
49709,2016,NonResidential,Other,"Seattle ProCure Management, LLC.",1570 North 115th Street,Seattle,WA,98013.0,3026049128,5,NORTHWEST,47.71286,-122.33635,2012,1.0,2,53575,0,53575,Urgent Care/Clinic/Other Outpatient,Urgent Care/Clinic/Other Outpatient,53575.0,,,,,,31803568.0,Compliant,,Mono-usage
49712,2016,NonResidential,Large Office,Home Plate Center,1501 1st Ave S,Seattle,WA,98134.0,7666207075,2,GREATER DUWAMISH,47.58995,-122.33472,2012,1.0,6,157345,0,157345,Office,Office,157345.0,,,,,,11624548.0,Compliant,,Mono-usage
49715,2016,NonResidential,Residence Hall,Elm Hall,1218 NE Campus Pkwy,Seattle,WA,98195.0,1142002135,4,NORTHEAST,47.65642,-122.31475,2012,1.0,5,136758,0,136758,Residence Hall/Dormitory,Residence Hall/Dormitory,207017.0,,,,,,6275367.5,Compliant,,Mono-usage
49716,2016,NonResidential,Residence Hall,Alder Hall,1315 NE Campus Parkway,Seattle,WA,98195.0,1142002345,4,NORTHEAST,47.65599,-122.31385,2012,1.0,7,192259,0,192259,"Residence Hall/Dormitory, Supermarket/Grocery Store",Residence Hall/Dormitory,188118.0,Supermarket/Grocery Store,7000.0,,,,8767617.0,Compliant,,Multi-usages
49718,2016,Nonresidential COS,Other,South Transfer Station,130 South Kenyon St.,Seattle,WA,98108.0,2924049006,1,GREATER DUWAMISH,47.53246,-122.33304,2012,2.0,2,137138,0,137138,Other - Utility,Other - Utility,138602.0,,,,,,5475367.0,Compliant,,Mono-usage
49725,2016,NonResidential,Other,VM Seattle Hospital & Medical Center - Jones Pavilion,1010 Spring St,Seattle,WA,98101.0,8590901075,3,EAST,47.60989,-122.32659,2012,1.0,7,267470,0,267470,"Hospital (General Medical & Surgical), Other",Other,160482.0,Hospital (General Medical & Surgical),106988.0,,,,42584028.0,Compliant,,Multi-usages
49732,2016,NonResidential,Hospital,Seattle Children's Hospital Building Hope,4500 40th Ave NE,Seattle,WA,98145.0,1025049265,4,NORTHEAST,47.66201,-122.28386,2013,1.0,8,330000,0,330000,Hospital (General Medical & Surgical),Hospital (General Medical & Surgical),241500.0,,,,,,57764408.0,Compliant,,Mono-usage
49737,2016,NonResidential,Retail Store,MARQUEEN / MQH,600 Queen Anne Ave N,Seattle,WA,98109.0,701100-0000,7,MAGNOLIA / QUEEN ANNE,47.62503,-122.35642,1918,1.0,3,43832,0,43832,"Hotel, Parking, Retail Store",Retail Store,24588.0,Hotel,17558.0,Parking,1686.0,,3886545.0,Compliant,,Multi-usages
49738,2016,NonResidential,Other,Jefferson Square SWAS1490/,42nd Ave. SW and SW Alaska St.,Seattle,WA,98116.0,7579200260,1,SOUTHWEST,47.5596,-122.38459,1987,1.0,6,146363,0,146363,Strip Mall,Strip Mall,146363.0,,,,,,11730555.0,Compliant,,Mono-usage
49775,2016,NonResidential,Supermarket / Grocery Store,SAFEWAY 2932,2622 CALIFORNIA AVE SW,Seattle,WA,98116.0,2301550010,1,SOUTHWEST,47.57984,-122.38577,2011,1.0,1,67263,0,67263,Supermarket/Grocery Store,Supermarket/Grocery Store,67263.0,,,,,,14697487.0,Compliant,,Mono-usage
49776,2016,NonResidential,Large Office,Market Place Tower,2025 1st Avenue,Seattle,WA,98121.0,1977200471,7,DOWNTOWN,47.61156,-122.34401,1988,1.0,13,354086,149326,204760,"Data Center, Multifamily Housing, Office, Other, Parking",Office,193393.0,Parking,149326.0,Multifamily Housing,38225.0,201620092008,13458948.0,Compliant,,Multi-usages
49778,2016,NonResidential,Worship Facility,Center for Spiritual Living,5801 SAND POINT WAY NE,Seattle,WA,98105.0,1025049006,4,NORTHEAST,47.6709,-122.27054,2008,1.0,2,70292,0,70292,Worship Facility,Worship Facility,70292.0,,,,,,1933811.625,Compliant,,Mono-usage
49780,2016,NonResidential,Other,2020 Fifth Avenue Dat Center,2020 Fifth Avenue,Seattle,WA,98121.0,0659000905,7,DOWNTOWN,47.61449,-122.33956,1975,1.0,7,90679,35120,55559,"Data Center, Parking",Data Center,60000.0,Parking,30700.0,,,,41680640.0,Compliant,,Multi-usages
49783,2016,NonResidential,Laboratory,UW Medicine Phase 3.1,750 Republican Street,Seattle,WA,98109.0,1988201435,7,LAKE UNION,47.62351,-122.34135,2013,0.0,8,339591,114010,225581,"Convenience Store without Gas Station, Laboratory, Parking",Laboratory,172793.0,Parking,139241.0,Convenience Store without Gas Station,294.0,,41696464.0,Compliant,,Multi-usages
49784,2016,NonResidential,Small- and Mid-Sized Office,Bullitt Center,1501 E. Madison St.,Seattle,WA,98122.0,7234600195,3,CENTRAL,47.61432,-122.31257,2013,1.0,6,52000,0,52000,Office,Office,48159.0,,,,,,342726.0938,Compliant,,Mono-usage
49858,2016,NonResidential,K-12 School,The Northwest School 401,401 Pike,Seattle,WA,98122.0,8725600410,3,EAST,47.61386,-122.32647,2014,1.0,2,35780,0,35780,K-12 School,K-12 School,38000.0,,,,,,2912264.0,Compliant,,Mono-usage
49793,2016,NonResidential,Large Office,Interbay Worklofts,1631 15th Ave W.,Seattle,WA,98119.0,7666201610,7,MAGNOLIA / QUEEN ANNE,47.63449,-122.37661,2013,1.0,3,105061,28217,76844,"Office, Parking",Office,83533.0,Parking,28217.0,,,,1363191.625,Compliant,,Multi-usages
49797,2016,NonResidential,Small- and Mid-Sized Office,Seattle Goodwill Job Training/ Education Center,700 Dearborn Place South,Seattle,WA,98144.0,7134300080,3,DOWNTOWN,47.59666,-122.31253,2013,1.0,3,62662,14989,47673,Office,Office,47000.0,,,,,,2502131.0,Compliant,,Mono-usage
49802,2016,NonResidential,Hotel,Hotel Ballard,5216 Ballard Ave NW,Seattle,WA,98107.0,2767702985,6,BALLARD,47.66629,-122.3826,2013,1.0,4,62381,22948,39433,"Hotel, Parking, Swimming Pool",Hotel,60245.0,Parking,26067.0,Swimming Pool,0.0,,3497215.5,Compliant,,Multi-usages
49829,2016,NonResidential,Senior Care Community,Aegis on Madison,2200 E Madison,Seattle,WA,98112.0,2825049005,3,Central,47.61885,-122.30341,2013,1.0,6,79805,0,79805,"Parking, Senior Care Community",Senior Care Community,79805.0,Parking,7000.0,,,,7531325.0,Compliant,,Multi-usages
49850,2016,NonResidential,K-12 School,Paul G Allen Athletic Center,14050 1st Ave NE,Seattle,WA,98125.0,2832100190,5,NORTHWEST,47.73143,-122.32784,2014,1.0,2,48925,0,48925,K-12 School,K-12 School,63500.0,,,,,,1662054.125,Compliant,,Mono-usage
49862,2016,Nonresidential COS,Other,SCT Technical Pavilion,201 Thomas St.,Seattle,WA,98109.0,1985200130,7,MAGNOLIA / QUEEN ANNE,47.62082,-122.35251,1962,0.0,1,29000,0,29000,Other,Other,25100.0,,,,,,2429214.0,Compliant,,Mono-usage
49865,2016,NonResidential,Other,SOUTH,2623 NE 46th St,Seattle,WA,98105.0,0925049427,4,NORTHEAST,47.66246,-122.29898,2013,1.0,6,305025,239252,65773,"Lifestyle Center, Medical Office",Lifestyle Center,318986.0,Medical Office,19909.0,,,,25959642.0,Compliant,,Multi-usages
49867,2016,NonResidential,Large Office,Home Plate Center Bldg B,1521 1ST AVE S,Seattle,WA,98134.0,7666207075,2,GREATER DUWAMISH,47.58872,-122.33475,2014,1.0,7,333714,146687,187027,"Office, Parking",Office,191333.0,Parking,133432.0,,,,4581493.0,Compliant,,Multi-usages
49872,2016,NonResidential,Other,Mercedes-Benz of Seattle,2015 AIRPORT WAY S,Seattle,WA,98134.0,7666203470,2,GREATER DUWAMISH,47.5843,-122.32229,2014,1.0,2,56988,0,56988,"Automobile Dealership, Parking",Automobile Dealership,24520.0,Parking,0.0,,,,544172.375,Compliant,,Multi-usages
49911,2016,NonResidential,Other,Educare Early Learning Center,625 S.W. 100th St.,Seattle,WA,98146.0,2895800030,1,DELRIDGE,47.51377011,-122.3432804,2010,1.0,2,44162,0,44162,"Parking, Pre-school/Daycare",Pre-school/Daycare,44162.0,Parking,15761.0,,,,1546484.875,Compliant,,Multi-usages
49918,2016,Nonresidential COS,Other,Rainier Beach Community Center and Pool,8721 Rainier Ave S,Seattle,WA,98118.0,2123700240,2,SOUTHEAST,47.52472,-122.27074,2013,1.0,1,53775,0,53775,"Fitness Center/Health Club/Gym, Office, Other - Education, Other - Recreation, Other - Technology/Science, Pre-school/Daycare, Swimming Pool",Other - Recreation,35361.0,Fitness Center/Health Club/Gym,12689.0,Office,2110.0,,12095818.0,Compliant,,Multi-usages
49924,2016,NonResidential,Small- and Mid-Sized Office,SCCC DISTRICT/ERICKSON,1500 HARVARD AVE,Seattle,WA,98122.0,7502500010,3,EAST,47.61438,-122.32174,1912,0.0,2,64820,0,64820,"Movie Theater, Office, Vocational School",Office,37668.0,Movie Theater,11500.0,Vocational School,10000.0,,2274296.75,Compliant,,Multi-usages
49925,2016,NonResidential,University,SCCC MITCHELL ACTIVITY CENTER/BOOKSTORE,1718 Broadway,Seattle,WA,98122.0,6003001105,3,EAST,47.61699,-122.32083,1993,1.0,2,99765,0,99765,College/University,College/University,99765.0,,,,,,3185005.25,Compliant,,Mono-usage
49926,2016,NonResidential,University,SCCC MAIN BROADWAY/EDISON,1701 BROADWAY,Seattle,WA,98122.0,6003001130,3,EAST,47.61748356,-122.321853,1925,1.0,3,428347,0,428347,College/University,College/University,472384.0,,,,,,37022180.0,Compliant,,Mono-usage
49940,2016,NonResidential,Hospital,Virginia Mason Medical Center - 2149,925 Seneca St.,Seattle,WA,98101.0,1979200210,3,EAST,47.60986,-122.32774,1920,1.0,8,374466,0,374466,Hospital (General Medical & Surgical),Hospital (General Medical & Surgical),1010135.0,,,,,,163945984.0,Compliant,,Mono-usage
49945,2016,NonResidential,Senior Care Community,Market Garage,1426 WESTERN AVE,Seattle,WA,98101.0,6598350000,7,DOWNTOWN,47.60898,-122.34213,1989,1.0,3,197395,156000,41395,"Office, Other - Public Services, Personal Services (Health/Beauty, Dry Cleaning, etc), Senior Care Community",Senior Care Community,38800.0,Other - Public Services,3650.0,Office,586.0,,2737534.5,Compliant,,Multi-usages
49946,2016,NonResidential,Supermarket / Grocery Store,70500891 -- Ballard,5700 24th Ave NW,Seattle,WA,98107.0,2767604965,6,BALLARD,47.67034,-122.3873,2010,1.0,8,41198,0,41198,Supermarket/Grocery Store,Supermarket/Grocery Store,41198.0,,,,,,7768057.5,Compliant,,Mono-usage
49958,2016,Nonresidential COS,Other,First Hill Street Car Maintenance Shop,848 7th Ave S,Seattle,WA,98124.0,8592900285,2,GREATER DUWAMISH,47.59523,-122.32334,2014,1.0,1,20993,0,20993,"Repair Services (Vehicle, Shoe, Locksmith, etc)","Repair Services (Vehicle, Shoe, Locksmith, etc)",20983.0,,,,,,923812.8125,Compliant,,Mono-usage
49966,2016,NonResidential,Other,Smilow Rainier Vista Boys & Girls Club,4520 Martin Luther King Jr. Way S,Seattle,WA,98108.0,6056110050,2,SOUTHEAST,47.5626,-122.29396,2009,1.0,0,40265,0,40265,Pre-school/Daycare,Pre-school/Daycare,40265.0,,,,,,2159170.25,Compliant,,Mono-usage
49968,2016,NonResidential,University,Aerospace,3795 E Stevens Way NE,Seattle,WA,98195.0,1625049001,4,NORTHEAST,47.65395,-122.30584,1969,1.0,4,58779,0,58779,College/University,College/University,58779.0,,,,,,5000717.0,Compliant,,Mono-usage
49970,2016,NonResidential,Residence Hall,Cedar Hall,1112 NE 41st ST,Seattle,WA,98105.0,1625049001,4,NORTHEAST,47.65718,-122.31632,2011,1.0,0,176225,0,176225,"Parking, Residence Hall/Dormitory",Residence Hall/Dormitory,176225.0,Parking,24000.0,,,,4926695.0,Compliant,,Multi-usages
49972,2016,NonResidential,University,Computer Science and Electrical Engineering,3785 E Stevens Way NE,Seattle,WA,98195.0,1625049001,4,NORTHEAST,47.65356,-122.30613,1998,1.0,6,203030,0,203030,College/University,College/University,203030.0,,,,,,51168308.0,Compliant,,Mono-usage
49979,2016,NonResidential,Residence Hall,Lander Hall,1201 NE Campus Pkwy,Seattle,WA,98195.0,1625049001,4,NORTHEAST,47.65577,-122.3153,1953,1.0,0,166991,0,166991,Residence Hall/Dormitory,Residence Hall/Dormitory,166991.0,,,,,,15965859.0,Compliant,,Mono-usage
49980,2016,NonResidential,Residence Hall,Mercer Hall,1009 NE Pacific St,Seattle,WA,98195.0,1625049001,4,NORTHEAST,47.65447,-122.31733,1970,1.0,0,89392,0,89392,Residence Hall/Dormitory,Residence Hall/Dormitory,89392.0,,,,,,6960904.5,Compliant,,Mono-usage
49983,2016,NonResidential,Residence Hall,Poplar Hall,3715 W Stevens Way NE,Seattle,WA,98195.0,1625049001,4,NORTHEAST,47.65176,-122.30756,2011,1.0,0,97040,0,97040,Residence Hall/Dormitory,Residence Hall/Dormitory,97040.0,,,,,,3894142.5,Compliant,,Mono-usage
49985,2016,NonResidential,Large Office,Amazon Phase VI,500 9th Avenue North,Seattle,WA,98109.0,1983200075,7,LAKE UNION,47.62384,-122.33941,2014,1.0,6,427181,0,427181,"Office, Parking",Office,427181.0,Parking,169195.0,,,20172016,16371039.0,Compliant,,Multi-usages
49998,2016,NonResidential,Self-Storage Facility,West Coast Self-Storage of Columbia City,3736 Rainier Ave S,Seattle,WA,98144.0,3357400211,2,SOUTHEAST,47.57054,-122.29139,2014,1.0,4,101580,14004,87576,Self-Storage Facility,Self-Storage Facility,87576.0,,,,,,940844.6875,Compliant,,Mono-usage
50002,2016,NonResidential,Other,Audi Seattle UVA Bldg,4741 11TH AVE NE,Seattle,WA,98105.0,6746701515,4,NORTHEAST,47.66414,-122.31664,2014,1.0,3,33648,0,33648,"Automobile Dealership, Parking",Parking,83600.0,Automobile Dealership,39000.0,,,,1399581.625,Compliant,,Multi-usages
50026,2016,NonResidential,Small- and Mid-Sized Office,Chophouse Row,1424 11th Ave,Seattle,WA,98122.0,6003500255,3,EAST,47.61371,-122.31774,2015,1.0,5,37873,0,37873,"Multifamily Housing, Office, Parking, Restaurant, Retail Store",Office,25927.0,Parking,5834.0,Multifamily Housing,5160.0,,2346692.5,Compliant,,Multi-usages
50031,2016,NonResidential,Large Office,Dexter Station,1101 Dexter Ave. N.,Seattle,WA,98109.0,2249500265,7,MAGNOLIA / QUEEN ANNE,47.62906,-122.34259,2015,1.0,10,513816,0,513816,"Office, Parking, Restaurant",Office,359040.0,Parking,151658.0,Restaurant,1087.0,2017,18760766.0,Compliant,,Multi-usages
50035,2016,NonResidential,Hotel,Hilton Garden Inn Seattle,1821 Boren Ave,Seattle,WA,98101.0,3374400010,7,DOWNTOWN,47.61665,-122.33261,2015,1.0,14,144614,0,144614,Hotel,Hotel,159500.0,,,,,,5525072.5,Compliant,,Mono-usage
50037,2016,NonResidential,Large Office,"MAPS 325 Ninth Avenue North, LLC",325 9th Avenue North,Seattle,WA,98109.0,1991201265,7,LAKE UNION,47.62146,-122.33976,2014,1.0,12,480702,163260,317442,"Office, Parking",Office,341897.0,Parking,136594.0,,,,12720069.0,Compliant,,Multi-usages
50038,2016,NonResidential,Mixed Use Property,Salmon Bay Marine Center West,2360 W Commodore Way,Seattle,WA,98199.0,2771605298,7,MAGNOLIA / QUEEN ANNE,47.66144,-122.38723,2014,1.0,2,25532,0,25532,"Office, Repair Services (Vehicle, Shoe, Locksmith, etc)",Office,11745.0,"Repair Services (Vehicle, Shoe, Locksmith, etc)",11745.0,,,,627854.125,Compliant,,Multi-usages
50039,2016,NonResidential,Other,Honda of Seattle/Toyota of Seattle,2005 Airport Way South,Seattle,WA,98134.0,7666203255,2,GREATER DUWAMISH,47.58542,-122.32185,2015,1.0,2,108036,0,108036,"Automobile Dealership, Parking",Parking,202171.0,Automobile Dealership,108036.0,,,,4991893.5,Compliant,,Multi-usages
50045,2016,NonResidential,Large Office,"Sidneysea, LLC",400 9th Avenue North,Seattle,WA,98109.0,1983200035,7,LAKE UNION,47.62263,-122.33976,2015,1.0,12,483397,166208,317189,"Office, Parking",Office,342173.0,Parking,147597.0,,,,13998638.0,Compliant,,Multi-usages
50054,2016,Nonresidential COS,Large Office,400 FAIRVIEW OFFICE BLDG,400 FAIRVIEW AVE N,Seattle,WA,98109.0,2467400120,7,LAKE UNION,47.62251,-122.3339,2014,1.0,13,536697,197659,339038,"Office, Parking, Retail Store",Office,342838.0,Parking,202178.0,Retail Store,6313.200195,,13239050.0,Compliant,,Multi-usages
50062,2016,NonResidential,Hotel,Olympic Hospitality,3926 Aurora Ave N,Seattle,WA,98103.0,1931300480,4,LAKE UNION,47.65476,-122.34732,2014,1.0,4,126823,41539,85284,"Hotel, Parking, Swimming Pool",Hotel,88157.0,Parking,41539.0,Swimming Pool,0.0,,6042399.5,Compliant,,Multi-usages
50068,2016,NonResidential,Warehouse,Airport - Maintenance Shop - DOT: KCIA,6518 Ellis,Seattle,WA,98108.0,2824049007,2,GREATER DUWAMISH,47.54425,-122.31776,1955,1.0,1,52085,4222,47863,Non-Refrigerated Warehouse,Non-Refrigerated Warehouse,52085.0,,,,,,3605855.5,Compliant,,Mono-usage
50069,2016,NonResidential,Small- and Mid-Sized Office,Airport - Main Terminal,7277 Perimeter Rd.,Seattle,WA,98108.0,2824049007,2,GREATER DUWAMISH,47.53161,-122.29944,1929,1.0,2,24990,0,24990,Office,Office,24990.0,,,,,,4420650.5,Compliant,,Mono-usage
50070,2016,NonResidential,Other,Tennis Center Sand Point,7135 Sportsfield Drive NE,Seattle,WA,98155.0,0225049062,4,NORTHEAST,47.68109,-122.2618,2013,1.0,1,72000,0,72000,Other - Recreation,Other - Recreation,72000.0,,,,,,2925780.0,Compliant,,Mono-usage
50081,2016,NonResidential,K-12 School,Hamlin Robinson School,1701 20th Ave South,Seattle,WA,98144.0,7548300840,3,GREATER DUWAMISH,47.58831,-122.3065,2015,1.0,3,45000,0,45000,"K-12 School, Parking",K-12 School,45728.0,Parking,0.0,,,,1325972.75,Compliant,,Multi-usages
50094,2016,NonResidential,Mixed Use Property,AIBS,601 Westlake Ave N.,Seattle,WA,98109.0,4088803385,7,LAKE UNION,47.62497,-122.33883,2015,1.0,6,345290,85028,260262,"Data Center, Laboratory, Museum, Office, Other, Parking",Laboratory,151523.0,Office,106498.0,Parking,84002.0,,39364116.0,Compliant,,Multi-usages
50101,2016,Nonresidential WA,University,Burke Museum,4331 Memorial Way NE,Seattle,WA,98195.0,1625049001,4,NORTHEAST,47.66127,-122.31256,1962,1.0,1,68072,0,68072,College/University,College/University,68916.0,,,,,,3180819.25,Compliant,,Mono-usage
50196,2016,Nonresidential COS,Mixed Use Property,Northgate Community Center,10510 5th Ave NE,Seattle,WA,,2926049431,5,NORTH,47.70541,-122.32232,2005,1.0,1,20616,0,20616,"Fitness Center/Health Club/Gym, Office, Other - Recreation, Pre-school/Daycare, Social/Meeting Hall",Other - Recreation,9900.0,Fitness Center/Health Club/Gym,8577.0,Pre-school/Daycare,1364.0,,636965.5,Compliant,,Multi-usages
50198,2016,Nonresidential COS,Other,Fire Station 06 (New),405 MLK Jr Way S,Seattle,WA,,1250200565,3,CENTRAL,47.59905,-122.29787,2013,1.0,1,11685,0,11685,Prison/Incarceration,Prison/Incarceration,11685.0,,,,,,851053.8125,Compliant,,Mono-usage
50201,2016,Nonresidential COS,Other,Fire Station 35 (New),8729 15th Ave NW,Seattle,WA,,3300700810,6,BALLARD,47.6933,-122.37717,2010,1.0,1,11968,0,11968,Prison/Incarceration,Prison/Incarceration,11968.0,,,,,,783423.0,Compliant,,Mono-usage
50204,2016,Nonresidential COS,Other,Fire Station 39 (New),2806 NE 127th St,Seattle,WA,,3834500066,5,NORTH,47.72126,-122.29735,1949,1.0,1,11285,0,11285,Prison/Incarceration,Prison/Incarceration,11285.0,,,,,,645665.375,Compliant,,Mono-usage
50207,2016,Nonresidential COS,Other,Ballard Community Center,6020 28th ave NW,Seattle,WA,,6658000065,6,BALLARD,47.67295,-122.39228,1911,1.0,1,16795,0,16795,"Fitness Center/Health Club/Gym, Food Service, Office, Other - Recreation, Pre-school/Daycare",Other - Recreation,8680.0,Fitness Center/Health Club/Gym,7014.0,Pre-school/Daycare,535.0,,936616.5,Compliant,,Multi-usages
50208,2016,Nonresidential COS,Other,Ballard Pool,1471 NW 67th St,Seattle,WA,,3050700005,6,BALLARD,47.67734,-122.37624,1972,1.0,1,12769,0,12769,"Fitness Center/Health Club/Gym, Office, Other - Recreation, Swimming Pool",Other - Recreation,10912.0,Fitness Center/Health Club/Gym,1670.0,Office,187.0,,5117308.5,Compliant,,Multi-usages
50210,2016,Nonresidential COS,Office,Central West HQ / Brown Bear,1403 w howe,Seattle,WA,,2425039137,7,MAGNOLIA / QUEEN ANNE,47.63572,-122.37525,1952,1.0,1,13661,0,13661,Office,Office,13661.0,,,,,,502667.6875,Error - Correct Default Data,,Mono-usage
50212,2016,Nonresidential COS,Other,Conservatory Campus,1400 E Galer St,Seattle,WA,,2925049087,3,EAST,47.63228,-122.31574,1912,1.0,1,23445,0,23445,Other - Recreation,Other - Recreation,23445.0,,,,,,5976246.0,Compliant,,Mono-usage
50219,2016,Nonresidential COS,Mixed Use Property,Garfield Community Center,2323 East Cherry St,Seattle,WA,,7544800245,3,CENTRAL,47.60775,-122.30225,1994,1.0,1,20050,0,20050,"Fitness Center/Health Club/Gym, Office, Other - Recreation, Other - Technology/Science",Other - Recreation,8108.0,Fitness Center/Health Club/Gym,7726.0,Office,3779.0,,1813404.0,Compliant,,Multi-usages
50220,2016,Nonresidential COS,Office,Genesee/SC SE HQ,4420 S Genesee,Seattle,WA,,4154300585,2,SOUTHEAST,47.5644,-122.27813,1960,1.0,1,15398,0,15398,Office,Office,15398.0,,,,,,387810.0,Error - Correct Default Data,,Mono-usage
50221,2016,Nonresidential COS,Other,High Point Community Center,6920 34th Ave SW,Seattle,WA,,2524039059,1,DELRIDGE NEIGHBORHOODS,47.54067,-122.37441,1982,1.0,1,18261,0,18261,Other - Recreation,Other - Recreation,18261.0,,,,,,932082.125,Compliant,,Mono-usage
50222,2016,Nonresidential COS,Office,Horticulture building,1600 S Dakota St,Seattle,WA,,1624049080,2,GREATER DUWAMISH,47.56722,-122.31154,1990,1.0,1,12294,0,12294,Office,Office,12294.0,,,,,,849745.6875,Error - Correct Default Data,,Mono-usage
50223,2016,Nonresidential COS,Other,International district/Chinatown CC,719 8th Ave S,Seattle,WA,,3558300000,2,DOWNTOWN,47.59625,-122.32283,2004,1.0,1,16000,0,16000,Other - Recreation,Other - Recreation,16000.0,,,,,,950276.1875,Compliant,,Mono-usage
50224,2016,Nonresidential COS,Other,Queen Anne Pool,1920 1st Ave W,Seattle,WA,,1794501150,7,MAGNOLIA / QUEEN ANNE,47.63644,-122.35784,1974,1.0,1,13157,0,13157,"Fitness Center/Health Club/Gym, Other - Recreation, Swimming Pool",Other - Recreation,7583.0,Fitness Center/Health Club/Gym,5574.0,Swimming Pool,0.0,,5765898.0,Compliant,,Multi-usages
50225,2016,Nonresidential COS,Mixed Use Property,South Park Community Center,8319 8th Ave S,Seattle,WA,,7883603155,1,GREATER DUWAMISH,47.52832,-122.32431,1989,1.0,1,14101,0,14101,"Fitness Center/Health Club/Gym, Food Service, Office, Other - Recreation, Pre-school/Daycare",Other - Recreation,6601.0,Fitness Center/Health Club/Gym,6501.0,Pre-school/Daycare,484.0,,719471.1875,Compliant,,Multi-usages
50226,2016,Nonresidential COS,Mixed Use Property,Van Asselt Community Center,2820 S Myrtle St,Seattle,WA,,7857002030,2,GREATER DUWAMISH,47.53939,-122.29536,1938,1.0,1,18258,0,18258,"Fitness Center/Health Club/Gym, Food Service, Office, Other - Recreation, Pre-school/Daycare",Other - Recreation,8271.0,Fitness Center/Health Club/Gym,8000.0,Pre-school/Daycare,1108.0,,1152896.25,Compliant,,Multi-usages
