datayear,buildingtype,primarypropertytype,councildistrictcode,neighborhood,latitude,longitude,numberofbuildings,numberoffloors,propertygfatotal,propertygfaparking,propertygfabuilding(s),largestpropertyusetype,largestpropertyusetypegfa,secondlargestpropertyusetype,secondlargestpropertyusetypegfa,thirdlargestpropertyusetype,thirdlargestpropertyusetypegfa,defaultdata,usage_type,BuildingAge,ParkingRatio,BuildingRatio,IsMultiUse,NumberPropertyUses
2016,NonResidential,Large Office,7,DOWNTOWN,47.61599,-122.34165,1.0,15,378002,116280,261722,Office,270237.0,Parking,71602.0,,,False,Multi-usages,33,0.3076174200136507,0.6923825799863493,1,2
2016,NonResidential,Large Office,7,DOWNTOWN,47.61706,-122.35141,0.0,24,119701,0,119701,Office,102878.0,Retail Store,16823.0,,,False,Multi-usages,34,0.0,1.0,1,2
2016,NonResidential,Retail Store,2,SOUTHEAST,47.54723,-122.28455,1.0,1,37883,0,37883,Retail Store,28734.0,Supermarket/Grocery Store,24813.0,,,False,Multi-usages,50,0.0,1.0,1,2
2016,NonResidential,Other,5,NORTHWEST,47.70969,-122.34557,5.0,1,23166,0,23166,Other,23166.0,,,,,False,Mono-usage,46,0.0,1.0,0,1
2016,NonResidential,Refrigerated Warehouse,2,GREATER DUWAMISH,47.58252,-122.32193,1.0,1,41550,0,41550,Refrigerated Warehouse,41550.0,,,,,False,Mono-usage,65,0.0,1.0,0,1
2016,NonResidential,Large Office,7,DOWNTOWN,47.61043,-122.33206,1.0,56,1605578,389860,1215718,Office,1314475.0,Parking,389860.0,Other,30744.0,False,Multi-usages,27,0.2428159827800331,0.7571840172199669,1,3
2016,NonResidential,Supermarket / Grocery Store,3,EAST,47.62048,-122.31386,1.0,1,44739,0,44739,Supermarket/Grocery Store,44739.0,Parking,0.0,,,False,Multi-usages,18,0.0,1.0,1,2
2016,NonResidential,Supermarket / Grocery Store,6,NORTHWEST,47.7019,-122.36374,1.0,1,60880,0,60880,Supermarket/Grocery Store,61666.0,,,,,False,Mono-usage,60,0.0,1.0,0,1
2016,NonResidential,Warehouse,1,GREATER DUWAMISH,47.5213,-122.32182,1.0,1,31600,0,31600,Non-Refrigerated Warehouse,31600.0,,,,,False,Mono-usage,37,0.0,1.0,0,1
2016,NonResidential,Other,2,GREATER DUWAMISH,47.5661,-122.33358,1.0,2,31360,0,31360,Other - Entertainment/Public Assembly,32000.0,,,,,False,Mono-usage,70,0.0,1.0,0,1
2016,NonResidential,Hospital,6,BALLARD,47.66737,-122.37956,4.0,5,285333,0,285333,Hospital (General Medical & Surgical),302661.0,Parking,148865.0,,,False,Multi-usages,62,0.0,1.0,1,2
2016,NonResidential,Retail Store,7,MAGNOLIA / QUEEN ANNE,47.62473,-122.34727,1.0,4,34010,0,34010,Retail Store,38428.0,,,,,False,Mono-usage,10,0.0,1.0,0,1
2016,NonResidential,Warehouse,2,GREATER DUWAMISH,47.58661,-122.3281,1.0,1,23792,0,23792,Non-Refrigerated Warehouse,22992.0,Office,800.0,,,False,Multi-usages,27,0.0,1.0,1,2
2016,NonResidential,Worship Facility,7,MAGNOLIA / QUEEN ANNE,47.64,-122.39743,1.0,1,20140,0,20140,Worship Facility,22000.0,Parking,0.0,,,False,Multi-usages,51,0.0,1.0,1,2
2016,Nonresidential COS,Small- and Mid-Sized Office,5,NORTHWEST,47.70044,-122.34136,1.0,2,91130,0,91130,Office,57968.0,Distribution Center,32881.0,Parking,11850.0,False,Multi-usages,59,0.0,1.0,1,5
2016,NonResidential,Mixed Use Property,4,NORTHEAST,47.6616,-122.31393,1.0,2,34948,15755,19193,Bank Branch,19183.0,Parking,19183.0,,,False,Multi-usages,40,0.4508126359162184,0.5491873640837817,1,2
2016,NonResidential,University,3,EAST,47.61748356,-122.321853,1.0,3,428347,0,428347,College/University,472384.0,,,,,False,Mono-usage,91,0.0,1.0,0,1
2016,NonResidential,Warehouse,5,NORTHWEST,47.70833,-122.34429,1.0,1,29400,0,29400,Non-Refrigerated Warehouse,25000.0,,,,,False,Mono-usage,44,0.0,1.0,0,1
2016,NonResidential,Large Office,2,GREATER DUWAMISH,47.58181,-122.33534,0.0,6,1380959,0,1380959,Office,1000730.0,Retail Store,281296.0,Non-Refrigerated Warehouse,220303.0,False,Multi-usages,104,0.0,1.0,1,3
2016,NonResidential,Small- and Mid-Sized Office,4,LAKE UNION,47.6483,-122.33438,1.0,3,26694,6034,20660,Office,24914.0,Parking,4720.0,,,False,Multi-usages,35,0.2260433056117479,0.773956694388252,1,2
2016,NonResidential,Self-Storage Facility,4,NORTHEAST,47.67905,-122.31697,1.0,4,38959,0,38959,Self-Storage Facility,38959.0,,,,,False,Mono-usage,20,0.0,1.0,0,1
2016,NonResidential,Large Office,6,LAKE UNION,47.64882,-122.34905,1.0,4,243334,103032,140302,Office,138995.0,Parking,24549.0,,,False,Multi-usages,17,0.4234180180328273,0.5765819819671727,1,2
2016,NonResidential,Worship Facility,4,NORTHEAST,47.66516,-122.2738,1.0,1,26366,0,26366,Worship Facility,26386.0,Parking,0.0,,,False,Multi-usages,44,0.0,1.0,1,2
2016,NonResidential,Worship Facility,4,NORTHEAST,47.66146,-122.2788,1.0,2,20039,0,20039,Worship Facility,20039.0,,,,,False,Mono-usage,62,0.0,1.0,0,1
2016,NonResidential,Other,6,BALLARD,47.66621,-122.37502,1.0,1,32000,0,32000,Other - Recreation,29880.0,Office,4700.0,,,False,Multi-usages,55,0.0,1.0,1,2
2016,NonResidential,Mixed Use Property,7,DOWNTOWN,47.59938,-122.33197,1.0,3,26000,0,26000,Office,13000.0,Other - Entertainment/Public Assembly,13000.0,,,False,Multi-usages,50,0.0,1.0,1,2
2016,NonResidential,Other,2,GREATER DUWAMISH,47.57507,-122.33349,2.0,1,27760,0,27760,Other,19715.0,Office,12000.0,Retail Store,6000.0,False,Multi-usages,100,0.0,1.0,1,4
2016,NonResidential,Warehouse,2,GREATER DUWAMISH,47.58065,-122.33356,1.0,1,21600,0,21600,Non-Refrigerated Warehouse,21600.0,,,,,False,Mono-usage,89,0.0,1.0,0,1
2016,NonResidential,Medical Office,7,DOWNTOWN,47.6146,-122.34217,1.0,4,26670,0,26670,Medical Office,26670.0,,,,,False,Mono-usage,64,0.0,1.0,0,1
2016,Nonresidential COS,Other,5,NORTH,47.72126,-122.29735,1.0,1,11285,0,11285,Prison/Incarceration,11285.0,,,,,False,Mono-usage,67,0.0,1.0,0,1
2016,NonResidential,Refrigerated Warehouse,2,GREATER DUWAMISH,47.58118,-122.32211,1.0,1,25375,0,25375,Refrigerated Warehouse,23419.0,Office,2266.0,,,False,Multi-usages,61,0.0,1.0,1,2
2016,NonResidential,Other,1,DELRIDGE,47.56797,-122.36711,1.0,3,68763,11527,57236,Other - Recreation,50000.0,Parking,11527.0,Swimming Pool,0.0,False,Multi-usages,15,0.1676337565260387,0.8323662434739613,1,3
2016,NonResidential,K-12 School,7,DOWNTOWN,47.61687,-122.33533,1.0,3,22860,0,22860,K-12 School,22860.0,,,,,False,Mono-usage,21,0.0,1.0,0,1
2016,NonResidential,Other,4,NORTHEAST,47.67642,-122.3035,1.0,1,20332,0,20332,Other,20332.0,,,,,False,Mono-usage,70,0.0,1.0,0,1
2016,NonResidential,Retail Store,1,DELRIDGE,47.52254,-122.36627,1.0,1,26208,0,26208,Retail Store,32427.0,,,,,False,Mono-usage,11,0.0,1.0,0,1
2016,NonResidential,Small- and Mid-Sized Office,4,LAKE UNION,47.64168,-122.32562,1.0,4,50333,18036,32297,Office,50333.0,,,,,False,Mono-usage,57,0.3583334988973436,0.6416665011026563,0,1
2016,NonResidential,Residence Hall,3,EAST,47.60817,-122.32654,0.0,15,115775,31535,84240,Residence Hall/Dormitory,150000.0,Office,25000.0,,,False,Multi-usages,34,0.2723817749946016,0.7276182250053984,1,2
2016,NonResidential,Warehouse,2,GREATER DUWAMISH,47.56121,-122.33872,1.0,1,26094,0,26094,Non-Refrigerated Warehouse,26094.0,,,,,False,Mono-usage,63,0.0,1.0,0,1
2016,NonResidential,Warehouse,2,GREATER DUWAMISH,47.55302,-122.33605,1.0,1,30545,0,30545,Non-Refrigerated Warehouse,23545.0,Office,7000.0,,,False,Multi-usages,78,0.0,1.0,1,2
2016,NonResidential,Small- and Mid-Sized Office,4,LAKE UNION,47.64243,-122.32618,1.0,2,21183,0,21183,Office,13945.0,Parking,7238.0,,,False,Multi-usages,59,0.0,1.0,1,2
2016,NonResidential,Small- and Mid-Sized Office,7,DOWNTOWN,47.60952,-122.33558,1.0,4,30525,0,30525,Office,15609.0,Retail Store,6104.0,,,False,Multi-usages,88,0.0,1.0,1,2
2016,NonResidential,Other,4,NORTHEAST,47.65529,-122.32133,1.0,6,143439,0,143439,Other,119570.0,Parking,23869.0,,,False,Multi-usages,10,0.0,1.0,1,2
2016,NonResidential,Large Office,4,LAKE UNION,47.63349,-122.32634,1.0,3,158600,38400,120200,Office,125779.0,Parking,32821.0,Laboratory,20000.0,False,Multi-usages,54,0.2421185372005044,0.7578814627994955,1,3
2016,NonResidential,Retail Store,4,NORTHEAST,47.66178,-122.31812,1.0,2,69492,0,69492,Retail Store,69800.0,Other,0.0,,,False,Multi-usages,29,0.0,1.0,0,1
2016,Nonresidential COS,Other,3,CENTRAL,47.59905,-122.29787,1.0,1,11685,0,11685,Prison/Incarceration,11685.0,,,,,False,Mono-usage,3,0.0,1.0,0,1
2016,NonResidential,Warehouse,3,EAST,47.61469,-122.31596,1.0,2,61880,0,61880,Non-Refrigerated Warehouse,61880.0,,,,,False,Mono-usage,58,0.0,1.0,0,1
2016,NonResidential,Worship Facility,6,BALLARD,47.68164,-122.3753,1.0,2,33589,0,33589,Worship Facility,33589.0,,,,,False,Mono-usage,102,0.0,1.0,0,1
2016,NonResidential,Large Office,7,LAKE UNION,47.62037,-122.33627,1.0,11,526423,0,526423,Office,400536.0,Parking,182439.0,Other,7177.0,False,Multi-usages,4,0.0,1.0,1,3
2016,NonResidential,Warehouse,2,GREATER DUWAMISH,47.59081,-122.33487,1.0,2,41276,0,41276,Non-Refrigerated Warehouse,24300.0,Retail Store,13284.0,Office,3692.0,False,Multi-usages,78,0.0,1.0,1,3
2016,NonResidential,Other,5,NORTH,47.69883,-122.32479,1.0,1,30610,0,30610,Other - Recreation,23320.0,Office,7290.0,,,False,Multi-usages,37,0.0,1.0,1,2
2016,NonResidential,Other,2,GREATER DUWAMISH,47.57217,-122.32421,1.0,1,27933,0,27933,Other,27933.0,,,,,False,Mono-usage,56,0.0,1.0,0,1
2016,NonResidential,Mixed Use Property,4,LAKE UNION,47.63451,-122.32505,0.0,5,251827,113318,138509,Parking,113318.0,Laboratory,84000.0,Office,84000.0,False,Multi-usages,14,0.449983520432678,0.550016479567322,1,3
2016,NonResidential,Small- and Mid-Sized Office,4,NORTHEAST,47.67828,-122.26456,1.0,2,96300,0,96300,Office,92300.0,Data Center,4944.0,,,False,Multi-usages,14,0.0,1.0,1,2
2016,NonResidential,Laboratory,3,EAST,47.60427,-122.32311,1.0,8,178000,0,178000,Laboratory,181930.0,,,,,False,Mono-usage,16,0.0,1.0,0,1
2016,NonResidential,Large Office,7,LAKE UNION,47.62269,-122.33224,1.0,4,134056,60960,73096,Office,72066.0,Parking,59137.0,,,False,Multi-usages,34,0.45473533448708,0.54526466551292,1,2
2016,NonResidential,Small- and Mid-Sized Office,7,MAGNOLIA / QUEEN ANNE,47.62224,-122.3585,1.0,5,87178,20416,66762,Office,66747.0,Parking,28285.0,,,False,Multi-usages,46,0.2341875243754158,0.7658124756245842,1,2
2016,Nonresidential WA,University,4,NORTHEAST,47.66127,-122.31256,1.0,1,68072,0,68072,College/University,68916.0,,,,,False,Mono-usage,54,0.0,1.0,0,1
2016,NonResidential,Warehouse,1,DELRIDGE,47.53689,-122.33847,1.0,1,140520,0,140520,Non-Refrigerated Warehouse,140520.0,,,,,False,Mono-usage,48,0.0,1.0,0,1
2016,NonResidential,Retail Store,2,SOUTHEAST,47.56514,-122.28781,1.0,1,36071,0,36071,Retail Store,36071.0,,,,,True,Mono-usage,48,0.0,1.0,0,1
2016,Nonresidential COS,Other,1,DELRIDGE,47.52801,-122.36918,0.0,2,27227,0,27227,Other - Recreation,29064.0,Fitness Center/Health Club/Gym,8508.0,Pre-school/Daycare,715.0,False,Multi-usages,41,0.0,1.0,1,6
2016,NonResidential,Warehouse,1,DELRIDGE,47.53935,-122.34402,1.0,1,70400,0,70400,Non-Refrigerated Warehouse,58047.0,Office,12353.0,,,False,Multi-usages,46,0.0,1.0,1,2
2016,NonResidential,Distribution Center,1,GREATER DUWAMISH,47.52878,-122.32771,1.0,1,29619,0,29619,Distribution Center,15000.0,Office,14619.0,,,False,Multi-usages,26,0.0,1.0,1,2
2016,NonResidential,Restaurant,7,LAKE UNION,47.62354,-122.33808,1.0,3,40686,0,40686,Restaurant,40686.0,,,,,False,Mono-usage,97,0.0,1.0,0,1
2016,NonResidential,Large Office,7,DOWNTOWN,47.61033,-122.3357,1.0,6,109830,13200,96630,Office,83485.0,Parking,13200.0,Retail Store,5000.0,False,Multi-usages,32,0.1201857416006555,0.8798142583993445,1,4
2016,NonResidential,Small- and Mid-Sized Office,7,DOWNTOWN,47.60105,-122.33518,1.0,3,44558,0,44558,Office,34416.0,Self-Storage Facility,7672.0,Restaurant,2470.0,False,Multi-usages,116,0.0,1.0,1,3
2016,NonResidential,K-12 School,5,NORTHWEST,47.73143,-122.32784,1.0,2,48925,0,48925,K-12 School,63500.0,,,,,False,Mono-usage,2,0.0,1.0,0,1
2016,NonResidential,Mixed Use Property,7,DOWNTOWN,47.60427,-122.33385,1.0,2,38539,12379,26160,Retail Store,15549.0,Parking,12379.0,Office,10611.0,False,Multi-usages,38,0.3212070889229093,0.6787929110770907,1,3
2016,NonResidential,Large Office,7,DOWNTOWN,47.60471,-122.33261,1.0,8,201480,0,201480,Office,161762.0,Retail Store,29094.0,Non-Refrigerated Warehouse,10624.0,False,Multi-usages,109,0.0,1.0,1,3
2016,NonResidential,Large Office,7,MAGNOLIA / QUEEN ANNE,47.62235,-122.36378,1.0,4,129551,42500,87051,Office,82273.0,Parking,42500.0,Data Center,4778.0,False,Multi-usages,16,0.3280561323339843,0.6719438676660157,1,3
2016,NonResidential,Other,6,LAKE UNION,47.64975,-122.35289,0.0,3,53103,0,53103,Other,38723.0,,,,,False,Mono-usage,20,0.0,1.0,0,1
2016,NonResidential,Large Office,2,DOWNTOWN,47.59858,-122.33198,1.0,7,160580,0,160580,Office,160580.0,,,,,False,Mono-usage,109,0.0,1.0,0,1
2016,NonResidential,Other,5,NORTH,47.7162,-122.2956,1.0,1,25406,0,25406,"Personal Services (Health/Beauty, Dry Cleaning, etc)",25406.0,,,,,False,Mono-usage,56,0.0,1.0,1,3
2016,NonResidential,Hotel,7,DOWNTOWN,47.60376,-122.33194,1.0,10,104352,0,104352,Hotel,104352.0,,,,,False,Mono-usage,100,0.0,1.0,0,1
2016,NonResidential,Small- and Mid-Sized Office,7,DOWNTOWN,47.6032,-122.33663,1.0,3,32160,0,32160,Office,35693.0,Retail Store,14219.0,,,False,Multi-usages,110,0.0,1.0,1,2
2016,NonResidential,Small- and Mid-Sized Office,7,MAGNOLIA / QUEEN ANNE,47.62115,-122.3597,1.0,5,88062,20826,67236,Office,64752.0,Parking,21396.0,,,False,Multi-usages,42,0.2364924712134632,0.7635075287865367,1,2
2016,NonResidential,Small- and Mid-Sized Office,3,EAST,47.61543,-122.32657,1.0,3,27544,0,27544,Office,22365.0,Parking,3744.0,,,False,Multi-usages,99,0.0,1.0,1,2
2016,NonResidential,Warehouse,2,GREATER DUWAMISH,47.58365,-122.33467,1.0,7,144050,0,144050,Non-Refrigerated Warehouse,144050.0,,,,,False,Mono-usage,90,0.0,1.0,0,1
2016,NonResidential,Worship Facility,3,CENTRAL,47.61118,-122.288,1.0,1,21850,0,21850,Worship Facility,21850.0,,,,,False,Mono-usage,116,0.0,1.0,0,1
2016,NonResidential,Small- and Mid-Sized Office,6,BALLARD,47.66587,-122.38476,1.0,2,94900,0,94900,Office,55586.0,Non-Refrigerated Warehouse,39314.0,,,False,Multi-usages,55,0.0,1.0,1,2
2016,NonResidential,Self-Storage Facility,2,SOUTHEAST,47.57054,-122.29139,1.0,4,101580,14004,87576,Self-Storage Facility,87576.0,,,,,False,Mono-usage,2,0.1378617838157117,0.8621382161842882,0,1
2016,NonResidential,Warehouse,6,BALLARD,47.65825,-122.3683,1.0,1,52500,0,52500,Non-Refrigerated Warehouse,49395.0,Office,5853.0,,,False,Multi-usages,43,0.0,1.0,1,2
2016,NonResidential,Senior Care Community,3,CENTRAL,47.60133,-122.31088,1.0,2,74840,0,74840,Senior Care Community,74840.0,,,,,False,Mono-usage,29,0.0,1.0,0,1
2016,Nonresidential COS,Office,7,MAGNOLIA / QUEEN ANNE,47.63572,-122.37525,1.0,1,13661,0,13661,Office,13661.0,,,,,True,Mono-usage,64,0.0,1.0,0,1
2016,NonResidential,Small- and Mid-Sized Office,5,NORTH,47.72986,-122.29278,1.0,3,33580,12990,20590,Office,20590.0,Parking,12990.0,,,False,Multi-usages,31,0.3868374032162001,0.6131625967837999,1,2
2016,NonResidential,Small- and Mid-Sized Office,7,MAGNOLIA / QUEEN ANNE,47.61954,-122.35847,1.0,3,45864,0,45864,Office,45864.0,,,,,False,Mono-usage,86,0.0,1.0,0,1
2016,Nonresidential COS,Warehouse,2,GREATER DUWAMISH,47.5829,-122.32417,1.0,2,145158,0,145158,Non-Refrigerated Warehouse,101633.0,Office,48544.0,Other,10270.0,False,Multi-usages,31,0.0,1.0,1,3
2016,NonResidential,Residence Hall,3,EAST,47.6073,-122.32585,1.0,1,44086,0,44086,Residence Hall/Dormitory,44091.0,,,,,False,Mono-usage,112,0.0,1.0,0,1
2016,NonResidential,Laboratory,7,LAKE UNION,47.62351,-122.34135,0.0,8,339591,114010,225581,Laboratory,172793.0,Parking,139241.0,Convenience Store without Gas Station,294.0,False,Multi-usages,3,0.3357273897129194,0.6642726102870806,1,3
2016,NonResidential,Large Office,7,DOWNTOWN,47.60741,-122.33565,1.0,13,189175,0,189175,Office,151740.0,Other,12645.0,,,False,Multi-usages,95,0.0,1.0,1,2
2016,NonResidential,Mixed Use Property,7,DOWNTOWN,47.6177,-122.3306,1.0,11,381381,195621,185760,Parking,182820.0,Office,164192.0,Fitness Center/Health Club/Gym,37782.0,False,Multi-usages,16,0.5129280168650248,0.4870719831349752,1,3
2016,NonResidential,Other,2,GREATER DUWAMISH,47.59322,-122.32491,1.0,4,20600,0,20600,"Repair Services (Vehicle, Shoe, Locksmith, etc)",20600.0,,,,,False,Mono-usage,96,0.0,1.0,1,4
2016,NonResidential,Small- and Mid-Sized Office,3,EAST,47.60819,-122.32282,1.0,3,21282,0,21282,Office,19658.0,,,,,False,Mono-usage,60,0.0,1.0,0,1
2016,NonResidential,Warehouse,2,GREATER DUWAMISH,47.54923,-122.32446,1.0,1,115620,0,115620,Non-Refrigerated Warehouse,56900.0,,,,,False,Mono-usage,50,0.0,1.0,0,1
2016,NonResidential,Large Office,2,DOWNTOWN,47.59666,-122.32768,1.0,11,268130,0,268130,Office,268130.0,,,,,False,Mono-usage,16,0.0,1.0,0,1
2016,NonResidential,Warehouse,6,BALLARD,47.66411,-122.37185,1.0,1,39840,0,39840,Non-Refrigerated Warehouse,39840.0,,,,,False,Mono-usage,36,0.0,1.0,0,1
2016,NonResidential,Residence Hall,4,NORTHEAST,47.66164,-122.30874,1.0,4,23616,0,23616,Residence Hall/Dormitory,23616.0,,,,,False,Mono-usage,90,0.0,1.0,0,1
2016,NonResidential,Other,2,DOWNTOWN,47.59809,-122.32283,1.0,4,72820,13820,59000,Museum,58000.0,,,,,False,Mono-usage,106,0.1897830266410327,0.8102169733589674,0,1
2016,NonResidential,Warehouse,2,GREATER DUWAMISH,47.56897,-122.33617,1.0,1,38005,0,38005,Non-Refrigerated Warehouse,21560.0,Self-Storage Facility,10974.0,Office,5471.0,False,Multi-usages,55,0.0,1.0,1,3
2016,NonResidential,K-12 School,3,EAST,47.63442,-122.30793,1.0,3,56072,0,56072,K-12 School,56072.0,,,,,False,Mono-usage,105,0.0,1.0,0,1
2016,NonResidential,Warehouse,2,GREATER DUWAMISH,47.57941,-122.3336,1.0,2,20400,0,20400,Non-Refrigerated Warehouse,15000.0,Office,5400.0,,,False,Multi-usages,90,0.0,1.0,1,2
2016,NonResidential,Large Office,7,DOWNTOWN,47.61641,-122.34112,1.0,12,206000,0,206000,Office,161000.0,Parking,51250.0,,,False,Multi-usages,48,0.0,1.0,1,2
2016,NonResidential,Small- and Mid-Sized Office,1,Delridge,47.54103,-122.33766,1.0,3,85126,0,85126,Office,81526.0,,,,,False,Mono-usage,87,0.0,1.0,0,1
2016,NonResidential,Other,2,GREATER DUWAMISH,47.58788,-122.33458,1.0,3,27690,0,27690,Other,24717.0,Parking,0.0,,,False,Multi-usages,106,0.0,1.0,1,2
2016,NonResidential,Large Office,7,MAGNOLIA / QUEEN ANNE,47.62175,-122.36313,1.0,5,159937,55971,103966,Office,106449.0,Parking,50258.0,,,False,Multi-usages,16,0.3499565453897472,0.6500434546102528,1,2
2016,NonResidential,Residence Hall,4,NORTHEAST,47.65447,-122.31733,1.0,0,89392,0,89392,Residence Hall/Dormitory,89392.0,,,,,False,Mono-usage,46,0.0,1.0,0,1
2016,NonResidential,Other,2,GREATER DUWAMISH,47.59549,-122.32538,1.0,3,47836,7572,40264,Other - Lodging/Residential,43336.0,Parking,4500.0,,,False,Multi-usages,24,0.1582908269922234,0.8417091730077766,1,2
2016,NonResidential,Worship Facility,5,NORTHWEST,47.71479,-122.32824,1.0,1,24955,0,24955,Worship Facility,24955.0,,,,,False,Mono-usage,14,0.0,1.0,0,1
2016,NonResidential,Other,4,NORTHEAST,47.68109,-122.2618,1.0,1,72000,0,72000,Other - Recreation,72000.0,,,,,False,Mono-usage,3,0.0,1.0,0,1
2016,NonResidential,Residence Hall,4,LAKE UNION,47.65014,-122.34424,1.0,3,21118,0,21118,Residence Hall/Dormitory,21118.0,,,,,False,Mono-usage,28,0.0,1.0,0,1
2016,NonResidential,Large Office,7,DOWNTOWN,47.60193,-122.32812,1.0,7,114395,8296,106099,Office,96582.0,,,,,False,Mono-usage,107,0.0725206521264041,0.927479347873596,0,1
2016,NonResidential,Retail Store,6,NORTHWEST,47.69061,-122.35731,1.0,1,51000,0,51000,Retail Store,51000.0,,,,,False,Mono-usage,63,0.0,1.0,0,1
2016,NonResidential,Supermarket / Grocery Store,1,SOUTHWEST,47.54427,-122.38609,1.0,1,33706,0,33706,Supermarket/Grocery Store,31746.0,,,,,False,Mono-usage,18,0.0,1.0,0,1
2016,NonResidential,Small- and Mid-Sized Office,7,LAKE UNION,47.62028,-122.33717,1.0,4,64596,24596,40000,Office,41591.0,Parking,21350.0,,,False,Multi-usages,9,0.3807666109356616,0.6192333890643383,1,2
2016,NonResidential,Large Office,7,MAGNOLIA / QUEEN ANNE,47.63264,-122.34171,1.0,10,381511,0,381511,Office,220033.0,Parking,168978.0,,,False,Multi-usages,22,0.0,1.0,1,2
2016,NonResidential,Warehouse,2,GREATER DUWAMISH,47.53906,-122.32031,1.0,1,29380,0,29380,Non-Refrigerated Warehouse,16768.0,Office,6837.0,Other,5775.0,False,Multi-usages,39,0.0,1.0,1,3
2016,NonResidential,Warehouse,1,GREATER DUWAMISH,47.52696,-122.32913,1.0,1,50417,0,50417,Non-Refrigerated Warehouse,50417.0,,,,,False,Mono-usage,36,0.0,1.0,0,1
2016,NonResidential,Small- and Mid-Sized Office,2,SOUTHEAST,47.56029,-122.2858,1.0,2,23250,0,23250,Office,22014.0,,,,,False,Mono-usage,49,0.0,1.0,0,1
2016,NonResidential,Large Office,7,DOWNTOWN,47.60449,-122.33803,1.0,13,307557,83064,224493,Office,162422.0,Parking,83064.0,Multifamily Housing,55065.0,False,Multi-usages,33,0.2700767662579619,0.729923233742038,1,4
2016,NonResidential,Other,3,CENTRAL,47.6144,-122.30982,1.0,3,80004,0,80004,Other,74864.0,,,,,False,Mono-usage,90,0.0,1.0,0,1
2016,NonResidential,Small- and Mid-Sized Office,7,MAGNOLIA / QUEEN ANNE,47.63575,-122.33895,1.0,4,30840,0,30840,Office,29255.0,Restaurant,1180.0,,,False,Multi-usages,51,0.0,1.0,1,2
2016,NonResidential,Supermarket / Grocery Store,1,SOUTHWEST,47.56137,-122.38524,1.0,1,37864,0,37864,Supermarket/Grocery Store,37864.0,,,,,False,Mono-usage,8,0.0,1.0,0,1
2016,NonResidential,Large Office,3,DOWNTOWN,47.60214,-122.32726,1.0,17,413264,138098,275166,Office,295494.0,Parking,94781.0,,,False,Multi-usages,7,0.3341641178520267,0.6658358821479732,1,2
2016,NonResidential,Mixed Use Property,5,NORTH,47.70175,-122.30269,1.0,4,30948,0,30948,Office,11729.0,Other,11729.0,,,False,Multi-usages,16,0.0,1.0,1,2
2016,NonResidential,Small- and Mid-Sized Office,7,DOWNTOWN,47.59971,-122.33065,1.0,5,41920,0,41920,Office,41920.0,,,,,False,Mono-usage,110,0.0,1.0,0,1
2016,NonResidential,Small- and Mid-Sized Office,7,DOWNTOWN,47.61595,-122.34756,1.0,3,57620,7820,49800,Office,49800.0,Parking,7820.0,,,False,Multi-usages,90,0.1357167650121485,0.8642832349878514,1,2
2016,NonResidential,Small- and Mid-Sized Office,7,DOWNTOWN,47.6158,-122.35126,1.0,5,61825,13320,48505,Office,37993.0,Bank Branch,3547.0,,,False,Multi-usages,42,0.2154468257177517,0.7845531742822482,1,2
2016,Nonresidential COS,Other,6,BALLARD,47.68475,-122.38257,1.0,2,29417,0,29417,Other - Recreation,18489.0,Fitness Center/Health Club/Gym,8946.0,Pre-school/Daycare,1445.0,False,Multi-usages,66,0.0,1.0,1,4
2016,NonResidential,Other,7,EAST,47.61,-122.32922,1.0,5,206950,97400,109550,Other,206950.0,,,,,False,Mono-usage,17,0.470645083353467,0.529354916646533,0,1
2016,NonResidential,Hotel,7,LAKE UNION,47.62014,-122.34456,1.0,4,38520,0,38520,Hotel,38500.0,,,,,False,Mono-usage,57,0.0,1.0,0,1
2016,NonResidential,Warehouse,5,NORTH,47.70799,-122.30185,1.0,4,80360,0,80360,Non-Refrigerated Warehouse,80360.0,,,,,False,Mono-usage,29,0.0,1.0,0,1
2016,NonResidential,Self-Storage Facility,4,NORTHEAST,47.66353,-122.29505,1.0,2,20296,0,20296,Self-Storage Facility,20296.0,,,,,False,Mono-usage,57,0.0,1.0,0,1
2016,Nonresidential COS,Other,4,NORTHEAST,47.68212,-122.2633,8.0,0,502030,0,502030,Other - Recreation,564258.0,,,,,False,Mono-usage,87,0.0,1.0,0,1
2016,NonResidential,Small- and Mid-Sized Office,6,BALLARD,47.66497,-122.38047,1.0,2,23500,0,23500,Office,23500.0,,,,,False,Mono-usage,48,0.0,1.0,0,1
2016,Nonresidential COS,Other,7,MAGNOLIA / QUEEN ANNE,47.62208,-122.35398,1.0,1,21018,0,21018,Other,21018.0,,,,,False,Mono-usage,14,0.0,1.0,0,1
2016,NonResidential,Small- and Mid-Sized Office,7,DOWNTOWN,47.60197,-122.33437,1.0,6,56700,0,56700,Office,46000.0,Retail Store,10500.0,,,False,Multi-usages,116,0.0,1.0,1,2
2016,Nonresidential COS,Mixed Use Property,1,GREATER DUWAMISH,47.52832,-122.32431,1.0,1,14101,0,14101,Other - Recreation,6601.0,Fitness Center/Health Club/Gym,6501.0,Pre-school/Daycare,484.0,False,Multi-usages,27,0.0,1.0,1,5
2016,NonResidential,Warehouse,3,CENTRAL,47.60192,-122.31641,1.0,1,20000,0,20000,Non-Refrigerated Warehouse,20000.0,,,,,False,Mono-usage,90,0.0,1.0,0,1
2016,NonResidential,Small- and Mid-Sized Office,6,LAKE UNION,47.64849,-122.35041,1.0,3,96041,33709,62332,Office,62232.0,Parking,33709.0,,,False,Multi-usages,15,0.3509855166022844,0.6490144833977156,1,2
2016,NonResidential,Medical Office,3,CENTRAL,47.60649,-122.31121,1.0,7,94500,0,94500,Medical Office,113739.0,,,,,False,Mono-usage,29,0.0,1.0,0,1
2016,NonResidential,Self-Storage Facility,6,BALLARD,47.66351,-122.37961,1.0,2,24000,0,24000,Self-Storage Facility,24000.0,,,,,False,Mono-usage,114,0.0,1.0,0,1
2016,NonResidential,Warehouse,2,GREATER DUWAMISH,47.59366,-122.32666,1.0,1,82852,0,82852,Non-Refrigerated Warehouse,58472.0,Retail Store,23282.0,,,False,Multi-usages,94,0.0,1.0,1,2
2016,NonResidential,Retail Store,2,GREATER DUWAMISH,47.56664,-122.32346,1.0,1,56572,0,56572,Retail Store,56576.0,,,,,False,Mono-usage,43,0.0,1.0,0,1
2016,NonResidential,Other,2,GREATER DUWAMISH,47.55787,-122.335,1.0,1,53040,41600,11440,Other,51427.0,,,,,False,Mono-usage,16,0.7843137254901961,0.2156862745098039,0,1
2016,NonResidential,Medical Office,3,EAST,47.61244,-122.3214,0.0,3,179014,0,179014,Medical Office,179014.0,,,,,False,Mono-usage,51,0.0,1.0,0,1
2016,NonResidential,Small- and Mid-Sized Office,4,LAKE UNION,47.63567,-122.32522,1.0,2,34110,0,34110,Office,34110.0,,,,,False,Mono-usage,56,0.0,1.0,0,1
2016,NonResidential,Other,4,NORTHEAST,47.68541,-122.27097,1.0,3,39971,0,39971,Other,36185.0,Retail Store,3142.0,Office,644.0,False,Multi-usages,88,0.0,1.0,1,4
2016,NonResidential,Small- and Mid-Sized Office,7,DOWNTOWN,47.61683,-122.35176,1.0,3,64630,0,64630,Office,64630.0,,,,,False,Mono-usage,74,0.0,1.0,0,1
2016,NonResidential,Large Office,2,GREATER DUWAMISH,47.55146,-122.32832,1.0,5,390295,121375,268920,Office,243018.0,Parking,108408.0,,,False,Multi-usages,34,0.3109827182003356,0.6890172817996644,1,2
2016,NonResidential,Small- and Mid-Sized Office,2,GREATER DUWAMISH,47.58462,-122.3347,0.0,3,49052,0,49052,Office,32393.0,Retail Store,10057.0,,,False,Multi-usages,106,0.0,1.0,1,2
2016,NonResidential,Supermarket / Grocery Store,4,NORTHEAST,47.66824,-122.28394,1.0,1,24377,0,24377,Supermarket/Grocery Store,24377.0,,,,,False,Mono-usage,43,0.0,1.0,0,1
2016,Nonresidential COS,Warehouse,7,MAGNOLIA / QUEEN ANNE,47.62591,-122.34084,1.0,2,50292,0,50292,Non-Refrigerated Warehouse,42345.0,Residence Hall/Dormitory,5000.0,Office,4730.0,False,Multi-usages,90,0.0,1.0,1,4
2016,NonResidential,Large Office,7,DOWNTOWN,47.61036,-122.34037,1.0,10,132998,0,132998,Office,138257.0,Retail Store,0.0,,,False,Multi-usages,108,0.0,1.0,1,2
2016,Nonresidential COS,Other,4,NORTHEAST,47.66506,-122.31656,1.0,3,27908,0,27908,Other,21886.0,,,,,False,Mono-usage,87,0.0,1.0,0,1
2016,NonResidential,Self-Storage Facility,3,EAST,47.61233,-122.3171,1.0,5,84870,0,84870,Self-Storage Facility,85521.0,,,,,False,Mono-usage,106,0.0,1.0,0,1
2016,NonResidential,Small- and Mid-Sized Office,7,MAGNOLIA / QUEEN ANNE,47.64865,-122.35435,1.0,3,70296,0,70296,Office,70296.0,,,,,False,Mono-usage,36,0.0,1.0,0,1
2016,NonResidential,Worship Facility,4,NORTHEAST,47.6702,-122.32066,1.0,1,26033,0,26033,Worship Facility,30044.0,Parking,0.0,,,False,Multi-usages,67,0.0,1.0,1,2
2016,NonResidential,Worship Facility,3,EAST,47.63193,-122.32126,1.0,1,37700,0,37700,Worship Facility,52225.0,,,,,False,Mono-usage,87,0.0,1.0,0,1
2016,NonResidential,Retail Store,2,GREATER DUWAMISH,47.5653,-122.33076,1.0,1,158415,0,158415,Retail Store,158415.0,,,,,False,Mono-usage,11,0.0,1.0,0,1
2016,NonResidential,K-12 School,7,MAGNOLIA / QUEEN ANNE,47.63111,-122.35814,1.0,3,32691,0,32691,K-12 School,33550.0,,,,,False,Mono-usage,94,0.0,1.0,0,1
2016,Nonresidential COS,Other,1,DELRIDGE,47.56548,-122.35378,0.0,1,113780,0,113780,Other - Services,91532.0,Office,22248.0,,,False,Multi-usages,61,0.0,1.0,1,2
2016,NonResidential,Worship Facility,4,NORTHEAST,47.66295,-122.31494,1.0,3,26373,0,26373,Worship Facility,26373.0,,,,,False,Mono-usage,78,0.0,1.0,0,1
2016,NonResidential,Large Office,7,DOWNTOWN,47.6047,-122.33739,1.0,6,167860,0,167860,Office,110370.0,Retail Store,19801.0,Data Center,634.0,False,Multi-usages,111,0.0,1.0,1,3
2016,NonResidential,Small- and Mid-Sized Office,1,DELRIDGE,47.56877,-122.36369,1.0,2,66484,0,66484,Office,49334.0,Non-Refrigerated Warehouse,18000.0,Retail Store,9000.0,False,Multi-usages,28,0.0,1.0,1,3
2016,NonResidential,Supermarket / Grocery Store,2,SOUTHEAST,47.52262,-122.26922,1.0,1,67450,0,67450,Supermarket/Grocery Store,42760.0,,,,,False,Mono-usage,57,0.0,1.0,0,1
2016,Nonresidential COS,Small- and Mid-Sized Office,2,GREATER DUWAMISH,47.5956,-122.32292,1.0,2,21315,0,21315,Office,20424.0,,,,,False,Mono-usage,43,0.0,1.0,0,1
2016,NonResidential,Warehouse,2,GREATER DUWAMISH,47.56558,-122.32889,1.0,1,98480,0,98480,Non-Refrigerated Warehouse,98480.0,,,,,False,Mono-usage,60,0.0,1.0,0,1
2016,NonResidential,Small- and Mid-Sized Office,7,MAGNOLIA / QUEEN ANNE,47.62224,-122.3585,1.0,5,87178,20416,66762,Office,66648.0,Parking,15167.0,,,False,Multi-usages,44,0.2341875243754158,0.7658124756245842,1,2
2016,NonResidential,Worship Facility,4,NORTHEAST,47.6709,-122.27054,1.0,2,70292,0,70292,Worship Facility,70292.0,,,,,False,Mono-usage,8,0.0,1.0,0,1
2016,NonResidential,Small- and Mid-Sized Office,7,MAGNOLIA / QUEEN ANNE,47.64901,-122.35516,1.0,3,34106,0,34106,Office,32739.0,,,,,False,Mono-usage,36,0.0,1.0,0,1
2016,NonResidential,Senior Care Community,2,DOWNTOWN,47.59626,-122.3218,1.0,5,102796,12611,90185,Senior Care Community,55259.0,Medical Office,40091.0,K-12 School,3231.0,False,Multi-usages,17,0.1226798708120938,0.8773201291879061,1,6
2016,NonResidential,Distribution Center,2,GREATER DUWAMISH,47.54621,-122.33486,1.0,1,57540,0,57540,Distribution Center,57540.0,,,,,False,Mono-usage,47,0.0,1.0,0,1
2016,NonResidential,Warehouse,1,SOUTHWEST,47.56885,-122.37121,1.0,4,98475,0,98475,Non-Refrigerated Warehouse,98475.0,,,,,False,Mono-usage,19,0.0,1.0,0,1
2016,NonResidential,Warehouse,2,GREATER DUWAMISH,47.55436,-122.33631,1.0,1,46340,0,46340,Non-Refrigerated Warehouse,46340.0,,,,,False,Mono-usage,15,0.0,1.0,0,1
2016,NonResidential,Retail Store,7,DOWNTOWN,47.61103,-122.33549,1.0,1,36504,0,36504,Retail Store,16200.0,,,,,False,Mono-usage,101,0.0,1.0,0,1
2016,NonResidential,Other,5,North,47.73368,-122.31366,1.0,2,47237,0,47237,Other,47661.0,,,,,False,Mono-usage,68,0.0,1.0,0,1
2016,NonResidential,Other,5,North,47.7094,-122.31843,0.0,2,98539,0,98539,Strip Mall,98539.0,,,,,False,Mono-usage,47,0.0,1.0,0,1
2016,NonResidential,K-12 School,3,EAST,47.60745,-122.32542,1.0,4,27800,0,27800,K-12 School,11093.0,,,,,False,Mono-usage,104,0.0,1.0,0,1
2016,NonResidential,Large Office,7,DOWNTOWN,47.60671,-122.33456,1.0,14,186768,23775,162993,Office,182540.0,Parking,33671.0,Data Center,240.0,False,Multi-usages,44,0.1272969673605757,0.8727030326394243,1,3
2016,NonResidential,Medical Office,5,NORTH,47.70007,-122.32533,1.0,2,26930,6350,20580,Medical Office,26930.0,,,,,False,Mono-usage,36,0.2357965094689937,0.7642034905310063,0,1
2016,NonResidential,Large Office,7,DOWNTOWN,47.61418,-122.33485,1.0,19,383515,89778,293737,Office,312442.0,Parking,84800.0,Medical Office,18799.0,False,Multi-usages,35,0.2340925387533734,0.7659074612466266,1,3
2016,NonResidential,Mixed Use Property,6,BALLARD,47.6684,-122.38788,1.0,4,20539,0,20539,Retail Store,7387.0,Multifamily Housing,5264.0,Restaurant,3700.0,False,Multi-usages,56,0.0,1.0,1,5
2016,NonResidential,K-12 School,3,GREATER DUWAMISH,47.58831,-122.3065,1.0,3,45000,0,45000,K-12 School,45728.0,Parking,0.0,,,False,Multi-usages,1,0.0,1.0,1,2
2016,NonResidential,Hotel,2,GREATER DUWAMISH,47.54774,-122.32091,1.0,3,22452,0,22452,Hotel,22452.0,,,,,False,Mono-usage,24,0.0,1.0,0,1
2016,NonResidential,Large Office,7,LAKE UNION,47.62333,-122.3296,1.0,5,176532,70067,106465,Office,103494.0,Parking,70067.0,,,False,Multi-usages,15,0.3969082092765051,0.6030917907234948,1,2
2016,NonResidential,Worship Facility,6,Northwest,47.66476,-122.35248,1.0,2,45991,0,45991,Worship Facility,45991.0,,,,,False,Mono-usage,88,0.0,1.0,0,1
2016,NonResidential,Retail Store,4,NORTHEAST,47.66246,-122.29898,1.0,2,39265,0,39265,Retail Store,31905.0,Office,4388.0,Other,2679.0,False,Multi-usages,60,0.0,1.0,1,4
2016,NonResidential,Mixed Use Property,7,DOWNTOWN,47.6041,-122.33958,1.0,1,62900,0,62900,Restaurant,32494.0,Other,29793.0,Retail Store,3384.300049,False,Multi-usages,116,0.0,1.0,1,3
2016,NonResidential,Warehouse,1,GREATER DUWAMISH,47.5316,-122.333,1.0,1,32000,0,32000,Non-Refrigerated Warehouse,32040.0,,,,,False,Mono-usage,50,0.0,1.0,0,1
2016,NonResidential,Mixed Use Property,7,DOWNTOWN,47.60546,-122.34091,1.0,2,71919,14083,57836,Office,34550.0,Retail Store,23085.0,Parking,11465.0,False,Multi-usages,116,0.1958175169287671,0.804182483071233,1,3
2016,NonResidential,Mixed Use Property,5,NORTH,47.72178,-122.29498,1.0,1,39350,0,39350,Supermarket/Grocery Store,19271.0,Retail Store,19249.0,Food Service,2663.0,False,Multi-usages,37,0.0,1.0,1,3
2016,NonResidential,K-12 School,3,CENTRAL,47.61791,-122.28594,4.0,2,28500,0,28500,K-12 School,31100.0,,,,,False,Mono-usage,7,0.0,1.0,0,1
2016,NonResidential,Small- and Mid-Sized Office,4,LAKE UNION,47.64866,-122.34509,1.0,2,20500,0,20500,Office,20500.0,,,,,False,Mono-usage,116,0.0,1.0,0,1
2016,NonResidential,Distribution Center,2,GREATER DUWAMISH,47.55945,-122.33601,1.0,1,160000,0,160000,Distribution Center,160000.0,,,,,False,Mono-usage,48,0.0,1.0,0,1
2016,NonResidential,Mixed Use Property,3,EAST,47.60453796,-122.3203278,1.0,4,77412,21612,55800,Other,26400.0,Office,19200.0,Parking,17000.0,False,Multi-usages,12,0.2791815222446132,0.7208184777553868,1,3
2016,NonResidential,Warehouse,2,GREATER DUWAMISH,47.54066,-122.33023,1.0,1,128800,0,128800,Non-Refrigerated Warehouse,119200.0,Other,9600.0,,,False,Multi-usages,39,0.0,1.0,1,2
2016,NonResidential,Other,6,BALLARD,47.66646,-122.38263,1.0,3,45750,4914,40836,Other,42850.0,Parking,2900.0,,,False,Multi-usages,116,0.1074098360655737,0.8925901639344263,1,2
2016,NonResidential,Small- and Mid-Sized Office,7,DOWNTOWN,47.60071,-122.33377,0.0,3,47215,0,47215,Office,23659.0,Retail Store,22376.0,,,False,Multi-usages,107,0.0,1.0,1,2
2016,NonResidential,Other,3,Central,47.62342,-122.29688,1.0,3,34074,0,34074,Other/Specialty Hospital,34074.0,,,,,False,Mono-usage,25,0.0,1.0,0,1
2016,NonResidential,Worship Facility,4,NORTHEAST,47.68061,-122.29002,1.0,2,20385,0,20385,Worship Facility,20385.0,,,,,False,Mono-usage,66,0.0,1.0,0,1
2016,NonResidential,Other,7,MAGNOLIA / QUEEN ANNE,47.63132,-122.34136,1.0,2,27144,0,27144,Other,27144.0,,,,,False,Mono-usage,96,0.0,1.0,0,1
2016,NonResidential,Hotel,7,DOWNTOWN,47.60713,-122.33323,1.0,25,333176,61161,272015,Hotel,336640.0,,,,,False,Mono-usage,18,0.1835696448723797,0.8164303551276202,0,1
2016,NonResidential,Retail Store,7,DOWNTOWN,47.61229,-122.33629,1.0,10,693450,0,693450,Retail Store,361107.0,Office,332343.0,,,False,Multi-usages,91,0.0,1.0,1,2
2016,NonResidential,Small- and Mid-Sized Office,6,LAKE UNION,47.65186,-122.35531,1.0,2,22388,0,22388,Office,19600.0,Multifamily Housing,2788.0,,,False,Multi-usages,35,0.0,1.0,1,2
2016,NonResidential,Mixed Use Property,7,LAKE UNION,47.62002,-122.33687,1.0,3,67380,0,67380,Non-Refrigerated Warehouse,29732.0,Office,17372.0,Other - Entertainment/Public Assembly,13639.0,False,Multi-usages,62,0.0,1.0,1,5
2016,NonResidential,Self-Storage Facility,6,BALLARD,47.66838,-122.3931,2.0,2,111445,0,111445,,,,,,,False,Mono-usage,70,0.0,1.0,1,13
2016,NonResidential,Warehouse,2,GREATER DUWAMISH,47.55718,-122.33288,1.0,1,48890,0,48890,Non-Refrigerated Warehouse,30889.0,Office,18000.0,,,False,Multi-usages,75,0.0,1.0,1,2
2016,NonResidential,Other,4,NORTHEAST,47.66478,-122.29804,1.0,6,361398,272900,88498,Parking,232685.0,Retail Store,63419.0,Non-Refrigerated Warehouse,15757.0,False,Multi-usages,14,0.7551231606151667,0.2448768393848333,1,4
2016,NonResidential,Small- and Mid-Sized Office,5,NORTH,47.71895,-122.29475,1.0,5,50759,0,50759,Office,47079.0,Restaurant,3680.0,,,False,Multi-usages,44,0.0,1.0,1,2
2016,NonResidential,Warehouse,2,GREATER DUWAMISH,47.54769,-122.3251,1.0,1,22780,0,22780,Non-Refrigerated Warehouse,22780.0,,,,,False,Mono-usage,50,0.0,1.0,0,1
2016,NonResidential,Distribution Center,2,GREATER DUWAMISH,47.54365,-122.30785,1.0,1,27000,0,27000,Distribution Center,27000.0,,,,,False,Mono-usage,60,0.0,1.0,0,1
2016,NonResidential,Distribution Center,2,GREATER DUWAMISH,47.54326,-122.33134,1.0,1,71718,0,71718,Distribution Center,71718.0,,,,,False,Mono-usage,47,0.0,1.0,0,1
2016,NonResidential,Restaurant,6,BALLARD,47.67398,-122.40765,1.0,3,22719,0,22719,Restaurant,22719.0,Parking,0.0,,,False,Multi-usages,39,0.0,1.0,1,2
2016,NonResidential,Other,5,North,47.70911,-122.32529,1.0,5,303255,19820,283435,Parking,321828.0,Retail Store,298043.0,Other,5636.0,False,Multi-usages,16,0.0653575373860282,0.9346424626139718,1,4
2016,NonResidential,Warehouse,1,GREATER DUWAMISH,47.53651,-122.32954,1.0,2,23400,0,23400,Non-Refrigerated Warehouse,20002.0,Office,3374.0,Parking,0.0,False,Multi-usages,52,0.0,1.0,1,3
2016,NonResidential,Other,4,NORTHEAST,47.65729,-122.31937,1.0,2,28586,0,28586,Other,27022.0,,,,,False,Mono-usage,54,0.0,1.0,0,1
2016,NonResidential,K-12 School,6,BALLARD,47.6712,-122.37568,1.0,3,35448,0,35448,K-12 School,35448.0,,,,,False,Mono-usage,94,0.0,1.0,0,1
2016,NonResidential,Small- and Mid-Sized Office,7,DOWNTOWN,47.60266,-122.33332,1.0,7,89550,0,89550,Office,64712.0,Retail Store,10058.0,Social/Meeting Hall,7030.0,False,Multi-usages,116,0.0,1.0,1,3
2016,NonResidential,Small- and Mid-Sized Office,3,EAST,47.61459,-122.31724,1.0,3,30720,0,30720,Office,29720.0,Retail Store,1000.0,,,False,Multi-usages,99,0.0,1.0,1,2
2016,Nonresidential COS,Other,2,GREATER DUWAMISH,47.54277,-122.31626,1.0,2,39212,0,39212,Other,39212.0,,,,,False,Mono-usage,110,0.0,1.0,0,1
2016,NonResidential,Warehouse,2,GREATER DUWAMISH,47.57798,-122.32783,1.0,1,23750,0,23750,Non-Refrigerated Warehouse,19430.0,Office,1470.0,,,False,Multi-usages,46,0.0,1.0,1,2
2016,NonResidential,Large Office,7,DOWNTOWN,47.6176,-122.35686,1.0,8,253103,61986,191117,Office,158681.0,Parking,70190.0,Other,21782.0,False,Multi-usages,32,0.244904248468015,0.755095751531985,1,4
2016,NonResidential,Other,3,CENTRAL,47.62322,-122.29006,1.0,1,25753,0,25753,Other - Entertainment/Public Assembly,25753.0,,,,,False,Mono-usage,57,0.0,1.0,0,1
2016,NonResidential,Supermarket / Grocery Store,6,BALLARD,47.66828,-122.37428,1.0,1,89103,43035,46068,Supermarket/Grocery Store,47034.0,Parking,0.0,,,False,Multi-usages,16,0.4829803710312784,0.5170196289687216,1,2
2016,NonResidential,Large Office,2,DOWNTOWN,47.59767,-122.33467,1.0,7,287853,0,287853,Office,273812.0,Retail Store,12102.0,,,False,Multi-usages,7,0.0,1.0,1,2
2016,NonResidential,Other,5,NORTH,47.7066,-122.321,1.0,3,54224,0,54224,Other/Specialty Hospital,47012.0,,,,,False,Mono-usage,52,0.0,1.0,0,1
2016,Nonresidential COS,Other,2,SOUTHEAST,47.52472,-122.27074,1.0,1,53775,0,53775,Other - Recreation,35361.0,Fitness Center/Health Club/Gym,12689.0,Office,2110.0,False,Multi-usages,3,0.0,1.0,1,7
2016,NonResidential,Large Office,7,DOWNTOWN,47.61555,-122.33582,1.0,36,824887,154972,669915,Office,743562.0,Parking,161119.0,,,False,Multi-usages,7,0.187870581061406,0.812129418938594,1,2
2016,NonResidential,Small- and Mid-Sized Office,3,EAST,47.59534849,-122.327269,0.0,4,76624,0,76624,Office,76624.0,,,,,False,Mono-usage,86,0.0,1.0,0,1
2016,NonResidential,Supermarket / Grocery Store,2,GREATER DUWAMISH,47.53747,-122.28308,1.0,1,26092,0,26092,Supermarket/Grocery Store,25946.0,Parking,0.0,,,False,Multi-usages,63,0.0,1.0,1,2
2016,NonResidential,Small- and Mid-Sized Office,6,BALLARD,47.6633,-122.37549,1.0,4,92092,21055,71037,Office,70074.0,,,,,False,Mono-usage,15,0.2286300655865873,0.7713699344134127,0,1
2016,NonResidential,Supermarket / Grocery Store,1,SOUTHWEST,47.58217,-122.38479,1.0,1,31841,0,31841,Supermarket/Grocery Store,30899.0,Office,942.0,,,False,Multi-usages,19,0.0,1.0,1,2
2016,NonResidential,Other,1,SOUTHWEST,47.56263,-122.38196,1.0,1,41521,13124,28397,Other - Recreation,26241.0,Parking,13124.0,Restaurant,2574.0,False,Multi-usages,68,0.3160810192432745,0.6839189807567255,1,3
2016,NonResidential,Medical Office,3,EAST,47.60862,-122.32372,1.0,0,274568,0,274568,Medical Office,228133.0,Parking,135954.0,,,False,Multi-usages,71,0.0,1.0,1,2
2016,NonResidential,Supermarket / Grocery Store,7,MAGNOLIA / QUEEN ANNE,47.63718,-122.37734,1.0,1,57176,0,57176,Supermarket/Grocery Store,39500.0,Retail Store,15000.0,"Personal Services (Health/Beauty, Dry Cleaning, etc)",5500.0,False,Multi-usages,8,0.0,1.0,1,5
2016,NonResidential,Large Office,7,DOWNTOWN,47.60249,-122.32854,1.0,13,372242,52703,319539,Office,319539.0,Parking,52703.0,,,False,Multi-usages,10,0.1415826263559727,0.8584173736440273,1,2
2016,NonResidential,Small- and Mid-Sized Office,7,DOWNTOWN,47.59979,-122.3338,1.0,4,69817,0,69817,Office,34647.0,Retail Store,26039.0,,,False,Multi-usages,116,0.0,1.0,1,2
2016,NonResidential,Worship Facility,6,NORTHWEST,47.67783,-122.32577,1.0,2,27500,0,27500,Worship Facility,27500.0,,,,,False,Mono-usage,38,0.0,1.0,0,1
2016,NonResidential,Medical Office,3,EAST,47.60865416,-122.3205904,0.0,3,39115,0,39115,Medical Office,50000.0,,,,,False,Mono-usage,53,0.0,1.0,0,1
2016,NonResidential,Other,3,EAST,47.62816,-122.28067,1.0,3,71280,0,71280,Other - Recreation,71280.0,,,,,False,Mono-usage,88,0.0,1.0,0,1
2016,NonResidential,Warehouse,2,GREATER DUWAMISH,47.57881,-122.33273,1.0,1,29394,0,29394,Non-Refrigerated Warehouse,29394.0,Office,16902.0,,,False,Multi-usages,24,0.0,1.0,1,2
2016,NonResidential,University,7,DOWNTOWN,47.61741,-122.33491,1.0,2,28923,0,28923,College/University,28800.0,,,,,False,Mono-usage,24,0.0,1.0,0,1
2016,NonResidential,Worship Facility,7,LAKE UNION,47.6201,-122.34071,1.0,1,27338,0,27338,Worship Facility,27338.0,,,,,False,Mono-usage,56,0.0,1.0,0,1
2016,NonResidential,Small- and Mid-Sized Office,3,CENTRAL,47.60592,-122.31367,1.0,5,72613,22788,49825,Office,49825.0,Parking,22788.0,,,False,Multi-usages,32,0.3138281024059052,0.6861718975940947,1,2
2016,NonResidential,Distribution Center,7,MAGNOLIA / QUEEN ANNE,47.66161,-122.39075,1.0,1,35946,0,35946,Distribution Center,31845.0,Office,4101.0,,,False,Multi-usages,48,0.0,1.0,1,2
2016,NonResidential,K-12 School,7,MAGNOLIA / QUEEN ANNE,47.64344,-122.3509,1.0,4,48660,0,48660,K-12 School,49468.0,,,,,False,Mono-usage,9,0.0,1.0,0,1
2016,NonResidential,Retail Store,3,EAST,47.61478,-122.31847,1.0,2,36940,0,36940,Retail Store,36940.0,,,,,False,Mono-usage,100,0.0,1.0,0,1
2016,NonResidential,Supermarket / Grocery Store,5,NORTH,47.7237,-122.29232,1.0,2,308965,187878,121087,Supermarket/Grocery Store,121087.0,Parking,0.0,Parking,0.0,False,Multi-usages,21,0.6080882947906721,0.3919117052093279,1,2
2016,NonResidential,Low-Rise Multifamily,4,LAKE UNION,47.64859,-122.33311,1.0,3,93079,36093,56986,Multifamily Housing,91064.0,,,,,False,Mono-usage,16,0.3877673803972969,0.612232619602703,0,1
2016,NonResidential,Retail Store,6,BALLARD,47.66318,-122.37283,1.0,1,23500,0,23500,Retail Store,23500.0,,,,,False,Mono-usage,20,0.0,1.0,0,1
2016,NonResidential,Small- and Mid-Sized Office,2,GREATER DUWAMISH,47.53827,-122.28406,1.0,1,54765,0,54765,Office,25765.0,Other,25000.0,,,False,Multi-usages,58,0.0,1.0,1,2
2016,NonResidential,Hotel,7,DOWNTOWN,47.61087,-122.33339,1.0,34,994212,146694,847518,Hotel,994212.0,Parking,117668.0,Swimming Pool,0.0,False,Multi-usages,34,0.1475480078695489,0.8524519921304511,1,3
2016,NonResidential,Retail Store,5,NORTHWEST,47.72286,-122.34612,1.0,2,20088,0,20088,Retail Store,16080.0,Office,3500.0,Parking,508.0,False,Multi-usages,37,0.0,1.0,1,3
2016,NonResidential,Self-Storage Facility,7,MAGNOLIA / QUEEN ANNE,47.64633,-122.3508,1.0,2,28309,0,28309,Self-Storage Facility,28309.0,,,,,False,Mono-usage,98,0.0,1.0,0,1
2016,NonResidential,Small- and Mid-Sized Office,2,SOUTHEAST,47.58579,-122.3034,1.0,3,38075,0,38075,Office,29035.0,K-12 School,6213.0,Retail Store,2825.0,False,Multi-usages,7,0.0,1.0,1,3
2016,NonResidential,Laboratory,7,MAGNOLIA / QUEEN ANNE,47.65223,-122.36147,1.0,2,43025,0,43025,Laboratory,29527.0,Other,13498.0,,,False,Multi-usages,31,0.0,1.0,1,2
2016,NonResidential,Small- and Mid-Sized Office,2,GREATER DUWAMISH,47.55316,-122.32616,1.0,2,40029,0,40029,Office,31800.0,Non-Refrigerated Warehouse,8200.0,,,False,Multi-usages,34,0.0,1.0,1,2
2016,NonResidential,Other,1,Delridge,47.56319,-122.35067,1.0,1,40189,0,40189,Other - Utility,28347.0,Office,9113.0,Parking,0.0,False,Multi-usages,19,0.0,1.0,1,3
2016,NonResidential,Medical Office,4,NORTHEAST,47.65884,-122.3183,1.0,4,191276,95281,95995,Medical Office,95995.0,,,,,False,Mono-usage,22,0.4981335870679019,0.5018664129320981,0,1
2016,NonResidential,Small- and Mid-Sized Office,4,LAKE UNION,47.64779,-122.33352,1.0,1,26263,0,26263,Office,26263.0,,,,,False,Mono-usage,23,0.0,1.0,0,1
2016,NonResidential,Warehouse,1,DELRIDGE,47.56447,-122.35335,1.0,1,31521,0,31521,Non-Refrigerated Warehouse,31521.0,,,,,False,Mono-usage,63,0.0,1.0,0,1
2016,NonResidential,Mixed Use Property,2,GREATER DUWAMISH,47.5928,-122.31599,1.0,14,304052,0,304052,Office,218918.0,Parking,156487.0,Medical Office,84051.89844,False,Multi-usages,84,0.0,1.0,1,3
2016,NonResidential,Self-Storage Facility,2,GREATER DUWAMISH,47.55662,-122.33728,1.0,1,25881,0,25881,Self-Storage Facility,25881.0,,,,,False,Mono-usage,86,0.0,1.0,0,1
2016,NonResidential,Other,1,SOUTHWEST,47.5596,-122.38459,1.0,6,146363,0,146363,Strip Mall,146363.0,,,,,False,Mono-usage,29,0.0,1.0,0,1
2016,NonResidential,Small- and Mid-Sized Office,6,NORTHWEST,47.68602,-122.35674,1.0,1,20678,0,20678,Office,23100.0,,,,,False,Mono-usage,56,0.0,1.0,0,1
2016,NonResidential,Restaurant,7,DOWNTOWN,47.60805,-122.33978,1.0,13,42000,0,42000,Other - Restaurant/Bar,26554.0,Other,15310.0,Strip Mall,7673.0,False,Multi-usages,31,0.0,1.0,1,4
2016,NonResidential,Small- and Mid-Sized Office,7,DOWNTOWN,47.61768,-122.34139,1.0,1,23752,0,23752,Office,14317.0,Retail Store,9435.0,Parking,0.0,False,Multi-usages,51,0.0,1.0,1,3
2016,NonResidential,Large Office,7,DOWNTOWN,47.61287,-122.35022,1.0,5,251044,117867,133177,Office,126218.0,Data Center,12717.0,,,False,Multi-usages,16,0.469507337359188,0.530492662640812,1,2
2016,NonResidential,Warehouse,2,GREATER DUWAMISH,47.56549,-122.33221,1.0,1,50832,0,50832,Non-Refrigerated Warehouse,43920.0,Office,6912.0,,,False,Multi-usages,59,0.0,1.0,1,2
2016,NonResidential,Mixed Use Property,3,EAST,47.61552,-122.31744,1.0,2,75844,19928,55916,Other,28442.0,Office,28441.0,Parking,18961.0,False,Multi-usages,89,0.2627498549654554,0.7372501450345446,1,3
2016,NonResidential,Other,3,EAST,47.61314,-122.32262,1.0,3,33708,0,33708,Other,33708.0,,,,,False,Mono-usage,104,0.0,1.0,0,1
2016,NonResidential,Mixed Use Property,4,NORTHEAST,47.66272,-122.31798,1.0,2,32928,0,32928,Parking,24288.0,Retail Store,16710.0,Office,16128.0,False,Multi-usages,17,0.0,1.0,1,4
2016,NonResidential,Small- and Mid-Sized Office,7,DOWNTOWN,47.61297,-122.34324,1.0,2,25920,0,25920,Office,23995.0,,,,,False,Mono-usage,97,0.0,1.0,0,1
2016,NonResidential,Mixed Use Property,3,EAST,47.59901628,-122.3315077,1.0,3,22168,0,22168,Multifamily Housing,11084.0,Other - Entertainment/Public Assembly,11084.0,,,False,Multi-usages,116,0.0,1.0,1,2
2016,NonResidential,K-12 School,7,DOWNTOWN,47.61718,-122.33654,1.0,2,21600,0,21600,K-12 School,21600.0,,,,,False,Mono-usage,59,0.0,1.0,0,1
2016,NonResidential,Warehouse,2,GREATER DUWAMISH,47.54853,-122.32814,1.0,1,85400,0,85400,Non-Refrigerated Warehouse,85400.0,,,,,False,Mono-usage,50,0.0,1.0,0,1
2016,NonResidential,Self-Storage Facility,7,MAGNOLIA / QUEEN ANNE,47.64676,-122.37581,1.0,4,130293,23400,106893,Self-Storage Facility,130293.0,Parking,8800.0,,,False,Multi-usages,28,0.1795952200041445,0.8204047799958555,1,2
2016,NonResidential,Other,7,MAGNOLIA / QUEEN ANNE,47.63286,-122.36141,1.0,2,36771,0,36771,Other,34856.0,,,,,False,Mono-usage,60,0.0,1.0,0,1
2016,NonResidential,Mixed Use Property,2,GREATER DUWAMISH,47.58452,-122.3337,1.0,1,27000,0,27000,Other,9000.0,Other - Entertainment/Public Assembly,9000.0,Self-Storage Facility,9000.0,False,Multi-usages,100,0.0,1.0,1,3
2016,NonResidential,Hotel,7,DOWNTOWN,47.60809,-122.33212,1.0,33,315952,57600,258352,Hotel,295511.0,Parking,57600.0,,,False,Multi-usages,36,0.1823061730895832,0.8176938269104168,1,2
2016,NonResidential,Large Office,7,DOWNTOWN,47.60615,-122.33388,1.0,49,1123435,368980,754455,Office,808980.0,Parking,232248.0,Other,30329.0,False,Multi-usages,47,0.3284391175279388,0.6715608824720611,1,5
2016,NonResidential,Small- and Mid-Sized Office,5,NORTH,47.70105,-122.32659,1.0,5,74880,0,74880,Office,71751.0,Parking,0.0,,,False,Multi-usages,42,0.0,1.0,1,2
2016,NonResidential,Small- and Mid-Sized Office,4,NORTHEAST,47.66345,-122.3134,1.0,1,27966,7004,20962,Office,20962.0,Parking,7004.0,,,False,Multi-usages,59,0.2504469713223199,0.74955302867768,1,2
2016,NonResidential,Supermarket / Grocery Store,6,BALLARD,47.66986,-122.37418,1.0,1,29214,0,29214,Supermarket/Grocery Store,29214.0,,,,,False,Mono-usage,50,0.0,1.0,0,1
2016,NonResidential,Small- and Mid-Sized Office,7,DOWNTOWN,47.6123,-122.34611,1.0,5,66900,0,66900,Office,68048.0,,,,,False,Mono-usage,107,0.0,1.0,0,1
2016,NonResidential,Hotel,7,DOWNTOWN,47.61069,-122.34653,1.0,8,254273,38800,215473,Hotel,277000.0,,,,,False,Mono-usage,13,0.1525918992578842,0.8474081007421158,0,1
2016,NonResidential,Warehouse,2,GREATER DUWAMISH,47.51168,-122.28285,1.0,1,60448,0,60448,Non-Refrigerated Warehouse,52702.0,Office,7746.0,,,False,Multi-usages,38,0.0,1.0,1,2
2016,NonResidential,Worship Facility,6,Northwest,47.67572,-122.3285,1.0,2,23931,0,23931,Worship Facility,23931.0,,,,,False,Mono-usage,106,0.0,1.0,0,1
2016,NonResidential,Warehouse,3,EAST,47.61481,-122.31536,1.0,2,23040,0,23040,Non-Refrigerated Warehouse,23040.0,,,,,False,Mono-usage,96,0.0,1.0,0,1
2016,NonResidential,Other,7,MAGNOLIA / QUEEN ANNE,47.61974,-122.3511,1.0,1,155795,0,155795,Other,155795.0,,,,,False,Mono-usage,54,0.0,1.0,0,1
2016,NonResidential,Hotel,7,MAGNOLIA / QUEEN ANNE,47.62562,-122.35121,1.0,5,111856,21273,90583,Hotel,92000.0,Parking,20000.0,Restaurant,4006.0,False,Multi-usages,8,0.1901820197396652,0.8098179802603347,1,4
2016,Nonresidential COS,Other,7,DOWNTOWN,47.60729,-122.34211,1.0,2,69400,0,69400,Other - Entertainment/Public Assembly,69400.0,,,,,False,Mono-usage,36,0.0,1.0,0,1
2016,NonResidential,Other,4,NORTHEAST,47.66192,-122.30998,1.0,3,20686,0,20686,Other - Lodging/Residential,20686.0,,,,,False,Mono-usage,92,0.0,1.0,0,1
2016,NonResidential,Supermarket / Grocery Store,7,MAGNOLIA / QUEEN ANNE,47.64909,-122.37788,1.0,1,25842,0,25842,Supermarket/Grocery Store,25987.0,,,,,False,Mono-usage,55,0.0,1.0,0,1
2016,NonResidential,Small- and Mid-Sized Office,7,DOWNTOWN,47.60953,-122.33647,1.0,8,60660,0,60660,Office,41958.0,Retail Store,4800.0,,,False,Multi-usages,96,0.0,1.0,1,2
2016,NonResidential,Warehouse,2,GREATER DUWAMISH,47.58336,-122.32525,1.0,1,45842,0,45842,Non-Refrigerated Warehouse,49802.0,Office,22198.0,,,False,Multi-usages,56,0.0,1.0,1,2
2016,NonResidential,Large Office,2,DOWNTOWN,47.59806,-122.33475,1.0,7,184322,0,184322,Office,183916.0,Data Center,406.0,,,False,Multi-usages,112,0.0,1.0,1,2
2016,NonResidential,Large Office,7,DOWNTOWN,47.60411,-122.33225,1.0,22,227556,98556,129000,Office,227556.0,Parking,77887.79688,,,False,Multi-usages,46,0.4331065759637188,0.5668934240362812,1,2
2016,NonResidential,Other,7,MAGNOLIA / QUEEN ANNE,47.63549,-122.34103,1.0,3,66462,12998,53464,Other,72000.0,Parking,15000.0,,,False,Multi-usages,64,0.1955704011314736,0.8044295988685264,1,2
2016,NonResidential,Small- and Mid-Sized Office,7,MAGNOLIA / QUEEN ANNE,47.66006,-122.38631,1.0,4,30152,5680,24472,Office,25184.0,Parking,4968.0,,,False,Multi-usages,9,0.1883788803396126,0.8116211196603874,1,2
2016,Nonresidential COS,Other,5,NORTHWEST,47.72134,-122.34102,1.0,2,26994,0,26994,Other - Services,16243.0,Office,10751.0,,,False,Multi-usages,58,0.0,1.0,1,2
2016,NonResidential,Retail Store,2,GREATER DUWAMISH,47.56535,-122.34054,1.0,1,39900,0,39900,Retail Store,25000.0,Non-Refrigerated Warehouse,15000.0,,,True,Multi-usages,63,0.0,1.0,1,2
2016,NonResidential,Warehouse,2,GREATER DUWAMISH,47.59416,-122.3267,1.0,1,37400,0,37400,Non-Refrigerated Warehouse,27271.0,Supermarket/Grocery Store,5706.0,Distribution Center,4473.0,False,Multi-usages,94,0.0,1.0,1,3
2016,NonResidential,Small- and Mid-Sized Office,2,GREATER DUWAMISH,47.59501,-122.32852,1.0,4,53840,12870,40970,Office,42800.0,Parking,10400.0,,,False,Multi-usages,103,0.2390416047548291,0.7609583952451708,1,2
2016,NonResidential,Retail Store,6,Ballard,47.67518,-122.36549,1.0,1,22420,0,22420,Retail Store,23067.0,,,,,False,Mono-usage,49,0.0,1.0,0,1
2016,NonResidential,Mixed Use Property,2,GREATER DUWAMISH,47.54437,-122.30863,1.0,1,44700,0,44700,Office,23751.0,Other,14024.0,Non-Refrigerated Warehouse,10095.0,False,Multi-usages,54,0.0,1.0,1,3
2016,NonResidential,Small- and Mid-Sized Office,7,DOWNTOWN,47.60765,-122.34097,1.0,6,51218,0,51218,Office,44913.0,Restaurant,7044.0,,,False,Multi-usages,107,0.0,1.0,1,2
2016,NonResidential,Retail Store,4,NORTHEAST,47.66246,-122.29898,1.0,2,25862,0,25862,Retail Store,25562.0,Other,300.0,,,False,Multi-usages,60,0.0,1.0,1,2
2016,NonResidential,Large Office,7,LAKE UNION,47.62384,-122.33941,1.0,6,427181,0,427181,Office,427181.0,Parking,169195.0,,,False,Multi-usages,2,0.0,1.0,1,2
2016,NonResidential,Hotel,7,DOWNTOWN,47.61412,-122.33664,1.0,10,61320,0,61320,Hotel,61320.0,,,,,False,Mono-usage,90,0.0,1.0,0,1
2016,NonResidential,Warehouse,2,GREATER DUWAMISH,47.57339,-122.33735,1.0,1,33462,0,33462,Non-Refrigerated Warehouse,33462.0,,,,,False,Mono-usage,52,0.0,1.0,0,1
2016,NonResidential,Warehouse,2,GREATER DUWAMISH,47.58553,-122.32511,1.0,4,149881,0,149881,Non-Refrigerated Warehouse,119593.0,Office,30288.0,,,False,Multi-usages,65,0.0,1.0,1,2
2016,NonResidential,Large Office,2,DOWNTOWN,47.59963,-122.32796,1.0,10,181694,38186,143508,Office,150840.0,Parking,26946.0,Other,2155.0,False,Multi-usages,14,0.2101665437493808,0.7898334562506192,1,3
2016,Nonresidential COS,Other,7,DOWNTOWN,47.61623,-122.33657,1.0,2,97288,37198,60090,Police Station,88830.0,,,,,False,Mono-usage,17,0.382349313378834,0.6176506866211661,0,1
2016,NonResidential,Small- and Mid-Sized Office,7,MAGNOLIA / QUEEN ANNE,47.63128,-122.37387,1.0,2,20671,0,20671,Office,20671.0,,,,,False,Mono-usage,76,0.0,1.0,0,1
2016,NonResidential,Warehouse,2,GREATER DUWAMISH,47.51304,-122.28394,1.0,2,123000,0,123000,Non-Refrigerated Warehouse,112484.0,Office,24433.0,,,False,Multi-usages,50,0.0,1.0,1,2
2016,NonResidential,Other,1,DELRIDGE,47.52956,-122.33592,1.0,1,26232,0,26232,Other - Services,18262.0,Office,7970.0,,,False,Multi-usages,45,0.0,1.0,1,2
2016,NonResidential,Mixed Use Property,7,DOWNTOWN,47.60886,-122.33744,1.0,2,52549,0,52549,Other - Entertainment/Public Assembly,23500.0,Restaurant,23500.0,Office,5459.0,False,Multi-usages,90,0.0,1.0,1,3
2016,NonResidential,Warehouse,1,Delridge,47.5725,-122.3571,1.0,1,170632,0,170632,Non-Refrigerated Warehouse,164806.0,Office,5826.0,,,False,Multi-usages,50,0.0,1.0,1,2
2016,NonResidential,Retail Store,7,DOWNTOWN,47.61098,-122.33815,1.0,8,861702,0,861702,Retail Store,509342.0,Other,380639.0,,,False,Multi-usages,87,0.0,1.0,1,2
2016,NonResidential,Medical Office,7,MAGNOLIA / QUEEN ANNE,47.61972,-122.36033,1.0,5,190000,39000,151000,Medical Office,146741.0,Office,9805.0,,,False,Multi-usages,89,0.2052631578947368,0.7947368421052632,1,2
2016,NonResidential,Worship Facility,3,EAST,47.62322037,-122.320017,1.0,1,26440,0,26440,Worship Facility,26440.0,,,,,False,Mono-usage,110,0.0,1.0,0,1
2016,NonResidential,Warehouse,2,GREATER DUWAMISH,47.54443,-122.32688,1.0,1,21040,0,21040,Non-Refrigerated Warehouse,21040.0,,,,,False,Mono-usage,40,0.0,1.0,0,1
2016,NonResidential,Large Office,7,LAKE UNION,47.62296,-122.3362,1.0,5,508160,0,508160,Office,329850.0,Parking,162894.0,Food Service,11846.0,False,Multi-usages,7,0.0,1.0,1,3
2016,NonResidential,Warehouse,2,GREATER DUWAMISH,47.54761,-122.32759,1.0,1,44476,0,44476,Non-Refrigerated Warehouse,41256.0,,,,,False,Mono-usage,56,0.0,1.0,0,1
2016,NonResidential,Worship Facility,2,GREATER DUWAMISH,47.55464,-122.31576,1.0,1,20484,0,20484,Worship Facility,20484.0,,,,,False,Mono-usage,62,0.0,1.0,0,1
2016,NonResidential,Warehouse,1,GREATER DUWAMISH,47.52549,-122.33064,1.0,1,27420,0,27420,Non-Refrigerated Warehouse,27850.0,,,,,False,Mono-usage,37,0.0,1.0,0,1
2016,NonResidential,Other,3,EAST,47.61674,-122.31111,5.0,2,38879,11328,27551,Urgent Care/Clinic/Other Outpatient,38879.0,,,,,False,Mono-usage,41,0.2913655186604594,0.7086344813395407,0,1
2016,NonResidential,Warehouse,2,GREATER DUWAMISH,47.51018,-122.28192,1.0,1,37351,0,37351,Non-Refrigerated Warehouse,29551.0,Office,9569.0,,,False,Multi-usages,47,0.0,1.0,1,2
2016,NonResidential,Small- and Mid-Sized Office,2,GREATER DUWAMISH,47.53161,-122.29944,1.0,2,24990,0,24990,Office,24990.0,,,,,False,Mono-usage,87,0.0,1.0,0,1
2016,Nonresidential COS,Other,7,DOWNTOWN,47.60192,-122.33282,1.0,1,49680,0,49680,Other,49680.0,,,,,False,Mono-usage,50,0.0,1.0,0,1
2016,NonResidential,Warehouse,2,GREATER DUWAMISH,47.54769,-122.3251,1.0,1,30800,0,30800,Non-Refrigerated Warehouse,30800.0,,,,,False,Mono-usage,51,0.0,1.0,0,1
2016,NonResidential,Refrigerated Warehouse,2,GREATER DUWAMISH,47.56158,-122.32754,1.0,1,76354,0,76354,Refrigerated Warehouse,76486.0,,,,,False,Mono-usage,45,0.0,1.0,0,1
2016,NonResidential,Retail Store,2,GREATER DUWAMISH,47.55032,-122.32614,1.0,1,50200,0,50200,Retail Store,50200.0,,,,,False,Mono-usage,50,0.0,1.0,0,1
2016,NonResidential,Large Office,7,DOWNTOWN,47.6115,-122.33278,1.0,23,538933,0,538933,Office,366554.0,Parking,122821.0,,,False,Multi-usages,15,0.0,1.0,1,2
2016,NonResidential,Warehouse,7,MAGNOLIA / QUEEN ANNE,47.65567,-122.37478,1.0,4,106041,0,106041,Non-Refrigerated Warehouse,106041.0,,,,,False,Mono-usage,19,0.0,1.0,0,1
2016,NonResidential,Distribution Center,2,GREATER DUWAMISH,47.56758,-122.32638,1.0,1,24354,0,24354,Distribution Center,18470.0,Office,5884.0,,,False,Multi-usages,50,0.0,1.0,1,2
2016,NonResidential,Small- and Mid-Sized Office,7,DOWNTOWN,47.60836,-122.34157,1.0,6,40715,0,40715,Office,20895.0,Retail Store,16260.0,Non-Refrigerated Warehouse,3560.0,False,Multi-usages,101,0.0,1.0,1,3
2016,NonResidential,Small- and Mid-Sized Office,2,DOWNTOWN,47.59657,-122.33394,1.0,5,32250,0,32250,Office,32250.0,,,,,False,Mono-usage,106,0.0,1.0,0,1
2016,NonResidential,Medical Office,3,EAST,47.60979,-122.32298,1.0,0,225982,0,225982,Medical Office,200184.0,,,,,False,Mono-usage,12,0.0,1.0,0,1
2016,NonResidential,Medical Office,3,EAST,47.60796711,-122.3195445,1.0,5,289419,159157,130262,Medical Office,146150.0,Parking,139000.0,,,False,Multi-usages,26,0.5499189756028457,0.4500810243971543,1,2
2016,NonResidential,Restaurant,7,DOWNTOWN,47.61468,-122.34925,1.0,2,31020,0,31020,Restaurant,31020.0,,,,,False,Mono-usage,61,0.0,1.0,0,1
2016,NonResidential,Small- and Mid-Sized Office,5,NORTH,47.719,-122.29966,1.0,2,37500,0,37500,Office,37500.0,,,,,False,Mono-usage,85,0.0,1.0,0,1
2016,NonResidential,Mixed Use Property,2,DOWNTOWN,47.59737,-122.32487,1.0,3,49299,0,49299,Office,24099.0,Multifamily Housing,23632.0,Restaurant,5320.0,False,Multi-usages,107,0.0,1.0,1,3
2016,NonResidential,Mixed Use Property,7,LAKE UNION,47.62296,-122.33884,1.0,2,25920,0,25920,Office,10109.0,Other - Services,7016.0,Restaurant,3609.0,False,Multi-usages,96,0.0,1.0,1,5
2016,NonResidential,Mixed Use Property,3,EAST,47.61428,-122.31726,1.0,2,20640,0,20640,Retail Store,9750.0,Office,9212.0,Restaurant,2450.0,False,Multi-usages,100,0.0,1.0,1,3
2016,NonResidential,Other,3,EAST,47.60709,-122.32416,1.0,1,47699,0,47699,Museum,47000.0,Parking,0.0,,,False,Multi-usages,65,0.0,1.0,1,2
2016,NonResidential,Large Office,7,DOWNTOWN,47.61022,-122.33745,1.0,30,755000,134662,620338,Office,643083.0,Parking,126891.0,Restaurant,13422.0,False,Multi-usages,31,0.1783602649006622,0.8216397350993377,1,5
2016,NonResidential,Warehouse,2,GREATER DUWAMISH,47.56626,-122.3244,1.0,1,23232,0,23232,Non-Refrigerated Warehouse,23232.0,,,,,False,Mono-usage,44,0.0,1.0,0,1
2016,NonResidential,Self-Storage Facility,3,CENTRAL,47.61234,-122.31628,1.0,1,24248,0,24248,Self-Storage Facility,21018.0,Parking,3230.0,,,False,Multi-usages,54,0.0,1.0,1,2
2016,NonResidential,Small- and Mid-Sized Office,4,LAKE UNION,47.66116,-122.34172,1.0,3,31774,0,31774,Office,19896.0,Retail Store,13941.0,Parking,0.0,False,Multi-usages,100,0.0,1.0,1,3
2016,NonResidential,Worship Facility,4,NORTHEAST,47.67485,-122.29284,1.0,2,25521,0,25521,Worship Facility,25521.0,,,,,False,Mono-usage,86,0.0,1.0,0,1
2016,Nonresidential COS,Other,7,MAGNOLIA / QUEEN ANNE,47.62395,-122.35143,1.0,2,262048,0,262048,Other,296000.0,,,,,False,Mono-usage,88,0.0,1.0,0,1
2016,NonResidential,Large Office,7,DOWNTOWN,47.59962,-122.33247,1.0,4,164380,0,164380,Office,123607.0,Retail Store,20795.0,,,False,Multi-usages,116,0.0,1.0,1,2
2016,NonResidential,Distribution Center,2,GREATER DUWAMISH,47.51127,-122.281,1.0,1,48001,0,48001,Distribution Center,48001.0,,,,,False,Mono-usage,49,0.0,1.0,0,1
2016,NonResidential,Hotel,7,EAST,47.61301,-122.32929,1.0,8,158676,30301,128375,Hotel,112676.0,Parking,42000.0,Retail Store,4500.0,False,Multi-usages,25,0.1909614560488038,0.8090385439511961,1,4
2016,NonResidential,Warehouse,6,BALLARD,47.66587,-122.38476,1.0,2,57300,0,57300,Non-Refrigerated Warehouse,29001.0,Office,28299.0,,,False,Multi-usages,57,0.0,1.0,1,2
2016,NonResidential,Retail Store,3,CENTRAL,47.60009,-122.3017,1.0,2,21200,0,21200,Retail Store,14168.0,Office,7032.0,,,False,Multi-usages,18,0.0,1.0,1,2
2016,NonResidential,Hotel,2,DOWNTOWN,47.5985,-122.32677,1.0,4,33018,0,33018,Hotel,23193.0,Retail Store,6165.0,,,False,Multi-usages,91,0.0,1.0,1,2
2016,NonResidential,Distribution Center,2,GREATER DUWAMISH,47.56613,-122.33838,1.0,1,411584,0,411584,Distribution Center,288048.0,Non-Refrigerated Warehouse,83683.0,Refrigerated Warehouse,35760.0,False,Multi-usages,30,0.0,1.0,1,3
2016,NonResidential,Warehouse,2,GREATER DUWAMISH,47.54948,-122.32536,1.0,1,26150,0,26150,Non-Refrigerated Warehouse,26150.0,,,,,False,Mono-usage,54,0.0,1.0,0,1
2016,Nonresidential COS,Other,3,SOUTHEAST,47.58476,-122.29765,0.0,1,36070,0,36070,Other - Recreation,66597.0,,,,,False,Mono-usage,39,0.0,1.0,0,1
2016,NonResidential,University,3,EAST,47.61495,-122.32177,1.0,3,63330,0,63330,College/University,64820.0,,,,,False,Mono-usage,101,0.0,1.0,0,1
2016,NonResidential,Warehouse,2,GREATER DUWAMISH,47.56501,-122.3248,1.0,1,35046,0,35046,Non-Refrigerated Warehouse,32546.0,,,,,False,Mono-usage,42,0.0,1.0,0,1
2016,NonResidential,Laboratory,7,LAKE UNION,47.62348,-122.33743,1.0,3,55200,0,55200,Laboratory,54880.0,Data Center,320.0,,,False,Multi-usages,88,0.0,1.0,1,2
2016,NonResidential,Small- and Mid-Sized Office,1,DELRIDGE,47.53309,-122.33977,1.0,2,30659,0,30659,Office,27262.0,Non-Refrigerated Warehouse,8653.0,Data Center,285.0,False,Multi-usages,28,0.0,1.0,1,3
2016,NonResidential,Small- and Mid-Sized Office,3,SOUTHEAST,47.5859,-122.29957,1.0,2,39170,0,39170,Office,35500.0,,,,,False,Mono-usage,46,0.0,1.0,0,1
2016,NonResidential,Refrigerated Warehouse,2,GREATER DUWAMISH,47.56477,-122.32628,1.0,1,25577,0,25577,Refrigerated Warehouse,13349.0,Non-Refrigerated Warehouse,8228.0,Office,4000.0,False,Multi-usages,55,0.0,1.0,1,3
2016,NonResidential,Mixed Use Property,7,DOWNTOWN,47.61634,-122.35385,1.0,2,33792,22867,10925,Social/Meeting Hall,8969.0,Parking,8540.0,Other - Entertainment/Public Assembly,1600.0,False,Multi-usages,10,0.6766986268939394,0.3233013731060606,1,4
2016,NonResidential,Other,1,GREATER DUWAMISH,47.52305,-122.31899,1.0,2,54170,0,54170,Other,54170.0,,,,,False,Mono-usage,22,0.0,1.0,0,1
2016,NonResidential,University,3,CENTRAL,47.59677,-122.30172,2.0,1,57468,0,57468,College/University,67750.0,,,,,False,Mono-usage,3,0.0,1.0,0,1
2016,NonResidential,Large Office,7,DOWNTOWN,47.60769,-122.33544,1.0,27,216571,13320,203251,Office,182604.0,Parking,13320.0,Other - Technology/Science,6246.0,False,Multi-usages,87,0.061504079493561,0.938495920506439,1,3
2016,NonResidential,Laboratory,7,LAKE UNION,47.62254,-122.33753,1.0,4,241159,111793,129366,Laboratory,176171.0,,,,,False,Mono-usage,13,0.4635655314543517,0.5364344685456484,0,1
2016,NonResidential,Other,6,LAKE UNION,47.65138,-122.35565,1.0,1,30730,0,30730,Other,30730.0,,,,,False,Mono-usage,47,0.0,1.0,0,1
2016,NonResidential,Warehouse,5,NORTHWEST,47.69814,-122.34295,1.0,2,53472,0,53472,Non-Refrigerated Warehouse,46846.0,Office,10033.0,,,False,Multi-usages,68,0.0,1.0,1,2
2016,NonResidential,Small- and Mid-Sized Office,7,DOWNTOWN,47.61267,-122.33852,1.0,2,44098,13660,30438,Office,25920.0,Parking,13155.0,,,False,Multi-usages,91,0.3097646151752914,0.6902353848247086,1,2
2016,NonResidential,Hotel,7,DOWNTOWN,47.61393,-122.3381,1.0,41,956110,196718,759392,Hotel,756493.0,,,,,False,Mono-usage,47,0.2057482925604794,0.7942517074395206,0,1
2016,NonResidential,Hotel,7,DOWNTOWN,47.6139,-122.33283,1.0,11,83008,0,83008,Hotel,81352.0,,,,,False,Mono-usage,90,0.0,1.0,0,1
2016,NonResidential,Mixed Use Property,7,DOWNTOWN,47.6074,-122.33777,1.0,6,154660,0,154660,Other - Entertainment/Public Assembly,119815.0,Other - Recreation,63101.0,Social/Meeting Hall,26380.0,False,Multi-usages,25,0.0,1.0,1,9
2016,NonResidential,Self-Storage Facility,7,DOWNTOWN,47.61179,-122.3404,1.0,6,46580,0,46580,Self-Storage Facility,46580.0,,,,,False,Mono-usage,88,0.0,1.0,0,1
2016,NonResidential,Mixed Use Property,6,BALLARD,47.65742,-122.36736,1.0,2,38784,0,38784,Non-Refrigerated Warehouse,16826.0,Office,16826.0,,,False,Multi-usages,9,0.0,1.0,1,2
2016,NonResidential,Other,1,DELRIDGE,47.57058,-122.35626,1.0,2,28109,0,28109,Other,28109.0,,,,,False,Mono-usage,50,0.0,1.0,0,1
2016,Nonresidential COS,Large Office,7,LAKE UNION,47.62251,-122.3339,1.0,13,536697,197659,339038,Office,342838.0,Parking,202178.0,Retail Store,6313.200195,False,Multi-usages,2,0.3682878793807306,0.6317121206192693,1,3
2016,NonResidential,Large Office,7,DOWNTOWN,47.61054,-122.33466,1.0,46,1536606,512608,1023998,Office,1002403.0,Parking,377046.0,Other,53116.0,False,Multi-usages,27,0.3335975520074762,0.6664024479925238,1,6
2016,NonResidential,Medical Office,1,SOUTHWEST,47.57296,-122.38643,1.0,3,40304,12000,28304,Medical Office,20106.0,Parking,16412.0,,,False,Multi-usages,32,0.297737197300516,0.7022628026994839,1,2
2016,NonResidential,Small- and Mid-Sized Office,4,LAKE UNION,47.6641,-122.33118,1.0,3,87262,0,87262,Office,40943.0,K-12 School,18153.0,Other - Entertainment/Public Assembly,4307.0,False,Multi-usages,110,0.0,1.0,1,4
2016,NonResidential,Small- and Mid-Sized Office,2,GREATER DUWAMISH,47.58895,-122.32833,1.0,2,47368,0,47368,Office,47368.0,Parking,0.0,,,False,Multi-usages,37,0.0,1.0,1,2
2016,Nonresidential COS,Warehouse,2,GREATER DUWAMISH,47.5829,-122.32417,1.0,1,22803,0,22803,Non-Refrigerated Warehouse,19373.0,Other,3430.0,,,False,Multi-usages,31,0.0,1.0,1,2
2016,NonResidential,Self-Storage Facility,5,NORTH,47.72356,-122.29378,2.0,2,50368,0,50368,Self-Storage Facility,50369.0,,,,,False,Mono-usage,28,0.0,1.0,0,1
2016,NonResidential,Hotel,4,NORTHEAST,47.66355,-122.30123,2.0,2,24100,0,24100,Hotel,30910.0,,,,,False,Mono-usage,55,0.0,1.0,0,1
2016,NonResidential,Small- and Mid-Sized Office,7,MAGNOLIA / QUEEN ANNE,47.6189,-122.35713,1.0,5,85963,33055,52908,Office,52908.0,Parking,33055.0,,,False,Multi-usages,31,0.3845259006781987,0.6154740993218012,1,2
2016,NonResidential,Distribution Center,2,GREATER DUWAMISH,47.58607,-122.30445,1.0,1,23236,0,23236,Distribution Center,20736.0,Office,1250.0,Retail Store,1250.0,False,Multi-usages,62,0.0,1.0,1,3
2016,NonResidential,Other,3,EAST,47.61340332,-122.3203506,1.0,2,22320,0,22320,"Repair Services (Vehicle, Shoe, Locksmith, etc)",22320.0,,,,,False,Mono-usage,109,0.0,1.0,1,4
2016,NonResidential,Laboratory,7,DOWNTOWN,47.61763,-122.35507,0.0,4,49249,0,49249,Laboratory,40584.0,Office,7165.0,,,False,Multi-usages,90,0.0,1.0,1,2
2016,NonResidential,Warehouse,7,MAGNOLIA / QUEEN ANNE,47.64913,-122.37929,1.0,2,39497,0,39497,Non-Refrigerated Warehouse,25547.0,Office,13950.0,,,False,Multi-usages,61,0.0,1.0,1,2
2016,NonResidential,Large Office,3,LAKE UNION,47.62958,-122.32826,1.0,7,139200,44728,94472,Office,82098.0,,,,,False,Mono-usage,15,0.3213218390804597,0.6786781609195403,0,1
2016,NonResidential,Hotel,7,DOWNTOWN,47.61784,-122.32966,1.0,10,171866,38281,133585,Hotel,128909.0,,,,,False,Mono-usage,15,0.2227374815263053,0.7772625184736947,0,1
2016,NonResidential,Distribution Center,2,GREATER DUWAMISH,47.57023,-122.33241,1.0,1,52613,0,52613,Distribution Center,59504.0,,,,,False,Mono-usage,36,0.0,1.0,0,1
2016,NonResidential,Worship Facility,4,NORTHEAST,47.67738,-122.28996,1.0,2,22220,0,22220,Worship Facility,22220.0,,,,,False,Mono-usage,59,0.0,1.0,0,1
2016,NonResidential,Hotel,7,MAGNOLIA / QUEEN ANNE,47.62023,-122.35951,1.0,6,155602,36744,118858,Hotel,155602.0,,,,,False,Mono-usage,18,0.2361409236385136,0.7638590763614863,0,1
2016,NonResidential,Self-Storage Facility,1,SOUTHWEST,47.54508,-122.37737,1.0,2,52088,0,52088,Self-Storage Facility,52088.0,,,,,False,Mono-usage,47,0.0,1.0,0,1
2016,NonResidential,Small- and Mid-Sized Office,4,LAKE UNION,47.64037,-122.32626,1.0,4,85385,31210,54175,Office,50235.0,Parking,25525.0,Data Center,2875.0,False,Multi-usages,38,0.3655208760320899,0.6344791239679101,1,3
2016,NonResidential,Hotel,3,EAST,47.60898,-122.32693,1.0,7,76631,0,76631,Hotel,76631.0,,,,,False,Mono-usage,108,0.0,1.0,0,1
2016,NonResidential,Small- and Mid-Sized Office,2,GREATER DUWAMISH,47.57013,-122.3244,1.0,1,23143,0,23143,Office,15609.0,Non-Refrigerated Warehouse,7534.0,,,False,Multi-usages,33,0.0,1.0,1,2
2016,NonResidential,Large Office,7,DOWNTOWN,47.60723,-122.33611,1.0,55,1400000,285000,1115000,Office,994116.0,Parking,264481.0,Other,133598.0,False,Multi-usages,28,0.2035714285714285,0.7964285714285714,1,4
2016,NonResidential,Other,5,NORTH,47.70281,-122.32532,1.0,6,419848,335109,84739,Parking,335109.0,Movie Theater,65000.0,Medical Office,13567.0,False,Multi-usages,8,0.7981674320230179,0.2018325679769821,1,5
2016,NonResidential,Worship Facility,6,BALLARD,47.66327,-122.37439,1.0,1,40445,0,40445,Worship Facility,40445.0,,,,,False,Mono-usage,41,0.0,1.0,0,1
2016,NonResidential,Senior Care Community,7,LAKE UNION,47.61935,-122.33389,1.0,14,724148,0,724148,Senior Care Community,726000.0,,,,,False,Mono-usage,10,0.0,1.0,0,1
2016,NonResidential,K-12 School,3,EAST,47.62548,-122.30828,1.0,3,67743,0,67743,K-12 School,67743.0,,,,,False,Mono-usage,93,0.0,1.0,0,1
2016,Nonresidential COS,Other,7,MAGNOLIA / QUEEN ANNE,47.62208,-122.35398,1.0,1,30533,0,30533,Museum,28631.0,,,,,False,Mono-usage,18,0.0,1.0,0,1
2016,NonResidential,Distribution Center,6,LAKE UNION,47.65214,-122.356,1.0,1,26532,0,26532,Distribution Center,26532.0,,,,,False,Mono-usage,32,0.0,1.0,0,1
2016,NonResidential,Hotel,7,LAKE UNION,47.62001,-122.34274,1.0,7,150453,34735,115718,Hotel,107547.0,Restaurant,3000.0,,,False,Multi-usages,16,0.2308694409549826,0.7691305590450174,0,1
2016,NonResidential,Senior Care Community,5,NORTH,47.70883,-122.28887,1.0,1,22583,0,22583,Senior Care Community,22583.0,,,,,False,Mono-usage,62,0.0,1.0,0,1
2016,NonResidential,Other,2,GREATER DUWAMISH,47.56301,-122.32564,1.0,1,141686,0,141686,Other,152511.0,,,,,False,Mono-usage,46,0.0,1.0,0,1
2016,NonResidential,Other,6,BALLARD,47.67482,-122.37316,1.0,2,30087,0,30087,Other,30554.0,,,,,False,Mono-usage,74,0.0,1.0,0,1
2016,NonResidential,University,3,EAST,47.61699,-122.32083,1.0,2,99765,0,99765,College/University,99765.0,,,,,False,Mono-usage,23,0.0,1.0,0,1
2016,NonResidential,Warehouse,6,BALLARD,47.6644,-122.37246,1.0,3,41478,0,41478,Non-Refrigerated Warehouse,31932.0,Office,9546.0,,,False,Multi-usages,41,0.0,1.0,1,2
2016,NonResidential,Small- and Mid-Sized Office,7,DOWNTOWN,47.61041,-122.34214,1.0,4,36160,0,36160,Office,36160.0,,,,,False,Mono-usage,106,0.0,1.0,0,1
2016,NonResidential,Supermarket / Grocery Store,2,GREATER DUWAMISH,47.57903,-122.29982,1.0,1,50785,0,50785,Supermarket/Grocery Store,27382.0,,,,,False,Mono-usage,53,0.0,1.0,0,1
2016,NonResidential,Small- and Mid-Sized Office,2,GREATER DUWAMISH,47.59508,-122.33378,1.0,2,20150,0,20150,Office,20150.0,,,,,False,Mono-usage,96,0.0,1.0,0,1
2016,NonResidential,University,7,DOWNTOWN,47.61789,-122.33573,1.0,3,21600,0,21600,College/University,21600.0,,,,,False,Mono-usage,88,0.0,1.0,0,1
2016,NonResidential,Large Office,2,GREATER DUWAMISH,47.58716,-122.32214,1.0,2,112896,0,112896,Office,110746.0,Parking,57500.0,,,False,Multi-usages,65,0.0,1.0,1,2
2016,NonResidential,Other,5,NORTH,47.72039,-122.29729,1.0,1,37377,0,37377,"Repair Services (Vehicle, Shoe, Locksmith, etc)",31303.0,Retail Store,3468.0,Office,840.0,False,Multi-usages,69,0.0,1.0,1,6
2016,NonResidential,Small- and Mid-Sized Office,4,LAKE UNION,47.6342,-122.32661,1.0,3,37639,9999,27640,Office,20434.0,Laboratory,7557.0,,,False,Multi-usages,18,0.265655304338585,0.734344695661415,1,2
2016,NonResidential,Worship Facility,7,MAGNOLIA / QUEEN ANNE,47.61876,-122.3534,1.0,3,23241,0,23241,Worship Facility,23241.0,,,,,False,Mono-usage,7,0.0,1.0,0,1
2016,NonResidential,Hotel,3,EAST,47.60981,-122.32687,1.0,9,48006,0,48006,Hotel,48006.0,,,,,False,Mono-usage,88,0.0,1.0,0,1
2016,Nonresidential COS,Other,7,MAGNOLIA / QUEEN ANNE,47.62208,-122.35398,1.0,1,389000,0,389000,Other,368000.0,,,,,False,Mono-usage,54,0.0,1.0,0,1
2016,NonResidential,Small- and Mid-Sized Office,7,MAGNOLIA / QUEEN ANNE,47.65881,-122.38382,1.0,4,22365,0,22365,Office,21617.0,,,,,False,Mono-usage,37,0.0,1.0,0,1
2016,NonResidential,Other,3,CENTRAL,47.60462,-122.31549,3.0,6,250981,0,250981,Other,137565.0,Courthouse,78357.0,,,False,Multi-usages,45,0.0,1.0,1,2
2016,NonResidential,Other,2,GREATER DUWAMISH,47.57383,-122.33046,1.0,2,41790,0,41790,Social/Meeting Hall,21790.0,Office,20000.0,,,False,Multi-usages,47,0.0,1.0,1,2
2016,NonResidential,Warehouse,1,GREATER DUWAMISH,47.51899,-122.321,1.0,1,28920,0,28920,Non-Refrigerated Warehouse,30000.0,,,,,False,Mono-usage,35,0.0,1.0,0,1
2016,NonResidential,Large Office,7,DOWNTOWN,47.61734,-122.34434,1.0,3,192630,48512,144118,Office,146157.0,Parking,48199.0,,,False,Multi-usages,69,0.2518403156310024,0.7481596843689976,1,2
2016,NonResidential,Large Office,7,LAKE UNION,47.62137,-122.33744,1.0,4,209816,73673,136143,Office,113803.0,Parking,79091.0,Fitness Center/Health Club/Gym,15803.0,False,Multi-usages,10,0.3511314675715865,0.6488685324284135,1,4
2016,NonResidential,Other,2,SOUTHEAST,47.56979,-122.29234,1.0,2,20047,0,20047,Other - Services,20047.0,,,,,False,Mono-usage,53,0.0,1.0,0,1
2016,NonResidential,Large Office,7,MAGNOLIA / QUEEN ANNE,47.63116,-122.34193,1.0,5,154029,62380,91649,Office,91645.0,Parking,66288.0,,,False,Multi-usages,30,0.4049886709645586,0.5950113290354414,1,2
2016,NonResidential,Warehouse,2,GREATER DUWAMISH,47.58454,-122.3269,1.0,1,73296,0,73296,Non-Refrigerated Warehouse,77800.0,Parking,0.0,,,False,Multi-usages,56,0.0,1.0,1,2
2016,NonResidential,Retail Store,4,LAKE UNION,47.63246,-122.32658,1.0,3,25194,3764,21430,Retail Store,10751.0,Medical Office,8044.0,Office,2635.0,False,Multi-usages,23,0.1494006509486385,0.8505993490513615,1,3
2016,NonResidential,Warehouse,6,BALLARD,47.65907,-122.36783,1.0,1,27553,0,27553,Non-Refrigerated Warehouse,27553.0,,,,,False,Mono-usage,66,0.0,1.0,0,1
2016,NonResidential,Other,4,NORTHEAST,47.6606,-122.31512,1.0,5,36000,0,36000,Data Center,36000.0,,,,,False,Mono-usage,47,0.0,1.0,0,1
2016,NonResidential,Other,2,GREATER DUWAMISH,47.5793,-122.32226,1.0,1,24109,0,24109,Manufacturing/Industrial Plant,24109.0,Parking,0.0,,,False,Multi-usages,56,0.0,1.0,1,2
2016,NonResidential,Hotel,7,MAGNOLIA / QUEEN ANNE,47.62782,-122.34045,1.0,7,207656,54341,153315,Hotel,141591.0,,,,,False,Mono-usage,18,0.2616875987209616,0.7383124012790384,0,1
2016,NonResidential,Hotel,7,DOWNTOWN,47.60997,-122.34138,1.0,7,71150,0,71150,Hotel,41340.0,Parking,13730.0,Retail Store,9604.0,False,Multi-usages,31,0.0,1.0,1,4
2016,NonResidential,Small- and Mid-Sized Office,3,EAST,47.61098,-122.32766,1.0,4,39760,0,39760,Office,39760.0,,,,,False,Mono-usage,91,0.0,1.0,0,1
2016,NonResidential,Other,1,DELRIDGE,47.53366,-122.33733,1.0,1,23260,0,23260,"Repair Services (Vehicle, Shoe, Locksmith, etc)",13075.0,Office,10185.0,,,False,Multi-usages,53,0.0,1.0,1,5
2016,NonResidential,Hotel,7,DOWNTOWN,47.60804,-122.33391,1.0,12,542305,0,542305,Hotel,542305.0,Swimming Pool,0.0,,,False,Multi-usages,93,0.0,1.0,1,2
2016,NonResidential,Worship Facility,4,NORTH,47.68566,-122.31849,1.0,3,45680,0,45680,Worship Facility,45680.0,,,,,False,Mono-usage,108,0.0,1.0,0,1
2016,NonResidential,Senior Care Community,5,NORTHWEST,47.72426,-122.35599,1.0,2,93397,0,93397,Senior Care Community,93397.0,,,,,False,Mono-usage,46,0.0,1.0,0,1
2016,NonResidential,Mixed Use Property,4,NORTHEAST,47.6586,-122.3124,1.0,6,122400,54300,68100,Office,41624.0,Parking,33399.0,Multifamily Housing,20740.0,False,Multi-usages,7,0.4436274509803921,0.5563725490196079,1,4
2016,NonResidential,Large Office,7,MAGNOLIA / QUEEN ANNE,47.62419,-122.34443,1.0,6,920598,303707,616891,Office,729584.0,Parking,185014.0,Other,6000.0,False,Multi-usages,6,0.3299018681335393,0.6700981318664607,1,3
2016,NonResidential,K-12 School,5,NORTHWEST,47.73143,-122.32784,1.0,3,23983,0,23983,K-12 School,23983.0,,,,,False,Mono-usage,86,0.0,1.0,0,1
2016,NonResidential,Small- and Mid-Sized Office,2,GREATER DUWAMISH,47.55045,-122.32749,1.0,1,25500,0,25500,Office,25500.0,,,,,False,Mono-usage,49,0.0,1.0,0,1
2016,NonResidential,Other,1,SOUTHWEST,47.56398,-122.38727,1.0,1,31332,0,31332,Other,31332.0,,,,,False,Mono-usage,96,0.0,1.0,0,1
2016,NonResidential,Small- and Mid-Sized Office,4,NORTHEAST,47.661,-122.31626,0.0,5,99005,0,99005,Office,79555.0,,,,,False,Mono-usage,55,0.0,1.0,0,1
2016,NonResidential,Hotel,7,DOWNTOWN,47.6124,-122.35075,1.0,4,122309,0,122309,Hotel,122309.0,,,,,False,Mono-usage,55,0.0,1.0,0,1
2016,Nonresidential COS,Warehouse,5,NORTHWEST,47.70117,-122.34284,1.0,1,25658,0,25658,Non-Refrigerated Warehouse,18854.0,Office,6804.0,,,False,Multi-usages,47,0.0,1.0,1,2
2016,Nonresidential COS,Other,7,DOWNTOWN,47.60804,-122.3367,1.0,6,284100,0,284100,Other - Entertainment/Public Assembly,189750.0,,,,,False,Mono-usage,18,0.0,1.0,0,1
2016,NonResidential,Small- and Mid-Sized Office,7,DOWNTOWN,47.59954,-122.33327,1.0,3,28760,0,28760,Office,12314.0,Retail Store,6020.0,Non-Refrigerated Warehouse,6000.0,False,Multi-usages,116,0.0,1.0,1,3
2016,NonResidential,Other,6,BALLARD,47.67767,-122.39631,1.0,3,56000,0,56000,Other,56000.0,,,,,False,Mono-usage,43,0.0,1.0,0,1
2016,NonResidential,Worship Facility,6,BALLARD,47.6764,-122.38502,1.0,3,35736,0,35736,Worship Facility,28970.0,Office,6766.0,,,False,Multi-usages,87,0.0,1.0,1,2
2016,NonResidential,Warehouse,2,GREATER DUWAMISH,47.57513,-122.33739,0.0,1,65288,0,65288,Non-Refrigerated Warehouse,60000.0,Other - Services,5000.0,Retail Store,5000.0,False,Multi-usages,99,0.0,1.0,1,4
2016,NonResidential,Retail Store,2,GREATER DUWAMISH,47.57667,-122.32542,1.0,2,24000,0,24000,Retail Store,22740.0,Office,4860.0,,,False,Multi-usages,65,0.0,1.0,1,2
2016,NonResidential,Large Office,6,LAKE UNION,47.64912,-122.34823,1.0,4,202623,88855,113768,Office,105206.0,Parking,31992.0,Fitness Center/Health Club/Gym,6374.0,False,Multi-usages,8,0.4385237608761098,0.5614762391238902,1,3
2016,NonResidential,Small- and Mid-Sized Office,7,DOWNTOWN,47.60542,-122.33588,1.0,6,91091,1392,89699,Office,89699.0,Parking,1392.0,,,False,Multi-usages,66,0.0152814218748284,0.9847185781251716,1,2
2016,NonResidential,Mixed Use Property,7,LAKE UNION,47.61915,-122.34857,1.0,6,213834,104922,108912,Parking,104922.0,Data Center,54385.0,Office,37721.0,False,Multi-usages,15,0.4906703330620949,0.5093296669379052,1,6
2016,NonResidential,Small- and Mid-Sized Office,6,LAKE UNION,47.64963,-122.35158,1.0,4,90000,36528,53472,Office,90000.0,,,,,False,Mono-usage,16,0.4058666666666666,0.5941333333333333,0,1
2016,NonResidential,Large Office,7,MAGNOLIA / QUEEN ANNE,47.65692,-122.37059,1.0,1,105100,0,105100,Office,105100.0,,,,,False,Mono-usage,38,0.0,1.0,0,1
2016,NonResidential,Retail Store,2,GREATER DUWAMISH,47.53846,-122.28305,1.0,2,38845,0,38845,Retail Store,38845.0,Parking,6000.0,,,False,Multi-usages,24,0.0,1.0,1,2
2016,NonResidential,Distribution Center,2,GREATER DUWAMISH,47.5701,-122.33342,1.0,1,161678,0,161678,Distribution Center,162425.0,,,,,False,Mono-usage,48,0.0,1.0,0,1
2016,NonResidential,Retail Store,5,NORTH,47.70619,-122.32586,1.0,4,124342,0,124342,Retail Store,122000.0,,,,,False,Mono-usage,51,0.0,1.0,0,1
2016,NonResidential,Other,3,EAST,47.6097,-122.325,0.0,3,20411,0,20411,Social/Meeting Hall,20411.0,,,,,False,Mono-usage,104,0.0,1.0,0,1
2016,NonResidential,Small- and Mid-Sized Office,4,LAKE UNION,47.6557,-122.34682,1.0,2,21436,0,21436,Office,21436.0,,,,,False,Mono-usage,58,0.0,1.0,0,1
2016,NonResidential,Small- and Mid-Sized Office,7,MAGNOLIA / QUEEN ANNE,47.66106,-122.38576,1.0,4,41784,8399,33385,Office,33385.0,Parking,8399.0,,,False,Multi-usages,8,0.2010099559640053,0.7989900440359946,1,2
2016,NonResidential,Other,4,NORTHEAST,47.66246,-122.29898,1.0,6,305025,239252,65773,Lifestyle Center,318986.0,Medical Office,19909.0,,,False,Multi-usages,3,0.7843684943857061,0.2156315056142939,1,2
2016,NonResidential,Small- and Mid-Sized Office,2,DOWNTOWN,47.59706,-122.32813,1.0,11,68452,0,68452,Office,61665.0,Bank Branch,6787.0,,,False,Multi-usages,16,0.0,1.0,1,2
2016,NonResidential,Warehouse,2,GREATER DUWAMISH,47.55901,-122.33328,1.0,1,234144,0,234144,Non-Refrigerated Warehouse,234144.0,,,,,False,Mono-usage,79,0.0,1.0,0,1
2016,NonResidential,Large Office,7,DOWNTOWN,47.60353,-122.33558,1.0,6,205521,0,205521,Office,114919.0,Retail Store,28643.0,,,False,Multi-usages,116,0.0,1.0,1,2
2016,NonResidential,Small- and Mid-Sized Office,3,SOUTHEAST,47.58408,-122.30125,1.0,3,99433,35752,63681,Office,63681.0,Parking,35752.0,,,False,Multi-usages,13,0.3595586978166202,0.6404413021833798,1,2
2016,NonResidential,Mixed Use Property,3,EAST,47.62164,-122.31238,1.0,2,21656,0,21656,Other - Entertainment/Public Assembly,5656.0,Other - Public Services,5561.0,Restaurant,5090.0,False,Multi-usages,69,0.0,1.0,1,5
2016,NonResidential,Other,7,MAGNOLIA / QUEEN ANNE,47.66126,-122.38751,1.0,1,23169,0,23169,Manufacturing/Industrial Plant,10200.0,,,,,False,Mono-usage,51,0.0,1.0,0,1
2016,Nonresidential COS,Other,6,NORTHWEST,47.6875,-122.35496,1.0,1,27376,14570,12806,Library,12806.0,Parking,0.0,,,False,Multi-usages,12,0.532218001168907,0.4677819988310929,1,2
2016,NonResidential,Other,5,NORTHWEST,47.72546,-122.34659,6.0,1,111900,0,111900,Strip Mall,124231.0,Parking,0.0,,,False,Multi-usages,52,0.0,1.0,1,2
2016,NonResidential,Small- and Mid-Sized Office,7,DOWNTOWN,47.60048,-122.33157,1.0,5,36879,0,36879,Office,44000.0,,,,,False,Mono-usage,111,0.0,1.0,0,1
2016,NonResidential,Senior Care Community,6,Northwest,47.66312,-122.35311,1.0,2,55974,0,55974,Senior Care Community,56000.0,,,,,False,Mono-usage,55,0.0,1.0,0,1
2016,NonResidential,Low-Rise Multifamily,3,EAST,47.61427,-122.31977,1.0,3,32100,0,32100,Multifamily Housing,21400.0,Bar/Nightclub,10700.0,,,False,Multi-usages,106,0.0,1.0,1,2
2016,NonResidential,Small- and Mid-Sized Office,7,MAGNOLIA / QUEEN ANNE,47.64976,-122.35684,1.0,3,26419,6922,19497,Office,26419.0,,,,,False,Mono-usage,27,0.2620084030432643,0.7379915969567357,0,1
2016,NonResidential,Warehouse,2,GREATER DUWAMISH,47.55049,-122.32382,1.0,1,27680,0,27680,Non-Refrigerated Warehouse,25000.0,Office,2680.0,,,False,Multi-usages,48,0.0,1.0,1,2
2016,NonResidential,Small- and Mid-Sized Office,2,DOWNTOWN,47.59855,-122.33327,1.0,7,99440,0,99440,Office,65088.0,Retail Store,23857.0,,,False,Multi-usages,110,0.0,1.0,1,2
2016,NonResidential,Large Office,7,DOWNTOWN,47.60909,-122.33202,1.0,21,456304,93204,363100,Office,342952.0,Parking,106466.0,,,False,Multi-usages,45,0.2042585644657947,0.7957414355342053,1,2
2016,NonResidential,Residence Hall,7,MAGNOLIA / QUEEN ANNE,47.63651,-122.34418,1.0,4,23513,2211,21302,Residence Hall/Dormitory,15200.0,Office,2600.0,Social/Meeting Hall,1800.0,False,Multi-usages,35,0.094033088078935,0.9059669119210648,1,5
2016,NonResidential,Large Office,7,LAKE UNION,47.61907,-122.33651,1.0,8,287819,0,287819,Office,155985.0,Data Center,88350.0,Other,15630.0,False,Multi-usages,87,0.0,1.0,1,4
2016,NonResidential,Supermarket / Grocery Store,5,NORTHWEST,47.7235,-122.34458,1.0,1,50083,0,50083,Supermarket/Grocery Store,50065.0,Parking,0.0,,,False,Multi-usages,19,0.0,1.0,1,2
2016,NonResidential,Other,2,GREATER DUWAMISH,47.59347,-122.33369,1.0,4,44775,0,44775,Other,44775.0,,,,,False,Mono-usage,107,0.0,1.0,0,1
2016,NonResidential,Other,2,GREATER DUWAMISH,47.59085,-122.33354,1.0,3,1172127,0,1172127,Other - Entertainment/Public Assembly,1172127.0,,,,,False,Mono-usage,17,0.0,1.0,0,1
2016,NonResidential,Small- and Mid-Sized Office,7,DOWNTOWN,47.59938,-122.33328,1.0,3,28142,0,28142,Office,28142.0,,,,,False,Mono-usage,116,0.0,1.0,0,1
2016,NonResidential,K-12 School,1,SOUTHWEST,47.56542,-122.38502,1.0,2,33462,0,33462,K-12 School,57896.0,,,,,False,Mono-usage,94,0.0,1.0,0,1
2016,NonResidential,Hotel,7,LAKE UNION,47.62036,-122.34588,1.0,5,109017,29409,79608,Hotel,109017.0,,,,,False,Mono-usage,37,0.2697652659676931,0.7302347340323069,0,1
2016,NonResidential,Retail Store,2,GREATER DUWAMISH,47.58801,-122.32944,1.0,1,43794,0,43794,Retail Store,34038.0,Office,9756.0,,,False,Multi-usages,41,0.0,1.0,1,2
2016,NonResidential,Distribution Center,2,GREATER DUWAMISH,47.58517,-122.32853,1.0,1,28144,0,28144,Distribution Center,22201.0,Office,6087.0,,,False,Multi-usages,50,0.0,1.0,1,2
2016,NonResidential,Hotel,4,NORTHEAST,47.65772,-122.31756,2.0,4,50017,0,50017,Hotel,50017.0,Swimming Pool,0.0,,,False,Multi-usages,54,0.0,1.0,1,2
2016,NonResidential,Small- and Mid-Sized Office,2,GREATER DUWAMISH,47.536,-122.31768,1.0,3,64015,0,64015,Office,30000.0,Non-Refrigerated Warehouse,15000.0,Other - Services,9015.0,False,Multi-usages,9,0.0,1.0,1,3
2016,NonResidential,Warehouse,4,NORTHEAST,47.66294,-122.29521,1.0,2,33576,0,33576,Non-Refrigerated Warehouse,33576.0,,,,,False,Mono-usage,36,0.0,1.0,0,1
2016,NonResidential,K-12 School,6,NORTHWEST,47.68891,-122.33553,1.0,3,175015,0,175015,K-12 School,175015.0,,,,,False,Mono-usage,62,0.0,1.0,0,1
2016,NonResidential,Medical Office,3,EAST,47.61065,-122.32125,1.0,2,30855,10285,20570,Medical Office,21571.0,,,,,False,Mono-usage,54,0.3333333333333333,0.6666666666666666,0,1
2016,NonResidential,Other,2,GREATER DUWAMISH,47.57619,-122.3339,1.0,1,26075,0,26075,Other,26075.0,,,,,False,Mono-usage,98,0.0,1.0,0,1
2016,NonResidential,Retail Store,7,MAGNOLIA / QUEEN ANNE,47.63284,-122.37712,1.0,1,50660,0,50660,Retail Store,50660.0,,,,,False,Mono-usage,38,0.0,1.0,0,1
2016,NonResidential,Large Office,2,GREATER DUWAMISH,47.57639,-122.32072,1.0,1,158931,28381,130550,Office,80157.0,Multifamily Housing,34302.0,Parking,26937.0,False,Multi-usages,9,0.178574349875103,0.821425650124897,1,4
2016,NonResidential,Other,5,NORTHWEST,47.72288,-122.34065,1.0,1,20236,0,20236,Other - Recreation,20236.0,,,,,False,Mono-usage,55,0.0,1.0,0,1
2016,NonResidential,Small- and Mid-Sized Office,4,LAKE UNION,47.64428,-122.32627,1.0,3,29392,3834,25558,Office,29392.0,Parking,3834.0,,,False,Multi-usages,55,0.1304436581382689,0.869556341861731,1,2
2016,NonResidential,Small- and Mid-Sized Office,6,BALLARD,47.66431,-122.37988,1.0,1,22282,0,22282,Office,22282.0,,,,,False,Mono-usage,50,0.0,1.0,0,1
2016,NonResidential,Warehouse,3,CENTRAL,47.60224,-122.31529,1.0,1,42000,0,42000,Non-Refrigerated Warehouse,38000.0,Office,4000.0,,,False,Multi-usages,62,0.0,1.0,1,2
2016,NonResidential,Small- and Mid-Sized Office,7,MAGNOLIA / QUEEN ANNE,47.65708,-122.38383,1.0,4,40571,10849,29722,Office,24008.0,,,,,False,Mono-usage,33,0.2674077543072638,0.7325922456927362,0,1
2016,NonResidential,Other,7,MAGNOLIA / QUEEN ANNE,47.62643,-122.33946,1.0,2,26300,0,26300,Other - Entertainment/Public Assembly,26300.0,,,,,False,Mono-usage,95,0.0,1.0,0,1
2016,NonResidential,Hotel,5,NORTHWEST,47.73141,-122.3458,1.0,4,51390,0,51390,Hotel,51390.0,Parking,0.0,,,False,Multi-usages,15,0.0,1.0,1,2
2016,NonResidential,Hotel,7,MAGNOLIA / QUEEN ANNE,47.62614,-122.3467,1.0,4,162222,14200,148022,Hotel,113702.0,Parking,32692.0,,,False,Multi-usages,20,0.0875343664854335,0.9124656335145664,1,2
2016,NonResidential,Mixed Use Property,3,EAST,47.61554,-122.31098,1.0,5,53034,14625,38409,Multifamily Housing,22486.0,Supermarket/Grocery Store,14257.0,Parking,13308.0,False,Multi-usages,18,0.2757664894218803,0.7242335105781197,1,3
2016,Nonresidential COS,Other,2,DOWNTOWN,47.60112,-122.32785,1.0,4,61156,0,61156,Other,42755.0,Office,29219.0,,,False,Multi-usages,10,0.0,1.0,1,2
2016,NonResidential,Large Office,7,DOWNTOWN,47.614,-122.35375,1.0,3,187130,0,187130,Office,171783.0,Non-Refrigerated Warehouse,9581.0,Other - Recreation,4413.0,False,Multi-usages,23,0.0,1.0,1,6
2016,NonResidential,Medical Office,5,NORTHWEST,47.70558,-122.33486,1.0,2,34759,0,34759,Medical Office,44667.0,Parking,0.0,,,False,Multi-usages,37,0.0,1.0,1,2
2016,NonResidential,Mixed Use Property,1,SOUTHWEST,47.5622,-122.38648,0.0,2,23315,0,23315,Office,7758.0,Retail Store,6919.0,Restaurant,1976.0,False,Multi-usages,90,0.0,1.0,1,3
2016,NonResidential,Small- and Mid-Sized Office,3,CENTRAL,47.61432,-122.31257,1.0,6,52000,0,52000,Office,48159.0,,,,,False,Mono-usage,3,0.0,1.0,0,1
2016,NonResidential,Warehouse,2,GREATER DUWAMISH,47.57832,-122.32649,1.0,1,43390,0,43390,Non-Refrigerated Warehouse,36430.0,Office,6960.0,,,False,Multi-usages,46,0.0,1.0,1,2
2016,NonResidential,Small- and Mid-Sized Office,2,GREATER DUWAMISH,47.59554,-122.32471,1.0,4,72000,0,72000,Office,72000.0,,,,,False,Mono-usage,91,0.0,1.0,0,1
2016,NonResidential,Other,5,NORTHWEST,47.72471,-122.3412,1.0,2,92080,0,92080,Other,92129.0,,,,,False,Mono-usage,52,0.0,1.0,0,1
2016,NonResidential,Worship Facility,6,Northwest,47.67491,-122.33316,1.0,2,21393,0,21393,Worship Facility,21393.0,,,,,False,Mono-usage,68,0.0,1.0,0,1
2016,NonResidential,Warehouse,2,GREATER DUWAMISH,47.58387,-122.32092,1.0,1,20796,0,20796,Non-Refrigerated Warehouse,20796.0,,,,,False,Mono-usage,67,0.0,1.0,0,1
2016,NonResidential,Supermarket / Grocery Store,1,SOUTHWEST,47.57984,-122.38577,1.0,1,67263,0,67263,Supermarket/Grocery Store,67263.0,,,,,False,Mono-usage,5,0.0,1.0,0,1
2016,NonResidential,Small- and Mid-Sized Office,7,LAKE UNION,47.63614,-122.33982,1.0,3,23355,0,23355,Office,21915.0,,,,,False,Mono-usage,67,0.0,1.0,0,1
2016,NonResidential,Warehouse,2,GREATER DUWAMISH,47.58069,-122.3325,3.0,1,51664,0,51664,Non-Refrigerated Warehouse,51664.0,,,,,False,Mono-usage,28,0.0,1.0,0,1
2016,NonResidential,Small- and Mid-Sized Office,2,GREATER DUWAMISH,47.59486,-122.33368,1.0,4,58970,0,58970,Office,39870.0,Non-Refrigerated Warehouse,11600.0,Multifamily Housing,7000.0,False,Multi-usages,112,0.0,1.0,1,4
2016,NonResidential,Small- and Mid-Sized Office,2,DOWNTOWN,47.59819,-122.32599,0.0,3,21600,0,21600,Office,11600.0,Restaurant,10000.0,,,False,Multi-usages,23,0.0,1.0,1,2
2016,NonResidential,Small- and Mid-Sized Office,3,EAST,47.60663,-122.32526,1.0,7,54372,20824,33548,Office,54372.0,Parking,15000.0,,,False,Multi-usages,46,0.3829912454940042,0.6170087545059957,1,2
2016,NonResidential,Restaurant,7,LAKE UNION,47.63734,-122.33988,0.0,2,34072,0,34072,Restaurant,34072.0,,,,,False,Mono-usage,54,0.0,1.0,0,1
2016,NonResidential,Retail Store,1,DELRIDGE,47.52254,-122.36627,1.0,1,67745,0,67745,Retail Store,67782.0,,,,,False,Mono-usage,51,0.0,1.0,0,1
2016,NonResidential,Small- and Mid-Sized Office,7,DOWNTOWN,47.60237,-122.33365,1.0,3,23563,0,23563,Office,20183.0,Restaurant,3380.0,,,False,Multi-usages,114,0.0,1.0,1,2
2016,NonResidential,Residence Hall,4,NORTHEAST,47.66281,-122.30819,1.0,3,29084,0,29084,Residence Hall/Dormitory,26000.0,,,,,False,Mono-usage,66,0.0,1.0,0,1
2016,NonResidential,Refrigerated Warehouse,2,GREATER DUWAMISH,47.58528,-122.30595,1.0,1,25480,0,25480,Refrigerated Warehouse,25480.0,,,,,False,Mono-usage,63,0.0,1.0,0,1
2016,NonResidential,Mixed Use Property,2,DOWNTOWN,47.59949,-122.31851,1.0,2,29631,0,29631,Supermarket/Grocery Store,16000.0,Office,13000.0,Restaurant,5000.0,False,Multi-usages,56,0.0,1.0,1,3
2016,NonResidential,Large Office,7,LAKE UNION,47.62004,-122.33807,1.0,6,130710,100800,29910,Office,120548.0,Parking,88960.0,Bank Branch,5436.0,False,Multi-usages,3,0.7711728253385357,0.2288271746614643,1,4
2016,NonResidential,Small- and Mid-Sized Office,6,NORTHWEST,47.67819,-122.3231,1.0,4,56896,0,56896,Office,40768.0,Parking,16128.0,,,False,Multi-usages,51,0.0,1.0,1,2
2016,Nonresidential COS,Other,7,MAGNOLIA / QUEEN ANNE,47.62208,-122.35398,1.0,5,396085,0,396085,Other,278500.0,,,,,False,Mono-usage,78,0.0,1.0,0,1
2016,NonResidential,Large Office,7,LAKE UNION,47.62131,-122.33814,1.0,6,303103,109905,193198,Office,178628.0,Parking,99368.0,Bank Branch,6015.0,False,Multi-usages,10,0.3625995123769807,0.6374004876230193,1,3
2016,NonResidential,Other,5,NORTHWEST,47.72644,-122.34338,1.0,2,45000,0,45000,Other - Recreation,45000.0,,,,,False,Mono-usage,9,0.0,1.0,0,1
2016,NonResidential,Small- and Mid-Sized Office,3,CENTRAL,47.59693,-122.31124,1.0,2,28296,0,28296,Office,26899.0,,,,,False,Mono-usage,53,0.0,1.0,0,1
2016,NonResidential,Large Office,7,DOWNTOWN,47.6117,-122.34778,1.0,11,374405,184776,189629,Office,150969.0,Laboratory,41829.0,,,False,Multi-usages,18,0.4935190502263591,0.5064809497736409,1,2
2016,NonResidential,Large Office,7,DOWNTOWN,47.60991,-122.33687,1.0,10,130513,0,130513,Office,87391.0,Retail Store,32264.0,Restaurant,10858.0,False,Multi-usages,106,0.0,1.0,1,3
2016,NonResidential,Large Office,7,DOWNTOWN,47.61619,-122.34599,1.0,12,234000,21790,212210,Office,173786.0,Laboratory,29865.0,Parking,25373.0,False,Multi-usages,38,0.0931196581196581,0.9068803418803418,1,4
2016,NonResidential,Warehouse,2,GREATER DUWAMISH,47.54425,-122.31776,1.0,1,52085,4222,47863,Non-Refrigerated Warehouse,52085.0,,,,,False,Mono-usage,61,0.0810598060862052,0.9189401939137948,0,1
2016,NonResidential,Small- and Mid-Sized Office,2,GREATER DUWAMISH,47.55623,-122.33316,1.0,1,50008,0,50008,Office,50008.0,,,,,False,Mono-usage,78,0.0,1.0,0,1
2016,NonResidential,Senior Care Community,7,EAST,47.61318,-122.32747,1.0,6,95117,26082,69035,Senior Care Community,69035.0,Parking,26082.0,,,False,Multi-usages,47,0.2742096575796124,0.7257903424203875,1,2
2016,NonResidential,Hotel,2,GREATER DUWAMISH,47.59269,-122.33372,1.0,9,168449,14567,153882,Hotel,135006.0,Parking,20600.0,Food Service,9216.0,False,Multi-usages,11,0.0864772126875196,0.9135227873124804,1,3
2016,NonResidential,Hotel,2,DOWNTOWN,47.59766,-122.32394,1.0,3,28800,0,28800,Hotel,21600.0,Restaurant,7200.0,,,False,Multi-usages,108,0.0,1.0,1,2
2016,NonResidential,Large Office,7,MAGNOLIA / QUEEN ANNE,47.62177,-122.36158,1.0,5,275734,38452,237282,Office,228504.0,Parking,47404.0,,,False,Multi-usages,35,0.1394532411672119,0.8605467588327881,1,2
2016,NonResidential,Small- and Mid-Sized Office,3,DOWNTOWN,47.59666,-122.31253,1.0,3,62662,14989,47673,Office,47000.0,,,,,False,Mono-usage,3,0.2392039832753502,0.7607960167246497,0,1
2016,NonResidential,Small- and Mid-Sized Office,4,LAKE UNION,47.64747,-122.34086,1.0,4,48350,0,48350,,,,,,,False,Mono-usage,8,0.0,1.0,0,1
2016,NonResidential,Mixed Use Property,6,BALLARD,47.66852,-122.38175,1.0,3,27085,0,27085,Strip Mall,9500.0,Office,8196.0,Multifamily Housing,6700.0,False,Multi-usages,107,0.0,1.0,1,4
2016,NonResidential,Hotel,7,DOWNTOWN,47.60695,-122.33414,1.0,11,153163,19279,133884,Hotel,133884.0,,,,,False,Mono-usage,47,0.1258724365545203,0.8741275634454797,0,1
2016,NonResidential,Small- and Mid-Sized Office,7,MAGNOLIA / QUEEN ANNE,47.63156,-122.37551,1.0,2,61929,0,61929,Office,39879.0,,,,,False,Mono-usage,79,0.0,1.0,0,1
2016,NonResidential,K-12 School,7,MAGNOLIA / QUEEN ANNE,47.64725,-122.39977,1.0,1,20811,0,20811,K-12 School,20811.0,,,,,False,Mono-usage,63,0.0,1.0,0,1
2016,NonResidential,Worship Facility,7,MAGNOLIA / QUEEN ANNE,47.63927,-122.4032,1.0,2,22612,0,22612,Worship Facility,22612.0,,,,,False,Mono-usage,69,0.0,1.0,0,1
2016,NonResidential,Distribution Center,2,GREATER DUWAMISH,47.53764,-122.3232,1.0,1,119661,0,119661,Distribution Center,118733.0,,,,,False,Mono-usage,56,0.0,1.0,0,1
2016,NonResidential,Other,6,NORTHWEST,47.67713,-122.35398,1.0,2,28072,0,28072,Social/Meeting Hall,23835.0,,,,,False,Mono-usage,99,0.0,1.0,0,1
2016,NonResidential,Small- and Mid-Sized Office,2,DOWNTOWN,47.59856,-122.33379,1.0,6,73260,0,73260,Office,63871.0,,,,,False,Mono-usage,109,0.0,1.0,0,1
2016,NonResidential,Warehouse,7,MAGNOLIA / QUEEN ANNE,47.65674,-122.37223,1.0,1,38255,0,38255,Non-Refrigerated Warehouse,38255.0,,,,,False,Mono-usage,59,0.0,1.0,0,1
2016,NonResidential,Small- and Mid-Sized Office,7,DOWNTOWN,47.60106,-122.33458,1.0,5,38376,0,38376,Office,29258.0,Retail Store,2409.0,,,False,Multi-usages,116,0.0,1.0,1,2
2016,NonResidential,Other,7,MAGNOLIA / QUEEN ANNE,47.62147,-122.34817,1.0,5,141718,0,141718,Other - Entertainment/Public Assembly,134197.0,Restaurant,5803.0,,,False,Multi-usages,17,0.0,1.0,1,2
2016,NonResidential,Worship Facility,4,NORTHEAST,47.67842,-122.31949,1.0,3,46485,0,46485,Worship Facility,63922.0,,,,,False,Mono-usage,66,0.0,1.0,0,1
2016,NonResidential,Small- and Mid-Sized Office,7,DOWNTOWN,47.60546,-122.34091,1.0,2,32027,0,32027,Office,17526.0,Retail Store,14501.0,,,False,Multi-usages,116,0.0,1.0,1,2
2016,NonResidential,Large Office,7,DOWNTOWN,47.60604,-122.33948,1.0,6,108245,14690,93555,Office,64055.0,Adult Education,14621.0,Parking,12359.0,False,Multi-usages,98,0.1357106563813571,0.8642893436186428,1,6
2016,NonResidential,K-12 School,4,NORTHEAST,47.67485,-122.29284,1.0,1,23190,0,23190,K-12 School,23190.0,,,,,False,Mono-usage,30,0.0,1.0,0,1
2016,NonResidential,Refrigerated Warehouse,2,GREATER DUWAMISH,47.56268,-122.32364,1.0,1,22890,0,22890,Refrigerated Warehouse,43452.0,Office,2890.0,,,False,Multi-usages,46,0.0,1.0,1,2
2016,NonResidential,Small- and Mid-Sized Office,7,DOWNTOWN,47.61703,-122.35012,1.0,4,77662,18504,59158,Office,62108.0,Parking,17570.0,,,False,Multi-usages,35,0.2382632432850042,0.7617367567149957,1,2
2016,NonResidential,Retail Store,7,DOWNTOWN,47.60956,-122.33715,1.0,3,83118,0,83118,Retail Store,45000.0,,,,,False,Mono-usage,76,0.0,1.0,0,1
2016,NonResidential,Distribution Center,2,GREATER DUWAMISH,47.57227,-122.33843,1.0,1,16300,0,16300,Distribution Center,65164.0,,,,,False,Mono-usage,64,0.0,1.0,0,1
2016,NonResidential,Small- and Mid-Sized Office,6,LAKE UNION,47.65178,-122.351,1.0,4,39926,12400,27526,Office,24335.0,Parking,12400.0,Retail Store,2575.0,False,Multi-usages,10,0.3105745629414416,0.6894254370585583,1,4
2016,NonResidential,Worship Facility,4,NORTHEAST,47.67816,-122.28998,1.0,1,29079,0,29079,Worship Facility,29079.0,,,,,False,Mono-usage,61,0.0,1.0,0,1
2016,NonResidential,Warehouse,2,GREATER DUWAMISH,47.56067,-122.32646,1.0,1,21101,0,21101,Non-Refrigerated Warehouse,18373.0,Office,2728.0,,,False,Multi-usages,27,0.0,1.0,1,2
2016,NonResidential,Small- and Mid-Sized Office,2,GREATER DUWAMISH,47.55196,-122.32518,1.0,2,28304,0,28304,Office,27185.0,,,,,False,Mono-usage,46,0.0,1.0,0,1
2016,NonResidential,Small- and Mid-Sized Office,2,DOWNTOWN,47.5992,-122.33223,1.0,6,95760,15840,79920,Office,95760.0,,,,,False,Mono-usage,116,0.1654135338345864,0.8345864661654135,0,1
2016,Nonresidential COS,Large Office,7,DOWNTOWN,47.60377,-122.32971,1.0,8,199530,30660,168870,Office,160418.0,Parking,18590.0,Other,17480.0,False,Multi-usages,13,0.1536611035934446,0.8463388964065554,1,4
2016,NonResidential,Senior Care Community,3,Central,47.61885,-122.30341,1.0,6,79805,0,79805,Senior Care Community,79805.0,Parking,7000.0,,,False,Multi-usages,3,0.0,1.0,1,2
2016,NonResidential,Warehouse,2,GREATER DUWAMISH,47.5741,-122.32541,1.0,2,32400,0,32400,Non-Refrigerated Warehouse,32700.0,,,,,False,Mono-usage,61,0.0,1.0,0,1
2016,NonResidential,Warehouse,5,NORTH,47.72051,-122.30103,1.0,1,21936,0,21936,Non-Refrigerated Warehouse,21936.0,,,,,False,Mono-usage,39,0.0,1.0,0,1
2016,NonResidential,Warehouse,2,GREATER DUWAMISH,47.56845,-122.32732,1.0,1,100386,0,100386,Non-Refrigerated Warehouse,50628.0,Other - Services,49758.0,,,False,Multi-usages,53,0.0,1.0,1,2
2016,NonResidential,Warehouse,7,MAGNOLIA / QUEEN ANNE,47.66238,-122.38831,1.0,1,25600,0,25600,Non-Refrigerated Warehouse,20600.0,Office,5000.0,,,False,Multi-usages,42,0.0,1.0,1,2
2016,NonResidential,Small- and Mid-Sized Office,2,GREATER DUWAMISH,47.56121,-122.33872,1.0,2,24221,0,24221,Office,24221.0,,,,,False,Mono-usage,33,0.0,1.0,0,1
2016,Nonresidential COS,Mixed Use Property,3,CENTRAL,47.60775,-122.30225,1.0,1,20050,0,20050,Other - Recreation,8108.0,Fitness Center/Health Club/Gym,7726.0,Office,3779.0,False,Multi-usages,22,0.0,1.0,1,4
2016,NonResidential,Other,7,DOWNTOWN,47.61327,-122.33136,1.0,8,102761,0,102761,Other - Entertainment/Public Assembly,102761.0,,,,,False,Mono-usage,90,0.0,1.0,0,1
2016,NonResidential,Mixed Use Property,6,BALLARD,47.66389,-122.37307,1.0,2,31140,0,31140,Other,14840.0,Retail Store,9400.0,Non-Refrigerated Warehouse,6900.0,False,Multi-usages,106,0.0,1.0,1,3
2016,NonResidential,Small- and Mid-Sized Office,7,DOWNTOWN,47.60542,-122.3364,1.0,5,39960,0,39960,Office,37120.0,Other,2840.0,,,False,Multi-usages,116,0.0,1.0,1,2
2016,NonResidential,Supermarket / Grocery Store,3,CENTRAL,47.59881,-122.30189,1.0,1,30630,0,30630,Supermarket/Grocery Store,28470.0,Other,2442.0,,,False,Multi-usages,36,0.0,1.0,1,2
2016,NonResidential,Distribution Center,1,DELRIDGE,47.53926,-122.34143,1.0,1,51600,0,51600,Distribution Center,34400.0,Office,17200.0,,,False,Multi-usages,40,0.0,1.0,1,2
2016,NonResidential,Residence Hall,7,DOWNTOWN,47.61283,-122.34392,1.0,4,29796,0,29796,Residence Hall/Dormitory,29796.0,,,,,False,Mono-usage,107,0.0,1.0,0,1
2016,NonResidential,Small- and Mid-Sized Office,2,GREATER DUWAMISH,47.55127,-122.32576,1.0,2,25872,0,25872,Office,24988.0,,,,,False,Mono-usage,47,0.0,1.0,0,1
2016,NonResidential,Warehouse,2,GREATER DUWAMISH,47.54912,-122.32819,1.0,1,55700,0,55700,Non-Refrigerated Warehouse,55700.0,,,,,False,Mono-usage,50,0.0,1.0,0,1
2016,NonResidential,Refrigerated Warehouse,2,GREATER DUWAMISH,47.5668,-122.32149,1.0,1,25520,0,25520,Refrigerated Warehouse,25200.0,,,,,False,Mono-usage,59,0.0,1.0,0,1
2016,NonResidential,Retail Store,6,BALLARD,47.69274,-122.37602,1.0,1,25384,0,25384,Retail Store,23468.0,,,,,False,Mono-usage,23,0.0,1.0,0,1
2016,NonResidential,Small- and Mid-Sized Office,2,GREATER DUWAMISH,47.58686,-122.33469,1.0,1,22580,0,22580,Office,22580.0,,,,,False,Mono-usage,89,0.0,1.0,0,1
2016,NonResidential,Large Office,7,MAGNOLIA / QUEEN ANNE,47.62929,-122.34194,2.0,5,213283,115228,98055,Office,105563.0,Parking,0.0,,,False,Multi-usages,20,0.5402587172911109,0.4597412827088891,1,2
2016,NonResidential,Self-Storage Facility,7,MAGNOLIA / QUEEN ANNE,47.64455,-122.37581,1.0,3,30989,0,30989,Self-Storage Facility,30989.0,,,,,False,Mono-usage,36,0.0,1.0,0,1
2016,NonResidential,Worship Facility,5,NORTHWEST,47.70901,-122.35498,1.0,2,21936,0,21936,Worship Facility,21936.0,,,,,False,Mono-usage,65,0.0,1.0,0,1
2016,NonResidential,Small- and Mid-Sized Office,2,GREATER DUWAMISH,47.5563,-122.33186,1.0,1,53620,0,53620,Office,53620.0,,,,,False,Mono-usage,68,0.0,1.0,0,1
2016,NonResidential,Warehouse,1,GREATER DUWAMISH,47.5316,-122.333,1.0,1,36000,0,36000,Non-Refrigerated Warehouse,36000.0,,,,,False,Mono-usage,43,0.0,1.0,0,1
2016,NonResidential,University,4,NORTHEAST,47.65395,-122.30584,1.0,4,58779,0,58779,College/University,58779.0,,,,,False,Mono-usage,47,0.0,1.0,0,1
2016,NonResidential,Warehouse,2,GREATER DUWAMISH,47.59486,-122.32455,1.0,4,203504,0,203504,Non-Refrigerated Warehouse,159372.0,Other - Services,44132.0,,,False,Multi-usages,8,0.0,1.0,1,2
2016,NonResidential,Large Office,2,GREATER DUWAMISH,47.55238,-122.32762,1.0,2,156188,0,156188,Office,141917.0,Parking,0.0,,,False,Multi-usages,43,0.0,1.0,1,2
2016,NonResidential,Small- and Mid-Sized Office,2,DOWNTOWN,47.59639,-122.33368,1.0,7,36000,0,36000,Office,31500.0,,,,,False,Mono-usage,107,0.0,1.0,0,1
2016,NonResidential,Other,7,DOWNTOWN,47.61185,-122.33421,0.0,4,267335,166960,100375,Parking,166960.0,Movie Theater,69947.0,Other - Restaurant/Bar,27400.0,False,Multi-usages,20,0.6245347597583556,0.3754652402416444,1,3
2016,NonResidential,Small- and Mid-Sized Office,7,MAGNOLIA / QUEEN ANNE,47.62495,-122.36036,1.0,5,54015,0,54015,Office,54015.0,,,,,False,Mono-usage,34,0.0,1.0,0,1
2016,NonResidential,Supermarket / Grocery Store,7,MAGNOLIA / QUEEN ANNE,47.6239,-122.35756,1.0,4,33997,0,33997,Supermarket/Grocery Store,33997.0,Parking,30000.0,,,False,Multi-usages,13,0.0,1.0,1,2
2016,NonResidential,Large Office,7,DOWNTOWN,47.61567,-122.33503,1.0,14,362046,0,362046,Office,232443.0,Parking,97874.0,Other,3534.0,False,Multi-usages,8,0.0,1.0,1,3
2016,NonResidential,Retail Store,1,DELRIDGE,47.52222,-122.36892,1.0,1,102500,0,102500,Retail Store,99471.0,Parking,0.0,,,False,Multi-usages,24,0.0,1.0,1,2
2016,NonResidential,Small- and Mid-Sized Office,7,DOWNTOWN,47.60149,-122.33458,1.0,4,42804,0,42804,Office,24120.0,Retail Store,6583.0,,,False,Multi-usages,116,0.0,1.0,1,2
2016,NonResidential,Large Office,7,DOWNTOWN,47.60923,-122.33625,1.0,15,151039,0,151039,Office,125473.0,,,,,False,Mono-usage,87,0.0,1.0,0,1
2016,NonResidential,Worship Facility,2,SOUTHEAST,47.5419,-122.28302,1.0,3,22895,0,22895,Worship Facility,22895.0,Parking,0.0,,,False,Multi-usages,35,0.0,1.0,1,2
2016,NonResidential,Small- and Mid-Sized Office,7,DOWNTOWN,47.60995,-122.33904,1.0,4,63540,0,63540,Office,56747.0,,,,,False,Mono-usage,110,0.0,1.0,0,1
2016,NonResidential,Other,7,DOWNTOWN,47.60135,-122.33327,1.0,1,21420,0,21420,Museum,10420.0,Bar/Nightclub,5000.0,Supermarket/Grocery Store,2000.0,False,Multi-usages,116,0.0,1.0,1,5
2016,NonResidential,Mixed Use Property,2,DOWNTOWN,47.599,-122.32717,1.0,3,22480,0,22480,Office,10800.0,Other,10800.0,Retail Store,7200.0,False,Multi-usages,116,0.0,1.0,1,3
2016,NonResidential,Large Office,7,DOWNTOWN,47.61429,-122.35263,1.0,6,350310,0,350310,Office,305233.0,College/University,26900.0,Restaurant,7666.0,False,Multi-usages,100,0.0,1.0,1,3
2016,NonResidential,Small- and Mid-Sized Office,5,NORTH,47.70079,-122.32714,1.0,3,39927,0,39927,Office,39541.0,Parking,0.0,,,False,Multi-usages,42,0.0,1.0,1,2
2016,NonResidential,Hotel,7,DOWNTOWN,47.6048,-122.3368,1.0,5,190980,0,190980,Hotel,190980.0,Parking,19051.0,,,False,Multi-usages,112,0.0,1.0,1,2
2016,NonResidential,Large Office,7,DOWNTOWN,47.61316,-122.3343,1.0,33,791396,0,791396,Office,622034.0,Parking,132465.0,Other,33110.0,False,Multi-usages,40,0.0,1.0,1,5
2016,NonResidential,Small- and Mid-Sized Office,7,LAKE UNION,47.62353,-122.33622,1.0,3,26176,0,26176,Office,23730.0,,,,,False,Mono-usage,90,0.0,1.0,0,1
2016,NonResidential,Small- and Mid-Sized Office,4,LAKE UNION,47.6404,-122.32553,1.0,4,57432,21906,35526,Office,34160.0,Parking,19650.0,,,False,Multi-usages,30,0.3814249895528625,0.6185750104471375,1,2
2016,Nonresidential COS,Other,5,NORTH,47.70541,-122.32232,2.0,1,30498,0,30498,Other - Recreation,30498.0,,,,,False,Mono-usage,11,0.0,1.0,0,1
2016,NonResidential,Other,7,DOWNTOWN,47.60547,-122.33118,1.0,5,41536,0,41536,Performing Arts,41536.0,,,,,False,Mono-usage,108,0.0,1.0,0,1
2016,NonResidential,K-12 School,1,DELRIDGE,47.53887,-122.37564,1.0,3,29874,0,29874,K-12 School,31375.0,,,,,False,Mono-usage,54,0.0,1.0,0,1
2016,NonResidential,Warehouse,6,Ballard,47.6582,-122.36434,1.0,4,87332,6458,80874,Non-Refrigerated Warehouse,87332.0,,,,,False,Mono-usage,12,0.0739476938579214,0.9260523061420785,0,1
2016,Nonresidential COS,Mixed Use Property,2,SOUTHEAST,47.56214,-122.28143,1.0,1,28425,0,28425,Fitness Center/Health Club/Gym,14081.0,Other - Recreation,12824.0,Office,1479.0,False,Multi-usages,21,0.0,1.0,1,3
2016,NonResidential,Residence Hall,7,DOWNTOWN,47.6079,-122.33266,1.0,9,107572,0,107572,Residence Hall/Dormitory,63934.0,Office,27143.0,Retail Store,10568.0,False,Multi-usages,103,0.0,1.0,1,3
2016,NonResidential,K-12 School,3,CENTRAL,47.60885,-122.2999,1.0,2,24152,0,24152,K-12 School,24152.0,,,,,False,Mono-usage,87,0.0,1.0,0,1
2016,NonResidential,Small- and Mid-Sized Office,7,MAGNOLIA / QUEEN ANNE,47.65801,-122.3839,1.0,4,30172,0,30172,Office,30172.0,,,,,False,Mono-usage,22,0.0,1.0,0,1
2016,NonResidential,K-12 School,4,LAKE UNION,47.66389,-122.33692,1.0,2,33300,0,33300,K-12 School,30740.0,,,,,False,Mono-usage,106,0.0,1.0,0,1
2016,NonResidential,Small- and Mid-Sized Office,7,LAKE UNION,47.62055,-122.33881,1.0,4,38038,0,38038,Office,38038.0,Parking,19600.0,,,False,Multi-usages,17,0.0,1.0,1,2
2016,NonResidential,Small- and Mid-Sized Office,2,DOWNTOWN,47.59639,-122.33368,1.0,6,75288,10800,64488,Office,65508.0,Parking,10918.0,,,False,Multi-usages,107,0.1434491552438635,0.8565508447561364,1,2
2016,NonResidential,Large Office,7,LAKE UNION,47.6244,-122.33157,1.0,4,175885,71385,104500,Office,103970.0,Parking,71390.0,,,False,Multi-usages,16,0.4058617846888592,0.5941382153111407,1,2
2016,NonResidential,Large Office,7,DOWNTOWN,47.60582,-122.33464,1.0,13,293803,74481,219322,Office,145491.0,Parking,70603.0,,,False,Multi-usages,18,0.2535066013621372,0.7464933986378628,1,2
2016,NonResidential,Hotel,7,DOWNTOWN,47.60154,-122.3352,1.0,4,45500,0,45500,Hotel,45500.0,,,,,False,Mono-usage,102,0.0,1.0,0,1
2016,NonResidential,Large Office,7,DOWNTOWN,47.60765,-122.3348,1.0,29,489182,0,489182,Office,371450.0,Parking,65451.0,Other - Technology/Science,9295.0,False,Multi-usages,46,0.0,1.0,1,4
2016,Nonresidential COS,Other,6,BALLARD,47.67295,-122.39228,1.0,1,16795,0,16795,Other - Recreation,8680.0,Fitness Center/Health Club/Gym,7014.0,Pre-school/Daycare,535.0,False,Multi-usages,105,0.0,1.0,1,5
2016,NonResidential,Warehouse,2,GREATER DUWAMISH,47.56407,-122.32765,1.0,2,323916,0,323916,Non-Refrigerated Warehouse,263528.0,Office,60388.0,,,False,Multi-usages,25,0.0,1.0,1,2
2016,NonResidential,Large Office,2,DOWNTOWN,47.59878,-122.33458,5.0,7,154159,0,154159,Office,193154.0,,,,,False,Mono-usage,103,0.0,1.0,0,1
2016,NonResidential,Hotel,7,DOWNTOWN,47.6122,-122.33799,1.0,12,88434,0,88434,Hotel,88434.0,,,,,False,Mono-usage,89,0.0,1.0,0,1
2016,NonResidential,Large Office,2,GREATER DUWAMISH,47.58995,-122.33472,1.0,6,157345,0,157345,Office,157345.0,,,,,False,Mono-usage,4,0.0,1.0,0,1
2016,NonResidential,Other,5,NORTHWEST,47.70887,-122.33494,1.0,3,161789,91935,69854,Parking,91935.0,Medical Office,69854.0,,,False,Multi-usages,11,0.5682401152117882,0.4317598847882118,1,2
2016,NonResidential,Other,3,EAST,47.61074,-122.32259,1.0,1,20971,0,20971,Parking,23483.0,Retail Store,10360.0,Medical Office,8509.0,False,Multi-usages,35,0.0,1.0,1,4
2016,NonResidential,Mixed Use Property,7,MAGNOLIA / QUEEN ANNE,47.6223,-122.35653,1.0,4,25132,7308,17824,Office,8061.0,Parking,8000.0,Restaurant,2095.0,False,Multi-usages,52,0.290784657010982,0.709215342989018,1,3
2016,NonResidential,Mixed Use Property,3,EAST,47.62256,-122.32092,1.0,2,140823,59401,81422,Parking,89820.0,Supermarket/Grocery Store,64000.0,Multifamily Housing,41014.0,False,Multi-usages,100,0.4218131981281466,0.5781868018718533,1,7
2016,NonResidential,Mixed Use Property,2,GREATER DUWAMISH,47.59439,-122.32839,3.0,2,108753,18860,89893,Non-Refrigerated Warehouse,58605.0,Multifamily Housing,24338.0,Retail Store,18864.0,False,Multi-usages,86,0.1734205033424365,0.8265794966575635,1,6
2016,NonResidential,Small- and Mid-Sized Office,7,DOWNTOWN,47.6011,-122.33197,1.0,1,20880,0,20880,Office,20880.0,,,,,False,Mono-usage,116,0.0,1.0,0,1
2016,NonResidential,Retail Store,7,LAKE UNION,47.62237,-122.33805,1.0,2,58320,0,58320,Retail Store,72072.0,,,,,False,Mono-usage,87,0.0,1.0,0,1
2016,NonResidential,Retail Store,4,NORTHEAST,47.66246,-122.29898,1.0,1,63153,0,63153,Retail Store,59396.0,Non-Refrigerated Warehouse,2757.0,Other,1000.0,False,Multi-usages,19,0.0,1.0,1,3
2016,NonResidential,Small- and Mid-Sized Office,2,DOWNTOWN,47.60105,-122.32542,1.0,3,31432,0,31432,Office,23059.0,Other,7125.0,Multifamily Housing,1248.0,False,Multi-usages,107,0.0,1.0,1,3
2016,NonResidential,Warehouse,2,GREATER DUWAMISH,47.5668,-122.32499,1.0,1,23296,0,23296,Non-Refrigerated Warehouse,19471.0,Office,3825.0,,,False,Multi-usages,49,0.0,1.0,1,2
2016,NonResidential,Retail Store,1,DELRIDGE,47.52254,-122.36627,1.0,1,40265,0,40265,Retail Store,40793.0,,,,,False,Mono-usage,26,0.0,1.0,0,1
2016,NonResidential,Large Office,7,DOWNTOWN,47.60549,-122.33319,1.0,37,1052469,164420,888049,Office,765351.0,Parking,185581.0,Financial Office,103478.0,False,Multi-usages,14,0.1562231286622218,0.8437768713377781,1,11
2016,NonResidential,Large Office,7,MAGNOLIA / QUEEN ANNE,47.62302,-122.36476,1.0,4,165111,55000,110111,Office,104667.0,Parking,55000.0,Data Center,5444.0,False,Multi-usages,16,0.33310924166167,0.66689075833833,1,3
2016,NonResidential,Hospital,3,EAST,47.60399,-122.32377,9.0,8,1158691,0,1158691,Hospital (General Medical & Surgical),1350182.0,Parking,387651.0,,,False,Multi-usages,16,0.0,1.0,1,2
2016,NonResidential,Small- and Mid-Sized Office,7,DOWNTOWN,47.61048,-122.33794,1.0,8,59400,0,59400,Office,34947.0,Retail Store,4993.0,,,False,Multi-usages,106,0.0,1.0,1,2
2016,NonResidential,Distribution Center,1,GREATER DUWAMISH,47.52549,-122.33064,1.0,1,54880,0,54880,Distribution Center,55000.0,,,,,False,Mono-usage,37,0.0,1.0,0,1
2016,NonResidential,Other,3,EAST,47.64033,-122.29135,1.0,3,31191,0,31191,Other - Recreation,30095.0,Self-Storage Facility,1096.0,,,False,Multi-usages,89,0.0,1.0,1,2
2016,NonResidential,Worship Facility,7,MAGNOLIA / QUEEN ANNE,47.63159,-122.35839,1.0,2,24227,0,24227,Worship Facility,26210.0,,,,,False,Mono-usage,53,0.0,1.0,0,1
2016,NonResidential,University,7,MAGNOLIA / QUEEN ANNE,47.65147,-122.36122,1.0,2,52611,0,52611,College/University,52611.0,,,,,False,Mono-usage,36,0.0,1.0,0,1
2016,NonResidential,Large Office,2,GREATER DUWAMISH,47.58872,-122.33475,1.0,7,333714,146687,187027,Office,191333.0,Parking,133432.0,,,False,Multi-usages,2,0.4395590235950544,0.5604409764049455,1,2
2016,NonResidential,Large Office,4,NORTHEAST,47.66072,-122.31466,1.0,23,474546,0,474546,Office,474546.0,,,,,False,Mono-usage,45,0.0,1.0,0,1
2016,NonResidential,K-12 School,3,EAST,47.64132,-122.31644,1.0,5,43594,0,43594,K-12 School,40809.0,,,,,False,Mono-usage,48,0.0,1.0,0,1
2016,Nonresidential COS,Other,1,DELRIDGE NEIGHBORHOODS,47.54067,-122.37441,1.0,1,18261,0,18261,Other - Recreation,18261.0,,,,,False,Mono-usage,34,0.0,1.0,0,1
2016,NonResidential,Mixed Use Property,7,LAKE UNION,47.62231,-122.34145,1.0,2,28800,0,28800,Non-Refrigerated Warehouse,14400.0,Office,14400.0,,,False,Multi-usages,88,0.0,1.0,1,2
2016,NonResidential,Small- and Mid-Sized Office,2,GREATER DUWAMISH,47.58252,-122.33465,1.0,3,60592,0,60592,Office,60384.0,,,,,False,Mono-usage,86,0.0,1.0,0,1
2016,NonResidential,Warehouse,2,GREATER DUWAMISH,47.56064,-122.32522,1.0,1,123061,0,123061,Non-Refrigerated Warehouse,123061.0,,,,,False,Mono-usage,15,0.0,1.0,0,1
2016,NonResidential,Small- and Mid-Sized Office,7,MAGNOLIA / QUEEN ANNE,47.62053,-122.35842,1.0,4,76213,25930,50283,Office,48546.0,Parking,21454.0,Other,2406.0,False,Multi-usages,46,0.3402306693083857,0.6597693306916143,1,3
2016,NonResidential,Other,7,EAST,47.60901,-122.32994,1.0,3,38038,0,38038,Other - Entertainment/Public Assembly,35886.0,Office,1184.0,Food Service,436.0,False,Multi-usages,100,0.0,1.0,1,3
2016,NonResidential,Worship Facility,4,NORTHEAST,47.6626,-122.31164,1.0,3,103000,0,103000,Worship Facility,103000.0,,,,,False,Mono-usage,64,0.0,1.0,0,1
2016,NonResidential,Retail Store,5,NORTHWEST,47.72053,-122.34739,1.0,1,131387,0,131387,Retail Store,107931.0,,,,,False,Mono-usage,19,0.0,1.0,0,1
2016,NonResidential,Distribution Center,2,GREATER DUWAMISH,47.5822,-122.321,1.0,1,21349,0,21349,Distribution Center,13000.0,Office,8349.0,,,False,Multi-usages,69,0.0,1.0,1,2
2016,NonResidential,Distribution Center,2,GREATER DUWAMISH,47.54187,-122.32714,1.0,1,50065,0,50065,Distribution Center,49918.0,Parking,0.0,,,False,Multi-usages,49,0.0,1.0,1,2
2016,NonResidential,Residence Hall,4,NORTHEAST,47.65577,-122.3153,1.0,0,166991,0,166991,Residence Hall/Dormitory,166991.0,,,,,False,Mono-usage,63,0.0,1.0,0,1
2016,NonResidential,Worship Facility,2,SOUTHEAST,47.53857,-122.28026,1.0,1,24200,0,24200,Worship Facility,24200.0,Parking,0.0,,,False,Multi-usages,48,0.0,1.0,1,2
2016,NonResidential,Mixed Use Property,3,EAST,47.61505,-122.32,1.0,4,55520,0,55520,Office,17120.0,Performing Arts,15300.0,Self-Storage Facility,13400.0,False,Multi-usages,108,0.0,1.0,1,5
2016,NonResidential,Large Office,7,LAKE UNION,47.62029,-122.33078,1.0,6,336700,124800,211900,Office,217977.0,Parking,4569.0,Retail Store,0.0,False,Multi-usages,11,0.3706563706563706,0.6293436293436293,1,3
2016,NonResidential,Small- and Mid-Sized Office,7,DOWNTOWN,47.60994,-122.33997,1.0,4,47686,0,47686,Office,25500.0,Retail Store,8500.0,,,False,Multi-usages,97,0.0,1.0,1,2
2016,NonResidential,Restaurant,7,DOWNTOWN,47.60613,-122.34115,1.0,1,43728,0,43728,Restaurant,43728.0,,,,,False,Mono-usage,116,0.0,1.0,0,1
2016,NonResidential,Medical Office,7,DOWNTOWN,47.6129,-122.33684,1.0,18,363934,28870,335064,Medical Office,281598.0,Parking,27597.0,Retail Store,21519.0,False,Multi-usages,91,0.079327570383641,0.920672429616359,1,3
2016,NonResidential,K-12 School,4,NORTHEAST,47.66368,-122.27324,1.0,3,97500,0,97500,K-12 School,97500.0,,,,,False,Mono-usage,92,0.0,1.0,0,1
2016,NonResidential,Refrigerated Warehouse,2,GREATER DUWAMISH,47.56637,-122.33273,1.0,1,104099,0,104099,Refrigerated Warehouse,100000.0,Office,4099.0,Parking,0.0,False,Multi-usages,63,0.0,1.0,1,3
2016,NonResidential,Medical Office,7,LAKE UNION,47.62395,-122.33392,1.0,5,129093,39902,89191,Medical Office,89131.0,Parking,37652.0,Other,5615.0,False,Multi-usages,8,0.3090949935317949,0.6909050064682051,1,3
2016,NonResidential,Large Office,7,DOWNTOWN,47.60567,-122.33511,1.0,41,589921,129432,460489,Office,470416.0,Parking,107667.0,Pre-school/Daycare,10290.0,False,Multi-usages,30,0.2194056492309987,0.7805943507690013,1,3
2016,NonResidential,Hotel,4,NORTHEAST,47.66583,-122.29965,1.0,4,81871,0,81871,Hotel,81871.0,,,,,False,Mono-usage,22,0.0,1.0,0,1
2016,NonResidential,Large Office,2,DOWNTOWN,47.59878,-122.33088,1.0,8,446261,124788,321473,Office,343400.0,Parking,114237.0,,,False,Multi-usages,18,0.2796300819475598,0.7203699180524402,1,2
2016,NonResidential,Large Office,7,DOWNTOWN,47.61598,-122.34369,1.0,6,287471,83591,203880,Office,191814.0,Parking,72178.0,Other - Restaurant/Bar,5322.0,False,Multi-usages,14,0.2907806352640788,0.7092193647359212,1,4
2016,NonResidential,Mixed Use Property,7,MAGNOLIA / QUEEN ANNE,47.63034,-122.37412,1.0,1,24196,0,24196,Other,8711.0,Non-Refrigerated Warehouse,6792.0,Office,5306.0,False,Multi-usages,85,0.0,1.0,1,4
2016,NonResidential,Supermarket / Grocery Store,5,North,47.70941,-122.31707,1.0,1,44755,0,44755,Supermarket/Grocery Store,46978.0,,,,,False,Mono-usage,20,0.0,1.0,0,1
2016,NonResidential,Worship Facility,1,SOUTHWEST,47.51709,-122.37797,1.0,1,23772,0,23772,Worship Facility,23772.0,,,,,False,Mono-usage,45,0.0,1.0,0,1
2016,NonResidential,Other,3,Central,47.61796,-122.30847,1.0,3,25200,0,25200,Other - Lodging/Residential,25200.0,,,,,False,Mono-usage,105,0.0,1.0,0,1
2016,NonResidential,Large Office,7,DOWNTOWN,47.60655,-122.33533,1.0,34,776762,162604,614158,Office,606050.0,Parking,154947.0,,,False,Multi-usages,36,0.2093356781098972,0.7906643218901027,1,2
2016,NonResidential,Large Office,7,DOWNTOWN,47.60614,-122.33674,1.0,29,635303,197231,438072,Office,522667.0,Parking,194435.0,Convenience Store without Gas Station,6122.0,False,Multi-usages,25,0.3104518631267285,0.6895481368732715,1,2
2016,NonResidential,Worship Facility,2,SOUTHEAST,47.54362,-122.2667,1.0,2,21732,0,21732,Worship Facility,21732.0,,,,,False,Mono-usage,51,0.0,1.0,0,1
2016,NonResidential,Large Office,7,DOWNTOWN,47.60616,-122.33165,1.0,42,617684,171500,446184,Office,581558.0,Parking,189600.0,Retail Store,18026.0,False,Multi-usages,43,0.2776500605487595,0.7223499394512405,1,4
2016,NonResidential,Small- and Mid-Sized Office,2,GREATER DUWAMISH,47.58958,-122.33369,1.0,6,62370,0,62370,Office,49473.0,Restaurant,10408.0,,,False,Multi-usages,109,0.0,1.0,1,2
2016,NonResidential,Mixed Use Property,2,DOWNTOWN,47.59769,-122.32537,1.0,3,20620,0,20620,Multifamily Housing,10060.0,Retail Store,5280.0,Social/Meeting Hall,5280.0,False,Multi-usages,107,0.0,1.0,1,3
2016,NonResidential,University,7,MAGNOLIA / QUEEN ANNE,47.65019,-122.36173,1.0,2,122679,0,122679,College/University,101035.0,Restaurant,2000.0,,,False,Multi-usages,57,0.0,1.0,1,2
2016,NonResidential,Other,6,BALLARD,47.66894,-122.38242,1.0,2,21528,0,21528,Social/Meeting Hall,21528.0,,,,,False,Mono-usage,92,0.0,1.0,0,1
2016,NonResidential,Large Office,7,DOWNTOWN,47.61481,-122.33969,1.0,11,169020,0,169020,Office,156414.0,Bar/Nightclub,10337.0,"Personal Services (Health/Beauty, Dry Cleaning, etc)",8208.0,False,Multi-usages,53,0.0,1.0,1,5
2016,Nonresidential COS,Other,3,EAST,47.6303,-122.3142,1.0,1,33087,0,33087,Other - Entertainment/Public Assembly,53776.0,,,,,False,Mono-usage,84,0.0,1.0,0,1
2016,NonResidential,K-12 School,3,EAST,47.62644,-122.30429,1.0,6,194104,0,194104,K-12 School,194104.0,,,,,False,Mono-usage,108,0.0,1.0,0,1
2016,NonResidential,Other,7,MAGNOLIA / QUEEN ANNE,47.63303,-122.34268,1.0,3,30408,0,30408,Bank Branch,25000.0,Parking,5408.0,,,False,Multi-usages,36,0.0,1.0,1,2
2016,NonResidential,Small- and Mid-Sized Office,6,BALLARD,47.67528,-122.40836,1.0,2,28492,0,28492,Office,28492.0,,,,,False,Mono-usage,38,0.0,1.0,0,1
2016,NonResidential,Mixed Use Property,6,LAKE UNION,47.6502,-122.34959,5.0,3,41827,9226,32601,Multifamily Housing,14273.0,Office,14128.0,Parking,9680.0,False,Multi-usages,15,0.220575226528319,0.7794247734716809,1,5
2016,NonResidential,Hotel,4,NORTHEAST,47.66023,-122.31581,1.0,3,20571,0,20571,Hotel,20571.0,,,,,False,Mono-usage,86,0.0,1.0,0,1
2016,NonResidential,Small- and Mid-Sized Office,4,LAKE UNION,47.63616,-122.32718,1.0,5,54465,9605,44860,Office,57972.0,Parking,0.0,,,False,Multi-usages,52,0.1763517855503534,0.8236482144496465,1,2
2016,NonResidential,Large Office,7,DOWNTOWN,47.60967,-122.33229,1.0,36,794592,0,794592,Office,748011.0,Parking,36606.0,Other,9975.0,False,Multi-usages,36,0.0,1.0,1,3
2016,NonResidential,Other,2,GREATER DUWAMISH,47.55168,-122.32459,1.0,1,26400,0,26400,Other - Recreation,20560.0,Non-Refrigerated Warehouse,7200.0,,,False,Multi-usages,46,0.0,1.0,1,2
2016,NonResidential,Hotel,7,DOWNTOWN,47.60968,-122.33379,1.0,21,305548,0,305548,Hotel,310000.0,,,,,False,Mono-usage,86,0.0,1.0,0,1
2016,NonResidential,Large Office,7,DOWNTOWN,47.6037,-122.33447,1.0,17,378525,84600,293925,Office,236827.0,Parking,83311.0,Restaurant,14679.0,False,Multi-usages,58,0.2234991083812165,0.7765008916187834,1,2
2016,NonResidential,Other,7,DOWNTOWN,47.61103,-122.33238,1.0,7,128766,0,128766,Other - Entertainment/Public Assembly,109754.0,Other,12876.0,Office,6136.0,False,Multi-usages,102,0.0,1.0,1,3
2016,NonResidential,Warehouse,1,GREATER DUWAMISH,47.52549,-122.33064,1.0,1,31360,0,31360,Non-Refrigerated Warehouse,29640.0,Retail Store,1460.0,,,False,Multi-usages,37,0.0,1.0,1,2
2016,NonResidential,Hotel,7,DOWNTOWN,47.60996,-122.33572,0.0,19,332067,59280,272787,Hotel,332067.0,,,,,False,Mono-usage,43,0.1785181906061126,0.8214818093938874,0,1
2016,NonResidential,Small- and Mid-Sized Office,2,DOWNTOWN,47.59644,-122.32415,1.0,3,35202,0,35202,Office,24227.0,Bank Branch,9127.0,,,False,Multi-usages,37,0.0,1.0,1,2
2016,NonResidential,Warehouse,6,BALLARD,47.66353,-122.38064,1.0,4,42500,0,42500,Non-Refrigerated Warehouse,42500.0,Retail Store,5091.0,,,False,Multi-usages,89,0.0,1.0,1,2
2016,Nonresidential COS,Other,3,LAKE UNION,47.62759,-122.33661,1.0,1,50000,0,50000,Museum,43000.0,,,,,False,Mono-usage,116,0.0,1.0,0,1
2016,NonResidential,Other,2,GREATER DUWAMISH,47.59394,-122.32452,1.0,2,51856,0,51856,Automobile Dealership,48103.0,Office,3753.0,,,False,Multi-usages,8,0.0,1.0,1,2
2016,NonResidential,Mixed Use Property,4,NORTHEAST,47.66246,-122.29342,1.0,2,22135,0,22135,Medical Office,10388.0,Office,8116.0,Retail Store,3200.0,False,Multi-usages,71,0.0,1.0,1,4
2016,NonResidential,Mixed Use Property,6,NORTHWEST,47.68582,-122.33709,1.0,3,55912,22850,33062,Parking,24052.0,Office,23501.0,Retail Store,9561.0,False,Multi-usages,20,0.4086779224495636,0.5913220775504364,1,3
2016,NonResidential,Small- and Mid-Sized Office,3,CENTRAL,47.59973,-122.31331,1.0,1,45068,0,45068,Office,45068.0,,,,,False,Mono-usage,69,0.0,1.0,0,1
2016,NonResidential,Warehouse,1,GREATER DUWAMISH,47.51918,-122.31957,1.0,1,22000,0,22000,Non-Refrigerated Warehouse,22000.0,Parking,0.0,,,True,Multi-usages,37,0.0,1.0,1,2
2016,NonResidential,Small- and Mid-Sized Office,4,LAKE UNION,47.66117,-122.3391,0.0,3,31686,7358,24328,Office,25927.0,Parking,6750.0,Food Service,3743.0,False,Multi-usages,19,0.2322161206842138,0.7677838793157862,1,4
2016,NonResidential,Other,3,EAST,47.64132,-122.31644,1.0,2,85750,65640,20110,Parking,65000.0,K-12 School,20000.0,,,False,Multi-usages,17,0.7654810495626823,0.2345189504373178,1,2
2016,NonResidential,Small- and Mid-Sized Office,2,GREATER DUWAMISH,47.55145,-122.32635,1.0,2,25872,0,25872,Office,23272.0,Non-Refrigerated Warehouse,2600.0,,,False,Multi-usages,47,0.0,1.0,1,2
2016,NonResidential,Large Office,4,LAKE UNION,47.6465,-122.3252,1.0,5,137738,55504,82234,Office,77796.0,Parking,55504.0,Other,4438.0,False,Multi-usages,31,0.4029679536511347,0.5970320463488652,1,3
2016,NonResidential,Large Office,7,MAGNOLIA / QUEEN ANNE,47.62101,-122.36188,1.0,5,183964,46763,137201,Office,133451.0,Parking,46763.0,Data Center,3750.0,False,Multi-usages,8,0.2541964732230219,0.7458035267769781,1,3
2016,NonResidential,Small- and Mid-Sized Office,1,DELRIDGE,47.5671,-122.36416,1.0,3,55593,0,55593,Office,55593.0,,,,,False,Mono-usage,56,0.0,1.0,0,1
2016,NonResidential,Other,4,NORTHEAST,47.67524,-122.31534,1.0,4,56521,0,56521,Other,49000.0,,,,,False,Mono-usage,75,0.0,1.0,0,1
2016,NonResidential,Small- and Mid-Sized Office,7,MAGNOLIA / QUEEN ANNE,47.62497,-122.35965,1.0,5,98668,0,98668,Office,98668.0,,,,,False,Mono-usage,34,0.0,1.0,0,1
2016,NonResidential,Small- and Mid-Sized Office,7,DOWNTOWN,47.60159,-122.32915,1.0,6,73470,0,73470,Office,47145.0,Non-Refrigerated Warehouse,9477.0,Retail Store,9477.0,True,Multi-usages,107,0.0,1.0,1,3
2016,Nonresidential COS,Large Office,3,DOWNTOWN,47.60421,-122.32919,1.0,14,310490,0,310490,Office,269284.0,Other,28394.0,Data Center,600.0,False,Multi-usages,15,0.0,1.0,1,3
2016,NonResidential,Small- and Mid-Sized Office,3,CENTRAL,47.61744,-122.30514,1.0,3,31357,0,31357,Office,25500.0,Medical Office,5000.0,Parking,0.0,False,Multi-usages,17,0.0,1.0,1,3
2016,NonResidential,Residence Hall,4,NORTHEAST,47.6617,-122.31007,1.0,3,22124,0,22124,Residence Hall/Dormitory,22124.0,,,,,False,Mono-usage,87,0.0,1.0,0,1
2016,NonResidential,Mixed Use Property,4,NORTHEAST,47.66816,-122.27706,1.0,1,22778,0,22778,Retail Store,21194.0,Office,12923.0,Restaurant,3720.0,False,Multi-usages,68,0.0,1.0,1,5
2016,NonResidential,Retail Store,7,DOWNTOWN,47.6087,-122.33884,1.0,3,103000,0,103000,Retail Store,103000.0,,,,,False,Mono-usage,25,0.0,1.0,0,1
2016,NonResidential,Small- and Mid-Sized Office,7,DOWNTOWN,47.61402,-122.35016,1.0,2,21600,0,21600,Office,14400.0,Other - Lodging/Residential,7200.0,,,False,Multi-usages,99,0.0,1.0,1,2
2016,Nonresidential COS,Other,7,MAGNOLIA / QUEEN ANNE,47.62208,-122.35398,1.0,1,91213,0,91213,Other,65000.0,,,,,False,Mono-usage,54,0.0,1.0,0,1
2016,NonResidential,Warehouse,2,GREATER DUWAMISH,47.54813,-122.32553,1.0,1,35000,0,35000,Non-Refrigerated Warehouse,35000.0,,,,,False,Mono-usage,52,0.0,1.0,0,1
2016,NonResidential,Medical Office,1,DELRIDGE,47.53419,-122.36624,1.0,1,43615,0,43615,Medical Office,43615.0,,,,,False,Mono-usage,46,0.0,1.0,0,1
2016,NonResidential,Retail Store,3,EAST,47.61378771,-122.3214255,0.0,3,45743,0,45743,Retail Store,45243.0,,,,,False,Mono-usage,20,0.0,1.0,0,1
2016,NonResidential,Large Office,3,LAKE UNION,47.62621,-122.33128,1.0,6,226592,95000,131592,Office,131592.0,Parking,83178.0,,,False,Multi-usages,15,0.4192557548368874,0.5807442451631125,1,2
2016,NonResidential,Large Office,7,DOWNTOWN,47.6113,-122.33659,1.0,5,168115,0,168115,Office,103362.0,Retail Store,65676.0,Data Center,493.0,False,Multi-usages,43,0.0,1.0,1,3
2016,NonResidential,Small- and Mid-Sized Office,4,LAKE UNION,47.64834,-122.33188,1.0,2,84116,26497,57619,Office,55000.0,,,,,False,Mono-usage,4,0.3150054686385468,0.6849945313614533,0,1
2016,NonResidential,Large Office,7,DOWNTOWN,47.61156,-122.34401,1.0,13,354086,149326,204760,Office,193393.0,Parking,149326.0,Multifamily Housing,38225.0,False,Multi-usages,28,0.421722406421039,0.578277593578961,1,5
2016,NonResidential,Other,2,GREATER DUWAMISH,47.55768,-122.33137,1.0,3,127065,84710,42355,Parking,84710.0,Office,42355.0,,,False,Multi-usages,7,0.6666666666666666,0.3333333333333333,1,2
2016,NonResidential,Small- and Mid-Sized Office,3,DOWNTOWN,47.59728,-122.31587,1.0,5,70332,22095,48237,Office,44417.0,Parking,25915.0,,,False,Multi-usages,15,0.3141528749360177,0.6858471250639823,1,2
2016,NonResidential,Mixed Use Property,3,NORTHEAST,47.65205,-122.3218,1.0,1,20233,0,20233,Office,7245.0,Non-Refrigerated Warehouse,6644.0,Other,6344.0,False,Multi-usages,18,0.0,1.0,1,3
2016,NonResidential,Mixed Use Property,7,DOWNTOWN,47.6177,-122.3545,1.0,4,109347,38700,70647,Laboratory,42389.0,Parking,38700.0,Office,28258.0,False,Multi-usages,36,0.3539191747373041,0.6460808252626958,1,3
2016,NonResidential,Small- and Mid-Sized Office,7,MAGNOLIA / QUEEN ANNE,47.65018,-122.37787,1.0,3,26389,0,26389,Office,16766.0,Fitness Center/Health Club/Gym,9623.0,,,False,Multi-usages,24,0.0,1.0,1,2
2016,NonResidential,Large Office,7,DOWNTOWN,47.61813,-122.35833,1.0,7,277486,80283,197203,Office,178625.0,Parking,87624.0,Other,14653.0,False,Multi-usages,30,0.2893227045688791,0.7106772954311209,1,3
2016,NonResidential,Worship Facility,1,SOUTHWEST,47.56342,-122.38509,1.0,2,37816,0,37816,Worship Facility,19407.0,K-12 School,18701.0,,,False,Multi-usages,93,0.0,1.0,1,2
2016,NonResidential,Small- and Mid-Sized Office,7,MAGNOLIA / QUEEN ANNE,47.64805,-122.35534,1.0,2,23600,0,23600,Office,23600.0,,,,,False,Mono-usage,35,0.0,1.0,0,1
2016,NonResidential,Small- and Mid-Sized Office,4,LAKE UNION,47.65576,-122.34208,1.0,3,20410,0,20410,Office,20410.0,,,,,False,Mono-usage,21,0.0,1.0,0,1
2016,NonResidential,Warehouse,2,GREATER DUWAMISH,47.55374,-122.32498,1.0,1,22320,0,22320,Non-Refrigerated Warehouse,22320.0,,,,,False,Mono-usage,39,0.0,1.0,0,1
2016,NonResidential,Mixed Use Property,2,GREATER DUWAMISH,47.58924,-122.33566,1.0,6,286000,111774,174226,Parking,111774.0,Office,108747.0,Other,49271.0,False,Multi-usages,7,0.3908181818181818,0.6091818181818182,1,5
2016,NonResidential,Small- and Mid-Sized Office,7,LAKE UNION,47.62038,-122.33759,1.0,3,41466,6062,35404,Office,35404.0,Laboratory,5000.0,Parking,1250.0,False,Multi-usages,88,0.1461920609656103,0.8538079390343897,1,3
2016,NonResidential,Small- and Mid-Sized Office,7,DOWNTOWN,47.6172,-122.34979,1.0,3,33552,4968,28584,Office,26556.0,Parking,4968.0,,,False,Multi-usages,62,0.148068669527897,0.851931330472103,1,2
2016,NonResidential,Other,2,GREATER DUWAMISH,47.59544,-122.33159,1.0,6,1585960,327680,1258280,Other - Entertainment/Public Assembly,1585960.0,Parking,0.0,,,False,Multi-usages,17,0.2066130293323917,0.7933869706676082,1,2
2016,NonResidential,Warehouse,2,GREATER DUWAMISH,47.57096,-122.3355,1.0,1,99084,0,99084,Non-Refrigerated Warehouse,99084.0,,,,,False,Mono-usage,90,0.0,1.0,0,1
2016,NonResidential,Other,5,NORTHWEST,47.71286,-122.33635,1.0,2,53575,0,53575,Urgent Care/Clinic/Other Outpatient,53575.0,,,,,False,Mono-usage,4,0.0,1.0,0,1
2016,NonResidential,Hospital,5,NORTHWEST,47.71425,-122.33689,8.0,1,415632,0,415632,Hospital (General Medical & Surgical),483520.0,Parking,266833.0,,,False,Multi-usages,50,0.0,1.0,1,2
2016,NonResidential,Retail Store,4,NORTHEAST,47.6646,-122.29932,1.0,1,25735,0,25735,Retail Store,25691.0,,,,,False,Mono-usage,20,0.0,1.0,0,1
2016,NonResidential,Hospital,4,NORTHEAST,47.66201,-122.28386,1.0,8,330000,0,330000,Hospital (General Medical & Surgical),241500.0,,,,,False,Mono-usage,3,0.0,1.0,0,1
2016,NonResidential,Other,2,GREATER DUWAMISH,47.53722,-122.284,1.0,5,89821,0,89821,Other - Lodging/Residential,46483.0,Office,37938.0,Food Service,4579.0,False,Multi-usages,7,0.0,1.0,1,3
2016,NonResidential,Hotel,7,LAKE UNION,47.62174,-122.34417,1.0,3,29186,4256,24930,Hotel,19000.0,,,,,False,Mono-usage,55,0.1458233399575138,0.8541766600424862,0,1
2016,NonResidential,Senior Care Community,5,NORTH,47.70178,-122.32352,1.0,6,244500,0,244500,Senior Care Community,244500.0,,,,,False,Mono-usage,7,0.0,1.0,0,1
2016,NonResidential,Other,3,EAST,47.60989,-122.32659,1.0,7,267470,0,267470,Other,160482.0,Hospital (General Medical & Surgical),106988.0,,,False,Multi-usages,4,0.0,1.0,1,2
2016,NonResidential,Retail Store,6,LAKE UNION,47.65019,-122.35013,1.0,3,27480,0,27480,Retail Store,22218.0,Office,8668.0,,,False,Multi-usages,110,0.0,1.0,1,2
2016,NonResidential,Other,7,DOWNTOWN,47.61289,-122.33531,1.0,0,947987,0,947987,Other - Mall,561684.0,Other - Entertainment/Public Assembly,100000.0,Restaurant,80000.0,False,Multi-usages,17,0.0,1.0,1,4
2016,NonResidential,Hotel,7,DOWNTOWN,47.60699,-122.33346,1.0,9,65009,0,65009,Hotel,65009.0,,,,,False,Mono-usage,88,0.0,1.0,0,1
2016,Nonresidential COS,Other,2,DOWNTOWN,47.59871,-122.3299,1.0,3,67755,0,67755,Other,33647.0,Office,19705.0,Other - Entertainment/Public Assembly,11988.0,False,Multi-usages,110,0.0,1.0,1,4
2016,NonResidential,Mixed Use Property,7,LAKE UNION,47.62405,-122.34036,1.0,5,436497,153684,282813,Laboratory,175364.0,Parking,173235.0,Office,88901.0,False,Multi-usages,8,0.3520848940542547,0.6479151059457453,1,3
2016,NonResidential,Retail Store,2,GREATER DUWAMISH,47.58698,-122.32397,1.0,1,25880,0,25880,Retail Store,25880.0,,,,,False,Mono-usage,72,0.0,1.0,0,1
2016,NonResidential,Small- and Mid-Sized Office,2,GREATER DUWAMISH,47.58528,-122.305,1.0,1,29740,0,29740,Office,17804.0,Non-Refrigerated Warehouse,12208.0,,,False,Multi-usages,55,0.0,1.0,1,2
2016,NonResidential,Worship Facility,3,EAST,47.60514,-122.32613,1.0,1,48850,0,48850,Worship Facility,28725.0,Office,4325.0,Other,3700.0,False,Multi-usages,116,0.0,1.0,1,3
2016,NonResidential,Supermarket / Grocery Store,3,EAST,47.62256,-122.32092,1.0,2,66497,0,66497,Supermarket/Grocery Store,66497.0,,,,,False,Mono-usage,66,0.0,1.0,0,1
2016,NonResidential,Warehouse,2,GREATER DUWAMISH,47.58482,-122.30501,1.0,2,31000,0,31000,Non-Refrigerated Warehouse,31000.0,,,,,False,Mono-usage,46,0.0,1.0,0,1
2016,NonResidential,Laboratory,7,MAGNOLIA / QUEEN ANNE,47.6224,-122.36248,1.0,2,34416,0,34416,Laboratory,20649.0,Office,13767.0,Parking,2000.0,False,Multi-usages,54,0.0,1.0,1,3
2016,NonResidential,Small- and Mid-Sized Office,7,DOWNTOWN,47.60219,-122.33347,1.0,6,89355,0,89355,Office,82355.0,Retail Store,7000.0,,,False,Multi-usages,116,0.0,1.0,1,2
2016,NonResidential,Small- and Mid-Sized Office,7,MAGNOLIA / QUEEN ANNE,47.63981,-122.39907,1.0,3,23910,0,23910,Office,20000.0,Retail Store,3910.0,,,False,Multi-usages,89,0.0,1.0,1,2
2016,NonResidential,Restaurant,3,LAKE UNION,47.62902,-122.33173,1.0,2,26519,0,26519,Restaurant,13592.0,Office,12927.0,,,False,Multi-usages,38,0.0,1.0,1,2
2016,NonResidential,Small- and Mid-Sized Office,7,MAGNOLIA / QUEEN ANNE,47.62566,-122.34287,1.0,6,95721,33921,61800,Office,95721.0,Parking,31746.0,,,False,Multi-usages,32,0.3543736484157082,0.6456263515842918,1,2
2016,NonResidential,Distribution Center,2,GREATER DUWAMISH,47.56874,-122.33303,1.0,1,101101,0,101101,Distribution Center,101101.0,,,,,False,Mono-usage,67,0.0,1.0,0,1
2016,NonResidential,Other,3,CENTRAL,47.61674,-122.30207,1.0,1,45000,0,45000,Fitness Center/Health Club/Gym,45000.0,Swimming Pool,0.0,,,False,Multi-usages,25,0.0,1.0,1,2
2016,NonResidential,Small- and Mid-Sized Office,3,CENTRAL,47.59976,-122.31441,1.0,3,25200,0,25200,Office,16000.0,Retail Store,8000.0,,,False,Multi-usages,109,0.0,1.0,1,2
2016,NonResidential,Large Office,7,DOWNTOWN,47.6029,-122.32927,1.0,9,224857,0,224857,Office,204993.0,,,,,False,Mono-usage,45,0.0,1.0,0,1
2016,NonResidential,Warehouse,2,GREATER DUWAMISH,47.5465,-122.31704,1.0,1,31900,0,31900,Non-Refrigerated Warehouse,28000.0,Office,4000.0,,,False,Multi-usages,53,0.0,1.0,1,2
2016,NonResidential,Small- and Mid-Sized Office,7,DOWNTOWN,47.59979,-122.33339,1.0,4,27838,0,27838,Office,27838.0,,,,,False,Mono-usage,114,0.0,1.0,0,1
2016,Nonresidential COS,Other,3,CENTRAL,47.60133,-122.31088,1.0,3,20992,0,20992,Performing Arts,24600.0,Social/Meeting Hall,4625.0,Other - Education,1665.0,False,Multi-usages,103,0.0,1.0,1,3
2016,NonResidential,Small- and Mid-Sized Office,7,MAGNOLIA / QUEEN ANNE,47.64976,-122.35684,1.0,3,40067,0,40067,Office,40067.0,,,,,False,Mono-usage,30,0.0,1.0,0,1
2016,NonResidential,Warehouse,1,GREATER DUWAMISH,47.5316,-122.333,1.0,1,44000,0,44000,Non-Refrigerated Warehouse,45449.0,,,,,False,Mono-usage,46,0.0,1.0,0,1
2016,NonResidential,Other,2,GREATER DUWAMISH,47.58251,-122.32528,1.0,1,66133,0,66133,Other,60787.0,Office,13805.0,Non-Refrigerated Warehouse,2408.0,False,Multi-usages,31,0.0,1.0,1,3
2016,NonResidential,University,7,DOWNTOWN,47.61816,-122.33629,1.0,7,126593,0,126593,College/University,125000.0,,,,,False,Mono-usage,88,0.0,1.0,0,1
2016,NonResidential,Small- and Mid-Sized Office,5,NORTHWEST,47.70732,-122.33279,1.0,6,86483,0,86483,Office,86483.0,Parking,0.0,,,False,Multi-usages,35,0.0,1.0,1,2
2016,NonResidential,Warehouse,4,LAKE UNION,47.64748,-122.33435,1.0,2,78716,0,78716,Non-Refrigerated Warehouse,41275.0,Office,29399.0,Retail Store,6278.0,False,Multi-usages,37,0.0,1.0,1,4
2016,NonResidential,Supermarket / Grocery Store,5,NORTH,47.73315,-122.3105,1.0,1,58480,0,58480,Supermarket/Grocery Store,44431.0,,,,,False,Mono-usage,36,0.0,1.0,0,1
2016,NonResidential,Retail Store,1,DELRIDGE,47.53655,-122.36377,0.0,1,94713,0,94713,Retail Store,109758.0,,,,,False,Mono-usage,11,0.0,1.0,0,1
2016,NonResidential,Distribution Center,2,GREATER DUWAMISH,47.58772,-122.32686,1.0,1,111908,0,111908,Distribution Center,109090.0,,,,,False,Mono-usage,29,0.0,1.0,0,1
2016,NonResidential,Retail Store,7,DOWNTOWN,47.61159,-122.33601,1.0,4,79957,0,79957,Retail Store,35694.0,Office,29723.0,,,False,Multi-usages,102,0.0,1.0,1,2
2016,Nonresidential COS,Other,6,BALLARD,47.66984,-122.3842,1.0,1,30576,15576,15000,Library,15000.0,Other - Services,3100.0,,,False,Multi-usages,12,0.5094191522762951,0.4905808477237048,1,2
2016,NonResidential,Hotel,7,DOWNTOWN,47.60035,-122.33379,1.0,3,25450,0,25450,Hotel,25450.0,,,,,False,Mono-usage,116,0.0,1.0,0,1
2016,NonResidential,Small- and Mid-Sized Office,4,LAKE UNION,47.63995,-122.32557,1.0,3,25912,7956,17956,Office,17332.0,Parking,9162.0,,,False,Multi-usages,47,0.3070392096326026,0.6929607903673973,1,2
2016,NonResidential,Senior Care Community,7,DOWNTOWN,47.60898,-122.34213,1.0,3,197395,156000,41395,Senior Care Community,38800.0,Other - Public Services,3650.0,Office,586.0,False,Multi-usages,27,0.7902935737987284,0.2097064262012715,1,6
2016,NonResidential,Other,7,DOWNTOWN,47.61598,-122.33448,1.0,11,299070,68432,230638,Other,250000.0,,,,,False,Mono-usage,12,0.2288159962550573,0.7711840037449427,0,1
2016,NonResidential,Small- and Mid-Sized Office,6,LAKE UNION,47.65103,-122.35541,1.0,3,48924,0,48924,Office,31325.0,Parking,13143.0,,,False,Multi-usages,27,0.0,1.0,1,2
2016,NonResidential,Warehouse,2,GREATER DUWAMISH,47.57895,-122.32551,1.0,1,20520,0,20520,Non-Refrigerated Warehouse,15400.0,Office,5120.0,,,False,Multi-usages,50,0.0,1.0,1,2
2016,NonResidential,Distribution Center,2,GREATER DUWAMISH,47.57747,-122.32844,1.0,1,41248,0,41248,Distribution Center,41430.0,,,,,False,Mono-usage,79,0.0,1.0,0,1
2016,NonResidential,Retail Store,2,GREATER DUWAMISH,47.57403,-122.3336,1.0,1,20000,0,20000,Retail Store,20000.0,,,,,False,Mono-usage,102,0.0,1.0,0,1
2016,Nonresidential COS,Distribution Center,7,MAGNOLIA / QUEEN ANNE,47.63319,-122.36294,1.0,3,23040,0,23040,Distribution Center,23040.0,,,,,False,Mono-usage,95,0.0,1.0,0,1
2016,NonResidential,Hotel,3,EAST,47.60958,-122.32646,1.0,6,35770,0,35770,Hotel,35770.0,,,,,False,Mono-usage,88,0.0,1.0,0,1
2016,NonResidential,Large Office,7,DOWNTOWN,47.61391,-122.33725,1.0,20,265851,32334,233517,Office,226454.0,Parking,29214.0,,,False,Multi-usages,47,0.1216245189974835,0.8783754810025165,1,2
2016,NonResidential,Other,3,CENTRAL,47.60775,-122.31198,1.0,4,45082,0,45082,Other/Specialty Hospital,45082.0,,,,,False,Mono-usage,43,0.0,1.0,0,1
2016,NonResidential,Small- and Mid-Sized Office,2,DOWNTOWN,47.5962,-122.32548,1.0,2,26510,0,26510,Office,30800.0,,,,,False,Mono-usage,46,0.0,1.0,0,1
2016,Nonresidential COS,Other,7,MAGNOLIA / QUEEN ANNE,47.63644,-122.35784,1.0,1,13157,0,13157,Other - Recreation,7583.0,Fitness Center/Health Club/Gym,5574.0,Swimming Pool,0.0,False,Multi-usages,42,0.0,1.0,1,3
2016,NonResidential,Retail Store,7,DOWNTOWN,47.60683,-122.33771,1.0,4,34680,0,34680,Retail Store,34680.0,,,,,False,Mono-usage,116,0.0,1.0,0,1
2016,NonResidential,Warehouse,2,GREATER DUWAMISH,47.51399,-122.27946,1.0,1,26380,0,26380,Non-Refrigerated Warehouse,23620.0,Office,2760.0,,,False,Multi-usages,37,0.0,1.0,1,2
2016,NonResidential,Self-Storage Facility,2,GREATER DUWAMISH,47.56487,-122.34181,1.0,1,21900,0,21900,Self-Storage Facility,21900.0,,,,,False,Mono-usage,64,0.0,1.0,0,1
2016,NonResidential,Warehouse,2,GREATER DUWAMISH,47.56683,-122.33358,1.0,2,22324,0,22324,Non-Refrigerated Warehouse,21000.0,,,,,False,Mono-usage,75,0.0,1.0,0,1
2016,NonResidential,Small- and Mid-Sized Office,7,DOWNTOWN,47.61472,-122.35566,1.0,3,76893,0,76893,Office,90345.0,Parking,33380.0,Retail Store,15845.0,False,Multi-usages,114,0.0,1.0,1,3
2016,NonResidential,Warehouse,3,EAST,47.61818,-122.31728,1.0,4,132828,0,132828,Non-Refrigerated Warehouse,132828.0,,,,,False,Mono-usage,28,0.0,1.0,0,1
2016,NonResidential,Warehouse,3,EAST,47.61467,-122.31777,1.0,2,43200,0,43200,Non-Refrigerated Warehouse,43200.0,,,,,False,Mono-usage,101,0.0,1.0,0,1
2016,NonResidential,Other,3,EAST,47.60865694,-122.3205368,1.0,5,45780,11400,34380,Other - Education,45780.0,Parking,4500.0,,,False,Multi-usages,28,0.2490170380078637,0.7509829619921363,1,2
2016,NonResidential,Medical Office,3,EAST,47.60663,-122.32157,1.0,5,188339,99314,89025,Medical Office,81873.0,Parking,67000.0,,,False,Multi-usages,28,0.5273151073330536,0.4726848926669463,1,2
2016,NonResidential,Small- and Mid-Sized Office,4,NORTHEAST,47.66461,-122.30142,1.0,2,20384,0,20384,Office,25021.0,,,,,False,Mono-usage,27,0.0,1.0,0,1
2016,NonResidential,Retail Store,5,NORTHEAST,47.69066,-122.29023,1.0,1,26853,0,26853,Retail Store,20360.0,,,,,False,Mono-usage,64,0.0,1.0,0,1
2016,NonResidential,Supermarket / Grocery Store,4,NORTHEAST,47.68217,-122.31675,1.0,1,76585,38585,38000,Supermarket/Grocery Store,41447.0,Parking,0.0,,,False,Multi-usages,19,0.5038192857609193,0.4961807142390808,1,2
2016,NonResidential,Worship Facility,7,DOWNTOWN,47.60867,-122.33265,1.0,3,75058,34510,40548,Worship Facility,75058.0,,,,,False,Mono-usage,48,0.459777771856431,0.540222228143569,0,1
2016,Nonresidential COS,Warehouse,2,GREATER DUWAMISH,47.57199,-122.32811,1.0,2,58640,0,58640,Non-Refrigerated Warehouse,40831.0,Other - Services,16735.0,Office,11533.0,False,Multi-usages,51,0.0,1.0,1,4
2016,NonResidential,Small- and Mid-Sized Office,4,LAKE UNION,47.64904,-122.34609,1.0,3,31417,8110,23307,Office,26295.0,Parking,12890.0,,,False,Multi-usages,31,0.2581404971830537,0.7418595028169462,1,2
2016,NonResidential,Other,2,GREATER DUWAMISH,47.58754,-122.3224,1.0,1,25460,0,25460,Other,8223.0,,,,,False,Mono-usage,64,0.0,1.0,0,1
2016,Nonresidential COS,Other,7,DOWNTOWN,47.60219,-122.3313,1.0,1,36314,0,36314,Other,36314.0,,,,,False,Mono-usage,54,0.0,1.0,0,1
2016,NonResidential,Warehouse,1,GREATER DUWAMISH,47.57507,-122.35747,0.0,4,79600,0,79600,Non-Refrigerated Warehouse,79600.0,,,,,False,Mono-usage,100,0.0,1.0,0,1
2016,NonResidential,Other,4,NORTHEAST,47.66097,-122.3139,1.0,3,29636,0,29636,Other - Entertainment/Public Assembly,25096.0,Multifamily Housing,4540.0,,,False,Multi-usages,95,0.0,1.0,1,2
2016,NonResidential,Mixed Use Property,7,DOWNTOWN,47.60121,-122.33518,1.0,6,74211,0,74211,Office,33279.0,Multifamily Housing,29878.0,Parking,8421.0,False,Multi-usages,114,0.0,1.0,1,3
2016,NonResidential,Retail Store,4,NORTHEAST,47.66246,-122.29898,1.0,2,54284,0,54284,Retail Store,52784.0,Other,1900.0,,,False,Multi-usages,60,0.0,1.0,1,2
2016,NonResidential,Warehouse,2,GREATER DUWAMISH,47.56089,-122.33474,1.0,2,104786,0,104786,Non-Refrigerated Warehouse,104786.0,,,,,False,Mono-usage,47,0.0,1.0,0,1
2016,NonResidential,Other,3,EAST,47.60953,-122.32793,1.0,8,158738,0,158738,Urgent Care/Clinic/Other Outpatient,158738.0,,,,,False,Mono-usage,41,0.0,1.0,0,1
2016,NonResidential,Retail Store,4,NORTHEAST,47.66033,-122.31348,1.0,3,32960,0,32960,Retail Store,32960.0,,,,,False,Mono-usage,116,0.0,1.0,0,1
2016,NonResidential,Small- and Mid-Sized Office,6,BALLARD,47.66691,-122.38416,1.0,4,23032,0,23032,Office,14448.0,Restaurant,5300.0,Retail Store,1460.0,False,Multi-usages,115,0.0,1.0,1,3
2016,Nonresidential COS,Other,7,MAGNOLIA / QUEEN ANNE,47.62082,-122.35251,1.0,2,40600,0,40600,Other,33000.0,,,,,False,Mono-usage,24,0.0,1.0,0,1
2016,NonResidential,Worship Facility,1,SOUTHWEST,47.53439,-122.37699,1.0,1,23562,0,23562,Worship Facility,18278.0,Office,15212.0,,,False,Multi-usages,59,0.0,1.0,1,2
2016,NonResidential,Hotel,7,LAKE UNION,47.62025,-122.34314,1.0,6,116300,28200,88100,Hotel,88490.0,Parking,28300.0,,,False,Multi-usages,19,0.2424763542562338,0.7575236457437661,0,1
2016,NonResidential,Small- and Mid-Sized Office,2,DOWNTOWN,47.59856,-122.33248,1.0,2,36630,0,36630,Office,22000.0,Distribution Center,11000.0,,,False,Multi-usages,86,0.0,1.0,1,2
2016,NonResidential,Other,5,NORTH,47.72083,-122.29979,1.0,1,30160,0,30160,Other,30139.0,,,,,False,Mono-usage,47,0.0,1.0,0,1
2016,NonResidential,Distribution Center,4,LAKE UNION,47.65791,-122.34274,1.0,1,28080,0,28080,Distribution Center,25580.0,Office,2500.0,,,False,Multi-usages,104,0.0,1.0,1,2
2016,Nonresidential COS,Other,5,NORTHWEST,47.72299,-122.34293,1.0,4,25557,0,25557,Residential Care Facility,25557.0,,,,,False,Mono-usage,46,0.0,1.0,0,1
2016,Nonresidential COS,Mixed Use Property,2,GREATER DUWAMISH,47.53939,-122.29536,1.0,1,18258,0,18258,Other - Recreation,8271.0,Fitness Center/Health Club/Gym,8000.0,Pre-school/Daycare,1108.0,False,Multi-usages,78,0.0,1.0,1,5
2016,NonResidential,Hotel,7,DOWNTOWN,47.61375,-122.34047,1.0,18,175580,62000,113580,Hotel,123445.0,Parking,68009.0,Swimming Pool,0.0,False,Multi-usages,36,0.3531153889964688,0.6468846110035311,1,3
2016,NonResidential,Restaurant,1,SOUTHWEST,47.58654,-122.37644,1.0,2,20398,0,20398,Restaurant,19232.0,Office,1166.0,,,False,Multi-usages,114,0.0,1.0,1,2
2016,NonResidential,Small- and Mid-Sized Office,4,LAKE UNION,47.65373,-122.32721,1.0,3,44510,18228,26282,Office,26282.0,Parking,18228.0,,,False,Multi-usages,9,0.4095259492248932,0.5904740507751067,1,2
2016,NonResidential,Small- and Mid-Sized Office,5,NORTH,47.70063,-122.32487,1.0,4,53730,0,53730,Office,53730.0,Parking,0.0,,,False,Multi-usages,37,0.0,1.0,1,2
2016,NonResidential,Warehouse,2,GREATER DUWAMISH,47.56318,-122.32889,1.0,1,31569,0,31569,Non-Refrigerated Warehouse,33000.0,,,,,False,Mono-usage,54,0.0,1.0,0,1
2016,NonResidential,Small- and Mid-Sized Office,3,EAST,47.61556,-122.32048,1.0,2,27938,0,27938,Office,13917.0,Retail Store,13188.0,,,False,Multi-usages,91,0.0,1.0,1,2
2016,NonResidential,Other,7,DOWNTOWN,47.61234,-122.34897,1.0,6,275982,197130,78852,Parking,197040.0,Office,78852.0,,,False,Multi-usages,33,0.7142857142857143,0.2857142857142857,1,2
2016,NonResidential,Small- and Mid-Sized Office,7,DOWNTOWN,47.61833,-122.35871,1.0,3,34030,0,34030,Office,34030.0,,,,,False,Mono-usage,37,0.0,1.0,0,1
2016,NonResidential,Other,2,GREATER DUWAMISH,47.56671,-122.32446,1.0,1,20819,0,20819,Manufacturing/Industrial Plant,20819.0,,,,,False,Mono-usage,42,0.0,1.0,0,1
2016,NonResidential,Mixed Use Property,7,DOWNTOWN,47.61014,-122.34251,1.0,1,34617,0,34617,Other - Restaurant/Bar,6455.0,Office,5813.0,Manufacturing/Industrial Plant,5581.0,False,Multi-usages,98,0.0,1.0,1,8
2016,NonResidential,Small- and Mid-Sized Office,3,CENTRAL,47.60207,-122.28481,6.0,2,75868,0,75868,Office,50379.0,Restaurant,12622.0,Retail Store,6662.0,False,Multi-usages,60,0.0,1.0,1,4
2016,NonResidential,Retail Store,5,NORTHWEST,47.7249,-122.34332,1.0,1,114000,0,114000,Retail Store,57805.0,Supermarket/Grocery Store,56312.0,,,False,Multi-usages,49,0.0,1.0,1,2
2016,NonResidential,Warehouse,7,DOWNTOWN,47.59986,-122.32987,1.0,4,43484,0,43484,Non-Refrigerated Warehouse,26416.0,Retail Store,9531.0,Office,7537.0,False,Multi-usages,110,0.0,1.0,1,3
2016,NonResidential,Warehouse,2,GREATER DUWAMISH,47.54983,-122.32858,1.0,2,90000,0,90000,Non-Refrigerated Warehouse,70000.0,Office,20000.0,,,False,Multi-usages,49,0.0,1.0,1,2
2016,NonResidential,Large Office,7,DOWNTOWN,47.61399,-122.33523,1.0,23,747747,205076,542671,Office,542461.0,Parking,219045.0,Restaurant,9337.0,False,Multi-usages,16,0.2742585393187803,0.7257414606812197,1,3
2016,NonResidential,Self-Storage Facility,2,GREATER DUWAMISH,47.58168,-122.33369,1.0,2,25821,0,25821,Self-Storage Facility,25821.0,,,,,False,Mono-usage,91,0.0,1.0,0,1
2016,NonResidential,Warehouse,2,GREATER DUWAMISH,47.54137,-122.33051,1.0,1,44100,0,44100,Non-Refrigerated Warehouse,40000.0,,,,,False,Mono-usage,40,0.0,1.0,0,1
2016,NonResidential,Small- and Mid-Sized Office,3,CENTRAL,47.60823,-122.30956,1.0,2,54984,0,54984,Office,54984.0,,,,,False,Mono-usage,54,0.0,1.0,0,1
2016,NonResidential,Warehouse,2,DOWNTOWN,47.59774,-122.31936,1.0,1,23903,0,23903,Non-Refrigerated Warehouse,18350.0,Worship Facility,4500.0,,,False,Multi-usages,86,0.0,1.0,1,2
2016,NonResidential,Worship Facility,2,SOUTHEAST,47.51042,-122.26277,1.0,2,27876,0,27876,Worship Facility,44816.0,,,,,False,Mono-usage,62,0.0,1.0,0,1
2016,NonResidential,Other,7,DOWNTOWN,47.60711,-122.33886,1.0,3,49760,0,49760,Other,24019.0,,,,,False,Mono-usage,116,0.0,1.0,0,1
2016,NonResidential,Mixed Use Property,5,NORTHWEST,47.69734,-122.34639,1.0,1,66704,0,66704,Other - Education,23904.0,Distribution Center,18500.0,Non-Refrigerated Warehouse,18500.0,False,Multi-usages,44,0.0,1.0,1,5
2016,NonResidential,Other,2,GREATER DUWAMISH,47.58787,-122.33365,1.0,2,20747,0,20747,Other - Entertainment/Public Assembly,11815.0,Restaurant,5120.0,Office,3812.0,False,Multi-usages,81,0.0,1.0,1,3
2016,NonResidential,Distribution Center,2,GREATER DUWAMISH,47.57055,-122.3267,1.0,1,73335,0,73335,Distribution Center,73335.0,Parking,0.0,,,False,Multi-usages,55,0.0,1.0,1,2
2016,NonResidential,Supermarket / Grocery Store,2,GREATER DUWAMISH,47.57894,-122.31287,1.0,1,21603,0,21603,Supermarket/Grocery Store,21603.0,,,,,False,Mono-usage,51,0.0,1.0,0,1
2016,NonResidential,Mixed Use Property,6,BALLARD,47.66835,-122.38886,1.0,1,21060,0,21060,Non-Refrigerated Warehouse,10495.0,Retail Store,10240.0,Office,1890.0,False,Multi-usages,71,0.0,1.0,1,4
2016,NonResidential,Other,2,GREATER DUWAMISH,47.57941,-122.33131,1.0,2,76442,0,76442,Other,50500.0,Distribution Center,18000.0,Office,7604.0,False,Multi-usages,63,0.0,1.0,1,3
2016,NonResidential,Large Office,3,DOWNTOWN,47.60573,-122.33028,1.0,42,1249055,201121,1047934,Office,983697.0,Parking,296815.0,Medical Office,12941.0,False,Multi-usages,35,0.1610185300086865,0.8389814699913134,1,5
2016,NonResidential,Self-Storage Facility,7,MAGNOLIA / QUEEN ANNE,47.63634,-122.3754,1.0,3,94470,0,94470,Self-Storage Facility,94470.0,,,,,False,Mono-usage,60,0.0,1.0,0,1
2016,NonResidential,Other,7,DOWNTOWN,47.60265,-122.33051,1.0,10,540360,0,540360,Courthouse,537150.0,,,,,False,Mono-usage,100,0.0,1.0,0,1
2016,NonResidential,Warehouse,2,GREATER DUWAMISH,47.552,-122.32262,1.0,1,37500,0,37500,Non-Refrigerated Warehouse,61419.0,,,,,False,Mono-usage,31,0.0,1.0,0,1
2016,NonResidential,Hotel,7,DOWNTOWN,47.60946,-122.33337,1.0,24,332210,205970,126240,Hotel,348630.0,,,,,False,Mono-usage,47,0.6199993979711628,0.3800006020288372,0,1
2016,NonResidential,Warehouse,2,GREATER DUWAMISH,47.5478,-122.32307,1.0,1,41895,0,41895,Non-Refrigerated Warehouse,37524.0,Office,2596.0,,,False,Multi-usages,55,0.0,1.0,1,2
2016,NonResidential,Small- and Mid-Sized Office,7,LAKE UNION,47.62054,-122.33807,1.0,4,35780,0,35780,Office,22341.0,Retail Store,8214.0,Parking,5225.0,False,Multi-usages,90,0.0,1.0,1,3
2016,NonResidential,Warehouse,1,GREATER DUWAMISH,47.53326,-122.32579,1.0,1,42420,0,42420,Non-Refrigerated Warehouse,27420.0,Other,10000.0,Office,5000.0,False,Multi-usages,63,0.0,1.0,1,3
2016,NonResidential,Small- and Mid-Sized Office,2,DOWNTOWN,47.59701,-122.33378,1.0,4,66842,0,66842,Office,43122.0,Retail Store,10514.0,,,False,Multi-usages,112,0.0,1.0,1,2
2016,NonResidential,Small- and Mid-Sized Office,7,MAGNOLIA / QUEEN ANNE,47.65252,-122.37587,1.0,3,25859,0,25859,Office,25859.0,Parking,4000.0,,,False,Multi-usages,34,0.0,1.0,1,2
2016,NonResidential,Mixed Use Property,7,DOWNTOWN,47.59937,-122.33116,1.0,4,73320,0,73320,Non-Refrigerated Warehouse,27283.0,Office,23277.0,Retail Store,6540.0,False,Multi-usages,114,0.0,1.0,1,3
2016,NonResidential,Small- and Mid-Sized Office,6,LAKE UNION,47.65297,-122.35839,1.0,2,35600,0,35600,Office,36839.0,Parking,0.0,,,False,Multi-usages,30,0.0,1.0,1,2
2016,NonResidential,Retail Store,2,GREATER DUWAMISH,47.53922,-122.28295,1.0,2,54211,17471,36740,Retail Store,30000.0,Supermarket/Grocery Store,5000.0,Parking,4000.0,True,Multi-usages,14,0.3222777665049529,0.6777222334950471,1,3
2016,NonResidential,Medical Office,3,EAST,47.61048,-122.32837,1.0,3,266000,104000,162000,Medical Office,162000.0,Parking,104000.0,,,False,Multi-usages,71,0.3909774436090225,0.6090225563909775,1,2
2016,NonResidential,Small- and Mid-Sized Office,4,NORTHEAST,47.66888,-122.28333,1.0,2,20317,0,20317,Office,20317.0,,,,,False,Mono-usage,49,0.0,1.0,0,1
2016,NonResidential,Retail Store,7,DOWNTOWN,47.6123,-122.34395,1.0,2,26400,0,26400,Retail Store,14428.0,Office,7200.0,Parking,2788.0,False,Multi-usages,96,0.0,1.0,1,3
2016,NonResidential,Large Office,7,DOWNTOWN,47.61628,-122.33391,1.0,7,274362,0,274362,Office,274362.0,,,,,False,Mono-usage,63,0.0,1.0,0,1
2016,NonResidential,Large Office,7,DOWNTOWN,47.61578,-122.33726,1.0,25,758043,228668,529375,Office,582725.0,Parking,191082.0,,,False,Multi-usages,7,0.3016557108237923,0.6983442891762077,1,2
2016,NonResidential,Self-Storage Facility,5,NORTH,47.70782,-122.31873,2.0,2,33344,0,33344,Self-Storage Facility,31360.0,Office,984.0,Parking,0.0,False,Multi-usages,39,0.0,1.0,1,3
2016,NonResidential,K-12 School,5,NORTHWEST,47.72726,-122.32835,1.0,2,49252,0,49252,K-12 School,61099.0,,,,,False,Mono-usage,17,0.0,1.0,0,1
2016,NonResidential,Retail Store,7,DOWNTOWN,47.61812,-122.35509,1.0,1,24825,1263,23562,Retail Store,13940.0,Non-Refrigerated Warehouse,10439.0,,,False,Multi-usages,91,0.0508761329305135,0.9491238670694864,1,2
2016,NonResidential,Medical Office,3,CENTRAL,47.60132,-122.30477,1.0,2,39000,0,39000,Medical Office,39000.0,,,,,False,Mono-usage,26,0.0,1.0,0,1
2016,NonResidential,Mixed Use Property,2,GREATER DUWAMISH,47.58718,-122.33467,1.0,3,66138,12586,53552,Office,26044.0,Manufacturing/Industrial Plant,13884.0,Parking,13858.0,False,Multi-usages,95,0.19029907163809,0.80970092836191,1,4
2016,NonResidential,Warehouse,2,SOUTHEAST,47.51098,-122.27817,1.0,2,45700,0,45700,Non-Refrigerated Warehouse,293707.0,,,,,False,Mono-usage,28,0.0,1.0,0,1
2016,NonResidential,Mixed Use Property,7,DOWNTOWN,47.60515,-122.33159,1.0,5,57452,0,57452,Social/Meeting Hall,16442.0,Restaurant,15505.0,Office,9741.0,False,Multi-usages,109,0.0,1.0,1,5
2016,NonResidential,K-12 School,4,NORTHEAST,47.66568,-122.31368,1.0,2,55653,0,55653,K-12 School,55500.0,,,,,False,Mono-usage,88,0.0,1.0,0,1
2016,NonResidential,Large Office,7,LAKE UNION,47.62146,-122.33976,1.0,12,480702,163260,317442,Office,341897.0,Parking,136594.0,,,False,Multi-usages,2,0.3396282936205799,0.6603717063794201,1,2
2016,NonResidential,Self-Storage Facility,7,MAGNOLIA / QUEEN ANNE,47.64418,-122.37587,1.0,3,39952,0,39952,Self-Storage Facility,39952.0,,,,,False,Mono-usage,101,0.0,1.0,0,1
2016,NonResidential,Small- and Mid-Sized Office,1,GREATER DUWAMISH,47.56999,-122.34703,1.0,2,40657,0,40657,Office,40657.0,Parking,0.0,,,False,Multi-usages,19,0.0,1.0,1,2
2016,NonResidential,Other,4,NORTHEAST,47.66414,-122.31664,1.0,3,33648,0,33648,Parking,83600.0,Automobile Dealership,39000.0,,,False,Multi-usages,2,0.0,1.0,1,2
2016,NonResidential,Large Office,7,DOWNTOWN,47.61431,-122.34244,1.0,24,543876,116721,427155,Office,424044.0,Parking,107300.0,,,False,Multi-usages,37,0.2146095801248814,0.7853904198751186,1,2
2016,NonResidential,K-12 School,5,NORTHEAST,47.694,-122.28967,1.0,2,43645,0,43645,K-12 School,37000.0,,,,,False,Mono-usage,67,0.0,1.0,0,1
2016,NonResidential,Mixed Use Property,7,DOWNTOWN,47.61056,-122.33661,1.0,11,111137,0,111137,Office,42939.0,Multifamily Housing,40878.0,Bank Branch,10887.0,False,Multi-usages,107,0.0,1.0,1,5
2016,NonResidential,Residence Hall,4,NORTHEAST,47.65718,-122.31632,1.0,0,176225,0,176225,Residence Hall/Dormitory,176225.0,Parking,24000.0,,,False,Multi-usages,5,0.0,1.0,1,2
2016,NonResidential,K-12 School,3,EAST,47.61339,-122.32594,1.0,3,60000,0,60000,K-12 School,48783.0,,,,,False,Mono-usage,112,0.0,1.0,0,1
2016,NonResidential,Retail Store,4,NORTHEAST,47.66246,-122.29898,1.0,2,49965,0,49965,Retail Store,47465.0,Other,2500.0,,,False,Multi-usages,13,0.0,1.0,1,2
2016,NonResidential,Retail Store,4,NORTHEAST,47.66024,-122.31278,1.0,2,89200,0,89200,Retail Store,89200.0,,,,,False,Mono-usage,38,0.0,1.0,0,1
2016,NonResidential,Warehouse,5,NORTHWEST,47.72377,-122.34095,1.0,3,94400,0,94400,Non-Refrigerated Warehouse,67155.0,,,,,False,Mono-usage,17,0.0,1.0,0,1
2016,NonResidential,Retail Store,7,DOWNTOWN,47.61203,-122.33486,1.0,4,78920,0,78920,Retail Store,78920.0,,,,,False,Mono-usage,87,0.0,1.0,0,1
2016,NonResidential,Small- and Mid-Sized Office,7,DOWNTOWN,47.59954,-122.33115,0.0,3,26830,0,26830,Office,16838.0,Other,10000.0,,,False,Multi-usages,116,0.0,1.0,1,2
2016,NonResidential,Senior Care Community,2,SOUTHEAST,47.53515,-122.26556,1.0,1,141297,0,141297,Senior Care Community,141297.0,,,,,False,Mono-usage,49,0.0,1.0,0,1
2016,NonResidential,Other,7,MAGNOLIA / QUEEN ANNE,47.63644,-122.34218,1.0,3,22960,0,22960,Other - Entertainment/Public Assembly,22960.0,,,,,False,Mono-usage,55,0.0,1.0,0,1
2016,NonResidential,Other,2,GREATER DUWAMISH,47.59273,-122.33455,1.0,2,58492,0,58492,Other,58500.0,,,,,False,Mono-usage,77,0.0,1.0,0,1
2016,NonResidential,Other,2,GREATER DUWAMISH,47.57959,-122.32557,1.0,1,32100,0,32100,Other,32100.0,,,,,False,Mono-usage,106,0.0,1.0,0,1
2016,NonResidential,Supermarket / Grocery Store,6,NORTHWEST,47.69197,-122.35877,1.0,1,141890,35545,106345,Supermarket/Grocery Store,168735.0,Parking,0.0,Parking,0.0,False,Multi-usages,46,0.2505109591937416,0.7494890408062583,1,2
2016,NonResidential,Large Office,7,DOWNTOWN,47.61516,-122.33303,1.0,16,480840,141600,339240,Office,311736.0,Parking,123356.0,Fitness Center/Health Club/Gym,18239.0,False,Multi-usages,26,0.2944846518592463,0.7055153481407537,1,5
2016,NonResidential,Worship Facility,6,BALLARD,47.67628,-122.38238,1.0,2,24120,0,24120,Worship Facility,24120.0,,,,,False,Mono-usage,88,0.0,1.0,0,1
2016,NonResidential,Hotel,7,DOWNTOWN,47.60681,-122.33078,1.0,28,416281,85000,331281,Hotel,348329.0,Parking,85000.0,,,False,Multi-usages,33,0.2041889973359341,0.7958110026640659,1,2
2016,NonResidential,Warehouse,2,GREATER DUWAMISH,47.57934,-122.32501,1.0,1,24990,0,24990,Non-Refrigerated Warehouse,25649.0,Office,6728.0,,,False,Multi-usages,63,0.0,1.0,1,2
2016,NonResidential,Large Office,7,LAKE UNION,47.62263,-122.33976,1.0,12,483397,166208,317189,Office,342173.0,Parking,147597.0,,,False,Multi-usages,1,0.3438333295407295,0.6561666704592706,1,2
2016,NonResidential,Retail Store,4,NORTHEAST,47.66246,-122.29898,1.0,2,93803,0,93803,Retail Store,85572.0,Restaurant,2950.0,Other,2500.0,False,Multi-usages,60,0.0,1.0,1,4
2016,NonResidential,Worship Facility,4,NORTHEAST,47.65926,-122.31241,1.0,2,47992,0,47992,Worship Facility,37800.0,Other,10206.0,,,False,Multi-usages,90,0.0,1.0,1,2
2016,NonResidential,Restaurant,2,DOWNTOWN,47.59697,-122.32474,1.0,3,28800,0,28800,,,,,,,False,Mono-usage,103,0.0,1.0,0,1
2016,NonResidential,Warehouse,7,MAGNOLIA / QUEEN ANNE,47.65649,-122.37507,1.0,1,46970,0,46970,Non-Refrigerated Warehouse,46970.0,,,,,False,Mono-usage,68,0.0,1.0,0,1
2016,NonResidential,Small- and Mid-Sized Office,7,LAKE UNION,47.62298,-122.33082,1.0,2,27788,0,27788,Office,32610.0,Other - Restaurant/Bar,4874.0,,,False,Multi-usages,104,0.0,1.0,1,2
2016,NonResidential,Retail Store,5,NORTH,47.70708,-122.32251,1.0,1,41615,0,41615,Retail Store,41615.0,,,,,True,Mono-usage,50,0.0,1.0,0,1
2016,NonResidential,Warehouse,2,GREATER DUWAMISH,47.55066,-122.31787,1.0,4,72859,0,72859,Non-Refrigerated Warehouse,72859.0,,,,,False,Mono-usage,112,0.0,1.0,0,1
2016,NonResidential,Laboratory,7,LAKE UNION,47.62405,-122.34036,1.0,4,102235,0,102235,Laboratory,103135.0,,,,,False,Mono-usage,53,0.0,1.0,0,1
2016,NonResidential,Other,7,EAST,47.61186,-122.32857,1.0,4,49243,0,49243,Other/Specialty Hospital,52284.0,,,,,False,Mono-usage,52,0.0,1.0,0,1
2016,NonResidential,Large Office,7,DOWNTOWN,47.60902,-122.33674,1.0,14,137350,0,137350,Office,124508.0,,,,,False,Mono-usage,87,0.0,1.0,0,1
2016,NonResidential,Hotel,7,DOWNTOWN,47.61558,-122.34186,1.0,5,68410,16200,52210,Hotel,47994.0,,,,,False,Mono-usage,38,0.2368074842859231,0.7631925157140769,0,1
2016,NonResidential,Large Office,7,MAGNOLIA / QUEEN ANNE,47.63347,-122.34078,1.0,4,191146,94892,96254,Office,103000.0,Parking,80000.0,,,False,Multi-usages,16,0.49643727831082,0.50356272168918,1,2
2016,NonResidential,Hospital,3,EAST,47.60986,-122.32774,1.0,8,374466,0,374466,Hospital (General Medical & Surgical),1010135.0,,,,,False,Mono-usage,96,0.0,1.0,0,1
2016,NonResidential,Large Office,7,DOWNTOWN,47.60987,-122.33824,1.0,10,130893,0,130893,Office,87925.0,Supermarket/Grocery Store,27177.0,Medical Office,6644.0,False,Multi-usages,89,0.0,1.0,1,3
2016,NonResidential,Other,7,DOWNTOWN,47.61076,-122.33765,1.0,2,57428,0,57428,Other - Mall,51747.0,"Personal Services (Health/Beauty, Dry Cleaning, etc)",5681.0,,,False,Multi-usages,96,0.0,1.0,1,4
2016,NonResidential,Warehouse,6,LAKE UNION,47.64965,-122.34913,1.0,2,33840,0,33840,Non-Refrigerated Warehouse,18740.0,Office,13660.0,Retail Store,1440.0,False,Multi-usages,89,0.0,1.0,1,3
2016,NonResidential,Warehouse,2,GREATER DUWAMISH,47.55716,-122.33744,1.0,1,38412,0,38412,Non-Refrigerated Warehouse,32000.0,Office,8000.0,,,False,Multi-usages,92,0.0,1.0,1,2
2016,NonResidential,Distribution Center,2,GREATER DUWAMISH,47.58096,-122.32313,1.0,1,84420,0,84420,Distribution Center,44300.0,Office,24838.0,Retail Store,12349.0,False,Multi-usages,46,0.0,1.0,1,3
2016,NonResidential,Small- and Mid-Sized Office,7,DOWNTOWN,47.60102,-122.33378,1.0,4,22840,0,22840,Office,18400.0,Other,4440.0,,,True,Multi-usages,116,0.0,1.0,1,2
2016,NonResidential,Hotel,7,DOWNTOWN,47.61665,-122.33261,1.0,14,144614,0,144614,Hotel,159500.0,,,,,False,Mono-usage,1,0.0,1.0,0,1
2016,NonResidential,Distribution Center,2,GREATER DUWAMISH,47.58513,-122.30645,1.0,1,25920,0,25920,Distribution Center,19277.0,Refrigerated Warehouse,4051.0,Office,2592.0,False,Multi-usages,47,0.0,1.0,1,3
2016,NonResidential,Worship Facility,7,MAGNOLIA / QUEEN ANNE,47.64725,-122.39977,1.0,2,31805,0,31805,Worship Facility,31805.0,,,,,False,Mono-usage,63,0.0,1.0,0,1
2016,NonResidential,Restaurant,7,DOWNTOWN,47.61521,-122.33747,1.0,3,33600,0,33600,Restaurant,19200.0,Office,14400.0,,,False,Multi-usages,93,0.0,1.0,1,2
2016,NonResidential,Other,7,DOWNTOWN,47.60055,-122.33057,1.0,6,29820,0,29820,Other - Lodging/Residential,29820.0,,,,,False,Mono-usage,112,0.0,1.0,0,1
2016,NonResidential,Warehouse,2,GREATER DUWAMISH,47.56362,-122.32876,1.0,1,22509,0,22509,Non-Refrigerated Warehouse,22509.0,,,,,False,Mono-usage,60,0.0,1.0,0,1
2016,NonResidential,Small- and Mid-Sized Office,2,GREATER DUWAMISH,47.55658,-122.33322,1.0,3,43473,0,43473,Office,43473.0,,,,,False,Mono-usage,16,0.0,1.0,0,1
2016,NonResidential,Retail Store,3,EAST,47.61386,-122.32481,0.0,2,24750,0,24750,Retail Store,19240.0,Office,2050.0,Medical Office,1250.0,False,Multi-usages,106,0.0,1.0,1,3
2016,NonResidential,Mixed Use Property,3,EAST,47.6139,-122.32034,1.0,3,24000,0,24000,Office,12000.0,Other,6000.0,Retail Store,6000.0,False,Multi-usages,104,0.0,1.0,1,3
2016,NonResidential,Small- and Mid-Sized Office,3,EAST,47.61194,-122.32177,1.0,3,73549,0,73549,Office,41632.0,Worship Facility,31917.0,,,False,Multi-usages,106,0.0,1.0,1,2
2016,NonResidential,Large Office,7,DOWNTOWN,47.6036,-122.33288,1.0,15,388934,0,388934,Office,388934.0,,,,,False,Mono-usage,94,0.0,1.0,0,1
2016,NonResidential,Senior Care Community,5,North,47.71069,-122.32674,1.0,5,43661,0,43661,Senior Care Community,43661.0,Parking,0.0,,,False,Multi-usages,18,0.0,1.0,1,2
2016,NonResidential,Small- and Mid-Sized Office,2,GREATER DUWAMISH,47.57529,-122.33475,1.0,1,26310,0,26310,Office,24000.0,Non-Refrigerated Warehouse,8874.0,Social/Meeting Hall,1000.0,False,Multi-usages,93,0.0,1.0,1,3
2016,NonResidential,Other,7,MAGNOLIA / QUEEN ANNE,47.62049,-122.3493,1.0,2,33971,0,33971,Other - Recreation,50000.0,,,,,False,Mono-usage,55,0.0,1.0,0,1
2016,NonResidential,Worship Facility,4,NORTHEAST,47.6645,-122.31224,1.0,2,78401,0,78401,Worship Facility,62400.0,Office,9940.0,K-12 School,4960.0,False,Multi-usages,89,0.0,1.0,1,4
2016,NonResidential,Senior Care Community,5,NORTHWEST,47.72618,-122.35642,1.0,2,51298,0,51298,Senior Care Community,51298.0,,,,,False,Mono-usage,62,0.0,1.0,0,1
2016,NonResidential,Other,6,BALLARD,47.66908,-122.38627,1.0,2,30000,0,30000,Strip Mall,25828.0,Parking,0.0,,,False,Multi-usages,88,0.0,1.0,1,2
2016,NonResidential,Small- and Mid-Sized Office,7,DOWNTOWN,47.61256,-122.33808,1.0,5,73399,0,73399,Office,51557.0,Retail Store,9976.0,,,False,Multi-usages,100,0.0,1.0,1,2
2016,NonResidential,K-12 School,3,CENTRAL,47.61395,-122.31253,1.0,2,36825,0,36825,K-12 School,44340.0,Worship Facility,10415.0,Social/Meeting Hall,4925.0,False,Multi-usages,65,0.0,1.0,1,4
2016,NonResidential,Small- and Mid-Sized Office,7,DOWNTOWN,47.60366,-122.33328,1.0,3,52298,0,52298,Office,50250.0,,,,,False,Mono-usage,95,0.0,1.0,0,1
2016,NonResidential,Warehouse,1,GREATER DUWAMISH,47.52549,-122.33064,1.0,1,33320,0,33320,Non-Refrigerated Warehouse,32200.0,Office,1200.0,,,False,Multi-usages,37,0.0,1.0,1,2
2016,Nonresidential COS,Other,3,EAST,47.61492,-122.31728,1.0,2,61580,27000,34580,Other,36280.0,Parking,23154.0,,,False,Multi-usages,90,0.4384540435206235,0.5615459564793764,1,2
2016,Nonresidential COS,Mixed Use Property,2,GREATER DUWAMISH,47.57918,-122.32075,5.0,1,87458,0,87458,Office,41097.0,Distribution Center,39772.0,Other,6275.0,False,Multi-usages,50,0.0,1.0,1,4
2016,NonResidential,Retail Store,1,DELRIDGE,47.52254,-122.36627,1.0,1,64984,0,64984,Retail Store,65425.0,,,,,False,Mono-usage,50,0.0,1.0,0,1
2016,NonResidential,Small- and Mid-Sized Office,6,BALLARD,47.66587,-122.38476,1.0,3,43500,0,43500,Office,43495.0,,,,,False,Mono-usage,37,0.0,1.0,0,1
2016,NonResidential,Worship Facility,3,SOUTHEAST,47.58671,-122.30201,1.0,2,22952,0,22952,Worship Facility,22962.0,Parking,0.0,,,False,Multi-usages,53,0.0,1.0,1,2
2016,NonResidential,Other,2,GREATER DUWAMISH,47.57459,-122.3339,1.0,1,20975,0,20975,Other - Entertainment/Public Assembly,13144.0,Other,6600.0,Fast Food Restaurant,1070.0,False,Multi-usages,79,0.0,1.0,1,3
2016,NonResidential,Hotel,7,LAKE UNION,47.61988,-122.33211,1.0,6,84103,20732,63371,Hotel,63371.0,Parking,20732.0,,,False,Multi-usages,8,0.2465072589562798,0.7534927410437202,1,2
2016,NonResidential,Large Office,7,DOWNTOWN,47.61375,-122.33566,1.0,17,204790,30000,174790,Office,142034.0,Other - Recreation,17070.0,Retail Store,14666.0,False,Multi-usages,86,0.146491527906636,0.8535084720933639,1,4
2016,NonResidential,Warehouse,2,GREATER DUWAMISH,47.58781,-122.33264,1.0,1,78814,0,78814,Non-Refrigerated Warehouse,78814.0,,,,,False,Mono-usage,62,0.0,1.0,0,1
2016,NonResidential,Small- and Mid-Sized Office,3,EAST,47.61438,-122.32174,0.0,2,64820,0,64820,Office,37668.0,Movie Theater,11500.0,Vocational School,10000.0,False,Multi-usages,104,0.0,1.0,1,3
2016,NonResidential,Warehouse,5,NORTHWEST,47.72912,-122.34677,1.0,1,52311,0,52311,Non-Refrigerated Warehouse,51116.0,,,,,False,Mono-usage,56,0.0,1.0,0,1
2016,NonResidential,Supermarket / Grocery Store,5,NORTH,47.71864,-122.312,1.0,1,51400,0,51400,Supermarket/Grocery Store,51841.0,Parking,0.0,,,False,Multi-usages,5,0.0,1.0,1,2
2016,NonResidential,Warehouse,2,GREATER DUWAMISH,47.57466,-122.33089,1.0,1,48280,0,48280,Non-Refrigerated Warehouse,40780.0,Office,7500.0,,,False,Multi-usages,48,0.0,1.0,1,2
2016,NonResidential,University,3,EAST,47.62531,-122.32303,1.0,3,31900,0,31900,College/University,26000.0,,,,,False,Mono-usage,95,0.0,1.0,0,1
2016,NonResidential,Hotel,7,DOWNTOWN,47.60294,-122.33263,1.0,15,163984,0,163984,Hotel,163984.0,,,,,False,Mono-usage,112,0.0,1.0,0,1
2016,NonResidential,Worship Facility,1,DELRIDGE,47.51989,-122.35489,1.0,1,23706,0,23706,Worship Facility,23706.0,,,,,False,Mono-usage,53,0.0,1.0,0,1
2016,NonResidential,Warehouse,1,GREATER DUWAMISH,47.53104,-122.32784,1.0,1,24024,0,24024,Non-Refrigerated Warehouse,14314.0,Other - Services,9710.0,,,False,Multi-usages,39,0.0,1.0,1,2
2016,NonResidential,Self-Storage Facility,2,GREATER DUWAMISH,47.54514,-122.28596,1.0,1,23100,0,23100,Self-Storage Facility,23250.0,,,,,False,Mono-usage,61,0.0,1.0,0,1
2016,NonResidential,Small- and Mid-Sized Office,7,DOWNTOWN,47.61588,-122.34965,1.0,3,20565,0,20565,Office,20565.0,,,,,False,Mono-usage,91,0.0,1.0,0,1
2016,NonResidential,Warehouse,2,GREATER DUWAMISH,47.5471,-122.32406,1.0,1,106000,0,106000,Non-Refrigerated Warehouse,106001.0,,,,,False,Mono-usage,53,0.0,1.0,0,1
2016,NonResidential,Worship Facility,6,BALLARD,47.67477,-122.38241,1.0,2,21765,0,21765,Worship Facility,21765.0,,,,,False,Mono-usage,106,0.0,1.0,0,1
2016,NonResidential,Other,3,CENTRAL,47.60285,-122.31458,1.0,3,25864,0,25864,Social/Meeting Hall,13364.0,Office,8420.0,,,False,Multi-usages,108,0.0,1.0,1,2
2016,NonResidential,Warehouse,1,GREATER DUWAMISH,47.52024,-122.32137,1.0,1,35289,0,35289,Non-Refrigerated Warehouse,35289.0,,,,,False,Mono-usage,9,0.0,1.0,0,1
2016,NonResidential,Small- and Mid-Sized Office,4,NORTHEAST,47.68254,-122.26299,1.0,0,21931,0,21931,Office,31845.0,Office,31845.0,,,False,Multi-usages,56,0.0,1.0,0,1
2016,NonResidential,Restaurant,7,DOWNTOWN,47.61332,-122.33904,1.0,3,22381,0,22381,Restaurant,22381.0,,,,,False,Mono-usage,93,0.0,1.0,0,1
2016,NonResidential,Large Office,4,NORTHEAST,47.66517,-122.30186,1.0,3,102290,42440,59850,Office,83715.0,Parking,18575.0,,,False,Multi-usages,10,0.4148988170886695,0.5851011829113305,1,2
2016,NonResidential,Other,4,NORTHEAST,47.66453,-122.30999,1.0,2,21075,0,21075,Social/Meeting Hall,18075.0,Office,3000.0,,,False,Multi-usages,12,0.0,1.0,1,2
2016,NonResidential,Large Office,5,NORTH,47.69917,-122.3268,1.0,5,122250,0,122250,Office,91281.0,Adult Education,30177.0,Bank Branch,5931.0,False,Multi-usages,33,0.0,1.0,1,4
2016,NonResidential,Small- and Mid-Sized Office,7,DOWNTOWN,47.61356,-122.33665,1.0,10,63409,7757,55652,Office,45260.0,Retail Store,6187.0,,,False,Multi-usages,90,0.1223327918749704,0.8776672081250295,1,2
2016,NonResidential,Warehouse,2,GREATER DUWAMISH,47.58241,-122.32866,1.0,2,61200,0,61200,Non-Refrigerated Warehouse,61200.0,,,,,False,Mono-usage,85,0.0,1.0,0,1
2016,NonResidential,Other,7,DOWNTOWN,47.61362,-122.33959,1.0,4,32356,0,32356,Financial Office,25876.0,Bank Branch,6480.0,,,False,Multi-usages,89,0.0,1.0,1,2
2016,Nonresidential COS,Mixed Use Property,5,NORTH,47.70541,-122.32232,1.0,1,20616,0,20616,Other - Recreation,9900.0,Fitness Center/Health Club/Gym,8577.0,Pre-school/Daycare,1364.0,False,Multi-usages,11,0.0,1.0,1,5
2016,NonResidential,Mixed Use Property,2,GREATER DUWAMISH,47.5823,-122.32937,1.0,3,21947,0,21947,Other,14877.0,Office,12023.0,Parking,4920.0,False,Multi-usages,12,0.0,1.0,1,3
2016,NonResidential,Hospital,3,EAST,47.608951,-122.322402,7.0,14,1765970,0,1765970,Hospital (General Medical & Surgical),1639334.0,Parking,441551.0,,,False,Multi-usages,22,0.0,1.0,1,2
2016,NonResidential,Small- and Mid-Sized Office,7,MAGNOLIA / QUEEN ANNE,47.65504,-122.37402,1.0,2,20022,0,20022,Office,20784.0,,,,,False,Mono-usage,55,0.0,1.0,0,1
2016,NonResidential,Large Office,7,DOWNTOWN,47.61732,-122.34791,1.0,8,150000,23630,126370,Office,126648.0,Parking,23913.0,,,False,Multi-usages,41,0.1575333333333333,0.8424666666666667,1,2
2016,NonResidential,Hotel,7,DOWNTOWN,47.60505,-122.3361,0.0,10,392552,22225,370327,Hotel,198400.0,Parking,52400.0,,,False,Multi-usages,10,0.056616703010047,0.9433832969899528,1,2
2016,NonResidential,Refrigerated Warehouse,2,GREATER DUWAMISH,47.58999,-122.33539,0.0,2,24430,0,24430,Refrigerated Warehouse,15667.0,Other,8690.0,,,False,Multi-usages,79,0.0,1.0,1,2
2016,NonResidential,Large Office,7,DOWNTOWN,47.61217,-122.33694,1.0,25,369996,0,369996,Office,383942.0,Parking,127192.0,,,False,Multi-usages,27,0.0,1.0,1,2
2016,NonResidential,Large Office,2,GREATER DUWAMISH,47.58361,-122.33369,1.0,4,129000,25800,103200,Office,104869.0,,,,,False,Mono-usage,116,0.2,0.8,0,1
2016,NonResidential,Small- and Mid-Sized Office,5,NORTHWEST,47.70793,-122.33316,1.0,2,27574,0,27574,Office,27574.0,,,,,False,Mono-usage,34,0.0,1.0,0,1
2016,NonResidential,Supermarket / Grocery Store,7,MAGNOLIA / QUEEN ANNE,47.62473,-122.34727,1.0,4,45980,0,45980,Supermarket/Grocery Store,45980.0,,,,,False,Mono-usage,10,0.0,1.0,0,1
2016,NonResidential,Residence Hall,4,NORTHEAST,47.65711,-122.31409,1.0,3,28572,0,28572,Residence Hall/Dormitory,22000.0,Parking,7000.0,,,False,Multi-usages,23,0.0,1.0,1,2
2016,NonResidential,Retail Store,7,DOWNTOWN,47.60223,-122.33602,1.0,6,86204,0,86204,Other,67670.0,Retail Store,13534.0,,,False,Multi-usages,106,0.0,1.0,0,1
2016,NonResidential,Self-Storage Facility,7,DOWNTOWN,47.61591,-122.33238,1.0,5,93660,0,93660,Self-Storage Facility,93660.0,,,,,False,Mono-usage,52,0.0,1.0,0,1
2016,NonResidential,Small- and Mid-Sized Office,2,GREATER DUWAMISH,47.57893,-122.33374,1.0,1,20460,0,20460,Office,20460.0,,,,,False,Mono-usage,90,0.0,1.0,0,1
2016,NonResidential,Mixed Use Property,3,LAKE UNION,47.62774,-122.33384,1.0,2,34639,15402,19237,Restaurant,23373.0,Other,19659.0,Parking,15402.0,False,Multi-usages,28,0.4446433211120413,0.5553566788879587,1,3
2016,NonResidential,Small- and Mid-Sized Office,7,DOWNTOWN,47.60247,-122.33372,1.0,7,23622,0,23622,Office,26195.0,Restaurant,2285.0,,,False,Multi-usages,116,0.0,1.0,1,2
2016,NonResidential,Large Office,7,DOWNTOWN,47.61757,-122.35122,0.0,3,100734,26731,74003,Office,100734.0,,,,,False,Mono-usage,48,0.2653622411499593,0.7346377588500407,0,1
2016,NonResidential,Small- and Mid-Sized Office,6,LAKE UNION,47.65114,-122.34954,1.0,5,33740,6010,27730,Office,15908.0,Retail Store,8762.0,Parking,1500.0,False,Multi-usages,15,0.1781268524007113,0.8218731475992886,1,3
2016,NonResidential,Warehouse,1,GREATER DUWAMISH,47.57279,-122.35066,1.0,1,20200,0,20200,Non-Refrigerated Warehouse,18700.0,Office,1500.0,,,False,Multi-usages,116,0.0,1.0,1,2
2016,NonResidential,Small- and Mid-Sized Office,7,DOWNTOWN,47.60227,-122.33202,1.0,5,50176,0,50176,Office,50328.0,Other,8329.0,Restaurant,4253.0,False,Multi-usages,116,0.0,1.0,1,3
2016,NonResidential,Warehouse,1,GREATER DUWAMISH,47.51968,-122.3212,1.0,1,31300,0,31300,Non-Refrigerated Warehouse,31300.0,,,,,True,Mono-usage,38,0.0,1.0,0,1
2016,NonResidential,Mixed Use Property,7,LAKE UNION,47.62121,-122.33885,1.0,5,159700,50654,109046,Other,72407.0,Parking,49314.0,Office,37406.0,False,Multi-usages,13,0.3171822166562304,0.6828177833437695,1,4
2016,NonResidential,Hospital,3,LAKE UNION,47.62667,-122.32965,1.0,7,351530,150455,201075,Hospital (General Medical & Surgical),215602.0,,,,,False,Mono-usage,16,0.4280004551531875,0.5719995448468125,0,1
2016,NonResidential,Small- and Mid-Sized Office,3,EAST,47.61393,-122.31589,1.0,3,23422,0,23422,Office,23422.0,,,,,False,Mono-usage,96,0.0,1.0,0,1
2016,NonResidential,Distribution Center,2,GREATER DUWAMISH,47.57658,-122.33054,1.0,2,92792,0,92792,Distribution Center,85343.0,Office,13435.0,,,False,Multi-usages,54,0.0,1.0,1,2
2016,NonResidential,Hotel,7,DOWNTOWN,47.61275,-122.3333,1.0,0,934292,0,934292,Hotel,495536.0,Parking,438756.0,Restaurant,49700.0,False,Multi-usages,17,0.0,1.0,1,5
2016,NonResidential,Warehouse,3,GREATER DUWAMISH,47.5867,-122.30519,1.0,2,25955,0,25955,Non-Refrigerated Warehouse,14150.0,Other - Services,8745.0,Office,3060.0,False,Multi-usages,88,0.0,1.0,1,3
2016,NonResidential,Large Office,7,DOWNTOWN,47.60869,-122.33588,1.0,21,298426,0,298426,Office,286538.0,Parking,197750.0,Other - Education,11888.0,False,Multi-usages,56,0.0,1.0,1,3
2016,NonResidential,Mixed Use Property,7,DOWNTOWN,47.61113,-122.34556,1.0,4,82065,34800,47265,Parking,36036.0,Office,27594.0,Retail Store,13945.0,False,Multi-usages,26,0.4240541034545786,0.5759458965454213,1,3
2016,NonResidential,Medical Office,3,EAST,47.60921,-122.32425,1.0,14,690158,407795,282363,Medical Office,270384.0,Parking,270383.0,,,False,Multi-usages,24,0.5908719452647075,0.4091280547352925,1,2
2016,NonResidential,Large Office,2,GREATER DUWAMISH,47.5735,-122.32239,1.0,4,162157,0,162157,Office,88698.0,Other - Services,72726.0,,,False,Multi-usages,11,0.0,1.0,1,2
2016,NonResidential,Other,2,GREATER DUWAMISH,47.59544,-122.33159,1.0,6,333698,0,333698,Parking,432903.0,Other - Entertainment/Public Assembly,333698.0,,,False,Multi-usages,17,0.0,1.0,1,2
2016,Nonresidential COS,Other,1,DELRIDGE,47.53578,-122.36205,1.0,2,28531,0,28531,Other,28303.0,Parking,1100.0,,,False,Multi-usages,14,0.0,1.0,1,2
2016,NonResidential,Other,7,DOWNTOWN,47.6153,-122.35014,1.0,1,23000,0,23000,Other,20310.0,Office,2689.600098,,,False,Multi-usages,70,0.0,1.0,1,2
2016,NonResidential,Mixed Use Property,3,EAST,47.627,-122.29153,1.0,2,21036,0,21036,Parking,11021.0,Fitness Center/Health Club/Gym,8164.0,Office,7280.0,False,Multi-usages,28,0.0,1.0,1,5
2016,NonResidential,Small- and Mid-Sized Office,4,LAKE UNION,47.63245,-122.32529,1.0,3,33176,0,33176,Office,33176.0,Parking,15000.0,,,False,Multi-usages,29,0.0,1.0,1,2
2016,NonResidential,Large Office,7,DOWNTOWN,47.61125,-122.33494,1.0,29,500000,0,500000,Office,411301.0,Parking,80005.0,Retail Store,14528.0,False,Multi-usages,33,0.0,1.0,1,3
2016,NonResidential,Hotel,7,DOWNTOWN,47.61798,-122.33974,1.0,7,61180,12960,48220,Hotel,61180.0,,,,,False,Mono-usage,56,0.2118339326577313,0.7881660673422687,0,1
2016,NonResidential,Hotel,7,DOWNTOWN,47.61317,-122.33393,1.0,11,103566,15064,88502,Hotel,83880.0,Parking,15064.0,Restaurant,4622.0,False,Multi-usages,20,0.1454531409922175,0.8545468590077825,1,3
2016,NonResidential,Hotel,5,NORTHWEST,47.70916,-122.33216,1.0,4,64893,0,64893,Hotel,64893.0,,,,,False,Mono-usage,48,0.0,1.0,0,1
2016,NonResidential,Supermarket / Grocery Store,7,MAGNOLIA / QUEEN ANNE,47.63776,-122.35606,1.0,1,25159,0,25159,Supermarket/Grocery Store,25883.0,Parking,0.0,,,False,Multi-usages,54,0.0,1.0,1,2
2016,NonResidential,Residence Hall,4,NORTHEAST,47.65599,-122.31385,1.0,7,192259,0,192259,Residence Hall/Dormitory,188118.0,Supermarket/Grocery Store,7000.0,,,False,Multi-usages,4,0.0,1.0,1,2
2016,NonResidential,Mixed Use Property,7,MAGNOLIA / QUEEN ANNE,47.65118,-122.37875,1.0,2,57644,0,57644,Office,20176.0,Other - Services,19440.0,Non-Refrigerated Warehouse,15490.0,False,Multi-usages,56,0.0,1.0,1,3
2016,NonResidential,Large Office,7,DOWNTOWN,47.60331,-122.33389,1.0,6,706176,0,706176,Office,222807.0,Parking,78049.0,Bank Branch,5171.0,False,Multi-usages,16,0.0,1.0,1,3
2016,NonResidential,Small- and Mid-Sized Office,7,MAGNOLIA / QUEEN ANNE,47.63985,-122.36712,1.0,2,25481,0,25481,Office,25481.0,,,,,False,Mono-usage,56,0.0,1.0,0,1
2016,NonResidential,Small- and Mid-Sized Office,5,NORTHWEST,47.70349,-122.33424,1.0,3,24696,6300,18396,Office,18396.0,Parking,6300.0,,,False,Multi-usages,33,0.2551020408163265,0.7448979591836735,1,2
2016,NonResidential,Other,7,MAGNOLIA / QUEEN ANNE,47.62476,-122.35521,3.0,2,81336,0,81336,Lifestyle Center,81385.0,,,,,False,Mono-usage,22,0.0,1.0,0,1
2016,NonResidential,Warehouse,1,GREATER DUWAMISH,47.52549,-122.33064,1.0,1,48020,0,48020,Non-Refrigerated Warehouse,47800.0,,,,,False,Mono-usage,37,0.0,1.0,0,1
2016,NonResidential,Small- and Mid-Sized Office,3,EAST,47.61435,-122.31859,1.0,3,22866,0,22866,Office,22866.0,,,,,False,Mono-usage,103,0.0,1.0,0,1
2016,NonResidential,Hotel,7,DOWNTOWN,47.61345,-122.34068,1.0,9,104000,0,104000,Hotel,96000.0,Restaurant,8000.0,,,False,Multi-usages,91,0.0,1.0,1,2
2016,NonResidential,Residence Hall,4,NORTHEAST,47.65642,-122.31475,1.0,5,136758,0,136758,Residence Hall/Dormitory,207017.0,,,,,False,Mono-usage,4,0.0,1.0,0,1
2016,NonResidential,Retail Store,3,EAST,47.61466,-122.31984,1.0,1,30240,0,30240,Retail Store,32205.0,Restaurant,714.0,,,False,Multi-usages,96,0.0,1.0,1,2
2016,NonResidential,Distribution Center,2,GREATER DUWAMISH,47.54333,-122.32792,1.0,1,25620,0,25620,Distribution Center,25620.0,,,,,False,Mono-usage,42,0.0,1.0,0,1
2016,NonResidential,Other,6,BALLARD,47.66233,-122.3748,1.0,5,322869,182454,140415,Parking,182454.0,Retail Store,130744.0,,,False,Multi-usages,8,0.5651022550941713,0.4348977449058286,1,2
2016,NonResidential,University,7,DOWNTOWN,47.61679,-122.33619,1.0,3,28800,0,28800,College/University,28800.0,,,,,False,Mono-usage,106,0.0,1.0,0,1
2016,NonResidential,Other,5,NORTH,47.72599,-122.29314,1.0,2,38787,0,38787,Automobile Dealership,38787.0,Parking,0.0,,,False,Multi-usages,40,0.0,1.0,1,2
2016,NonResidential,Self-Storage Facility,1,DELRIDGE,47.56785,-122.37039,1.0,3,66610,0,66610,Self-Storage Facility,66720.0,,,,,False,Mono-usage,22,0.0,1.0,0,1
2016,NonResidential,Medical Office,3,EAST,47.62014,-122.31228,1.0,3,591981,0,591981,Medical Office,520187.0,Parking,282392.0,Other/Specialty Hospital,54159.0,False,Multi-usages,52,0.0,1.0,1,4
2016,Nonresidential COS,Other,7,DOWNTOWN,47.61607,-122.34449,1.0,2,37740,0,37740,Fire Station,38939.0,,,,,False,Mono-usage,94,0.0,1.0,0,1
2016,NonResidential,Residence Hall,4,NORTHEAST,47.66282,-122.305,1.0,3,21499,0,21499,Residence Hall/Dormitory,21499.0,,,,,False,Mono-usage,95,0.0,1.0,0,1
2016,NonResidential,Retail Store,4,NORTHEAST,47.66188,-122.31279,1.0,4,33910,0,33910,Retail Store,14585.0,Office,14462.0,,,False,Multi-usages,63,0.0,1.0,1,2
2016,NonResidential,Small- and Mid-Sized Office,7,DOWNTOWN,47.59979,-122.33318,1.0,4,39030,0,39030,Office,32001.0,Retail Store,6685.0,,,False,Multi-usages,114,0.0,1.0,1,2
2016,NonResidential,Other,2,SOUTHEAST,47.5626,-122.29396,1.0,0,40265,0,40265,Pre-school/Daycare,40265.0,,,,,False,Mono-usage,7,0.0,1.0,0,1
2016,NonResidential,Small- and Mid-Sized Office,3,EAST,47.61508,-122.31845,1.0,3,20897,0,20897,Office,10228.0,Retail Store,3433.0,Non-Refrigerated Warehouse,3400.0,False,Multi-usages,110,0.0,1.0,1,3
2016,NonResidential,K-12 School,3,CENTRAL,47.6032,-122.30596,1.0,2,22344,0,22344,K-12 School,22344.0,,,,,False,Mono-usage,91,0.0,1.0,0,1
2016,NonResidential,Other,7,DOWNTOWN,47.61449,-122.33956,1.0,7,90679,35120,55559,Data Center,60000.0,Parking,30700.0,,,False,Multi-usages,41,0.3873002569503413,0.6126997430496587,1,2
2016,NonResidential,Distribution Center,2,GREATER DUWAMISH,47.5616,-122.32603,1.0,1,28320,0,28320,Distribution Center,28320.0,Parking,0.0,,,False,Multi-usages,45,0.0,1.0,1,2
2016,NonResidential,Other,7,DOWNTOWN,47.60985,-122.33527,1.0,2,25920,0,25920,Bank Branch,23230.0,,,,,False,Mono-usage,75,0.0,1.0,0,1
2016,NonResidential,Mixed Use Property,2,SOUTHEAST,47.57256,-122.29265,1.0,2,47560,0,47560,Distribution Center,23146.0,Non-Refrigerated Warehouse,15724.0,Office,8255.0,False,Multi-usages,26,0.0,1.0,1,3
2016,NonResidential,Small- and Mid-Sized Office,4,LAKE UNION,47.64113,-122.32625,1.0,3,57132,21908,35224,Office,33705.0,Parking,21908.0,,,False,Multi-usages,16,0.3834628579430091,0.6165371420569908,1,2
2016,NonResidential,Hotel,3,EAST,47.61210727,-122.3205972,1.0,6,150545,50017,100528,Hotel,100528.0,Parking,50017.0,,,False,Multi-usages,13,0.3322395297087249,0.667760470291275,1,2
2016,NonResidential,Small- and Mid-Sized Office,1,SOUTHWEST,47.56175,-122.37835,1.0,3,43387,0,43387,Office,45000.0,,,,,False,Mono-usage,35,0.0,1.0,0,1
2016,NonResidential,Small- and Mid-Sized Office,3,CENTRAL,47.60191,-122.31438,1.0,3,38460,0,38460,Office,38460.0,,,,,False,Mono-usage,106,0.0,1.0,0,1
2016,NonResidential,Mixed Use Property,2,GREATER DUWAMISH,47.58874,-122.32662,1.0,1,46183,0,46183,Non-Refrigerated Warehouse,18871.0,Food Service,14000.0,Retail Store,13312.0,False,Multi-usages,85,0.0,1.0,1,3
2016,NonResidential,Hospital,1,SOUTHWEST,47.58767,-122.38672,0.0,3,54863,0,54863,Hospital (General Medical & Surgical),109726.0,,,,,False,Mono-usage,55,0.0,1.0,0,1
2016,NonResidential,Warehouse,2,GREATER DUWAMISH,47.58318,-122.3347,1.0,2,52110,0,52110,Non-Refrigerated Warehouse,32000.0,,,,,False,Mono-usage,116,0.0,1.0,0,1
2016,NonResidential,Small- and Mid-Sized Office,2,GREATER DUWAMISH,47.55695,-122.33176,1.0,1,93610,0,93610,Office,101278.0,Data Center,502.0,,,False,Multi-usages,66,0.0,1.0,1,2
2016,NonResidential,K-12 School,2,SOUTHEAST,47.55095,-122.27978,1.0,2,42252,0,42252,K-12 School,42252.0,,,,,False,Mono-usage,104,0.0,1.0,0,1
2016,NonResidential,Warehouse,2,GREATER DUWAMISH,47.56733,-122.3352,1.0,1,179413,0,179413,Non-Refrigerated Warehouse,178087.0,,,,,False,Mono-usage,70,0.0,1.0,0,1
2016,NonResidential,Retail Store,3,CENTRAL,47.59881,-122.30189,1.0,2,23421,0,23421,Retail Store,19271.0,Bank Branch,4150.0,,,False,Multi-usages,36,0.0,1.0,1,2
2016,NonResidential,Small- and Mid-Sized Office,3,EAST,47.61063,-122.32741,1.0,3,22667,0,22667,Office,22667.0,,,,,False,Mono-usage,70,0.0,1.0,0,1
2016,NonResidential,Small- and Mid-Sized Office,6,Ballard,47.65564,-122.36191,1.0,2,20535,0,20535,Office,13600.0,Distribution Center,8200.0,,,False,Multi-usages,28,0.0,1.0,1,2
2016,NonResidential,Laboratory,3,LAKE UNION,47.63079,-122.32693,1.0,4,115748,18382,97366,Laboratory,97365.0,,,,,False,Mono-usage,17,0.1588105194042229,0.841189480595777,0,1
2016,NonResidential,Retail Store,5,NORTH,47.70759,-122.3255,1.0,1,530039,0,530039,Retail Store,505103.0,Restaurant,24936.0,,,False,Multi-usages,65,0.0,1.0,1,2
2016,NonResidential,Warehouse,7,MAGNOLIA / QUEEN ANNE,47.6331,-122.37582,1.0,1,47554,0,47554,Non-Refrigerated Warehouse,18133.0,Office,8679.0,Retail Store,2388.0,False,Multi-usages,85,0.0,1.0,1,5
2016,NonResidential,Warehouse,1,SOUTHWEST,47.57311,-122.3601,1.0,1,152365,0,152365,Non-Refrigerated Warehouse,149293.0,Office,7858.0,,,False,Multi-usages,51,0.0,1.0,1,2
2016,NonResidential,Worship Facility,3,EAST,47.61426,-122.32661,1.0,2,24600,0,24600,Worship Facility,24600.0,,,,,False,Mono-usage,106,0.0,1.0,0,1
2016,NonResidential,Retail Store,7,DOWNTOWN,47.61165,-122.34011,1.0,2,25920,0,25920,Retail Store,25920.0,,,,,False,Mono-usage,100,0.0,1.0,0,1
2016,NonResidential,Small- and Mid-Sized Office,7,LAKE UNION,47.62038,-122.34668,1.0,2,43183,0,43183,Office,26580.0,Data Center,11497.0,,,False,Multi-usages,63,0.0,1.0,1,2
2016,NonResidential,Medical Office,4,NORTHEAST,47.66183,-122.29264,1.0,3,38378,0,38378,Medical Office,35066.0,Parking,3312.0,,,False,Multi-usages,49,0.0,1.0,1,2
2016,NonResidential,K-12 School,5,NORTH,47.69061,-122.31992,1.0,2,23923,0,23923,K-12 School,23923.0,,,,,False,Mono-usage,85,0.0,1.0,0,1
2016,NonResidential,Mixed Use Property,2,GREATER DUWAMISH,47.52871,-122.29443,0.0,1,88400,0,88400,Non-Refrigerated Warehouse,33450.0,Office,29620.0,Distribution Center,27715.0,False,Multi-usages,46,0.0,1.0,1,3
2016,NonResidential,Small- and Mid-Sized Office,7,DOWNTOWN,47.60146,-122.33248,1.0,6,75496,13320,62176,Office,45799.0,Retail Store,9739.0,Restaurant,4689.0,False,Multi-usages,116,0.1764331885132987,0.8235668114867013,1,3
2016,NonResidential,Small- and Mid-Sized Office,7,DOWNTOWN,47.60961,-122.33566,1.0,5,35840,0,35840,Office,35840.0,,,,,False,Mono-usage,109,0.0,1.0,0,1
2016,NonResidential,Other,2,GREATER DUWAMISH,47.55013,-122.33044,1.0,1,26660,0,26660,Manufacturing/Industrial Plant,26660.0,,,,,False,Mono-usage,66,0.0,1.0,0,1
2016,NonResidential,Mixed Use Property,2,GREATER DUWAMISH,47.59334,-122.32905,1.0,3,56700,0,56700,Office,26250.0,Distribution Center,18050.0,Non-Refrigerated Warehouse,12400.0,False,Multi-usages,106,0.0,1.0,1,3
2016,NonResidential,Small- and Mid-Sized Office,7,MAGNOLIA / QUEEN ANNE,47.64934,-122.35592,1.0,3,34545,0,34545,Office,34545.0,,,,,False,Mono-usage,36,0.0,1.0,0,1
2016,NonResidential,Mixed Use Property,3,Central,47.61608,-122.30967,1.0,6,97229,0,97229,Multifamily Housing,45300.0,Parking,35973.0,Retail Store,16956.0,False,Multi-usages,12,0.0,1.0,1,3
2016,NonResidential,Warehouse,7,MAGNOLIA / QUEEN ANNE,47.64306,-122.34219,1.0,2,29498,0,29498,Non-Refrigerated Warehouse,19749.0,Office,9148.0,,,False,Multi-usages,48,0.0,1.0,1,2
2016,NonResidential,Small- and Mid-Sized Office,2,GREATER DUWAMISH,47.56121,-122.33872,1.0,2,23687,0,23687,Office,23687.0,,,,,False,Mono-usage,33,0.0,1.0,0,1
2016,NonResidential,Small- and Mid-Sized Office,7,DOWNTOWN,47.61524,-122.33519,1.0,5,43506,11250,32256,Office,32569.0,Parking,0.0,,,False,Multi-usages,38,0.258585022755482,0.741414977244518,1,2
2016,NonResidential,Small- and Mid-Sized Office,7,DOWNTOWN,47.60427,-122.33385,1.0,5,26840,0,26840,Office,29040.0,,,,,False,Mono-usage,110,0.0,1.0,0,1
2016,NonResidential,Medical Office,5,NORTH,47.70676,-122.32264,1.0,3,28841,0,28841,Medical Office,28841.0,,,,,False,Mono-usage,28,0.0,1.0,0,1
2016,NonResidential,K-12 School,6,NORTHWEST,47.68642,-122.35707,1.0,3,28820,0,28820,K-12 School,33780.0,,,,,False,Mono-usage,94,0.0,1.0,0,1
2016,NonResidential,Other,5,NORTH,47.72032,-122.29507,0.0,1,22405,0,22405,Other,11000.0,Retail Store,7500.0,,,False,Multi-usages,67,0.0,1.0,1,2
2016,NonResidential,Hospital,4,NORTHEAST,47.66231,-122.28146,6.0,10,879000,0,879000,Hospital (General Medical & Surgical),879000.0,,,,,False,Mono-usage,63,0.0,1.0,0,1
2016,NonResidential,Worship Facility,7,EAST,47.60821,-122.3296,1.0,3,37796,0,37796,Worship Facility,53000.0,Parking,17600.0,,,False,Multi-usages,54,0.0,1.0,1,2
2016,NonResidential,Distribution Center,2,GREATER DUWAMISH,47.59363,-122.33371,1.0,4,56270,0,56270,Distribution Center,39884.0,Non-Refrigerated Warehouse,9270.0,Office,4116.0,False,Multi-usages,109,0.0,1.0,1,4
2016,NonResidential,Retail Store,7,DOWNTOWN,47.60925,-122.33734,1.0,3,77555,0,77555,Retail Store,73563.0,,,,,False,Mono-usage,92,0.0,1.0,0,1
2016,NonResidential,Warehouse,2,GREATER DUWAMISH,47.57833,-122.32563,1.0,1,22972,0,22972,Non-Refrigerated Warehouse,22972.0,,,,,False,Mono-usage,71,0.0,1.0,0,1
2016,Nonresidential COS,Mixed Use Property,2,GREATER DUWAMISH,47.5829,-122.32417,1.0,1,23100,0,23100,Office,11550.0,Other - Public Services,11550.0,,,False,Multi-usages,31,0.0,1.0,1,2
2016,NonResidential,Distribution Center,7,MAGNOLIA / QUEEN ANNE,47.65563,-122.37194,1.0,2,36498,0,36498,Distribution Center,18229.0,Non-Refrigerated Warehouse,17200.0,,,False,Multi-usages,56,0.0,1.0,1,2
2016,NonResidential,Retail Store,5,NORTHWEST,47.72337,-122.34373,1.0,1,26115,0,26115,Retail Store,26115.0,,,,,False,Mono-usage,18,0.0,1.0,0,1
2016,NonResidential,Large Office,7,DOWNTOWN,47.60932,-122.33388,1.0,8,321945,0,321945,Office,166919.0,Performing Arts,39355.0,Retail Store,19787.0,False,Multi-usages,89,0.0,1.0,1,3
2016,NonResidential,Other,7,DOWNTOWN,47.60699,-122.33481,1.0,15,230880,0,230880,Other,203000.0,,,,,False,Mono-usage,61,0.0,1.0,0,1
2016,NonResidential,Warehouse,2,GREATER DUWAMISH,47.58082,-122.32031,1.0,1,38630,0,38630,Non-Refrigerated Warehouse,38500.0,,,,,False,Mono-usage,80,0.0,1.0,0,1
2016,NonResidential,Hotel,7,DOWNTOWN,47.61233,-122.33432,1.0,20,98634,10043,88591,Hotel,83591.0,Parking,10043.0,Restaurant,5000.0,False,Multi-usages,86,0.1018208731269136,0.8981791268730863,1,3
2016,NonResidential,Worship Facility,1,SOUTHWEST,47.52097,-122.38688,1.0,3,30740,0,30740,Worship Facility,28293.0,Other - Recreation,11630.0,,,False,Multi-usages,64,0.0,1.0,1,2
2016,NonResidential,Mixed Use Property,7,DOWNTOWN,47.60821,-122.33899,1.0,5,79920,0,79920,Office,39960.0,Retail Store,26640.0,Other,13320.0,False,Multi-usages,106,0.0,1.0,1,3
2016,NonResidential,Mixed Use Property,4,LAKE UNION,47.66113,-122.33572,1.0,2,53002,0,53002,Retail Store,31602.0,Parking,27427.0,Multifamily Housing,18130.0,False,Multi-usages,112,0.0,1.0,1,4
2016,NonResidential,Small- and Mid-Sized Office,7,MAGNOLIA / QUEEN ANNE,47.62014,-122.35768,1.0,5,88000,21600,66400,Office,69691.0,Parking,17487.0,,,False,Multi-usages,45,0.2454545454545454,0.7545454545454545,1,2
2016,NonResidential,Distribution Center,1,Delridge,47.56676,-122.35247,1.0,1,72719,0,72719,Distribution Center,72719.0,,,,,False,Mono-usage,63,0.0,1.0,0,1
2016,NonResidential,Small- and Mid-Sized Office,7,DOWNTOWN,47.60035,-122.33379,1.0,4,84750,0,84750,Office,41609.0,Enclosed Mall,28734.0,,,False,Multi-usages,116,0.0,1.0,1,2
2016,Nonresidential COS,Other,4,NORTH,47.68339,-122.31947,1.0,2,21462,0,21462,Other,25778.0,Office,200.0,,,False,Multi-usages,93,0.0,1.0,1,2
2016,NonResidential,Mixed Use Property,6,BALLARD,47.69766,-122.37346,1.0,1,42172,0,42172,Other - Education,12000.0,Other - Entertainment/Public Assembly,11400.0,Social/Meeting Hall,9100.0,False,Multi-usages,90,0.0,1.0,1,6
2016,NonResidential,Warehouse,2,GREATER DUWAMISH,47.57254,-122.32549,1.0,1,21755,0,21755,Non-Refrigerated Warehouse,17650.0,Office,2400.0,,,False,Multi-usages,38,0.0,1.0,1,2
2016,NonResidential,Residence Hall,4,NORTHEAST,47.66159,-122.30441,1.0,3,20960,0,20960,Residence Hall/Dormitory,20960.0,,,,,False,Mono-usage,86,0.0,1.0,0,1
2016,NonResidential,Small- and Mid-Sized Office,1,DELRIDGE,47.53419,-122.36624,1.0,3,36879,0,36879,Office,16855.0,,,,,False,Mono-usage,46,0.0,1.0,0,1
2016,NonResidential,Warehouse,2,GREATER DUWAMISH,47.54491,-122.32758,1.0,2,28032,0,28032,Non-Refrigerated Warehouse,30000.0,,,,,False,Mono-usage,65,0.0,1.0,0,1
2016,Nonresidential COS,Other,2,GREATER DUWAMISH,47.5829,-122.32417,1.0,4,99122,0,99122,Other,50036.0,Office,49086.0,,,False,Multi-usages,72,0.0,1.0,1,2
2016,Nonresidential COS,Other,7,MAGNOLIA / QUEEN ANNE,47.62395,-122.35077,1.0,2,52000,0,52000,Other,52000.0,,,,,False,Mono-usage,54,0.0,1.0,0,1
2016,Nonresidential COS,Other,7,DOWNTOWN,47.60649,-122.33297,1.0,11,412000,57000,355000,Library,364913.0,Parking,49000.0,Data Center,1074.0,False,Multi-usages,12,0.1383495145631068,0.8616504854368932,1,3
2016,NonResidential,Retail Store,2,GREATER DUWAMISH,47.55772,-122.33017,1.0,1,37247,0,37247,Retail Store,37247.0,,,,,False,Mono-usage,52,0.0,1.0,0,1
2016,NonResidential,Warehouse,2,GREATER DUWAMISH,47.59294,-122.32555,1.0,1,52325,0,52325,Non-Refrigerated Warehouse,52325.0,,,,,False,Mono-usage,79,0.0,1.0,0,1
2016,NonResidential,Other,7,DOWNTOWN,47.61438,-122.33871,1.0,33,429405,0,429405,Data Center,218997.0,Office,210409.0,,,False,Multi-usages,35,0.0,1.0,1,2
2016,NonResidential,Mixed Use Property,4,LAKE UNION,47.63465,-122.32592,1.0,3,175918,51218,124700,Office,66737.0,Parking,58218.0,Laboratory,30230.0,False,Multi-usages,8,0.2911470116758944,0.7088529883241056,1,3
2016,NonResidential,Large Office,7,DOWNTOWN,47.61597,-122.33086,1.0,18,413715,64660,349055,Office,348270.0,Parking,69634.0,,,False,Multi-usages,36,0.156291166624367,0.843708833375633,1,2
2016,NonResidential,Small- and Mid-Sized Office,7,MAGNOLIA / QUEEN ANNE,47.64976,-122.35684,1.0,3,25262,0,25262,Office,25262.0,,,,,False,Mono-usage,37,0.0,1.0,0,1
2016,NonResidential,Large Office,7,DOWNTOWN,47.61003,-122.33452,1.0,10,135918,0,135918,Office,144570.0,,,,,False,Mono-usage,58,0.0,1.0,0,1
2016,NonResidential,Small- and Mid-Sized Office,7,DOWNTOWN,47.61119,-122.33581,1.0,3,57720,0,57720,Office,25000.0,,,,,False,Mono-usage,113,0.0,1.0,0,1
2016,NonResidential,Distribution Center,2,GREATER DUWAMISH,47.56823,-122.32506,1.0,1,33600,0,33600,Distribution Center,24000.0,Office,9600.0,,,False,Multi-usages,57,0.0,1.0,1,2
2016,NonResidential,Worship Facility,5,NORTHWEST,47.72558,-122.3578,1.0,1,22047,0,22047,Worship Facility,22898.0,Parking,0.0,,,False,Multi-usages,54,0.0,1.0,1,2
2016,NonResidential,Other,2,GREATER DUWAMISH,47.56785,-122.33361,1.0,1,56608,0,56608,Other,45340.0,Office,11520.0,,,False,Multi-usages,76,0.0,1.0,1,2
2016,NonResidential,Large Office,4,LAKE UNION,47.64868,-122.34254,1.0,5,206126,79284,126842,Office,101941.0,Parking,73177.0,Other,8324.0,False,Multi-usages,3,0.3846385220690257,0.6153614779309743,1,4
2016,NonResidential,Supermarket / Grocery Store,2,GREATER DUWAMISH,47.56895,-122.33775,1.0,1,63225,0,63225,Supermarket/Grocery Store,63225.0,,,,,False,Mono-usage,8,0.0,1.0,0,1
2016,NonResidential,Other,1,SOUTHWEST,47.5219,-122.38787,1.0,1,49066,0,49066,Social/Meeting Hall,49000.0,,,,,False,Mono-usage,99,0.0,1.0,0,1
2016,NonResidential,Worship Facility,6,BALLARD,47.68517,-122.38733,1.0,2,21562,0,21562,Worship Facility,21052.0,Pre-school/Daycare,400.0,,,False,Multi-usages,60,0.0,1.0,1,2
2016,NonResidential,Large Office,7,MAGNOLIA / QUEEN ANNE,47.61891,-122.35958,1.0,5,208210,78848,129362,Office,109978.0,Parking,78848.0,,,False,Multi-usages,30,0.3786945871956198,0.6213054128043802,1,2
2016,Nonresidential COS,Other,2,DOWNTOWN,47.59625,-122.32283,1.0,1,16000,0,16000,Other - Recreation,16000.0,,,,,False,Mono-usage,12,0.0,1.0,0,1
2016,NonResidential,Small- and Mid-Sized Office,3,LAKE UNION,47.62799,-122.33132,1.0,1,37740,0,37740,Office,37481.0,Parking,0.0,,,False,Multi-usages,90,0.0,1.0,1,2
2016,NonResidential,Small- and Mid-Sized Office,7,MAGNOLIA / QUEEN ANNE,47.62003,-122.35706,1.0,4,86995,28800,58195,Office,58195.0,Parking,28800.0,,,False,Multi-usages,31,0.3310535088223461,0.6689464911776539,1,2
2016,NonResidential,Small- and Mid-Sized Office,3,EAST,47.60789,-122.32249,1.0,3,25151,0,25151,Office,24155.0,,,,,False,Mono-usage,57,0.0,1.0,0,1
2016,NonResidential,Large Office,7,DOWNTOWN,47.60842,-122.33305,1.0,22,336330,0,336330,Office,256299.0,Parking,66430.0,Other - Restaurant/Bar,7438.0,False,Multi-usages,52,0.0,1.0,1,3
2016,NonResidential,Large Office,7,DOWNTOWN,47.60403,-122.33497,1.0,22,384302,0,384302,Office,348969.0,Convenience Store without Gas Station,3291.899902,Food Service,1437.0,False,Multi-usages,87,0.0,1.0,1,3
2016,NonResidential,Other,2,GREATER DUWAMISH,47.55297,-122.32472,1.0,1,47105,0,47105,Manufacturing/Industrial Plant,45320.0,,,,,False,Mono-usage,40,0.0,1.0,0,1
2016,NonResidential,Other,2,GREATER DUWAMISH,47.58444,-122.33282,2.0,2,125519,0,125519,Manufacturing/Industrial Plant,142901.0,,,,,False,Mono-usage,75,0.0,1.0,0,1
2016,NonResidential,Warehouse,2,GREATER DUWAMISH,47.56982,-122.33479,1.0,1,24000,0,24000,Non-Refrigerated Warehouse,20400.0,Office,3600.0,,,False,Multi-usages,65,0.0,1.0,1,2
2016,NonResidential,Other,5,NORTHWEST,47.70197,-122.34219,1.0,1,33392,0,33392,Movie Theater,33392.0,,,,,False,Mono-usage,30,0.0,1.0,0,1
2016,NonResidential,Retail Store,2,GREATER DUWAMISH,47.54862,-122.32272,1.0,1,74178,0,74178,Retail Store,74178.0,,,,,False,Mono-usage,58,0.0,1.0,0,1
2016,NonResidential,Small- and Mid-Sized Office,3,EAST,47.61546,-122.31195,1.0,3,25834,0,25834,Office,31822.0,,,,,False,Mono-usage,58,0.0,1.0,0,1
2016,NonResidential,Small- and Mid-Sized Office,7,MAGNOLIA / QUEEN ANNE,47.63063,-122.37428,1.0,2,43016,5400,37616,Office,43016.0,,,,,False,Mono-usage,37,0.1255346847684582,0.8744653152315418,0,1
2016,NonResidential,Worship Facility,1,SOUTHWEST,47.50959,-122.37417,1.0,1,35844,0,35844,Worship Facility,35844.0,,,,,False,Mono-usage,39,0.0,1.0,0,1
2016,NonResidential,Retail Store,2,DOWNTOWN,47.59951,-122.32033,1.0,3,54969,0,54969,Retail Store,54969.0,,,,,False,Mono-usage,16,0.0,1.0,0,1
2016,NonResidential,Warehouse,2,GREATER DUWAMISH,47.58238,-122.32719,1.0,1,35400,0,35400,Non-Refrigerated Warehouse,35400.0,,,,,False,Mono-usage,57,0.0,1.0,0,1
2016,NonResidential,Retail Store,2,SOUTHEAST,47.57936,-122.29744,1.0,2,291940,0,291940,Retail Store,191940.0,Office,100000.0,,,False,Multi-usages,36,0.0,1.0,1,2
2016,NonResidential,Self-Storage Facility,7,DOWNTOWN,47.61351,-122.35129,1.0,3,70586,0,70586,Self-Storage Facility,38439.0,Vocational School,28197.0,Office,3859.0,False,Multi-usages,105,0.0,1.0,1,3
2016,NonResidential,Warehouse,5,NORTHWEST,47.72183,-122.34328,1.0,1,48112,0,48112,Non-Refrigerated Warehouse,48112.0,,,,,False,Mono-usage,44,0.0,1.0,0,1
2016,NonResidential,Large Office,7,DOWNTOWN,47.60576,-122.33922,1.0,7,122356,0,122356,Office,95942.0,Retail Store,15523.0,Data Center,182.0,False,Multi-usages,106,0.0,1.0,1,3
2016,NonResidential,Medical Office,4,NORTHEAST,47.6824,-122.26223,1.0,0,30287,0,30287,Medical Office,28050.0,,,,,False,Mono-usage,56,0.0,1.0,0,1
2016,NonResidential,Other,2,GREATER DUWAMISH,47.58542,-122.32185,1.0,2,108036,0,108036,Parking,202171.0,Automobile Dealership,108036.0,,,False,Multi-usages,1,0.0,1.0,1,2
2016,NonResidential,Warehouse,2,GREATER DUWAMISH,47.56448,-122.32484,1.0,1,43380,0,43380,Non-Refrigerated Warehouse,42844.0,,,,,False,Mono-usage,42,0.0,1.0,0,1
2016,NonResidential,Residence Hall,7,MAGNOLIA / QUEEN ANNE,47.65068,-122.36331,1.0,4,139600,37500,102100,Residence Hall/Dormitory,135520.0,,,,,False,Mono-usage,15,0.2686246418338109,0.7313753581661891,0,1
2016,NonResidential,Small- and Mid-Sized Office,2,GREATER DUWAMISH,47.54494,-122.32543,1.0,1,35017,0,35017,Office,19785.0,Non-Refrigerated Warehouse,10234.0,Parking,0.0,False,Multi-usages,47,0.0,1.0,1,3
2016,NonResidential,Worship Facility,3,CENTRAL,47.6101,-122.30838,1.0,2,26560,0,26560,Worship Facility,26560.0,,,,,False,Mono-usage,115,0.0,1.0,0,1
2016,NonResidential,Medical Office,3,CENTRAL,47.60705,-122.30966,1.0,6,320946,0,320946,Medical Office,236359.0,Laboratory,86298.0,,,False,Multi-usages,106,0.0,1.0,1,2
2016,NonResidential,Warehouse,2,DOWNTOWN,47.59775,-122.32219,1.0,3,33238,0,33238,Non-Refrigerated Warehouse,33238.0,,,,,False,Mono-usage,24,0.0,1.0,0,1
2016,NonResidential,Other,5,NORTHWEST,47.72065,-122.34318,1.0,1,20909,0,20909,Other - Public Services,19050.0,Parking,0.0,,,False,Multi-usages,7,0.0,1.0,1,2
2016,NonResidential,Small- and Mid-Sized Office,7,DOWNTOWN,47.61304,-122.34059,1.0,4,52800,0,52800,Office,38880.0,Restaurant,12960.0,,,False,Multi-usages,91,0.0,1.0,1,2
2016,NonResidential,Hotel,7,DOWNTOWN,47.60755,-122.33244,1.0,11,92190,25200,66990,Hotel,67390.0,Parking,25200.0,,,False,Multi-usages,94,0.2733485193621868,0.7266514806378133,1,2
2016,NonResidential,Small- and Mid-Sized Office,6,BALLARD,47.66891,-122.38528,1.0,6,94033,6200,87833,Office,53993.0,Retail Store,24744.0,Parking,4500.0,False,Multi-usages,91,0.0659342996607574,0.9340657003392426,1,5
2016,NonResidential,Retail Store,5,NORTHWEST,47.72736,-122.34579,1.0,1,48139,0,48139,Retail Store,40000.0,,,,,False,Mono-usage,48,0.0,1.0,0,1
2016,NonResidential,Small- and Mid-Sized Office,2,DOWNTOWN,47.59895,-122.33379,1.0,5,78920,0,78920,Office,78564.0,,,,,False,Mono-usage,112,0.0,1.0,0,1
2016,NonResidential,Mixed Use Property,2,GREATER DUWAMISH,47.56555,-122.33362,1.0,1,30496,0,30496,Retail Store,14344.0,Manufacturing/Industrial Plant,10272.0,Office,8012.0,False,Multi-usages,69,0.0,1.0,1,3
2016,NonResidential,Large Office,7,DOWNTOWN,47.60581,-122.33664,1.0,8,157941,62993,94948,Office,84838.0,Parking,15401.0,,,False,Multi-usages,48,0.398838806896246,0.6011611931037539,1,2
2016,NonResidential,Other,7,DOWNTOWN,47.61341,-122.34597,0.0,2,22710,0,22710,Food Service,22710.0,,,,,False,Mono-usage,86,0.0,1.0,0,1
2016,NonResidential,Other,3,DOWNTOWN,47.60378,-122.32842,1.0,19,385274,0,385274,Other,385274.0,,,,,False,Mono-usage,31,0.0,1.0,0,1
2016,NonResidential,Senior Care Community,3,EAST,47.60897,-122.32507,1.0,6,62334,0,62334,Senior Care Community,35696.0,Bank Branch,15661.0,Parking,10877.0,False,Multi-usages,10,0.0,1.0,1,3
2016,NonResidential,Warehouse,1,DELRIDGE,47.53846,-122.36175,1.0,2,36600,0,36600,Non-Refrigerated Warehouse,43556.0,,,,,False,Mono-usage,34,0.0,1.0,0,1
2016,NonResidential,Other,7,DOWNTOWN,47.60849,-122.33924,1.0,2,25920,0,25920,Other - Entertainment/Public Assembly,11888.0,Restaurant,4329.0,Retail Store,4029.0,False,Multi-usages,100,0.0,1.0,1,3
2016,NonResidential,Warehouse,2,GREATER DUWAMISH,47.55317,-122.33289,1.0,1,25000,0,25000,Non-Refrigerated Warehouse,13393.0,Food Sales,7500.0,Office,4107.0,False,Multi-usages,52,0.0,1.0,1,3
2016,NonResidential,University,3,CENTRAL,47.5997,-122.30364,2.0,4,114000,0,114000,College/University,114000.0,,,,,False,Mono-usage,42,0.0,1.0,0,1
2016,Nonresidential COS,Other,2,GREATER DUWAMISH,47.59523,-122.32334,1.0,1,20993,0,20993,"Repair Services (Vehicle, Shoe, Locksmith, etc)",20983.0,,,,,False,Mono-usage,2,0.0,1.0,1,4
2016,NonResidential,Other,1,SOUTHWEST,47.56018,-122.38716,1.0,1,22180,0,22180,Other - Mall,14000.0,Restaurant,8180.0,,,False,Multi-usages,92,0.0,1.0,1,2
2016,NonResidential,Small- and Mid-Sized Office,5,NORTHWEST,47.70842,-122.3332,1.0,3,76105,27307,48798,Office,76105.0,,,,,False,Mono-usage,29,0.3588069115038433,0.6411930884961566,0,1
2016,NonResidential,Large Office,7,DOWNTOWN,47.61695,-122.32965,1.0,20,497513,118744,378769,Office,367623.0,Parking,114510.0,,,False,Multi-usages,28,0.2386751702970575,0.7613248297029425,1,2
2016,NonResidential,Warehouse,3,DOWNTOWN,47.59783,-122.31554,1.0,2,25840,0,25840,Non-Refrigerated Warehouse,25840.0,,,,,False,Mono-usage,60,0.0,1.0,0,1
2016,Nonresidential COS,Other,7,MAGNOLIA / QUEEN ANNE,47.63629,-122.35922,1.0,1,27247,0,27247,Other - Recreation,14317.0,Fitness Center/Health Club/Gym,7701.0,Pre-school/Daycare,3045.0,False,Multi-usages,68,0.0,1.0,1,4
2016,NonResidential,Supermarket / Grocery Store,6,BALLARD,47.67034,-122.3873,1.0,8,41198,0,41198,Supermarket/Grocery Store,41198.0,,,,,False,Mono-usage,6,0.0,1.0,0,1
2016,NonResidential,Large Office,7,DOWNTOWN,47.60304,-122.33362,1.0,17,116640,0,116640,Office,82053.0,Financial Office,6561.0,Food Service,6333.0,False,Multi-usages,105,0.0,1.0,1,4
2016,NonResidential,Small- and Mid-Sized Office,5,NORTH,47.70008,-122.30321,1.0,2,24291,0,24291,Office,24291.0,,,,,False,Mono-usage,42,0.0,1.0,0,1
2016,NonResidential,Other,2,GREATER DUWAMISH,47.5908,-122.32828,3.0,2,63644,0,63644,Other - Public Services,65700.0,Parking,0.0,,,False,Multi-usages,30,0.0,1.0,1,2
2016,NonResidential,Worship Facility,2,GREATER DUWAMISH,47.55072,-122.30265,1.0,99,21948,0,21948,Worship Facility,21948.0,,,,,False,Mono-usage,39,0.0,1.0,0,1
2016,NonResidential,Other,3,EAST,47.61109,-122.32721,1.0,3,30971,0,30971,Other,30971.0,,,,,False,Mono-usage,96,0.0,1.0,0,1
2016,NonResidential,Distribution Center,2,GREATER DUWAMISH,47.54868,-122.3255,1.0,1,59090,0,59090,Distribution Center,40272.0,Office,18818.0,,,False,Multi-usages,53,0.0,1.0,1,2
2016,NonResidential,Hotel,4,NORTHEAST,47.65959,-122.31755,1.0,6,88592,30586,58006,Hotel,58006.0,Parking,30586.0,,,False,Multi-usages,15,0.3452456203720426,0.6547543796279574,1,2
2016,NonResidential,Warehouse,4,LAKE UNION,47.65429,-122.32618,1.0,1,40028,0,40028,Non-Refrigerated Warehouse,33222.0,Retail Store,10208.0,Office,6200.0,False,Multi-usages,78,0.0,1.0,1,3
2016,NonResidential,Warehouse,7,DOWNTOWN,47.60703,-122.34038,1.0,5,154330,0,154330,Non-Refrigerated Warehouse,95330.0,,,,,False,Mono-usage,104,0.0,1.0,0,1
2016,NonResidential,Small- and Mid-Sized Office,2,GREATER DUWAMISH,47.58292,-122.33468,1.0,2,20970,0,20970,Office,20970.0,Parking,0.0,,,False,Multi-usages,106,0.0,1.0,1,2
2016,NonResidential,Warehouse,3,LAKE UNION,47.62572,-122.33389,1.0,5,127800,0,127800,Non-Refrigerated Warehouse,127800.0,,,,,False,Mono-usage,102,0.0,1.0,0,1
2016,NonResidential,Retail Store,5,NORTH,47.70747,-122.32249,1.0,1,24982,0,24982,Retail Store,24982.0,,,,,True,Mono-usage,51,0.0,1.0,0,1
2016,NonResidential,Small- and Mid-Sized Office,5,NORTH,47.70868,-122.30089,1.0,4,23022,0,23022,Office,23022.0,,,,,False,Mono-usage,36,0.0,1.0,0,1
2016,NonResidential,Supermarket / Grocery Store,2,SOUTHEAST,47.52095,-122.26825,1.0,1,61053,0,61053,Supermarket/Grocery Store,54434.0,Parking,0.0,,,False,Multi-usages,14,0.0,1.0,1,2
2016,Nonresidential COS,Small- and Mid-Sized Office,6,Ballard,47.66256,-122.36483,1.0,1,27744,0,27744,Office,18380.0,Other,6060.0,Data Center,3304.0,False,Multi-usages,23,0.0,1.0,1,3
2016,Nonresidential COS,Other,5,NORTH,47.71986,-122.29809,1.0,1,24697,0,24697,Library,15300.0,Other - Services,4717.0,,,False,Multi-usages,51,0.0,1.0,1,2
2016,NonResidential,Mixed Use Property,7,MAGNOLIA / QUEEN ANNE,47.66144,-122.38723,1.0,2,25532,0,25532,Office,11745.0,"Repair Services (Vehicle, Shoe, Locksmith, etc)",11745.0,,,False,Multi-usages,2,0.0,1.0,1,5
2016,NonResidential,Small- and Mid-Sized Office,3,CENTRAL,47.59367,-122.30957,1.0,2,62220,0,62220,Office,60676.0,Parking,13780.0,Other - Services,1324.0,False,Multi-usages,102,0.0,1.0,1,3
2016,NonResidential,Distribution Center,1,DELRIDGE,47.55105,-122.34695,2.0,2,28368,0,28368,Distribution Center,35300.0,Office,9408.0,,,False,Multi-usages,45,0.0,1.0,1,2
2016,NonResidential,Small- and Mid-Sized Office,7,DOWNTOWN,47.60026,-122.3299,0.0,2,33640,0,33640,Office,27322.0,,,,,False,Mono-usage,111,0.0,1.0,0,1
2016,NonResidential,Worship Facility,4,NORTHEAST,47.66182,-122.31113,1.0,2,56772,0,56772,Worship Facility,56772.0,,,,,False,Mono-usage,64,0.0,1.0,0,1
2016,NonResidential,Warehouse,2,GREATER DUWAMISH,47.56056,-122.32593,1.0,1,28126,0,28126,Non-Refrigerated Warehouse,21780.0,Office,6346.0,,,False,Multi-usages,41,0.0,1.0,1,2
2016,NonResidential,Distribution Center,2,GREATER DUWAMISH,47.57258,-122.33059,1.0,1,36040,0,36040,Distribution Center,31476.0,Office,4564.0,,,False,Multi-usages,62,0.0,1.0,1,2
2016,NonResidential,Worship Facility,5,North,47.71856,-122.32084,1.0,2,76475,0,76475,Worship Facility,45442.0,Other - Education,31033.0,,,False,Multi-usages,55,0.0,1.0,1,2
2016,Nonresidential COS,Other,2,GREATER DUWAMISH,47.59545,-122.32146,1.0,1,67356,0,67356,"Repair Services (Vehicle, Shoe, Locksmith, etc)",68359.0,,,,,False,Mono-usage,66,0.0,1.0,1,4
2016,NonResidential,K-12 School,3,EAST,47.61386,-122.32647,1.0,2,35780,0,35780,K-12 School,38000.0,,,,,False,Mono-usage,2,0.0,1.0,0,1
2016,NonResidential,Small- and Mid-Sized Office,2,GREATER DUWAMISH,47.54965,-122.3278,1.0,1,53250,0,53250,Office,52759.0,Parking,0.0,,,False,Multi-usages,52,0.0,1.0,1,2
2016,NonResidential,Small- and Mid-Sized Office,7,DOWNTOWN,47.60023,-122.33459,1.0,4,33300,0,33300,Office,26639.0,Restaurant,2820.0,Retail Store,2377.0,False,Multi-usages,116,0.0,1.0,1,4
2016,NonResidential,Distribution Center,2,GREATER DUWAMISH,47.58685,-122.32501,1.0,1,110613,0,110613,Distribution Center,99551.0,Office,11061.0,,,False,Multi-usages,56,0.0,1.0,1,2
2016,NonResidential,Mixed Use Property,7,MAGNOLIA / QUEEN ANNE,47.6239,-122.35756,1.0,4,110785,0,110785,Multifamily Housing,58563.0,Supermarket/Grocery Store,48520.0,Parking,29839.0,False,Multi-usages,14,0.0,1.0,1,5
2016,NonResidential,Warehouse,2,GREATER DUWAMISH,47.55601,-122.33627,1.0,1,53550,0,53550,Non-Refrigerated Warehouse,53550.0,,,,,False,Mono-usage,56,0.0,1.0,0,1
2016,NonResidential,Worship Facility,1,SOUTHWEST,47.57177,-122.38716,1.0,2,35864,0,35864,Worship Facility,35864.0,,,,,False,Mono-usage,68,0.0,1.0,0,1
2016,NonResidential,Supermarket / Grocery Store,5,NORTHWEST,47.70224,-122.34409,0.0,1,45155,0,45155,Supermarket/Grocery Store,45155.0,,,,,False,Mono-usage,30,0.0,1.0,0,1
2016,NonResidential,Hotel,5,NORTHWEST,47.729,-122.34473,1.0,4,41704,8584,33120,Hotel,41704.0,,,,,False,Mono-usage,26,0.2058315749088816,0.7941684250911184,0,1
2016,NonResidential,Worship Facility,3,EAST,47.60321889,-122.3205567,1.0,2,22688,0,22688,Worship Facility,22688.0,,,,,False,Mono-usage,94,0.0,1.0,0,1
2016,Nonresidential COS,Other,3,CENTRAL,47.60668,-122.30242,0.0,1,21400,0,21400,Other - Recreation,11737.0,Fitness Center/Health Club/Gym,9003.0,Swimming Pool,0.0,False,Multi-usages,48,0.0,1.0,1,3
2016,NonResidential,Worship Facility,4,NORTHEAST,47.67984,-122.27739,1.0,1,24295,0,24295,Worship Facility,24295.0,,,,,False,Mono-usage,70,0.0,1.0,0,1
